sample_id,block_id,row,column,sample_row,sample_column,model_x_mm,model_y_mm,u,v,true_height_mm,measured_u,measured_v,wound_height_mm,error_mm,abs_error_mm,status,failure_reason,measurement_warning,height_reference_source,method,candidate_frame,fused_count,group_score,objective_score,elapsed_seconds
1,1,1,1,1,1,5,5,823.911560151016,277.385410959718,12.5,824,277,12.5022433126207,0.0022433126207293,0.0022433126207293,valid,,,Shared Pattern Plane,Region-SIFT(21/28),32,1,252.075756920709,258.118598710548,3.5842030000058
2,1,1,1,1,2,7.5,5,840.004438345517,277.444447128057,12.5,840,277,12.5065909712984,0.00659097129836006,0.00659097129836006,valid,,,Shared Pattern Plane,Region-SIFT(21/28),32,1,234.639197622027,241.870487504235,3.34525100002065
3,1,1,1,1,3,10,5,856.152945725777,277.503687370144,12.5,856,278,12.5135975914342,0.0135975914342392,0.0135975914342392,valid,,,Shared Pattern Plane,Region-SIFT(21/28),32,1,203.115436790103,209.556216777423,4.85395730001619
4,1,1,1,1,4,12.5,5,872.357371236154,277.563132745962,12.5,872,278,12.5178589296504,0.0178589296503731,0.0178589296503731,valid,,,Shared Pattern Plane,Region-SIFT(21/28),32,1,189.225517006526,191.94379018825,4.17677399999229
5,1,1,1,1,5,15,5,888.618005825555,277.622784322847,12.5,889,278,12.5223553564546,0.0223553564545789,0.0223553564545789,valid,,,Shared Pattern Plane,Region-SIFT(21/28),32,1,177.128019160316,180.402334921017,4.01365739997709
6,1,1,1,2,1,5,7.5,824.579075316847,294.346052894778,12.5,825,294,12.5485291127323,0.0485291127323162,0.0485291127323162,valid,,,Shared Pattern Plane,Region-SIFT(21/28),32,1,216.068176980498,221.213769021452,3.55038900004001
7,1,1,1,2,2,7.5,7.5,840.626818779463,294.434098950641,12.5,841,294,12.5330294072831,0.0330294072831183,0.0330294072831183,valid,,,Shared Pattern Plane,Region-SIFT(21/28),32,1,211.281750828375,214.069626194975,3.33067769999616
8,1,1,1,2,3,10,7.5,856.72987559211,294.522448483582,12.5,857,295,12.0576138389081,-0.442386161091889,0.442386161091889,valid,,,Shared Pattern Plane,Region-SIFT(21/28),32,1,213.670232661817,216.46729009556,3.14135210000677
9,1,1,1,2,4,12.5,7.5,872.888532229517,294.611103065348,12.5,873,295,12.5639020982993,0.0639020982992591,0.0639020982992591,valid,,,Shared Pattern Plane,Region-SIFT(21/28),32,1,203.019978381465,208.660331465367,3.35995390004246
10,1,1,1,2,5,15,7.5,889.103077148088,294.700064278557,12.5,889,295,12.0854793508374,-0.414520649162558,0.414520649162558,valid,,,Shared Pattern Plane,Region-SIFT(21/28),32,1,179.958396914649,182.212145998993,3.23144380003214
11,1,1,1,3,1,5,10,825.242768500421,311.209583519319,12.5,825,311,12.5946770678172,0.0946770678172228,0.0946770678172228,valid,,,Shared Pattern Plane,Region-SIFT(21/28),32,1,184.365767681283,189.956770120966,3.54284830001416
12,1,1,1,3,2,7.5,10,841.245629545174,311.326306481716,12.5,841,311,12.0750921530484,-0.424907846951564,0.424907846951564,valid,,,Shared Pattern Plane,Region-SIFT(21/28),32,1,156.512234630787,157.205077155099,3.32487189996755
13,1,1,1,3,3,10,10,857.303490785998,311.443430608992,12.5,857,311,12.0999696343046,-0.400030365695358,0.400030365695358,valid,,,Shared Pattern Plane,Region-SIFT(21/28),32,1,163.576769165261,164.187061242834,3.29743829998188
14,1,1,1,3,4,12.5,10,873.416636256059,311.560957972852,12.5,873,312,12.1077235128411,-0.392276487158858,0.392276487158858,valid,,,Shared Pattern Plane,Region-SIFT(21/28),32,1,207.301555987767,214.474755936405,3.23901580000529
15,1,1,1,3,5,15,10,889.585351947642,311.678890659288,12.5,890,312,12.1130953935804,-0.386904606419638,0.386904606419638,valid,,,Shared Pattern Plane,Region-SIFT(21/28),32,1,210.895569086327,214.498246018744,3.16165630001342
16,1,1,1,4,1,5,12.5,825.902672433238,327.976834495733,12.5,826,328,12.1353250989616,-0.364674901038375,0.364674901038375,valid,,,Shared Pattern Plane,Region-SIFT(21/28),32,1,135.395022297915,138.177840292181,3.25332860002527
17,1,1,1,4,2,7.5,12.5,841.860901265625,328.121905662843,12.5,842,328,12.1403779159922,-0.359622084007805,0.359622084007805,valid,,,Shared Pattern Plane,Region-SIFT(21/28),32,1,200.040883565832,205.958001263283,3.23422380001284
18,1,1,1,4,3,10,12.5,857.873819791619,328.26747399651,12.5,858,328,12.6493299787856,0.149329978785559,0.149329978785559,valid,,,Shared Pattern Plane,Region-SIFT(21/28),32,1,231.515987251423,238.626158968568,3.21828089997871
19,1,1,1,4,4,12.5,12.5,873.941709630489,328.413542056845,12.5,874,328,12.1504329126244,-0.349567087375616,0.349567087375616,valid,,,Shared Pattern Plane,Region-SIFT(21/28),32,1,201.885098111693,207.639374484424,3.20425140002044
20,1,1,1,4,5,15,12.5,890.064854338388,328.560112421565,12.5,890,329,12.1580534835004,-0.341946516499551,0.341946516499551,valid,,,Shared Pattern Plane,Region-SIFT(21/28),32,1,144.208236389059,144.812591582121,3.20893949997844
21,1,1,1,5,1,5,15,826.558819474113,344.648628016954,12.5,827,345,12.1810331647594,-0.318966835240571,0.318966835240571,valid,,,Shared Pattern Plane,Region-SIFT(21/28),32,1,136.657635228596,137.080270251924,3.25768320000498
22,1,1,1,5,2,7.5,15,842.472664214516,344.821722901167,12.5,842,345,12.185723142584,-0.314276857415969,0.314276857415969,valid,,,Shared Pattern Plane,Region-SIFT(21/28),32,1,189.747822450204,194.082110006196,3.21025010000449
23,1,1,1,5,3,10,15,858.440890767716,344.99540929634,12.5,858,345,12.19067192357,-0.309328076429956,0.309328076429956,valid,,,Shared Pattern Plane,Region-SIFT(21/28),32,1,183.816960321154,188.616967758866,3.41643559996737
24,1,1,1,5,4,12.5,15,874.463778366356,345.169690239687,12.5,874,345,12.1956128400485,-0.304387159951483,0.304387159951483,valid,,,Shared Pattern Plane,Region-SIFT(21/28),32,1,154.511026990981,156.843030757016,3.22902999998769
25,1,1,1,5,5,15,15,890.541608158047,345.344568789251,12.5,891,345,12.7036599351698,0.203659935169766,0.203659935169766,valid,,,Shared Pattern Plane,Region-SIFT(21/28),32,1,193.406771338932,196.186596189496,3.19584059994668
26,2,1,2,1,1,25,5,954.228525091065,277.863474248748,12,954,278,12.0294738309195,0.0294738309194571,0.0294738309194571,valid,,,Shared Pattern Plane,Region-SIFT(21/28),32,1,165.141935080574,166.93922428177,3.205499600037
27,2,1,2,1,2,27.5,5,970.774640697647,277.924173102893,12,971,278,12.0356443122416,0.0356443122416383,0.0356443122416383,valid,,,Shared Pattern Plane,Region-SIFT(21/28),32,1,178.670828374732,181.797822809778,3.22145010001259
28,2,1,2,1,3,30,5,987.378754160263,277.985084720172,12,987,278,11.5589943528588,-0.441005647141223,0.441005647141223,valid,,,Shared Pattern Plane,Region-SIFT(21/28),32,1,199.394381577628,203.741855719392,3.20260359998792
29,2,1,2,1,4,32.5,5,1004.04117095759,278.046210221223,12,1004,278,11.5529846145919,-0.447015385408111,0.447015385408111,valid,,,Shared Pattern Plane,Region-SIFT(21/28),32,1,178.694350510552,181.404348393216,3.23303840000881
30,2,1,2,1,5,35,5,1020.76219871739,278.107550734566,12,1021,278,11.5832524925032,-0.416747507496773,0.416747507496773,valid,,,Shared Pattern Plane,Region-SIFT(21/28),32,1,158.541063732571,162.059467158455,3.71835519996239
31,2,1,2,2,1,25,7.5,954.525979086823,295.059007484013,12,955,295,11.5904070502023,-0.409592949797721,0.409592949797721,valid,,,Shared Pattern Plane,Region-SIFT(21/28),32,1,166.048900469523,166.679357557699,3.49292250000872
32,2,1,2,2,2,27.5,7.5,971.024362827375,295.149525980888,12,971,295,12.0938265080011,0.0938265080011185,0.0938265080011185,valid,,,Shared Pattern Plane,Region-SIFT(21/28),32,1,218.886877063973,221.767221131193,3.18862139998237
33,2,1,2,2,3,30,7.5,987.580408176482,295.240360838579,12,988,295,11.6026850894291,-0.397314910570932,0.397314910570932,valid,,,Shared Pattern Plane,Region-SIFT(21/28),32,1,185.369676213542,189.76068715284,3.23930100002326
34,2,1,2,2,4,32.5,7.5,1004.19441795303,295.331513718502,12,1004,295,11.608599294556,-0.391400705443953,0.391400705443953,valid,,,Shared Pattern Plane,Region-SIFT(21/28),32,1,193.06965119599,198.33350613993,3.21444619999966
35,2,1,2,2,5,35,7.5,1020.86669710002,295.422986293731,12,1021,295,11.1181572568962,-0.881842743103839,0.881842743103839,valid,,,Shared Pattern Plane,Region-SIFT(21/28),32,1,192.259151333602,195.753136290353,3.1743875000393
36,2,1,2,3,1,25,10,954.821706296555,312.15471685776,12,955,312,11.633988625662,-0.366011374337955,0.366011374337955,valid,,,Shared Pattern Plane,Region-SIFT(21/28),32,1,137.535392386825,139.131823593604,3.28965600003721
37,2,1,2,3,2,27.5,10,971.27263274353,312.274707955833,12,971,312,11.6398896274718,-0.360110372528187,0.360110372528187,valid,,,Shared Pattern Plane,Region-SIFT(21/28),32,1,141.282300050423,141.600895887581,3.31699339998886
38,2,1,2,3,3,30,10,987.780887467205,312.395117199527,12,988,312,11.6461169759649,-0.353883024035111,0.353883024035111,valid,,,Shared Pattern Plane,Region-SIFT(21/28),32,1,159.724496876247,162.786358703178,3.19233940000413
39,2,1,2,3,4,32.5,10,1004.34677065746,312.515946778394,12,1004,313,11.654486363175,-0.345513636825041,0.345513636825041,valid,,,Shared Pattern Plane,Region-SIFT(21/28),32,1,130.492065174365,131.714035633643,3.20473749999655
40,2,1,2,3,5,35,10,1020.9705846037,312.637198897294,12,1021,313,11.6606352038141,-0.339364796185889,0.339364796185889,valid,,,Shared Pattern Plane,Region-SIFT(21/28),32,1,164.071311888619,166.175993119802,3.14969400002155
41,2,1,2,4,1,25,12.5,955.115721713304,329.151469103484,12,955,329,12.1636987332095,0.163698733209525,0.163698733209525,valid,,,Shared Pattern Plane,Region-SIFT(21/28),32,1,220.746826876787,228.373187978698,3.19339490000857
42,2,1,2,4,2,27.5,12.5,971.519463077012,329.300590282883,12,972,329,11.6838809446168,-0.316119055383249,0.316119055383249,valid,,,Shared Pattern Plane,Region-SIFT(21/28),32,1,223.451026293336,229.964081848885,3.43171669996809
43,2,1,2,4,3,30,12.5,987.980202267578,329.450229611342,12,988,329,11.689638915633,-0.310361084366978,0.310361084366978,valid,,,Shared Pattern Plane,Region-SIFT(21/28),32,1,170.747134962031,174.962480788637,3.33847199997399
44,2,1,2,4,4,32.5,12.5,1004.49823687622,329.600389794167,12,1004,330,11.6979417414909,-0.30205825850912,0.30205825850912,valid,,,Shared Pattern Plane,Region-SIFT(21/28),32,1,157.648333519224,160.722620845571,3.45558000000892
45,2,1,2,4,5,35,12.5,1021.07386656945,329.751073555532,12,1021,330,11.7040419426155,-0.295958057384526,0.295958057384526,valid,,,Shared Pattern Plane,Region-SIFT(21/28),32,1,149.007488918809,151.285735842732,3.42414280003868
46,2,1,2,5,1,25,15,955.40804015704,346.050120949606,12,955,346,11.2035007827595,-0.796499217240463,0.796499217240463,valid,,,Shared Pattern Plane,Region-SIFT(21/28),32,1,296.168860830075,305.061909555886,3.31592219998129
47,2,1,2,5,2,27.5,15,971.764866312663,346.228034142532,12,972,346,11.7140789634049,-0.285921036595145,0.285921036595145,valid,,,Shared Pattern Plane,Region-SIFT(21/28),32,1,295.20564471048,303.50046342611,3.17223349999404
48,2,1,2,5,3,30,15,988.178362694188,346.406563737487,12,988,346,11.7332967517502,-0.266703248249796,0.266703248249796,valid,,,Shared Pattern Plane,Region-SIFT(21/28),32,1,251.436972528286,259.299340004895,3.64244329999201
49,2,1,2,5,4,32.5,15,1004.64882432408,346.585712943431,12,1005,347,11.7419187166294,-0.258081283370647,0.258081283370647,valid,,,Shared Pattern Plane,Region-SIFT(21/28),32,1,218.143834648435,222.659788040509,3.22552410000935
50,2,1,2,5,5,35,15,1021.17654827621,346.765484991635,12,1021,347,11.2479266194207,-0.752073380579256,0.752073380579256,valid,,,Shared Pattern Plane,Region-SIFT(21/28),32,1,184.285000617416,188.232529855555,3.30789190001087
51,3,1,3,1,1,45,5,1088.23864821977,278.355085761153,11.5,1088,278,11.1045174554229,-0.395482544577094,0.395482544577094,valid,,,Shared Pattern Plane,Region-SIFT(21/28),32,1,150.395195994301,151.68357739049,3.21323230001144
52,3,1,3,1,2,47.5,5,1105.25742176239,278.417518544627,11.5,1105,278,11.6023805333613,0.102380533361334,0.102380533361334,valid,,,Shared Pattern Plane,Region-SIFT(21/28),32,1,137.187201594297,138.118724245008,3.21932199998992
53,3,1,3,1,3,50,5,1122.33669823895,278.480173281026,11.5,1122,278,11.6084784181647,0.108478418164728,0.108478418164728,valid,,,Shared Pattern Plane,Region-SIFT(21/28),32,1,125.109499181515,125.802874958934,3.31782740005292
54,3,1,3,1,4,52.5,5,1139.47680086225,278.543051156045,11.5,1139,279,11.617052149091,0.117052149090959,0.117052149090959,valid,,,Shared Pattern Plane,Region-SIFT(21/28),32,1,197.384422747294,202.474002145489,3.21243380004307
55,3,1,3,1,5,55,5,1156.67805515135,278.606153363841,11.5,1157,279,11.6234399347953,0.123439934795256,0.123439934795256,valid,,,Shared Pattern Plane,Region-SIFT(21/28),32,1,189.981037551638,192.532863163059,3.20514499995625
56,3,1,3,2,1,45,7.5,1088.14468164699,295.79210742279,11.5,1088,296,11.6331081190218,0.133108119021792,0.133108119021792,valid,,,Shared Pattern Plane,Region-SIFT(21/28),32,1,155.492754912503,158.344882036575,3.10469810001086
57,3,1,3,2,2,47.5,7.5,1105.11295745251,295.88520398574,11.5,1105,296,11.1559268799984,-0.344073120001601,0.344073120001601,valid,,,Shared Pattern Plane,Region-SIFT(21/28),32,1,117.082913233237,117.817794925162,3.34207850001985
58,3,1,3,2,3,50,7.5,1122.14137795173,295.978630532969,11.5,1122,296,11.6536585171873,0.153658517187296,0.153658517187296,valid,,,Shared Pattern Plane,Region-SIFT(21/28),32,1,128.296490236817,128.85673655318,3.18660710001132
59,3,1,3,2,4,52.5,7.5,1139.23026349008,296.072388822055,11.5,1139,296,11.6596471804605,0.159647180460532,0.159647180460532,valid,,,Shared Pattern Plane,Region-SIFT(21/28),32,1,180.933430242286,183.776852174847,3.19695430004504
60,3,1,3,2,5,55,7.5,1156.37993669204,296.166480623079,11.5,1156,296,11.6655645497887,0.165564549788742,0.165564549788742,valid,,,Shared Pattern Plane,Region-SIFT(21/28),32,1,201.298862539019,203.569872782348,3.27186320000328
61,3,1,3,3,1,45,10,1088.05126825501,313.126477414023,11.5,1088,313,11.1908823625546,-0.309117637445359,0.309117637445359,valid,,,Shared Pattern Plane,Region-SIFT(21/28),32,1,128.852827301227,129.735125485926,3.23324460000731
62,3,1,3,3,2,47.5,10,1104.96934510354,313.249875851484,11.5,1105,313,11.6904986956643,0.190498695664324,0.190498695664324,valid,,,Shared Pattern Plane,Region-SIFT(21/28),32,1,154.642734125935,155.747253065707,3.28322809998645
63,3,1,3,3,3,50,10,1121.94721157783,313.373710387353,11.5,1122,313,11.6964707417433,0.196470741743255,0.196470741743255,valid,,,Shared Pattern Plane,Region-SIFT(21/28),32,1,131.73988565011,133.587494615077,3.24396330001764
64,3,1,3,3,4,52.5,10,1138.9851851898,313.497983337526,11.5,1139,313,11.7023284559358,0.202328455935779,0.202328455935779,valid,,,Shared Pattern Plane,Region-SIFT(21/28),32,1,141.500260987357,144.928540633871,3.31468419998419
65,3,1,3,3,5,55,10,1156.08358570353,313.622697034322,11.5,1156,314,11.221089799055,-0.278910200944987,0.278910200944987,valid,,,Shared Pattern Plane,Region-SIFT(21/28),32,1,181.119639148914,182.352437599273,3.66180960001657
66,3,1,3,4,1,45,12.5,1087.95840317331,330.359099539409,11.5,1088,330,11.2330151828392,-0.266984817160846,0.266984817160846,valid,,,Shared Pattern Plane,Region-SIFT(21/28),32,1,175.031032156566,178.445036100417,3.35834820003947
67,3,1,3,4,2,47.5,12.5,1104.82657720113,330.512442727989,11.5,1105,331,11.2424087171063,-0.257591282893712,0.257591282893712,valid,,,Shared Pattern Plane,Region-SIFT(21/28),32,1,187.223084563805,190.115399354287,3.25153040001169
68,3,1,3,4,3,50,12.5,1121.75418892175,330.66632624567,11.5,1122,331,11.24928143938,-0.250718560619982,0.250718560619982,valid,,,Shared Pattern Plane,Region-SIFT(21/28),32,1,165.008674994978,169.70804024963,3.18014249997213
69,3,1,3,4,4,52.5,12.5,1138.74155304687,330.820752953398,11.5,1139,331,11.7477050548734,0.247705054873373,0.247705054873373,valid,,,Shared Pattern Plane,Region-SIFT(21/28),32,1,153.758312254103,155.851068807522,3.89968279999448
70,3,1,3,4,5,55,12.5,1155.78898651393,330.97572573235,11.5,1156,331,11.753499494909,0.253499494909036,0.253499494909036,valid,,,Shared Pattern Plane,Region-SIFT(21/28),32,1,186.655659698809,189.181237685104,3.37231690000044
71,3,1,3,5,1,45,15,1087.86608158838,347.490867024397,11.5,1088,347,11.2752260354456,-0.224773964554444,0.224773964554444,valid,,,Shared Pattern Plane,Region-SIFT(21/28),32,1,216.548240366436,218.866698417932,3.29432899999665
72,3,1,3,5,2,47.5,15,1104.68464631903,347.673802547658,11.5,1105,348,11.2846086455414,-0.215391354458603,0.215391354458603,valid,,,Shared Pattern Plane,Region-SIFT(21/28),32,1,192.411199762455,195.696033057805,3.74866749998182
73,3,1,3,5,3,50,15,1121.5622999077,347.857380780409,11.5,1122,348,11.78492277079,0.284922770790015,0.284922770790015,valid,,,Shared Pattern Plane,Region-SIFT(21/28),32,1,165.385332544014,168.402418110278,3.23721980000846
74,3,1,3,5,4,52.5,15,1138.49935429873,348.041605115668,11.5,1138,348,11.2917400794938,-0.208259920506181,0.208259920506181,valid,,,Shared Pattern Plane,Region-SIFT(21/28),32,1,195.127087207572,198.016998227776,3.29911679995712
75,3,1,3,5,5,55,15,1155.49612363608,348.226478970379,11.5,1155,348,11.3044729306938,-0.195527069306177,0.195527069306177,valid,,,Shared Pattern Plane,Region-SIFT(21/28),32,1,174.552837402606,177.311658789824,3.17255220003426
76,4,1,4,1,1,65,5,1226.1011812275,278.860829706265,11,1226,279,11.1639063792211,0.163906379221102,0.163906379221102,valid,,,Shared Pattern Plane,Region-SIFT(21/28),32,1,186.133186380699,188.954744488984,3.31631290004589
77,4,1,4,1,2,67.5,5,1243.61315880675,278.925071791728,11,1244,279,11.1711533068497,0.171153306849712,0.171153306849712,valid,,,Shared Pattern Plane,Region-SIFT(21/28),32,1,187.104153942936,189.3292011324,3.22229750000406
78,4,1,4,1,3,70,5,1261.18829076792,278.989545556861,11,1261,279,11.1779670226295,0.17796702262949,0.17796702262949,valid,,,Shared Pattern Plane,Region-SIFT(21/28),32,1,193.774204165343,197.614383405097,3.66328600002453
79,4,1,4,1,4,72.5,5,1278.82691936371,279.054252257208,11,1279,279,10.7023852327298,-0.297614767270179,0.297614767270179,valid,,,Shared Pattern Plane,Region-SIFT(21/28),32,1,156.516497331952,159.324911944963,3.21460469998419
80,4,1,4,1,5,75,5,1296.52938932431,279.119193157399,11,1297,279,11.1922442461025,0.192244246102533,0.192244246102533,valid,,,Shared Pattern Plane,Region-SIFT(21/28),32,1,154.595313776612,157.011570199546,3.63676660001511
81,4,1,4,2,1,65,7.5,1225.59303953458,296.546218792095,11,1226,297,10.7208429897683,-0.279157010231748,0.279157010231748,valid,,,Shared Pattern Plane,Region-SIFT(21/28),32,1,158.891980391205,160.134276131648,3.52281230001245
82,4,1,4,2,2,67.5,7.5,1243.05157162123,296.642005149533,11,1243,297,10.7285963236103,-0.271403676389713,0.271403676389713,valid,,,Shared Pattern Plane,Region-SIFT(21/28),32,1,130.601335218722,133.340925979954,3.24182019999716
83,4,1,4,2,3,70,7.5,1260.57287613034,296.738135908302,11,1261,297,10.7367740914678,-0.263225908532222,0.263225908532222,valid,,,Shared Pattern Plane,Region-SIFT(21/28),32,1,112.74849450399,113.424127299852,3.23147629998857
84,4,1,4,2,4,72.5,7.5,1278.15729222044,296.834612929199,11,1278,297,10.7444491928986,-0.255550807101448,0.255550807101448,valid,,,Shared Pattern Plane,Region-SIFT(21/28),32,1,155.950288390609,159.676897597511,3.22723070002394
85,4,1,4,2,5,75,7.5,1295.8051614978,296.931438086448,11,1296,297,11.2352379432308,0.235237943230841,0.235237943230841,valid,,,Shared Pattern Plane,Region-SIFT(21/28),32,1,193.631199203976,200.146041593621,3.2016644999967
86,4,1,4,3,1,65,10,1225.08793201036,314.126006517338,11,1225,314,10.7608651569865,-0.239134843013526,0.239134843013526,valid,,,Shared Pattern Plane,Region-SIFT(21/28),32,1,174.738198146114,178.995146769607,3.2515102000325
87,4,1,4,3,2,67.5,10,1242.49334373281,314.252959517324,11,1242,314,10.7685714790081,-0.231428520991862,0.231428520991862,valid,,,Shared Pattern Plane,Region-SIFT(21/28),32,1,140.166925633143,142.141318762486,3.98652430000948
88,4,1,4,3,3,70,10,1259.96114937263,314.380367611111,11,1260,314,10.7766477831717,-0.223352216828303,0.223352216828303,valid,,,Shared Pattern Plane,Region-SIFT(21/28),32,1,167.523190134038,170.719703753491,4.09836429997813
89,4,1,4,3,4,72.5,10,1277.49168503142,314.508233250185,11,1277,315,10.7866927881373,-0.213307211862668,0.213307211862668,valid,,,Shared Pattern Plane,Region-SIFT(21/28),32,1,225.521802340109,230.531304680322,4.41678059997503
90,4,1,4,3,5,75,10,1295.08528922912,314.63655890367,11,1295,315,10.7946532962396,-0.205346703760398,0.205346703760398,valid,,,Shared Pattern Plane,Region-SIFT(21/28),32,1,200.295860651813,203.555761968227,5.20907540002372
91,4,1,4,4,1,65,12.5,1224.58583155972,331.601135902183,11,1225,332,11.2926085057914,0.292608505791382,0.292608505791382,valid,,,Shared Pattern Plane,Region-SIFT(21/28),32,1,196.557215787494,200.938512660818,4.7930733000394
92,4,1,4,4,2,67.5,12.5,1241.93844508945,331.758882975722,11,1242,332,10.8114730201443,-0.188526979855711,0.188526979855711,valid,,,Shared Pattern Plane,Region-SIFT(21/28),32,1,176.14467351096,179.307960497727,3.80926060001366
93,4,1,4,4,3,70,12.5,1259.35307744433,331.917193842614,11,1259,332,10.8190348699216,-0.180965130078377,0.180965130078377,valid,,,Shared Pattern Plane,Region-SIFT(21/28),32,1,157.412231535129,160.134184682056,3.88935020001372
94,4,1,4,4,4,72.5,12.5,1276.83006170565,332.076071530795,11,1277,332,10.827014354665,-0.172985645334956,0.172985645334956,valid,,,Shared Pattern Plane,Region-SIFT(21/28),32,1,224.378710107955,232.034659167253,4.9804791000206
95,4,1,4,4,5,75,12.5,1294.3697333441,332.235519089922,11,1294,332,10.8344901409229,-0.165509859077098,0.165509859077098,valid,,,Shared Pattern Plane,Region-SIFT(21/28),32,1,190.897749282191,195.828238079467,3.83756990003167
96,4,1,4,5,1,65,15,1224.08671140919,348.972538771912,11,1224,349,10.8441221295177,-0.155877870482282,0.155877870482282,valid,,,Shared Pattern Plane,Region-SIFT(21/28),32,1,153.044111120638,156.362417754999,3.80671590002021
97,4,1,4,5,2,67.5,15,1241.3868459965,349.160712330351,11,1241,349,10.8516519200482,-0.148348079951765,0.148348079951765,valid,,,Shared Pattern Plane,Region-SIFT(21/28),32,1,147.755180566778,149.875639996402,4.4518892999622
98,4,1,4,5,3,70,15,1258.74862768871,349.349556424331,11,1259,349,10.8595837251653,-0.140416274834715,0.140416274834715,valid,,,Shared Pattern Plane,Region-SIFT(21/28),32,1,119.474156841399,121.829376323835,4.25815110001713
99,4,1,4,5,4,72.5,15,1276.17238658288,349.539074644317,11,1276,350,10.8694190013707,-0.130580998629313,0.130580998629313,valid,,,Shared Pattern Plane,Region-SIFT(21/28),32,1,118.656899761523,121.207472062874,3.71756800002186
100,4,1,4,5,5,75,15,1293.65845513696,349.729270606454,11,1294,350,10.8772982785687,-0.122701721431326,0.122701721431326,valid,,,Shared Pattern Plane,Region-SIFT(21/28),32,1,169.363446274006,175.606918656883,3.85880280000856
101,5,1,5,1,1,85,5,1367.9846653956,279.381324371957,10.5,1368,279,10.2626261007416,-0.237373899258419,0.237373899258419,valid,,,Shared Pattern Plane,Region-SIFT(21/28),32,1,189.699614383556,193.608492453837,4.11320600000909
102,5,1,5,1,2,87.5,5,1386.01160143149,279.447455564748,10.5,1386,279,10.271614900511,-0.22838509948901,0.22838509948901,valid,,,Shared Pattern Plane,Region-SIFT(21/28),32,1,169.602802942165,174.802020595088,4.50936810002895
103,5,1,5,1,3,90,5,1404.10450051585,279.513828740707,10.5,1404,280,10.7550451849519,0.25504518495187,0.25504518495187,valid,,,Shared Pattern Plane,Region-SIFT(21/28),32,1,167.463686787136,170.233710974888,4.47976139996899
104,5,1,5,1,4,92.5,5,1422.26372536414,279.580445230442,10.5,1422,280,10.7621439840437,0.262143984043737,0.262143984043737,valid,,,Shared Pattern Plane,Region-SIFT(21/28),32,1,160.780588304429,163.846309932683,4.31392410001718
105,5,1,5,1,5,95,5,1440.48964135602,279.647306374336,10.5,1440,280,10.7762009750428,0.276200975042823,0.276200975042823,valid,,,Shared Pattern Plane,Region-SIFT(21/28),32,1,202.399192883224,204.467643397751,4.19233689998509
106,5,1,5,2,1,85,7.5,1367.03808951984,297.322258040326,10.5,1367,297,10.3032866501428,-0.196713349857175,0.196713349857175,valid,,,Shared Pattern Plane,Region-SIFT(21/28),32,1,155.669646036057,157.246949350991,3.22074540000176
107,5,1,5,2,2,87.5,7.5,1385.00843605877,297.420852471308,10.5,1385,297,10.3121909795838,-0.187809020416198,0.187809020416198,valid,,,Shared Pattern Plane,Region-SIFT(21/28),32,1,137.763728631741,139.11935724186,3.33973860001424
108,5,1,5,2,3,90,7.5,1403.04433807994,297.519806572898,10.5,1403,298,10.7965581068731,0.296558106873096,0.296558106873096,valid,,,Shared Pattern Plane,Region-SIFT(21/28),32,1,151.087319462892,152.815109660073,3.21299929998349
109,5,1,5,2,4,92.5,7.5,1421.14615495658,297.619122316801,10.5,1421,298,10.8035882994649,0.303588299464897,0.303588299464897,valid,,,Shared Pattern Plane,Region-SIFT(21/28),32,1,194.55766475516,195.63384458851,3.14637179998681
110,5,1,5,2,5,95,7.5,1439.31424869348,297.718801689156,10.5,1439,298,10.340910757277,-0.159089242723018,0.159089242723018,valid,,,Shared Pattern Plane,Region-SIFT(21/28),32,1,175.318641152962,176.988343161971,3.22652549995109
111,5,1,5,3,1,85,10,1366.09724767689,315.15451167052,10.5,1366,315,10.3440712215477,-0.155928778452322,0.155928778452322,valid,,,Shared Pattern Plane,Region-SIFT(21/28),32,1,168.922163281113,170.646068597984,3.2006032000063
112,5,1,5,3,2,87.5,10,1384.011358549,315.285175061513,10.5,1384,315,10.352902205211,-0.147097794788969,0.147097794788969,valid,,,Shared Pattern Plane,Region-SIFT(21/28),32,1,172.312958505923,178.157727177023,3.13057899998967
113,5,1,5,3,3,90,10,1401.99062110185,315.416313661106,10.5,1402,315,10.8413745930967,0.341374593096736,0.341374593096736,valid,,,Shared Pattern Plane,Region-SIFT(21/28),32,1,169.043366013381,172.774004967196,3.2250196999521
114,5,1,5,3,4,92.5,10,1420.03539140735,315.547930066444,10.5,1420,316,10.3727277481991,-0.127272251800946,0.127272251800946,valid,,,Shared Pattern Plane,Region-SIFT(21/28),32,1,193.177591385917,199.242439296745,3.16239120002137
115,5,1,5,3,5,95,10,1438.14602813686,315.680026893633,10.5,1438,316,10.3814140403558,-0.11858595964422,0.11858595964422,valid,,,Shared Pattern Plane,Region-SIFT(21/28),32,1,169.379401092933,170.511121048514,3.18605670001125
116,5,1,5,4,1,85,12.5,1365.16208792187,332.879069800277,10.5,1365,333,10.3849677943651,-0.115032205634893,0.115032205634893,valid,,,Shared Pattern Plane,Region-SIFT(21/28),32,1,220.801615184199,228.315554451049,3.10848379996605
117,5,1,5,4,2,87.5,12.5,1383.02031365213,333.041413233023,10.5,1383,333,10.3890012354677,-0.110998764532281,0.110998764532281,valid,,,Shared Pattern Plane,Region-SIFT(21/28),32,1,164.04258271727,167.43575053875,3.21156059997156
118,5,1,5,4,3,90,12.5,1400.94329098014,333.204345301887,10.5,1401,333,10.3969470824659,-0.103052917534074,0.103052917534074,valid,,,Shared Pattern Plane,Region-SIFT(21/28),32,1,172.91990873246,175.82274843763,3.27552699996158
119,5,1,5,4,4,92.5,12.5,1418.93137271681,333.36786921416,10.5,1419,333,10.4048330738761,-0.0951669261239445,0.0951669261239445,valid,,,Shared Pattern Plane,Region-SIFT(21/28),32,1,184.207244920983,188.136884131695,3.27116280002519
120,5,1,5,4,5,95,12.5,1436.98491424083,333.531988200475,10.5,1437,334,10.4220236895294,-0.0779763104706319,0.0779763104706319,valid,,,Shared Pattern Plane,Region-SIFT(21/28),32,1,140.59725913951,141.549816208496,3.29066830000374
121,5,1,5,5,1,85,15,1364.23255893544,350.496905111169,10.5,1364,350,10.423698043795,-0.0763019562049738,0.0763019562049738,valid,,,Shared Pattern Plane,Region-SIFT(21/28),32,1,207.914590734149,213.179320391752,3.3985234000138
122,5,1,5,5,2,87.5,15,1382.03524678467,350.690544941279,10.5,1382,351,10.4346761851993,-0.065323814800653,0.065323814800653,valid,,,Shared Pattern Plane,Region-SIFT(21/28),32,1,184.936995490644,189.591126424343,3.09889239998301
123,5,1,5,5,3,90,15,1399.90228982166,350.884884762746,10.5,1400,351,10.4433243769086,-0.0566756230914152,0.0566756230914152,valid,,,Shared Pattern Plane,Region-SIFT(21/28),32,1,150.975935327944,152.651081476167,3.32354539999506
124,5,1,5,5,4,92.5,15,1417.83403763599,351.079928378056,10.5,1418,351,10.4519376960778,-0.048062303922201,0.048062303922201,valid,,,Shared Pattern Plane,Region-SIFT(21/28),32,1,190.900000257845,192.793291191495,3.19166519999271
125,5,1,5,5,5,95,15,1435.83084235389,351.275679617286,10.5,1436,351,10.4604807006827,-0.039519299317341,0.039519299317341,valid,,,Shared Pattern Plane,Region-SIFT(21/28),32,1,180.279010928623,183.060292313154,3.20339260000037
126,6,1,6,1,1,105,5,1514.06761897995,279.917224646291,10,1514,280,9.85264449976074,-0.147355500239255,0.147355500239255,valid,,,Shared Pattern Plane,Region-SIFT(21/28),32,1,223.728743808484,227.442845755713,3.12146110000322
127,6,1,6,1,2,107.5,5,1532.63256636261,279.985329515143,10,1533,280,10.3454880073538,0.345488007353769,0.345488007353769,valid,,,Shared Pattern Plane,Region-SIFT(21/28),32,1,169.082812395045,171.910260148593,3.17781010002363
128,6,1,6,1,3,110,5,1551.26645450661,280.053687290799,10,1551,280,10.3658150122096,0.365815012209636,0.365815012209636,valid,,,Shared Pattern Plane,Region-SIFT(21/28),32,1,166.007912647913,169.957146420354,3.25193070003297
129,6,1,6,1,4,112.5,5,1569.96966814263,280.12229938463,10,1570,280,10.3756243787592,0.37562437875922,0.37562437875922,valid,,,Shared Pattern Plane,Region-SIFT(21/28),32,1,183.982481109276,187.823822360699,3.1064267999609
130,6,1,6,1,5,115,5,1588.74259486938,280.191167218529,10,1589,280,9.41782446127484,-0.58217553872516,0.58217553872516,valid,,,Shared Pattern Plane,Region-SIFT(21/28),32,1,223.180740982641,229.599125498575,3.19594080001116
131,6,1,6,2,1,105,7.5,1512.65672580352,298.121195698744,10,1513,298,9.90196140424113,-0.0980385957588741,0.0980385957588741,valid,,,Shared Pattern Plane,Region-SIFT(21/28),32,1,225.918796984859,233.607654964216,3.21185560000595
132,6,1,6,2,2,107.5,7.5,1531.16172772294,298.222723520181,10,1531,298,9.42486424109647,-0.575135758903526,0.575135758903526,valid,,,Shared Pattern Plane,Region-SIFT(21/28),32,1,246.299319371218,251.921694950921,3.21793129999423
133,6,1,6,2,3,110,7.5,1549.73523516462,298.324627197642,10,1550,298,9.92152089184193,-0.0784791081580689,0.0784791081580689,valid,,,Shared Pattern Plane,Region-SIFT(21/28),32,1,224.882879197661,229.780068779327,3.11902169999667
134,6,1,6,2,4,112.5,7.5,1568.37762924522,298.426908822124,10,1568,298,9.93099317504817,-0.0690068249518276,0.0690068249518276,valid,,,Shared Pattern Plane,Region-SIFT(21/28),32,1,220.232988964565,226.010169780066,3.19527200004086
135,6,1,6,2,5,115,7.5,1587.08929391364,298.529570500168,10,1587,299,9.92972505601603,-0.0702749439839732,0.0702749439839732,valid,,,Shared Pattern Plane,Region-SIFT(21/28),32,1,233.822629055649,242.472834507204,3.16322899999795
136,6,1,6,3,1,105,10,1511.25450504059,316.21327141639,10,1511,316,9.95078388726171,-0.0492161127382911,0.0492161127382911,valid,,,Shared Pattern Plane,Region-SIFT(21/28),32,1,255.544277472723,259.8641371426,3.17791250004666
137,6,1,6,3,2,107.5,10,1529.69994661912,316.34781027027,10,1530,316,9.95062752543432,-0.0493724745656827,0.0493724745656827,valid,,,Shared Pattern Plane,Region-SIFT(21/28),32,1,308.416123790842,318.744100888725,3.21298340003705
138,6,1,6,3,3,110,10,1548.21346258735,316.482845650641,10,1548,316,9.96006527889931,-0.0399347211006944,0.0399347211006944,valid,,,Shared Pattern Plane,Region-SIFT(21/28),32,1,225.524779946463,231.184140902025,3.64261680003256
139,6,1,6,3,4,112.5,10,1566.79543049299,316.61838031129,10,1567,317,9.95960132689326,-0.0403986731067434,0.0403986731067434,valid,,,Shared Pattern Plane,Region-SIFT(21/28),32,1,170.715984110857,172.860406986921,3.24199150002096
140,6,1,6,3,5,115,10,1585.44623068085,316.754417026407,10,1585,317,9.98152713234673,-0.0184728676532711,0.0184728676532711,valid,,,Shared Pattern Plane,Region-SIFT(21/28),32,1,214.43404874953,216.912517365584,3.07833540003048
141,6,1,6,4,1,105,12.5,1509.86087697538,334.194480327843,10,1510,334,9.97992504817405,-0.0200749518259489,0.0200749518259489,valid,,,Shared Pattern Plane,Region-SIFT(21/28),32,1,258.049584324145,266.299892695796,3.13980319997063
142,6,1,6,4,2,107.5,12.5,1528.24713964249,334.361623975921,10,1528,334,9.98934703540324,-0.0106529645967619,0.0106529645967619,valid,,,Shared Pattern Plane,Region-SIFT(21/28),32,1,247.663078655263,254.285962512483,3.3036600999767
143,6,1,6,4,3,110,12.5,1546.70104962177,334.529382584132,10,1547,335,10.0014409986693,0.00144099866926872,0.00144099866926872,valid,,,Shared Pattern Plane,Region-SIFT(21/28),32,1,225.552929634013,230.367351790811,3.18205300002592
144,6,1,6,4,4,112.5,12.5,1565.22298093642,334.697759552603,10,1565,335,10.0107488350033,0.0107488350032661,0.0107488350032661,valid,,,Shared Pattern Plane,Region-SIFT(21/28),32,1,207.848859412582,213.596232238361,3.84490790002747
145,6,1,6,4,5,115,12.5,1583.81331037207,334.86675830657,10,1584,335,10.020567628163,0.0205676281629561,0.0205676281629561,valid,,,Shared Pattern Plane,Region-SIFT(21/28),32,1,247.567477107174,250.674197788456,3.15097269997932
146,6,1,6,5,1,105,15,1508.47576286608,352.065838394741,10,1508,352,10.0086480948511,0.00864809485113049,0.00864809485113049,valid,,,Shared Pattern Plane,Region-SIFT(21/28),32,1,259.740118916829,265.376060558458,3.18886930000735
147,6,1,6,5,2,107.5,15,1526.80322440536,352.265186188112,10,1527,352,9.55000284533689,-0.449997154663111,0.449997154663111,valid,,,Shared Pattern Plane,Region-SIFT(21/28),32,1,263.314205781745,270.587377131128,3.2649354999885
148,6,1,6,5,3,110,15,1545.19791018364,352.46526517951,10,1545,352,10.0262634770772,0.0262634770772383,0.0262634770772383,valid,,,Shared Pattern Plane,Region-SIFT(21/28),32,1,188.50978353793,193.922209695311,3.18150049995165
149,6,1,6,5,4,112.5,15,1563.66019074334,352.666079399323,10,1564,353,10.0374278937379,0.0374278937378794,0.0374278937378794,valid,,,Shared Pattern Plane,Region-SIFT(21/28),32,1,192.594662947882,196.92419676226,3.18209989997558
150,6,1,6,5,5,115,15,1582.19043935516,352.867632907619,10,1582,353,9.57025998747675,-0.429740012523254,0.429740012523254,valid,,,Shared Pattern Plane,Region-SIFT(21/28),32,1,218.824419412159,222.155009881426,3.22852319997037
151,7,2,1,1,1,5,25,829.146473144121,410.397347440148,9.5,829,410,9.24277596097673,-0.257224039023269,0.257224039023269,valid,,,Shared Pattern Plane,Region-SIFT(21/28),32,1,192.917803185074,194.737386757933,3.23495989997173
152,7,2,1,1,2,7.5,25,844.885221819643,410.679374391172,9.5,845,411,9.25605847442603,-0.24394152557397,0.24394152557397,valid,,,Shared Pattern Plane,Region-SIFT(21/28),32,1,233.847930852698,240.381898049148,3.23294610000448
153,7,2,1,1,3,10,25,860.677146418833,410.962354216147,9.5,861,411,9.78995097828791,0.289950978287914,0.289950978287914,valid,,,Shared Pattern Plane,Region-SIFT(21/28),32,1,256.409792929352,261.685809254047,3.13198840001132
154,7,2,1,1,4,12.5,25,876.522516892997,411.246291752403,9.5,877,411,9.79972236741926,0.299722367419259,0.299722367419259,valid,,,Shared Pattern Plane,Region-SIFT(21/28),32,1,219.559490181151,225.40467081067,3.14261659997283
155,7,2,1,1,5,15,25,892.421605023771,411.53119187007,9.5,892,412,9.2901220906399,-0.209877909360095,0.209877909360095,valid,,,Shared Pattern Plane,Region-SIFT(21/28),32,1,177.349822620109,183.228058466367,3.51920270000119
156,7,2,1,2,1,5,27.5,829.784308428722,426.60386442946,9.5,830,427,9.28336376001777,-0.216636239982234,0.216636239982234,valid,,,Shared Pattern Plane,Region-SIFT(21/28),32,1,200.405981887333,202.107358690316,3.41277490003267
157,7,2,1,2,2,7.5,27.5,845.479883134576,426.912353678475,9.5,845,427,9.29355300707331,-0.20644699292669,0.20644699292669,valid,,,Shared Pattern Plane,Region-SIFT(21/28),32,1,230.713785402611,233.752532917501,3.27666079998016
158,7,2,1,2,3,10,27.5,861.228338558274,427.2218822735,9.5,861,427,9.32314271970332,-0.176857280296684,0.176857280296684,valid,,,Shared Pattern Plane,Region-SIFT(21/28),32,1,261.33266359965,269.434276164733,3.34070070000598
159,7,2,1,2,4,12.5,27.5,877.029942395236,427.532455475964,9.5,877,428,9.31741527489803,-0.18258472510197,0.18258472510197,valid,,,Shared Pattern Plane,Region-SIFT(21/28),32,1,220.275746353089,226.195277404975,3.19427490001544
160,7,2,1,2,5,15,27.5,892.884964150789,427.844078582868,9.5,893,428,9.32813984605928,-0.171860153940719,0.171860153940719,valid,,,Shared Pattern Plane,Region-SIFT(21/28),32,1,134.087203356829,137.695495200388,3.3312102999771
161,7,2,1,3,1,5,30,830.418573437852,442.719665631382,9.5,830,443,9.32101797366389,-0.178982026336108,0.178982026336108,valid,,,Shared Pattern Plane,Region-SIFT(21/28),32,1,184.95904070839,188.422322183785,3.2167344999616
162,7,2,1,3,2,7.5,30,846.071210257657,443.054316674808,9.5,846,443,9.33181398608112,-0.168186013918881,0.168186013918881,valid,,,Shared Pattern Plane,Region-SIFT(21/28),32,1,205.409893898737,207.842751059682,3.29855690000113
163,7,2,1,3,3,10,30,861.776435040612,443.390092041052,9.5,862,443,9.34255098424747,-0.157449015752531,0.157449015752531,valid,,,Shared Pattern Plane,Region-SIFT(21/28),32,1,188.906531987367,192.719488532764,3.2680582999601
164,7,2,1,3,4,12.5,30,877.534513251315,443.726997405708,9.5,878,444,9.35556504116129,-0.144434958838707,0.144434958838707,valid,,,Shared Pattern Plane,Region-SIFT(21/28),32,1,150.72601130097,153.825462506306,3.20054380001966
165,7,2,1,3,5,15,30,893.345712144131,444.065038482635,9.5,893,444,9.34831569760936,-0.151684302390638,0.151684302390638,valid,,,Shared Pattern Plane,Region-SIFT(21/28),32,1,139.052292691589,139.253911731675,3.20427079999354
166,7,2,1,4,1,5,32.5,831.049298064711,458.745510590963,9.5,831,459,9.35945068124987,-0.140549318750132,0.140549318750132,valid,,,Shared Pattern Plane,Region-SIFT(21/28),32,1,189.620234827011,193.965374232365,3.18158490001224
167,7,2,1,4,2,7.5,32.5,846.659231152091,459.1060267157,9.5,847,459,9.37014363736282,-0.129856362637183,0.129856362637183,valid,,,Shared Pattern Plane,Region-SIFT(21/28),32,1,151.976545599276,153.959527787126,3.18984930001898
168,7,2,1,4,3,10,32.5,862.321461871999,459.467750670074,9.5,862,459,9.3801811609893,-0.119818839010701,0.119818839010701,valid,,,Shared Pattern Plane,Region-SIFT(21/28),32,1,123.99760061698,124.76515700466,3.21621839998988
169,7,2,1,4,4,12.5,32.5,878.036253482928,459.83068853412,9.5,878,460,9.37532017192469,-0.124679828075312,0.124679828075312,valid,,,Shared Pattern Plane,Region-SIFT(21/28),32,1,108.015542071206,108.263842232675,3.23361170000862
170,7,2,1,4,5,15,32.5,893.803871013279,460.194846428748,9.5,894,460,9.38667248280406,-0.113327517195945,0.113327517195945,valid,,,Shared Pattern Plane,Region-SIFT(21/28),32,1,118.610859931461,120.059329982994,3.19078669999726
171,7,2,1,5,1,5,35,831.676511869706,474.682150397496,9.5,832,475,9.39798679021817,-0.102013209781825,0.102013209781825,valid,,,Shared Pattern Plane,Region-SIFT(21/28),32,1,196.884469467244,201.633373205853,3.3721402999945
172,7,2,1,5,2,7.5,35,847.243973469256,475.068238624555,9.5,847,475,9.93587146753299,0.435871467532985,0.435871467532985,valid,,,Shared Pattern Plane,Region-SIFT(21/28),32,1,180.033912817637,180.746291458877,3.24355989997275
173,7,2,1,5,3,10,35,862.8634447681,475.455616742868,9.5,863,475,9.41856345422858,-0.0814365457714246,0.0814365457714246,valid,,,Shared Pattern Plane,Region-SIFT(21/28),32,1,162.995867615654,166.175886036468,3.42439719999675
174,7,2,1,5,4,12.5,35,878.535186843001,475.844291227396,9.5,879,476,9.41377205055132,-0.0862279494486842,0.0862279494486842,valid,,,Shared Pattern Plane,Region-SIFT(21/28),32,1,129.606852496616,130.059289732532,3.95289429998957
175,7,2,1,5,5,15,35,894.259462521046,476.234268596506,9.5,894,476,9.44134822986039,-0.0586517701396065,0.0586517701396065,valid,,,Shared Pattern Plane,Region-SIFT(21/28),32,1,126.91872249028,128.167100159526,3.87844870000845
176,8,2,2,1,1,25,25,956.560634682023,412.680516721055,9,957,413,8.81634246204655,-0.183657537953449,0.183657537953449,valid,,,Shared Pattern Plane,Region-SIFT(21/28),32,1,173.450242985115,175.573186096149,3.77037719998043
177,8,2,2,1,2,27.5,25,972.732452978731,412.970303965312,9,973,413,8.81425462920117,-0.185745370798834,0.185745370798834,valid,,,Shared Pattern Plane,Region-SIFT(21/28),32,1,172.924107209463,174.691865741377,3.79300089995377
178,8,2,2,1,3,30,25,988.959658940255,413.261083716315,9,989,413,8.83943514057054,-0.16056485942946,0.16056485942946,valid,,,Shared Pattern Plane,Region-SIFT(21/28),32,1,134.871246066926,137.599159697325,3.71385429997463
179,8,2,2,1,4,32.5,25,1005.24253760467,413.55286108174,9,1005,414,8.85310588047857,-0.146894119521425,0.146894119521425,valid,,,Shared Pattern Plane,Region-SIFT(21/28),32,1,141.534518362479,143.934412426859,3.63746110000648
180,8,2,2,1,5,35,25,1021.58137596923,413.845641204369,9,1022,414,8.86525032863114,-0.134749671368862,0.134749671368862,valid,,,Shared Pattern Plane,Region-SIFT(21/28),32,1,129.811219063512,130.684678947944,3.77256570005557
181,8,2,2,2,1,25,27.5,956.84468467469,429.101177256948,9,957,429,8.85246999161953,-0.147530008380469,0.147530008380469,valid,,,Shared Pattern Plane,Region-SIFT(21/28),32,1,135.989787564959,138.568587379274,3.6192955999868
182,8,2,2,2,2,27.5,27.5,972.970903031253,429.418130607399,9,973,429,8.8639864671735,-0.1360135328265,0.1360135328265,valid,,,Shared Pattern Plane,Region-SIFT(21/28),32,1,108.026863356494,109.235055592126,3.80160179996165
183,8,2,2,2,3,30,27.5,989.152195215514,429.736166408417,9,989,430,8.87768910394777,-0.12231089605223,0.12231089605223,valid,,,Shared Pattern Plane,Region-SIFT(21/28),32,1,103.150692480077,105.266344850658,3.56737900001463
184,8,2,2,2,4,32.5,27.5,1005.38884384004,430.055290214622,9,1005,430,8.88906287881602,-0.110937121183976,0.110937121183976,valid,,,Shared Pattern Plane,Region-SIFT(21/28),32,1,100.036526910842,102.805067177451,3.31194200000027
185,8,2,2,2,5,35,27.5,1021.68113345437,430.375507618703,9,1022,430,8.90112153790883,-0.0988784620911733,0.0988784620911733,valid,,,Shared Pattern Plane,Region-SIFT(21/28),32,1,83.8377399815453,84.1740842424291,3.29956770001445
186,8,2,2,3,1,25,30,957.127123116165,445.428675547669,9,957,445,8.88867300893338,-0.111326991066624,0.111326991066624,valid,,,Shared Pattern Plane,Region-SIFT(21/28),32,1,121.593220683507,122.071963780582,3.1362841000082
187,8,2,2,3,2,27.5,30,973.207997943207,445.772482255895,9,973,446,8.90240088840086,-0.0975991115991413,0.0975991115991413,valid,,,Shared Pattern Plane,Region-SIFT(21/28),32,1,95.4835153862282,96.6862457402018,3.16053110000212
188,8,2,2,3,3,30,30,989.343635420636,446.117459781428,9,989,446,9.43297985561668,0.432979855616685,0.432979855616685,valid,,,Shared Pattern Plane,Region-SIFT(21/28),32,1,97.567198325465,99.3703241756971,3.12320080003701
189,8,2,2,3,4,32.5,30,1005.53431576296,446.463614115214,9,1006,446,9.45574607427709,0.455746074277092,0.455746074277092,valid,,,Shared Pattern Plane,Region-SIFT(21/28),32,1,83.968537970447,85.3909020447408,3.08520770003088
190,8,2,2,3,5,35,30,1021.78032109973,446.810951289138,9,1022,447,8.93936260203653,-0.06063739796347,0.06063739796347,valid,,,Shared Pattern Plane,Region-SIFT(21/28),32,1,101.737525960882,103.16255199859,3.09999240003526
191,8,2,2,4,1,25,32.5,957.407963682302,461.663802181352,9,957,462,8.40249582042761,-0.597504179572393,0.597504179572393,valid,,,Shared Pattern Plane,Region-SIFT(21/28),32,1,140.557010537607,143.195046795753,3.15326330001699
192,8,2,2,4,2,27.5,32.5,973.443749234003,462.034153497521,9,973,462,8.92523149091546,-0.0747685090845369,0.0747685090845369,valid,,,Shared Pattern Plane,Region-SIFT(21/28),32,1,121.756262143958,122.642956526693,3.19173600000795
193,8,2,2,4,3,30,32.5,989.533988888613,462.405762447662,9,990,462,9.4707946909101,0.470794690910099,0.470794690910099,valid,,,Shared Pattern Plane,Region-SIFT(21/28),32,1,99.5842090952333,102.598821495279,3.11188909999328
194,8,2,2,4,4,32.5,32.5,1005.67896048964,462.778635448656,9,1006,463,8.96421135092546,-0.0357886490745418,0.0357886490745418,valid,,,Shared Pattern Plane,Region-SIFT(21/28),32,1,95.8989427455519,97.5527658333634,3.15136469999561
195,8,2,2,4,5,35,32.5,1021.878943774,463.15277896111,9,1022,463,8.97542878827405,-0.0245712117259469,0.0245712117259469,valid,,,Shared Pattern Plane,Region-SIFT(21/28),32,1,137.659357026014,142.246345205541,3.21373040002072
196,8,2,2,5,1,25,35,957.687219894651,477.807338825976,9,958,478,8.96437245817184,-0.0356275418281644,0.0356275418281644,valid,,,Shared Pattern Plane,Region-SIFT(21/28),32,1,156.166306794384,159.407577713636,3.21070729999337
197,8,2,2,5,2,27.5,35,973.678168292857,478.20392993857,9,974,478,8.97568974973931,-0.024310250260692,0.024310250260692,valid,,,Shared Pattern Plane,Region-SIFT(21/28),32,1,125.544576669875,127.124143563746,3.18917160003912
198,8,2,2,5,3,30,35,989.723264846779,478.601863978225,9,990,479,8.98920654142197,-0.0107934585780267,0.0107934585780267,valid,,,Shared Pattern Plane,Region-SIFT(21/28),32,1,112.976406471565,115.461052177888,4.24214589997428
199,8,2,2,5,4,32.5,35,1005.82278505559,479.001147777589,9,1006,479,8.98864360550636,-0.0113563944936441,0.0113563944936441,valid,,,Shared Pattern Plane,Region-SIFT(21/28),32,1,122.232001596279,124.689202487663,3.40868829999818
200,8,2,2,5,5,35,35,1021.97700629057,479.401788215738,9,1022,479,9.01159166912089,0.0115916691208877,0.0115916691208877,valid,,,Shared Pattern Plane,Region-SIFT(21/28),32,1,126.779886082241,128.4005221224,3.19746370002395
201,9,2,3,1,1,45,25,1087.50213589524,415.026893368339,8.5,1088,415,8.39228794008656,-0.107712059913439,0.107712059913439,valid,,,Shared Pattern Plane,Region-SIFT(21/28),32,1,130.704804341251,131.954786000712,3.27816400001757
202,9,2,3,1,2,47.5,25,1104.12514748144,415.324765668809,8.5,1104,415,8.92512786614244,0.425127866142445,0.425127866142445,valid,,,Shared Pattern Plane,Region-SIFT(21/28),32,1,136.365646351708,137.883308865474,3.16570260003209
203,9,2,3,1,3,50,25,1120.80588285103,415.623672337574,8.5,1121,416,8.42101102696065,-0.0789889730393494,0.0789889730393494,valid,,,Shared Pattern Plane,Region-SIFT(21/28),32,1,152.166114987772,153.524975044664,3.16527449997375
204,9,2,3,1,4,52.5,25,1137.54464319766,415.923618771805,8.5,1138,416,8.44064326714683,-0.0593567328531694,0.0593567328531694,valid,,,Shared Pattern Plane,Region-SIFT(21/28),32,1,140.685821445909,144.100061711402,3.13742360001197
205,9,2,3,1,5,55,25,1154.3417318141,416.224610406289,8.5,1154,416,8.45265059926244,-0.0473494007375592,0.0473494007375592,valid,,,Shared Pattern Plane,Region-SIFT(21/28),32,1,112.59382834712,113.852693168169,3.13379220000934
206,9,2,3,2,1,45,27.5,1087.41246152938,431.667426418407,8.5,1087,432,8.42843782648981,-0.0715621735101912,0.0715621735101912,valid,,,Shared Pattern Plane,Region-SIFT(21/28),32,1,108.427039879592,110.00568467364,3.1700677999761
207,9,2,3,2,2,47.5,27.5,1103.98729330234,431.993197057712,8.5,1104,432,8.44210764774083,-0.0578923522591737,0.0578923522591737,valid,,,Shared Pattern Plane,Region-SIFT(21/28),32,1,113.4243112665,114.78642781428,3.23799170000711
208,9,2,3,2,3,50,27.5,1120.61951498136,432.320095669032,8.5,1121,432,8.46242608755944,-0.037573912440557,0.037573912440557,valid,,,Shared Pattern Plane,Region-SIFT(21/28),32,1,129.158473118777,131.953478025334,3.10814690002007
209,9,2,3,2,4,52.5,27.5,1137.30942514983,432.648128120886,8.5,1137,433,8.47659345565392,-0.0234065443460789,0.0234065443460789,valid,,,Shared Pattern Plane,Region-SIFT(21/28),32,1,128.496776197827,130.021510393026,3.14682240004186
210,9,2,3,2,5,55,27.5,1154.05732446603,432.977300322571,8.5,1154,433,8.48930421211735,-0.0106957878826535,0.0106957878826535,valid,,,Shared Pattern Plane,Region-SIFT(21/28),32,1,103.249162658813,103.768328087661,3.31069169996772
211,9,2,3,3,1,45,30,1087.32330293084,448.212250476717,8.5,1087,448,8.47154597762283,-0.0284540223771685,0.0284540223771685,valid,,,Shared Pattern Plane,Region-SIFT(21/28),32,1,125.443739713437,127.440508686375,3.13804690004326
212,9,2,3,3,2,47.5,30,1103.85023336589,448.565593787393,8.5,1104,449,9.00087205183437,0.500872051834365,0.500872051834365,valid,,,Shared Pattern Plane,Region-SIFT(21/28),32,1,121.427518894559,122.809361130905,3.12826830003178
213,9,2,3,3,3,50,30,1120.43422271803,448.920157009217,8.5,1120,449,8.49853268585619,-0.00146731414381307,0.00146731414381307,valid,,,Shared Pattern Plane,Region-SIFT(21/28),32,1,138.479186553047,142.526431269889,3.11011110001709
214,9,2,3,3,4,52.5,30,1137.0755669905,449.275946470693,8.5,1137,449,8.50532436644288,0.00532436644288126,0.00532436644288126,valid,,,Shared Pattern Plane,Region-SIFT(21/28),32,1,113.011150064418,113.480326568866,3.21004169998923
215,9,2,3,3,5,55,30,1153.77456423749,449.632968544176,8.5,1154,450,8.52089252296179,0.0208925229617876,0.0208925229617876,valid,,,Shared Pattern Plane,Region-SIFT(21/28),32,1,108.498685383166,108.990019116294,3.09040280000772
216,9,2,3,4,1,45,32.5,1087.23465566268,464.662188889241,8.5,1087,465,8.50860849174778,0.00860849174778267,0.00860849174778267,valid,,,Shared Pattern Plane,Region-SIFT(21/28),32,1,119.725368509848,121.273201247051,3.13752689998364
217,9,2,3,4,2,47.5,32.5,1103.7139608278,465.042783424992,8.5,1104,465,8.51402151350131,0.014021513501314,0.014021513501314,valid,,,Shared Pattern Plane,Region-SIFT(21/28),32,1,114.759395131611,116.067022916985,3.22985559998779
218,9,2,3,4,3,50,32.5,1120.24999677621,465.424688175337,8.5,1120,465,8.53332793236733,0.0333279323673299,0.0333279323673299,valid,,,Shared Pattern Plane,Region-SIFT(21/28),32,1,115.084203876263,117.476299122142,3.14837629999965
219,9,2,3,4,4,52.5,32.5,1136.8430569606,465.807909917655,8.5,1137,466,8.54811918343548,0.0481191834354817,0.0481191834354817,valid,,,Shared Pattern Plane,Region-SIFT(21/28),32,1,100.083330834606,100.970694675442,3.20182110002497
220,9,2,3,4,5,55,32.5,1153.4934368611,466.192455476149,8.5,1153,466,8.55998160252197,0.0599816025219706,0.0599816025219706,valid,,,Shared Pattern Plane,Region-SIFT(21/28),32,1,103.276780743574,104.644027301467,3.15908250003122
221,9,2,3,5,1,45,35,1087.14651533871,481.018055585069,8.5,1087,481,8.53552419691892,0.0355241969189155,0.0355241969189155,valid,,,Shared Pattern Plane,Region-SIFT(21/28),32,1,124.916807341197,126.767701625083,3.19192260003183
222,9,2,3,5,2,47.5,35,1103.57846892219,481.42558405627,8.5,1104,481,8.5490067151942,0.0490067151941993,0.0490067151941993,valid,,,Shared Pattern Plane,Region-SIFT(21/28),32,1,109.619911096966,111.876930838295,3.19909930002177
223,9,2,3,5,3,50,35,1120.06682797756,481.834511438174,8.5,1120,482,8.56380348122347,0.0638034812234665,0.0638034812234665,valid,,,Shared Pattern Plane,Region-SIFT(21/28),32,1,124.132402874679,125.756012091615,3.12647720001405
224,9,2,3,5,4,52.5,35,1136.61188343621,482.244844946162,8.5,1137,482,8.58295308957402,0.0829530895740156,0.0829530895740156,valid,,,Shared Pattern Plane,Region-SIFT(21/28),32,1,114.692107693607,116.71714396973,3.1613292999682
225,9,2,3,5,5,55,35,1153.21392823374,482.656591845322,8.5,1153,483,8.59691402464549,0.0969140246454874,0.0969140246454874,valid,,,Shared Pattern Plane,Region-SIFT(21/28),32,1,131.631658163525,133.566473098702,3.11448399996152
226,10,2,4,1,1,65,25,1222.11950933247,417.439138977448,8,1222,417,7.99796633695556,-0.00203366304444064,0.00203366304444064,valid,,,Shared Pattern Plane,Region-SIFT(21/28),32,1,94.3913373470306,95.4765890992966,3.15549809997901
227,10,2,4,1,2,67.5,25,1239.21286345063,417.745439474655,8,1239,418,8.01356678298282,0.0135667829828208,0.0135667829828208,valid,,,Shared Pattern Plane,Region-SIFT(21/28),32,1,91.1563461785594,92.6831652150664,3.1513337000506
228,10,2,4,1,3,70,25,1256.36641071548,418.052818589355,8,1256,418,8.02703198921625,0.0270319892162529,0.0270319892162529,valid,,,Shared Pattern Plane,Region-SIFT(21/28),32,1,112.362372228834,113.841363389679,3.16621039999882
229,10,2,4,1,4,72.5,25,1273.58046963729,418.361282029019,8,1274,418,8.0412577473,0.0412577472999978,0.0412577472999978,valid,,,Shared Pattern Plane,Region-SIFT(21/28),32,1,97.7987923917316,98.2854938647765,3.24802370002726
230,10,2,4,1,5,75,25,1290.85536097744,418.670835541461,8,1291,419,8.05668680405297,0.0566868040529744,0.0566868040529744,valid,,,Shared Pattern Plane,Region-SIFT(21/28),32,1,130.193557133246,130.929449676506,3.16948679997586
231,10,2,4,2,1,65,27.5,1221.63490000986,434.3055062609,8,1222,434,8.03339071841385,0.0333907184138464,0.0333907184138464,valid,,,Shared Pattern Plane,Region-SIFT(21/28),32,1,133.230242563682,135.870253041218,3.19125259999419
232,10,2,4,2,2,67.5,27.5,1238.67732883321,434.640467303591,8,1239,435,8.04893988820792,0.0489398882079186,0.0489398882079186,valid,,,Shared Pattern Plane,Region-SIFT(21/28),32,1,119.552146176434,121.978756076943,3.12395530001959
233,10,2,4,2,3,70,27.5,1255.77959535029,434.976604428429,8,1256,435,8.06238716518718,0.0623871651871841,0.0623871651871841,valid,,,Shared Pattern Plane,Region-SIFT(21/28),32,1,122.007793365458,123.069368367543,3.2109423999791
234,10,2,4,2,4,72.5,27.5,1272.94201525965,435.313923840324,8,1273,435,8.07572633800845,0.0757263380084545,0.0757263380084545,valid,,,Shared Pattern Plane,Region-SIFT(21/28),32,1,127.75772517169,129.953144864374,3.13286549999611
235,10,2,4,2,5,75,27.5,1290.16490648453,435.652431787908,8,1290,436,8.0911220320697,0.0911220320696984,0.0911220320696984,valid,,,Shared Pattern Plane,Region-SIFT(21/28),32,1,108.723110194433,109.306814142462,3.08232999994652
236,10,2,4,3,1,65,30,1221.15311684059,451.073511961414,8,1221,451,8.06594930160611,0.0659493016061088,0.0659493016061088,valid,,,Shared Pattern Plane,Region-SIFT(21/28),32,1,138.364736994991,141.203659997746,3.14625569997588
237,10,2,4,3,2,67.5,30,1238.1449228134,451.436794241835,8,1238,451,8.08150721460516,0.0815072146051588,0.0815072146051588,valid,,,Shared Pattern Plane,Region-SIFT(21/28),32,1,136.278321706681,137.988376094392,3.13090920000104
238,10,2,4,3,3,70,30,1255.196214166,451.801348310814,8,1255,452,8.09695767459178,0.0969576745917848,0.0969576745917848,valid,,,Shared Pattern Plane,Region-SIFT(21/28),32,1,137.280151930814,140.026150499508,3.14371579996077
239,10,2,4,3,4,72.5,30,1272.30730381819,452.167180858531,8,1272,452,8.1102768204581,0.1102768204581,0.1102768204581,valid,,,Shared Pattern Plane,Region-SIFT(21/28),32,1,129.202804781142,131.741651281766,3.10281170002418
240,10,2,4,3,5,75,30,1289.47850688844,452.53429862217,8,1289,453,8.12560373562584,0.125603735625845,0.125603735625845,valid,,,Shared Pattern Plane,Region-SIFT(21/28),32,1,128.005787478048,130.428835850717,3.12287710001692
241,10,2,4,4,1,65,32.5,1220.67413517411,467.744014017584,8,1221,468,7.59099773653845,-0.409002263461547,0.409002263461547,valid,,,Shared Pattern Plane,Region-SIFT(21/28),32,1,152.380838604074,155.251104984211,3.12324980000267
242,10,2,4,4,2,67.5,32.5,1237.61561805512,468.135282687435,8,1238,468,8.11707895639026,0.117078956390255,0.117078956390255,valid,,,Shared Pattern Plane,Region-SIFT(21/28),32,1,172.09248871223,174.111563106181,3.2712329000351
243,10,2,4,4,3,70,32.5,1254.6162371041,468.527917124967,8,1255,469,8.1324475627529,0.132447562752896,0.132447562752896,valid,,,Shared Pattern Plane,Region-SIFT(21/28),32,1,160.387865891028,164.999344691909,3.15262800001074
244,10,2,4,4,4,72.5,32.5,1271.67630249467,468.921924493734,8,1272,469,7.63620659741873,-0.363793402581266,0.363793402581266,valid,,,Shared Pattern Plane,Region-SIFT(21/28),32,1,139.970000106065,142.493745818003,3.31426999997348
245,10,2,4,4,5,75,32.5,1288.79612657341,469.317312007473,8,1289,469,7.65050829283353,-0.349491707166468,0.349491707166468,valid,,,Shared Pattern Plane,Region-SIFT(21/28),32,1,130.869913000783,135.614570342583,3.09948019997682
246,10,2,4,5,1,65,35,1220.19793064572,484.317860419337,8,1220,484,8.1344867022406,0.134486702240604,0.134486702240604,valid,,,Shared Pattern Plane,Region-SIFT(21/28),32,1,183.313565906141,187.030987551348,3.21553379995748
247,10,2,4,5,2,67.5,35,1237.0893875398,484.73678502069,8,1237,485,8.1506601291268,0.1506601291268,0.1506601291268,valid,,,Shared Pattern Plane,Region-SIFT(21/28),32,1,158.75473301499,161.886619851592,3.10302340000635
248,10,2,4,5,3,70,35,1254.03963445589,485.157167671913,8,1254,485,8.1646691854477,0.164669185447696,0.164669185447696,valid,,,Shared Pattern Plane,Region-SIFT(21/28),32,1,149.877320353695,151.745476107227,3.18764089996694
249,10,2,4,5,4,72.5,35,1271.04897885343,485.5790159983,8,1271,486,7.66990291048415,-0.330097089515848,0.330097089515848,valid,,,Shared Pattern Plane,Region-SIFT(21/28),32,1,141.965950068721,143.567285570498,3.2416465000133
250,10,2,4,5,5,75,35,1288.11773033953,486.00233767841,8,1288,486,8.19362907752863,0.193629077528632,0.193629077528632,valid,,,Shared Pattern Plane,Region-SIFT(21/28),32,1,121.377810057383,122.858781142471,3.19484100001864
251,11,2,5,1,1,85,25,1360.5697456616,419.920066707188,7.5,1361,420,7.10469025085376,-0.395309749146241,0.395309749146241,valid,,,Shared Pattern Plane,Region-SIFT(21/28),32,1,137.17768506146,138.040887577395,3.20450580003671
252,11,2,5,1,2,87.5,25,1378.15369071147,420.235158237756,7.5,1378,420,7.11909895549457,-0.380901044505429,0.380901044505429,valid,,,Shared Pattern Plane,Region-SIFT(21/28),32,1,131.897756547272,134.112884090797,3.13594409998041
253,11,2,5,1,3,90,25,1395.80044115303,420.551375195351,7.5,1396,421,7.63742691376347,0.13742691376347,0.13742691376347,valid,,,Shared Pattern Plane,Region-SIFT(21/28),32,1,118.092542034482,118.402316996501,3.248831600009
254,11,2,5,1,4,92.5,25,1413.51033407566,420.868723620369,7.5,1414,421,7.65779262412231,0.157792624122306,0.157792624122306,valid,,,Shared Pattern Plane,Region-SIFT(21/28),32,1,153.389938384768,154.696444679016,3.03540729999077
255,11,2,5,1,5,95,25,1431.28370898539,421.187209596513,7.5,1431,421,7.1655322353932,-0.334467764606797,0.334467764606797,valid,,,Shared Pattern Plane,Region-SIFT(21/28),32,1,130.663182312597,133.150561831869,3.2178767999867
256,11,2,5,2,1,85,27.5,1359.66762197403,437.018475459943,7.5,1360,437,7.6411529904821,0.141152990482103,0.141152990482103,valid,,,Shared Pattern Plane,Region-SIFT(21/28),32,1,167.469406668345,170.178841559457,3.1963844000129
257,11,2,5,2,2,87.5,27.5,1377.19771787586,437.363021373124,7.5,1377,437,7.65926628389331,0.159266283893308,0.159266283893308,valid,,,Shared Pattern Plane,Region-SIFT(21/28),32,1,140.151033637637,140.761398162382,3.21035840001423
258,11,2,5,2,3,90,27.5,1394.79024046564,437.708794253933,7.5,1395,438,7.16824058310296,-0.331759416897044,0.331759416897044,valid,,,Shared Pattern Plane,Region-SIFT(21/28),32,1,103.820809680697,105.665387231021,3.10905940004159
259,11,2,5,2,4,92.5,27.5,1412.4455238011,438.055800668122,7.5,1412,438,7.68998201668905,0.189982016689047,0.189982016689047,valid,,,Shared Pattern Plane,Region-SIFT(21/28),32,1,121.222222105662,122.856982133254,3.11949549999554
260,11,2,5,2,5,95,27.5,1430.16390432772,438.40404722837,7.5,1430,438,7.70466587500265,0.204665875002648,0.204665875002648,valid,,,Shared Pattern Plane,Region-SIFT(21/28),32,1,129.501118758368,133.100174629114,3.12429299997166
261,11,2,5,3,1,85,30,1358.77083376121,454.015758248198,7.5,1359,454,7.16895111501182,-0.331048884988182,0.331048884988182,valid,,,Shared Pattern Plane,Region-SIFT(21/28),32,1,207.577853339059,211.415556944106,3.58859380002832
262,11,2,5,3,2,87.5,30,1376.24740901721,454.389404823677,7.5,1376,454,7.69246106264486,0.192461062644857,0.192461062644857,valid,,,Shared Pattern Plane,Region-SIFT(21/28),32,1,179.645921319629,183.1076589128,3.08381470001768
263,11,2,5,3,3,90,30,1393.78603567153,454.764378048808,7.5,1394,455,7.70923433131163,0.20923433131163,0.20923433131163,valid,,,Shared Pattern Plane,Region-SIFT(21/28),32,1,127.722590337229,130.174356402882,3.21429639996495
264,11,2,5,3,4,92.5,30,1411.38704478647,455.140685001655,7.5,1411,455,7.72306657821544,0.223066578215436,0.223066578215436,valid,,,Shared Pattern Plane,Region-SIFT(21/28),32,1,104.022526537174,105.335927681324,3.18970230000559
265,11,2,5,3,5,95,30,1429.05076978363,455.51833281072,7.5,1429,456,7.23139301956577,-0.268606980434232,0.268606980434232,valid,,,Shared Pattern Plane,Region-SIFT(21/28),32,1,139.593889957509,142.927262658507,3.28099289996317
266,11,2,5,4,1,85,32.5,1357.8793338289,470.912809568209,7.5,1358,471,7.71180358805689,0.211803588056887,0.211803588056887,valid,,,Shared Pattern Plane,Region-SIFT(21/28),32,1,212.964072295093,217.14606676899,3.16865419998066
267,11,2,5,4,2,87.5,32.5,1375.30271394704,471.315207800467,7.5,1375,471,7.21551521796598,-0.284484782034022,0.284484782034022,valid,,,Shared Pattern Plane,Region-SIFT(21/28),32,1,204.40066017272,208.656226151868,3.1774225999834
268,11,2,5,4,3,90,32.5,1392.78777354705,471.719030539009,7.5,1393,472,7.7424814502255,0.242481450225499,0.242481450225499,valid,,,Shared Pattern Plane,Region-SIFT(21/28),32,1,103.775879552629,104.628001535883,3.10117480001645
269,11,2,5,4,4,92.5,32.5,1410.33484073153,472.124285361463,7.5,1410,472,7.24662055969033,-0.253379440309667,0.253379440309667,valid,,,Shared Pattern Plane,Region-SIFT(21/28),32,1,72.7905197771769,73.1945304834378,3.09982430003583
270,11,2,5,4,5,95,32.5,1427.94424593433,472.530979899301,7.5,1428,473,7.26347729917298,-0.236522700827025,0.236522700827025,valid,,,Shared Pattern Plane,Region-SIFT(21/28),32,1,108.038280018801,109.136988350013,3.09962330001872
271,11,2,5,5,1,85,35,1356.99307553783,487.71051339772,7.5,1357,488,7.24174728289789,-0.258252717102108,0.258252717102108,valid,,,Shared Pattern Plane,Region-SIFT(21/28),32,1,172.214090653071,174.578553638083,3.22863839997444
272,11,2,5,5,2,87.5,35,1374.36358306808,488.141318921958,7.5,1374,488,7.2478292025399,-0.252170797460099,0.252170797460099,valid,,,Shared Pattern Plane,Region-SIFT(21/28),32,1,173.809069112747,179.00369056433,3.03288980002981
273,11,2,5,5,3,90,35,1391.79540149666,488.573645016258,7.5,1392,489,7.77583204925835,0.275832049258348,0.275832049258348,valid,,,Shared Pattern Plane,Region-SIFT(21/28),32,1,126.730964859453,129.150096329596,3.13916239998071
274,11,2,5,5,4,92.5,35,1409.28885600164,489.007499745352,7.5,1409,489,7.78958840396895,0.289588403968948,0.289588403968948,valid,,,Shared Pattern Plane,Region-SIFT(21/28),32,1,99.5076357185525,100.873958194874,3.19282579998253
275,11,2,5,5,5,95,35,1426.84427406467,489.442891231104,7.5,1427,489,7.80410016946828,0.304100169468283,0.304100169468283,valid,,,Shared Pattern Plane,Region-SIFT(21/28),32,1,127.02121456994,128.733410353748,3.12909279996529
276,12,2,6,1,1,105,25,1503.01890441913,422.472652223904,7,1503,422,6.74032999264855,-0.259670007351446,0.259670007351446,valid,,,Shared Pattern Plane,Region-SIFT(21/28),32,1,202.863309282979,209.292517498356,3.20923670002958
277,12,2,6,1,2,107.5,25,1521.11486796844,422.796918754292,7,1521,423,6.74768818445296,-0.252311815547045,0.252311815547045,valid,,,Shared Pattern Plane,Region-SIFT(21/28),32,1,162.29473615273,164.7884265283,3.25014790002024
278,12,2,6,1,3,110,25,1539.27640252163,423.12236026947,7,1539,423,6.76342366027476,-0.236576339725236,0.236576339725236,valid,,,Shared Pattern Plane,Region-SIFT(21/28),32,1,145.418200968687,147.3437784029,3.56921230000444
279,12,2,6,1,4,112.5,25,1557.50386512189,423.448983167392,7,1558,423,6.77992393170044,-0.22007606829956,0.22007606829956,valid,,,Shared Pattern Plane,Region-SIFT(21/28),32,1,164.90146428416,166.419613258249,3.18825649999781
280,12,2,6,1,5,115,25,1575.79761540932,423.776793892547,7,1576,424,6.79740423192216,-0.202595768077845,0.202595768077845,valid,,,Shared Pattern Plane,Region-SIFT(21/28),32,1,199.002666118158,201.153162051776,3.27590349997627
281,12,2,6,2,1,105,27.5,1501.67521202931,439.809568849744,7,1502,440,6.76260373860897,-0.237396261391026,0.237396261391026,valid,,,Shared Pattern Plane,Region-SIFT(21/28),32,1,155.977259995698,156.735495110216,3.21918559999904
282,12,2,6,2,2,107.5,27.5,1519.71421027363,440.16411700269,7,1520,440,6.77832149547764,-0.221678504522364,0.221678504522364,valid,,,Shared Pattern Plane,Region-SIFT(21/28),32,1,132.967010172082,134.676954614269,3.18964610004332
283,12,2,6,2,3,110,27.5,1537.81837573754,440.519945987144,7,1538,441,6.80775489444261,-0.19224510555739,0.19224510555739,valid,,,Shared Pattern Plane,Region-SIFT(21/28),32,1,146.287017527585,148.893061143213,3.23082900000736
284,12,2,6,2,4,112.5,27.5,1555.98806219216,440.877062756315,7,1556,441,6.811533572118,-0.188466427881996,0.188466427881996,valid,,,Shared Pattern Plane,Region-SIFT(21/28),32,1,167.609336294951,170.668198192379,3.18002739996882
285,12,2,6,2,5,115,27.5,1574.22362597397,441.23547431383,7,1574,441,6.82706198506707,-0.172938014932929,0.172938014932929,valid,,,Shared Pattern Plane,Region-SIFT(21/28),32,1,203.056792627567,207.488509019931,3.13680520001799
286,12,2,6,3,1,105,30,1500.33958078672,457.042476970037,7,1500,457,6.79247017023704,-0.207529829762961,0.207529829762961,valid,,,Shared Pattern Plane,Region-SIFT(21/28),32,1,174.104869601335,178.124139521148,3.29661010002019
287,12,2,6,3,2,107.5,30,1518.32197058032,457.426937784979,7,1518,457,6.81928760217771,-0.18071239782229,0.18071239782229,valid,,,Shared Pattern Plane,Region-SIFT(21/28),32,1,154.421573537493,156.472086837637,3.83996760001173
288,12,2,6,3,3,110,30,1536.36912752564,457.812783311976,7,1536,458,6.82574693006847,-0.174253069931531,0.174253069931531,valid,,,Shared Pattern Plane,Region-SIFT(21/28),32,1,143.143104300928,145.646460182775,3.22411219996866
289,12,2,6,3,4,112.5,30,1554.48140216159,458.200021045498,7,1554,458,6.84130535667671,-0.158694643323286,0.158694643323286,valid,,,Shared Pattern Plane,Region-SIFT(21/28),32,1,143.304457150818,145.003313327296,3.69525420002174
290,12,2,6,3,5,115,30,1572.65914756131,458.588658534196,7,1573,459,6.8595318569703,-0.140468143029696,0.140468143029696,valid,,,Shared Pattern Plane,Region-SIFT(21/28),32,1,202.412504865757,208.603399383243,3.31483210000442
291,12,2,6,4,1,105,32.5,1499.01193836703,474.172309745268,7,1499,474,6.83365699743521,-0.166343002564788,0.166343002564788,valid,,,Shared Pattern Plane,Region-SIFT(21/28),32,1,153.893948032742,156.391205474107,3.36797259998275
292,12,2,6,4,2,107.5,32.5,1516.93807322717,474.586319250313,7,1517,475,6.84091453636086,-0.159085463639135,0.159085463639135,valid,,,Shared Pattern Plane,Region-SIFT(21/28),32,1,147.687095276767,148.702360363677,3.42019039997831
293,12,2,6,4,3,110,32.5,1534.9285788421,475.001815417404,7,1535,475,6.85649637506574,-0.143503624934262,0.143503624934262,valid,,,Shared Pattern Plane,Region-SIFT(21/28),32,1,160.632515098431,161.089698220923,3.36653589998605
294,12,2,6,4,4,112.5,32.5,1552.98380255779,475.418806268602,7,1553,475,6.87205294417301,-0.127947055826986,0.127947055826986,valid,,,Shared Pattern Plane,Region-SIFT(21/28),32,1,135.650760774259,137.15144349276,3.233212799998
295,12,2,6,4,5,115,32.5,1571.10409422376,475.837299883787,7,1571,476,6.88937583715483,-0.110624162845174,0.110624162845174,valid,,,Shared Pattern Plane,Region-SIFT(21/28),32,1,166.047522745688,169.776508203797,3.24721139995381
296,12,2,6,5,1,105,35,1497.69221330855,491.199989206165,7,1498,491,6.86461035867659,-0.135389641323411,0.135389641323411,valid,,,Shared Pattern Plane,Region-SIFT(21/28),32,1,144.104771168018,146.105415616667,3.53484290000051
297,12,2,6,5,2,107.5,35,1515.56244345682,491.643188338596,7,1516,492,6.87184302032283,-0.128156979677172,0.128156979677172,valid,,,Shared Pattern Plane,Region-SIFT(21/28),32,1,128.783314066085,129.846750331364,3.35182779998286
298,12,2,6,5,3,110,35,1533.49665158919,492.087974187415,7,1533,492,6.8865181646475,-0.113481835352503,0.113481835352503,valid,,,Shared Pattern Plane,Region-SIFT(21/28),32,1,134.099520633334,136.50039060607,3.31206450000172
299,12,2,6,5,4,112.5,35,1551.4951818973,492.534355288912,7,1551,493,6.90390139772428,-0.0960986022757178,0.0960986022757178,valid,,,Shared Pattern Plane,Region-SIFT(21/28),32,1,146.236119285462,147.599451456329,3.25482710002689
300,12,2,6,5,5,115,35,1569.55838104617,492.982340240716,7,1570,493,6.92019324668977,-0.0798067533102262,0.0798067533102262,valid,,,Shared Pattern Plane,Region-SIFT(21/28),32,1,197.646290080762,203.752378489602,3.19704609998735
301,13,3,1,1,1,5,45,834.15083868801,537.551390444375,6.5,834,538,6.27773134336258,-0.222268656637423,0.222268656637423,valid,,,Shared Pattern Plane,Region-SIFT(21/28),32,1,187.665468625669,188.660818458379,3.11827949999133
302,13,3,1,1,2,7.5,45,849.550699319717,538.036910054331,6.5,850,538,6.29564026018145,-0.204359739818548,0.204359739818548,valid,,,Shared Pattern Plane,Region-SIFT(21/28),32,1,230.109220897331,232.703170950712,3.26759220001986
303,13,3,1,1,3,10,45,865.001441370631,538.524033829896,6.5,865,539,6.33314067568058,-0.166859324319418,0.166859324319418,valid,,,Shared Pattern Plane,Region-SIFT(21/28),32,1,268.335685378786,275.448333559727,3.25056130002486
304,13,3,1,1,4,12.5,45,880.503317427726,539.012769734513,6.5,881,539,6.35013104393233,-0.149868956067674,0.149868956067674,valid,,,Shared Pattern Plane,Region-SIFT(21/28),32,1,236.852561017193,240.654319488406,3.17625070002396
305,13,3,1,1,5,15,45,896.056581752616,539.503125784426,6.5,896,540,6.91222776885335,0.412227768853349,0.412227768853349,valid,,,Shared Pattern Plane,Region-SIFT(21/28),32,1,219.063907468887,222.122143748025,3.22208400000818
306,13,3,1,2,1,5,47.5,834.760930461145,553.052982979409,6.5,835,553,6.30899019757508,-0.191009802424919,0.191009802424919,valid,,,Shared Pattern Plane,Region-SIFT(21/28),32,1,155.741112395191,158.390835944484,3.56670970004052
307,13,3,1,2,2,7.5,47.5,850.119452906813,553.562663902865,6.5,850,554,6.87637398516752,0.376373985167523,0.376373985167523,valid,,,Shared Pattern Plane,Region-SIFT(21/28),32,1,214.314762572637,217.553493376078,3.24011099996278
308,13,3,1,2,3,10,47.5,865.528580437713,554.074024183606,6.5,866,554,6.36416649975367,-0.135833500246327,0.135833500246327,valid,,,Shared Pattern Plane,Region-SIFT(21/28),32,1,274.53125049147,283.678235540932,3.20113649999257
309,13,3,1,2,4,12.5,47.5,880.988563576047,554.58707213535,6.5,881,555,6.92839804538739,0.428398045387386,0.428398045387386,valid,,,Shared Pattern Plane,Region-SIFT(21/28),32,1,205.76562737914,211.980525052237,3.16233059996739
310,13,3,1,2,5,15,47.5,896.499654500371,555.101816126778,6.5,896,555,6.94310800644181,0.443108006441807,0.443108006441807,valid,,,Shared Pattern Plane,Region-SIFT(21/28),32,1,192.954722149158,197.886765177193,3.31849259999581
311,13,3,1,3,1,5,50,835.367682039588,568.46970576308,6.5,835,568,6.33930851876293,-0.160691481237075,0.160691481237075,valid,,,Shared Pattern Plane,Region-SIFT(21/28),32,1,197.575703676416,203.263514923828,3.21481949998997
312,13,3,1,3,2,7.5,50,850.685087514373,569.003276295402,6.5,851,569,6.37836631212801,-0.121633687871985,0.121633687871985,valid,,,Shared Pattern Plane,Region-SIFT(21/28),32,1,228.448052030896,233.911936431803,3.12648440001067
313,13,3,1,3,3,10,50,866.052823985176,569.538600070881,6.5,866,570,6.37780323374191,-0.122196766258091,0.122196766258091,valid,,,Shared Pattern Plane,Region-SIFT(21/28),32,1,251.646069715389,256.321745569173,3.52077520004241
314,13,3,1,3,4,12.5,50,881.471139931863,570.07568574513,6.5,881,570,6.95939433904574,0.45939433904574,0.45939433904574,valid,,,Shared Pattern Plane,Region-SIFT(21/28),32,1,206.205446753426,209.349426905931,4.12956890003989
315,13,3,1,3,5,15,50,896.940285472627,570.614542030833,6.5,897,571,5.89914562349928,-0.600854376500717,0.600854376500717,valid,,,Shared Pattern Plane,Region-SIFT(21/28),32,1,230.657736886241,236.69132576973,4.36233679996803
316,13,3,1,4,1,5,52.5,835.971120779329,583.802253873425,6.5,836,584,6.37276264638928,-0.127237353610719,0.127237353610719,valid,,,Shared Pattern Plane,Region-SIFT(21/28),32,1,210.594069043921,214.64662357672,4.34106920001796
317,13,3,1,4,2,7.5,52.5,851.247628728434,584.35944567584,6.5,851,584,6.40853238617297,-0.0914676138270254,0.0914676138270254,valid,,,Shared Pattern Plane,Region-SIFT(21/28),32,1,196.924069467171,200.441672030999,3.59653789998265
318,13,3,1,4,3,10,52.5,866.574195804855,584.918463323237,6.5,867,585,6.9767501065145,0.476750106514498,0.476750106514498,valid,,,Shared Pattern Plane,Region-SIFT(21/28),32,1,193.446027489314,197.350381705725,3.18713350000326
319,13,3,1,4,4,12.5,52.5,881.951068468262,585.479315804929,6.5,882,585,6.44333734942901,-0.0566626505709857,0.0566626505709857,valid,,,Shared Pattern Plane,Region-SIFT(21/28),32,1,194.885367711385,199.745856559029,3.25815130001865
320,13,3,1,4,5,15,52.5,897.378494798869,586.042012169335,6.5,897,586,6.46106007016398,-0.0389399298360216,0.0389399298360216,valid,,,Shared Pattern Plane,Region-SIFT(21/28),32,1,172.049839257437,175.48030367565,3.19180210004561
321,13,3,1,5,1,5,55,836.571273738444,599.051314818949,6.5,837,599,6.97637179579524,0.476371795795235,0.476371795795235,valid,,,Shared Pattern Plane,Region-SIFT(21/28),32,1,218.669858839651,221.18946889767,3.39809199998854
322,13,3,1,5,2,7.5,55,851.807101855939,599.631862869484,6.5,852,600,6.44189374840244,-0.0581062515975646,0.0581062515975646,valid,,,Shared Pattern Plane,Region-SIFT(21/28),32,1,213.616367986972,218.19720274621,3.73372930003097
323,13,3,1,5,3,10,55,867.092719428641,600.214308104139,6.5,867,600,6.47595557771046,-0.0240444222895446,0.0240444222895446,valid,,,Shared Pattern Plane,Region-SIFT(21/28),32,1,207.654029728117,212.445051880532,5.0457647999865
324,13,3,1,5,4,12.5,55,882.428370917866,600.798659837901,6.5,882,601,6.47553470636347,-0.0244652936365304,0.0244652936365304,valid,,,Shared Pattern Plane,Region-SIFT(21/28),32,1,194.714866122493,198.07369142877,3.01760770002147
325,13,3,1,5,5,15,55,897.814302387927,601.384927446838,6.5,898,601,6.47556040260461,-0.0244395973953866,0.0244395973953866,valid,,,Shared Pattern Plane,Region-SIFT(21/28),32,1,174.010999252178,177.276277419583,3.11540690000402
326,14,3,2,1,1,25,45,958.788666357043,541.480913634411,6,959,541,6.42188173663397,0.42188173663397,0.42188173663397,valid,,,Shared Pattern Plane,Region-SIFT(21/28),32,1,190.50780902035,191.847091248359,3.00619679997908
327,14,3,2,1,2,27.5,45,974.602745538303,541.979492533241,6,975,542,6.44117840203476,0.441178402034756,0.441178402034756,valid,,,Shared Pattern Plane,Region-SIFT(21/28),32,1,154.754739608966,156.244185089632,3.3315098999883
328,14,3,2,1,3,30,45,990.469774512692,542.479740808407,6,990,542,6.45735444896213,0.457354448962131,0.457354448962131,valid,,,Shared Pattern Plane,Region-SIFT(21/28),32,1,143.929204903961,145.699443565022,3.21035930002108
329,14,3,2,1,4,32.5,45,1006.3900196614,542.98166685825,6,1006,543,5.97300891269762,-0.0269910873023802,0.0269910873023802,valid,,,Shared Pattern Plane,Region-SIFT(21/28),32,1,138.193982057218,138.341600808648,3.16000699996948
330,14,3,2,1,5,35,45,1022.36374915546,543.485279137541,6,1022,543,5.96667524574195,-0.0333247542580519,0.0333247542580519,valid,,,Shared Pattern Plane,Region-SIFT(21/28),32,1,157.611919598857,157.940525192697,3.73784749995684
331,14,3,2,2,1,25,47.5,959.060198372952,557.177921812443,6,959,557,7.02252925429106,1.02252925429106,1.02252925429106,valid,,,Shared Pattern Plane,Region-SIFT(21/28),32,1,214.901375890661,217.94046719517,3.13603679998778
332,14,3,2,2,2,27.5,47.5,974.830669845635,557.701273488489,6,975,558,6.47298877777898,0.472988777778978,0.472988777778978,valid,,,Shared Pattern Plane,Region-SIFT(21/28),32,1,143.001318434054,147.199097675544,2.91083190002246
333,14,3,2,2,3,30,47.5,990.653797736672,558.226372596426,6,991,558,5.96143191466552,-0.0385680853344805,0.0385680853344805,valid,,,Shared Pattern Plane,Region-SIFT(21/28),32,1,117.609967294824,119.473365771217,3.07385919999797
334,14,3,2,2,4,32.5,47.5,1006.52984621081,558.753227902706,6,1007,559,5.98087250869051,-0.0191274913094883,0.0191274913094883,valid,,,Shared Pattern Plane,Region-SIFT(21/28),32,1,101.499008885641,102.81538511764,3.08674540003994
335,14,3,2,2,5,35,47.5,1022.45908120275,559.281848232517,6,1022,559,5.9972102405002,-0.00278975949980076,0.00278975949980076,valid,,,Shared Pattern Plane,Region-SIFT(21/28),32,1,95.5785515729713,97.6669916267833,2.94051159999799
336,14,3,2,3,1,25,50,959.330224043002,572.787849565801,6,959,573,6.48559772623426,0.485597726234262,0.485597726234262,valid,,,Shared Pattern Plane,Region-SIFT(21/28),32,1,254.117840385437,257.930183603165,3.20308279996971
337,14,3,2,3,2,27.5,50,975.057327622863,573.335691629707,6,975,573,6.51603821895506,0.516038218955057,0.516038218955057,valid,,,Shared Pattern Plane,Region-SIFT(21/28),32,1,200.530176769236,205.513503566529,3.1422898999881
338,14,3,2,3,3,30,50,990.83679667774,573.885357806347,6,991,574,5.99215245394724,-0.00784754605275761,0.00784754605275761,valid,,,Shared Pattern Plane,Region-SIFT(21/28),32,1,126.775965371208,128.047463507059,3.15612100000726
339,14,3,2,3,4,32.5,50,1006.66889318045,574.43685722135,6,1007,574,6.0096056135238,0.00960561352380296,0.00960561352380296,valid,,,Shared Pattern Plane,Region-SIFT(21/28),32,1,108.837291900695,109.174154792166,3.12652660004096
340,14,3,2,3,5,35,50,1022.55388085419,574.990199061321,6,1023,575,6.0289494479035,0.0289494479034964,0.0289494479034964,valid,,,Shared Pattern Plane,Region-SIFT(21/28),32,1,92.2080428406044,92.9105038398261,3.38148949999595
341,14,3,2,4,1,25,52.5,959.598755867384,588.311419518647,6,960,588,5.43688274465175,-0.563117255348252,0.563117255348252,valid,,,Shared Pattern Plane,Region-SIFT(21/28),32,1,200.897364872726,204.6074525625,3.0607848999789
342,14,3,2,4,2,27.5,52.5,975.282729397521,588.883473126016,6,975,589,6.01662900006309,0.01662900006309,0.01662900006309,valid,,,Shared Pattern Plane,Region-SIFT(21/28),32,1,164.068774886358,166.893016713077,2.95118340000045
343,14,3,2,4,3,30,52.5,991.01877986398,589.457426175464,6,991,589,6.02101303455077,0.0210130345507666,0.0210130345507666,valid,,,Shared Pattern Plane,Region-SIFT(21/28),32,1,160.308907943806,162.720372318076,3.13515649997862
344,14,3,2,4,4,32.5,52.5,1006.80716707183,590.03328814306,6,1007,590,6.04038322789045,0.0403832278904455,0.0403832278904455,valid,,,Shared Pattern Plane,Region-SIFT(21/28),32,1,131.982876993613,133.220277556322,2.96184869995341
345,14,3,2,4,5,35,52.5,1022.64815255721,590.611068568013,6,1023,591,6.07058508399437,0.0705850839943691,0.0705850839943691,valid,,,Shared Pattern Plane,Region-SIFT(21/28),32,1,111.392561949372,111.791760114544,2.90841560001718
346,14,3,2,5,1,25,55,959.865806208363,603.749346321738,6,960,604,6.01597884479837,0.0159788447983731,0.0159788447983731,valid,,,Shared Pattern Plane,Region-SIFT(21/28),32,1,214.977352172609,220.109383488273,3.02846900001168
347,14,3,2,5,2,27.5,55,975.506885580791,604.345336120776,6,976,604,6.03357795826428,0.033577958264277,0.033577958264277,valid,,,Shared Pattern Plane,Region-SIFT(21/28),32,1,176.148802822355,178.566525074967,2.95654799998738
348,14,3,2,5,3,30,55,991.199755729066,604.943299362526,6,991,605,5.50481387275274,-0.495186127247258,0.495186127247258,valid,,,Shared Pattern Plane,Region-SIFT(21/28),32,1,239.6985485087,246.431825191147,3.04506009997567
349,14,3,2,5,4,32.5,55,1006.94467431437,605.543245864944,6,1007,606,5.5368617131136,-0.463138286886397,0.463138286886397,valid,,,Shared Pattern Plane,Region-SIFT(21/28),32,1,191.102543042703,193.867734460616,2.88200350000989
350,14,3,2,5,5,35,55,1022.74190070987,606.145185511221,6,1023,606,5.55462848964605,-0.445371510353953,0.445371510353953,valid,,,Shared Pattern Plane,Region-SIFT(21/28),32,1,164.583618082319,167.256685107263,2.92197089997353
351,15,3,3,1,1,45,45,1086.79893749686,545.51676164632,5.5,1087,546,6.03463486887249,0.534634868872486,0.534634868872486,valid,,,Shared Pattern Plane,Region-SIFT(21/28),32,1,203.96956676907,207.481454961539,3.006463000027
352,15,3,3,1,2,47.5,45,1103.0441749894,546.028933902917,5.5,1103,546,5.52451659930708,0.0245165993070824,0.0245165993070824,valid,,,Shared Pattern Plane,Region-SIFT(21/28),32,1,185.477107352807,188.600461596423,3.07042029994773
353,15,3,3,1,3,50,45,1119.3445442937,546.542844329513,5.5,1119,547,5.54453744805421,0.0445374480542098,0.0445374480542098,valid,,,Shared Pattern Plane,Region-SIFT(21/28),32,1,160.1577241504,161.020212023838,3.07813899999019
354,15,3,3,1,4,52.5,45,1135.70032653983,547.058501789446,5.5,1136,547,5.55791259162592,0.0579125916259216,0.0579125916259216,valid,,,Shared Pattern Plane,Region-SIFT(21/28),32,1,232.542706978006,236.763037291151,2.96561479999218
355,15,3,3,1,5,55,45,1152.11180477249,547.575915206416,5.5,1152,548,5.58867491290397,0.0886749129039659,0.0886749129039659,valid,,,Shared Pattern Plane,Region-SIFT(21/28),32,1,200.295846365873,203.134817737988,3.27016379998531
356,15,3,3,2,1,45,47.5,1086.71326782714,561.41415837436,5.5,1087,561,5.53385607237582,0.0338560723758192,0.0338560723758192,valid,,,Shared Pattern Plane,Region-SIFT(21/28),32,1,121.844635280226,122.749617999573,3.43507129995851
357,15,3,3,2,2,47.5,47.5,1102.91248742525,561.951738290216,5.5,1103,562,5.55391265481051,0.0539126548105076,0.0539126548105076,valid,,,Shared Pattern Plane,Region-SIFT(21/28),32,1,102.891157687656,103.354142928158,3.05729640001664
358,15,3,3,2,3,50,47.5,1119.16652716073,562.491137442158,5.5,1119,562,5.57206396600747,0.0720639660074704,0.0720639660074704,valid,,,Shared Pattern Plane,Region-SIFT(21/28),32,1,118.730474298467,119.497656286301,3.0703508000006
359,15,3,3,2,4,52.5,47.5,1135.47566578229,563.032365080611,5.5,1135,563,5.59190423224671,0.091904232246713,0.091904232246713,valid,,,Shared Pattern Plane,Region-SIFT(21/28),32,1,158.186272025234,161.87341500673,2.92124210001202
360,15,3,3,2,5,55,47.5,1151.84018393171,563.575430518827,5.5,1152,564,5.61284942307188,0.112849423071883,0.112849423071883,valid,,,Shared Pattern Plane,Region-SIFT(21/28),32,1,189.946107196303,194.633883267714,3.11447560001398
361,15,3,3,3,1,45,50,1086.62807981047,577.222176565702,5.5,1087,577,5.56328265746284,0.0632826574628362,0.0632826574628362,valid,,,Shared Pattern Plane,Region-SIFT(21/28),32,1,188.697914264316,193.210505563275,3.03040200000396
362,15,3,3,3,2,47.5,50,1102.78154148364,577.784870499604,5.5,1103,578,5.58329312035136,0.0832931203513612,0.0832931203513612,valid,,,Shared Pattern Plane,Region-SIFT(21/28),32,1,134.059687001365,136.096234777765,3.16956909996225
363,15,3,3,3,3,50,50,1118.98951425528,578.349463287453,5.5,1119,578,5.60139746730315,0.101397467303152,0.101397467303152,valid,,,Shared Pattern Plane,Region-SIFT(21/28),32,1,112.336931939604,113.985253270071,3.09088380000321
364,15,3,3,3,4,52.5,50,1135.25227451959,578.915964557236,5.5,1135,579,5.62127776522148,0.121277765221484,0.121277765221484,valid,,,Shared Pattern Plane,Region-SIFT(21/28),32,1,118.071895807761,120.431108413901,2.96691039996222
365,15,3,3,3,5,55,50,1151.57010054251,579.484384002143,5.5,1152,579,5.64032483961377,0.140324839613766,0.140324839613766,valid,,,Shared Pattern Plane,Region-SIFT(21/28),32,1,157.392446543174,159.610462098188,2.91950879996875
366,15,3,3,4,1,45,52.5,1086.54336939632,592.941567865033,5.5,1087,593,5.59287934892325,0.0928793489232467,0.0928793489232467,valid,,,Shared Pattern Plane,Region-SIFT(21/28),32,1,147.970961012159,151.558270455739,3.05502660002094
367,15,3,3,4,2,47.5,52.5,1102.6513309173,593.529085911894,5.5,1103,594,5.61280995721521,0.112809957215211,0.112809957215211,valid,,,Shared Pattern Plane,Region-SIFT(21/28),32,1,115.130515340018,118.898311312633,3.16356300003827
368,15,3,3,4,3,50,52.5,1118.81349710372,594.118581007131,5.5,1119,594,5.6308355762568,0.130835576256803,0.130835576256803,valid,,,Shared Pattern Plane,Region-SIFT(21/28),32,1,140.921897052583,143.41449134171,3.15383520000614
369,15,3,3,4,4,52.5,52.5,1135.03014202171,594.710063146968,5.5,1135,595,5.11184912180349,-0.388150878196508,0.388150878196508,valid,,,Shared Pattern Plane,Region-SIFT(21/28),32,1,158.596438005235,161.614952035387,3.35149309999542
370,15,3,3,4,5,55,52.5,1151.30154158812,595.303542395134,5.5,1151,595,5.66859304571401,0.16859304571401,0.16859304571401,valid,,,Shared Pattern Plane,Region-SIFT(21/28),32,1,167.560668633476,169.074882726707,3.02094900002703
371,15,3,3,5,1,45,55,1086.45913257941,608.57307551248,5.5,1086,609,5.62127497434512,0.12127497434512,0.12127497434512,valid,,,Shared Pattern Plane,Region-SIFT(21/28),32,1,119.845146069703,122.324652933985,3.0267165999976
372,15,3,3,5,2,47.5,55,1102.5218495489,609.185131447413,5.5,1103,609,5.64051133667593,0.140511336675928,0.140511336675928,valid,,,Shared Pattern Plane,Region-SIFT(21/28),32,1,98.4311746521602,99.8481210700494,3.21146520000184
373,15,3,3,5,3,50,55,1118.63846732746,609.799241226049,5.5,1119,610,5.6603626240444,0.160362624044402,0.160362624044402,valid,,,Shared Pattern Plane,Region-SIFT(21/28),32,1,141.132958554465,143.267003796009,3.19442620000336
374,15,3,3,5,4,52.5,55,1134.8092576792,610.415415203723,5.5,1135,610,5.13853185737545,-0.361468142624545,0.361468142624545,valid,,,Shared Pattern Plane,Region-SIFT(21/28),32,1,184.037125409848,186.142620955462,3.09449799999129
375,15,3,3,5,5,55,55,1151.03449419826,611.033663805504,5.5,1151,611,5.69802166304826,0.198021663048262,0.198021663048262,valid,,,Shared Pattern Plane,Region-SIFT(21/28),32,1,130.71417041935,131.093087499255,3.1988360999967
376,16,3,4,1,1,65,45,1218.3204063947,549.663309060433,5,1218,550,5.13064260539622,0.130642605396216,0.130642605396216,valid,,,Shared Pattern Plane,Region-SIFT(21/28),32,1,173.191676382035,175.744538586991,3.05402330000652
377,16,3,4,1,2,67.5,45,1235.01467839595,550.189638267196,5,1235,550,5.15054388193388,0.150543881933876,0.150543881933876,valid,,,Shared Pattern Plane,Region-SIFT(21/28),32,1,197.854143342518,201.132261239348,3.22497690003365
378,16,3,4,1,3,70,45,1251.76638578588,550.717778270055,5,1252,551,4.64169843992221,-0.358301560077795,0.358301560077795,valid,,,Shared Pattern Plane,Region-SIFT(21/28),32,1,219.871284959682,224.984630336453,3.16781640000409
379,16,3,4,1,4,72.5,45,1268.57582547847,551.247738429974,5,1269,551,4.66258773474359,-0.337412265256407,0.337412265256407,valid,,,Shared Pattern Plane,Region-SIFT(21/28),32,1,170.216257757358,173.96075911709,3.05462790001184
380,16,3,4,1,5,75,45,1285.44329643775,551.779528172554,5,1285,552,5.21208023409612,0.212080234096125,0.212080234096125,valid,,,Shared Pattern Plane,Region-SIFT(21/28),32,1,130.286705186632,131.366417243475,3.0622506000218
381,16,3,4,2,1,65,47.5,1217.8577318059,565.766258763134,5,1218,566,5.15870510422152,0.158705104221516,0.158705104221516,valid,,,Shared Pattern Plane,Region-SIFT(21/28),32,1,128.100357036994,129.453546807326,3.12842530000489
382,16,3,4,2,2,67.5,47.5,1234.50342461375,566.318655135368,5,1235,566,5.1785807596189,0.178580759618902,0.178580759618902,valid,,,Shared Pattern Plane,Region-SIFT(21/28),32,1,145.041794036179,146.126880409437,3.03354029997718
383,16,3,4,2,3,70,47.5,1251.20622146709,566.872946536421,5,1251,567,4.66698892699495,-0.333011073005054,0.333011073005054,valid,,,Shared Pattern Plane,Region-SIFT(21/28),32,1,151.073574031345,154.527644579695,3.02802210004302
384,16,3,4,2,4,72.5,47.5,1267.96641671908,567.429142734561,5,1268,567,5.21863488687178,0.218634886871777,0.218634886871777,valid,,,Shared Pattern Plane,Region-SIFT(21/28),32,1,138.254814240289,140.020656171139,3.0802392999758
385,16,3,4,2,5,75,47.5,1284.78430674944,567.987253565311,5,1285,568,4.71078854266965,-0.289211457330351,0.289211457330351,valid,,,Shared Pattern Plane,Region-SIFT(21/28),32,1,119.979076509123,120.673483998225,3.03863770002499
386,16,3,4,3,1,65,50,1217.39769394343,581.777439709925,5,1217,582,5.18567761787793,0.185677617877927,0.185677617877927,valid,,,Shared Pattern Plane,Region-SIFT(21/28),32,1,174.323865534767,176.619303918731,3.17274979996728
387,16,3,4,3,2,67.5,50,1233.9950893796,582.355597749328,5,1234,582,4.6718819372757,-0.328118062724299,0.328118062724299,valid,,,Shared Pattern Plane,Region-SIFT(21/28),32,1,129.012418403827,130.517107291786,3.18853679997846
388,16,3,4,3,3,70,50,1250.64926037685,582.935733523562,5,1251,583,4.69449947173453,-0.305500528265472,0.305500528265472,valid,,,Shared Pattern Plane,Region-SIFT(21/28),32,1,108.570364522682,109.18910748433,3.10483770002611
389,16,3,4,3,4,72.5,50,1267.36049875691,583.517857198024,5,1267,584,4.71581070073146,-0.284189299268542,0.284189299268542,valid,,,Shared Pattern Plane,Region-SIFT(21/28),32,1,115.862166861882,117.393870928088,3.19854940002551
390,16,3,4,3,5,75,50,1284.12909834486,584.101979007893,5,1284,584,4.73656887376279,-0.263431126237206,0.263431126237206,valid,,,Shared Pattern Plane,Region-SIFT(21/28),32,1,117.279355163171,117.437444002266,3.16427459998522
391,16,3,4,4,1,65,52.5,1216.94027033175,597.697634140365,5,1217,598,5.21387104896752,0.213871048967519,0.213871048967519,valid,,,Shared Pattern Plane,Region-SIFT(21/28),32,1,154.276023801672,155.970611687615,3.76348600001074
392,16,3,4,4,2,67.5,52.5,1233.48964777336,598.301252288981,5,1233,598,5.23252071806742,0.232520718067421,0.232520718067421,valid,,,Shared Pattern Plane,Region-SIFT(21/28),32,1,140.612681580094,143.497012579875,3.70947649999289
393,16,3,4,4,3,70,52.5,1250.09547511763,598.906929378233,5,1250,599,4.72038580960616,-0.279614190393835,0.279614190393835,valid,,,Shared Pattern Plane,Region-SIFT(21/28),32,1,119.169537298515,119.819146027097,3.66894220001996
394,16,3,4,4,4,72.5,52.5,1266.7580416838,599.514675960684,5,1267,600,4.74291626362075,-0.257083736379245,0.257083736379245,valid,,,Shared Pattern Plane,Region-SIFT(21/28),32,1,144.971630898733,147.356937017558,3.43005419999827
395,16,3,4,4,5,75,52.5,1283.47763877159,600.124502661135,5,1283,600,4.76241501769861,-0.237584982301392,0.237584982301392,valid,,,Shared Pattern Plane,Region-SIFT(21/28),32,1,130.936601017644,132.650973484071,2.98764050001046
396,16,3,4,5,1,65,55,1216.48543875005,613.527615428758,5,1216,614,5.24100955377853,0.241009553778528,0.241009553778528,valid,,,Shared Pattern Plane,Region-SIFT(21/28),32,1,130.175363141014,133.00511932761,3.15841569995973
397,16,3,4,5,2,67.5,55,1232.98707515778,614.156396009194,5,1233,614,5.26075124231893,0.260751242318932,0.260751242318932,valid,,,Shared Pattern Plane,Region-SIFT(21/28),32,1,115.456901412035,117.049932011003,2.95258879999164
398,16,3,4,5,3,70,55,1249.54483860342,614.787315261857,5,1250,615,4.74757112854448,-0.252428871455524,0.252428871455524,valid,,,Shared Pattern Plane,Region-SIFT(21/28),32,1,130.518180728085,132.136427909503,3.16137230000459
399,16,3,4,5,4,72.5,55,1266.15901593226,615.420384116738,5,1266,615,4.76713715484604,-0.232862845153957,0.232862845153957,valid,,,Shared Pattern Plane,Region-SIFT(21/28),32,1,131.710896375949,133.565598256022,3.17871940002078
400,16,3,4,5,5,75,55,1282.82989594752,616.055613578434,5,1283,616,4.79064224597182,-0.209357754028177,0.209357754028177,valid,,,Shared Pattern Plane,Region-SIFT(21/28),32,1,141.805140116858,146.334153860487,2.96208909997949
401,17,3,5,1,1,85,45,1353.49954497284,553.925173775072,4.5,1353,554,4.24337848254804,-0.256621517451961,0.256621517451961,valid,,,Shared Pattern Plane,Region-SIFT(21/28),32,1,159.74730409491,161.09034141532,3.22064239997417
402,17,3,5,1,2,87.5,45,1370.6617297298,554.466255116551,4.5,1371,554,4.79117510950001,0.291175109500005,0.291175109500005,valid,,,Shared Pattern Plane,Region-SIFT(21/28),32,1,189.560130968548,192.430284367395,3.0112858999637
403,17,3,5,1,3,90,45,1387.88378359481,555.009223983293,4.5,1388,555,4.2892451381642,-0.210754861835801,0.210754861835801,valid,,,Shared Pattern Plane,Region-SIFT(21/28),32,1,167.750184810477,168.17106228246,3.10700109996833
404,17,3,5,1,4,92.5,45,1405.16602038917,555.554090269308,4.5,1405,556,4.29934430085993,-0.200655699140074,0.200655699140074,valid,,,Shared Pattern Plane,Region-SIFT(21/28),32,1,155.896413521035,158.383105358048,2.98896340001374
405,17,3,5,1,5,95,45,1422.50875613134,556.100863937881,4.5,1423,556,5.37555828376549,0.875558283765489,0.875558283765489,valid,,,Shared Pattern Plane,Region-SIFT(21/28),32,1,199.277974250834,201.549451691239,2.83604929997819
406,17,3,5,2,1,85,47.5,1352.63881416127,570.239042311308,4.5,1353,570,4.26920371189403,-0.230796288105967,0.230796288105967,valid,,,Shared Pattern Plane,Region-SIFT(21/28),32,1,138.077129907961,139.58135047569,3.21679709997261
407,17,3,5,2,2,87.5,47.5,1369.74969594132,570.80687623268,4.5,1370,571,4.81842418739045,0.318424187390452,0.318424187390452,valid,,,Shared Pattern Plane,Region-SIFT(21/28),32,1,158.695427426838,159.713289431669,2.97539759997744
408,17,3,5,2,3,90,47.5,1386.92009432658,571.376685244976,4.5,1387,571,4.31374043843582,-0.186259561564182,0.186259561564182,valid,,,Shared Pattern Plane,Region-SIFT(21/28),32,1,126.655606905619,128.298249604772,3.09004280000227
409,17,3,5,2,4,92.5,47.5,1404.15032038203,571.948479671058,4.5,1404,572,4.86054656755102,0.360546567551015,0.360546567551015,valid,,,Shared Pattern Plane,Region-SIFT(21/28),32,1,130.18322363909,132.137001333144,2.98604530002922
410,17,3,5,2,5,95,47.5,1421.44068734416,572.52226990585,4.5,1421,573,4.88228375431476,0.38228375431476,0.38228375431476,valid,,,Shared Pattern Plane,Region-SIFT(21/28),32,1,164.887147855002,167.823548832797,2.97846080001909
411,17,3,5,3,1,85,50,1351.78305636393,586.458654781302,4.5,1352,586,4.29376277396823,-0.206237226031772,0.206237226031772,valid,,,Shared Pattern Plane,Region-SIFT(21/28),32,1,135.711309110551,137.195287790603,2.91757210000651
412,17,3,5,3,2,87.5,50,1368.84294070039,587.052923280738,4.5,1369,587,4.31687346683606,-0.183126533163938,0.183126533163938,valid,,,Shared Pattern Plane,Region-SIFT(21/28),32,1,146.630326219084,151.846885580357,3.09899010002846
413,17,3,5,3,3,90,50,1385.96199224258,587.649252826185,4.5,1386,588,4.33984918797767,-0.160150812022328,0.160150812022328,valid,,,Shared Pattern Plane,Region-SIFT(21/28),32,1,110.4445567126,112.360264826227,3.00172290002229
414,17,3,5,3,4,92.5,50,1403.14051933135,588.24765415847,4.5,1403,588,4.36763244173173,-0.132367558268268,0.132367558268268,valid,,,Shared Pattern Plane,Region-SIFT(21/28),32,1,147.037177822073,149.014596633258,2.97277849999955
415,17,3,5,3,5,95,50,1420.37883245375,588.84813809318,4.5,1420,589,4.38397976811798,-0.116020231882024,0.116020231882024,valid,,,Shared Pattern Plane,Region-SIFT(21/28),32,1,206.137322586302,208.871393749772,3.13869779999368
416,17,3,5,4,1,85,52.5,1350.93222860635,602.584825702005,4.5,1351,603,4.3200337259308,-0.179966274069201,0.179966274069201,valid,,,Shared Pattern Plane,Region-SIFT(21/28),32,1,132.616850568378,134.062133090642,3.17899400001625
417,17,3,5,4,2,87.5,52.5,1367.94141831354,603.205214936387,4.5,1368,603,4.86974632471494,0.369746324714935,0.369746324714935,valid,,,Shared Pattern Plane,Region-SIFT(21/28),32,1,113.323606352327,113.617742947752,3.10859160003019
418,17,3,5,4,3,90,52.5,1385.00942889401,603.827749589638,4.5,1385,604,4.36450629540716,-0.135493704592839,0.135493704592839,valid,,,Shared Pattern Plane,Region-SIFT(21/28),32,1,91.4740899868112,91.7794725162413,3.0701212999993
419,17,3,5,4,4,92.5,52.5,1402.1365659962,604.452440809907,4.5,1402,604,4.38578884844663,-0.114211151553373,0.114211151553373,valid,,,Shared Pattern Plane,Region-SIFT(21/28),32,1,155.95848230483,158.945825155649,2.8818358000135
420,17,3,5,4,5,95,52.5,1419.32313738984,605.079299822717,4.5,1419,605,4.92633235173312,0.426332351733125,0.426332351733125,valid,,,Shared Pattern Plane,Region-SIFT(21/28),32,1,190.362406457164,193.223319449071,2.91614719998324
421,17,3,5,5,1,85,55,1350.0862884078,618.618360232423,4.5,1350,619,4.34476278375941,-0.155237216240593,0.155237216240593,valid,,,Shared Pattern Plane,Region-SIFT(21/28),32,1,137.267986992427,138.632406701364,2.93467490002513
422,17,3,5,5,2,87.5,55,1367.04508361314,619.264560453373,4.5,1367,619,4.36616250670841,-0.133837493291592,0.133837493291592,valid,,,Shared Pattern Plane,Region-SIFT(21/28),32,1,107.369300729257,107.510449745461,3.15475099999458
423,17,3,5,5,3,90,55,1384.06235639061,619.912988911623,4.5,1384,620,4.38913705706823,-0.11086294293177,0.11086294293177,valid,,,Shared Pattern Plane,Region-SIFT(21/28),32,1,128.882925243479,132.096713673609,2.97514130000491
424,17,3,5,5,4,92.5,55,1401.13840972744,620.563657152239,4.5,1401,621,4.41201163782923,-0.08798836217077,0.08798836217077,valid,,,Shared Pattern Plane,Region-SIFT(21/28),32,1,215.425481663053,221.763092450751,3.01851899997564
425,17,3,5,5,5,95,55,1418.27354870764,621.216576800183,4.5,1418,621,4.43318611124743,-0.0668138887525673,0.0668138887525673,valid,,,Shared Pattern Plane,Region-SIFT(21/28),32,1,217.051242807176,221.584544862876,3.02659650001442
426,18,3,6,1,1,105,45,1492.4910869321,558.307234162053,4,1492,558,3.90367966455904,-0.0963203354409647,0.0963203354409647,valid,,,Shared Pattern Plane,Region-SIFT(21/28),32,1,161.201823395018,161.846307334144,3.25770109996665
427,18,3,6,1,2,107.5,45,1510.14113595039,558.863696659994,4,1510,559,3.92845537609599,-0.0715446239040132,0.0715446239040132,valid,,,Shared Pattern Plane,Region-SIFT(21/28),32,1,159.651064815723,160.029794751111,3.01742950000335
428,18,3,6,1,3,110,45,1527.8536272605,559.422127809333,4,1528,559,3.96350701267515,-0.0364929873248521,0.0364929873248521,valid,,,Shared Pattern Plane,Region-SIFT(21/28),32,1,206.086278153475,210.599177140544,2.98801590001676
429,18,3,6,1,4,112.5,45,1545.62889281186,559.982538075618,4,1546,560,3.97612437869203,-0.0238756213079729,0.0238756213079729,valid,,,Shared Pattern Plane,Region-SIFT(21/28),32,1,299.155681183225,305.813204217615,3.00446270004613
430,18,3,6,1,5,115,45,1563.46726691097,560.544937998706,4,1563,561,3.97243462609806,-0.0275653739019415,0.0275653739019415,valid,,,Shared Pattern Plane,Region-SIFT(21/28),32,1,315.841545117091,323.103610714755,3.16439440002432
431,18,3,6,2,1,105,47.5,1491.2099060604,574.837599388218,4,1491,575,3.92853994772667,-0.071460052273328,0.071460052273328,valid,,,Shared Pattern Plane,Region-SIFT(21/28),32,1,170.06051739284,171.761357970069,3.22969469998498
432,18,3,6,2,2,107.5,47.5,1508.80575344577,575.421527157057,4,1509,575,3.95171049495627,-0.0482895050437331,0.0482895050437331,valid,,,Shared Pattern Plane,Region-SIFT(21/28),32,1,169.579716180872,170.620892900804,3.24724639998749
433,18,3,6,2,3,110,47.5,1526.46366783536,576.0075146532,4,1526,576,3.97508761756518,-0.0249123824348243,0.0249123824348243,valid,,,Shared Pattern Plane,Region-SIFT(21/28),32,1,205.767259747137,210.52385842183,3.6193537999643
434,18,3,6,2,4,112.5,47.5,1544.18397820901,576.595572794021,4,1544,577,3.99965578826339,-0.000344211736611033,0.000344211736611033,valid,,,Shared Pattern Plane,Region-SIFT(21/28),32,1,307.4344532679,318.268876256612,4.49906189995818
435,18,3,6,2,5,115,47.5,1561.96701587562,577.185712574187,4,1562,577,,,,failed,Region-SIFT 匹配失敗: ObjRatio 0.961175 exceeds 0.950000; ambiguous match,,,,32,,394.97246291751,413.112681380268,4.1370670000324
436,18,3,6,3,1,105,50,1489.93623119209,591.271118821399,4,1490,591,3.96217174590664,-0.0378282540933577,0.0378282540933577,valid,,,Shared Pattern Plane,Region-SIFT(21/28),32,1,214.55078849187,217.503334946476,3.30542340001557
437,18,3,6,3,2,107.5,50,1507.47820822705,591.882180664733,4,1507,592,3.96425317385837,-0.0357468261416276,0.0357468261416276,valid,,,Shared Pattern Plane,Region-SIFT(21/28),32,1,223.041667788874,226.743080224128,3.46616059995722
438,18,3,6,3,3,110,50,1525.08188035016,592.495391611,4,1525,592,3.99837495701673,-0.00162504298326782,0.00162504298326782,valid,,,Shared Pattern Plane,Region-SIFT(21/28),32,1,204.96233704683,207.583620123939,3.33406269998522
439,18,3,6,3,4,112.5,50,1542.74757360698,593.110763017756,4,1543,593,4.02289220755391,0.0228922075539089,0.0228922075539089,valid,,,Shared Pattern Plane,Region-SIFT(21/28),32,1,204.619508249798,209.476836996978,3.26540370000293
440,18,3,6,3,5,115,50,1560.47561634454,593.728306322729,4,1560,594,4.04607153346379,0.0460715334637936,0.0460715334637936,valid,,,Shared Pattern Plane,Region-SIFT(21/28),32,1,302.937745316319,313.296047039554,3.15401669999119
441,18,3,6,4,1,105,52.5,1488.66999655715,607.608641055675,4,1489,608,3.97681206774973,-0.0231879322502659,0.0231879322502659,valid,,,Shared Pattern Plane,Region-SIFT(21/28),32,1,257.833188225479,264.538427223858,3.1783812000067
442,18,3,6,4,2,107.5,52.5,1506.15843150121,608.246510169504,4,1506,608,4.00974054420071,0.00974054420071369,0.00974054420071369,valid,,,Shared Pattern Plane,Region-SIFT(21/28),32,1,227.762469044438,233.348361200438,3.4097066000104
443,18,3,6,4,3,110,52.5,1523.70819294863,608.886616091972,4,1524,609,4.02324969272996,0.0232496927299586,0.0232496927299586,valid,,,Shared Pattern Plane,Region-SIFT(21/28),32,1,204.424058815285,207.51791716488,3.17792119999649
444,18,3,6,4,4,112.5,52.5,1541.31960404548,609.528970609433,4,1541,610,4.03390076545638,0.0339007654563837,0.0339007654563837,valid,,,Shared Pattern Plane,Region-SIFT(21/28),32,1,187.453458667937,191.186491848559,3.26953419996426
445,18,3,6,4,5,115,52.5,1558.99299021213,610.173585591193,4,1559,610,4.0560137842451,0.0560137842451001,0.0560137842451001,valid,,,Shared Pattern Plane,Region-SIFT(21/28),32,1,273.228262401762,281.582024449242,3.24147700000321
446,18,3,6,5,1,105,55,1487.41113715171,623.851004799789,4,1487,624,3.98870807557962,-0.0112919244203811,0.0112919244203811,valid,,,Shared Pattern Plane,Region-SIFT(21/28),32,1,231.969298339521,234.355235985881,3.32246920000762
447,18,3,6,5,2,107.5,55,1504.84635527799,624.515358704008,4,1505,625,4.02363835081508,0.023638350815081,0.023638350815081,valid,,,Shared Pattern Plane,Region-SIFT(21/28),32,1,241.112581080482,249.58282516125,3.28267550002784
448,18,3,6,5,3,110,55,1522.34253461449,625.182035482408,4,1522,625,4.04542205338967,0.0454220533896708,0.0454220533896708,valid,,,Shared Pattern Plane,Region-SIFT(21/28),32,1,230.543331913216,235.479205210656,3.29560030001448
449,18,3,6,5,4,112.5,55,1539.89999544205,625.851047339012,4,1540,626,4.06993986298395,0.0699398629839534,0.0699398629839534,valid,,,Shared Pattern Plane,Region-SIFT(21/28),32,1,234.081681206113,237.599047352202,3.291832399962
450,18,3,6,5,5,115,55,1557.51906028903,626.522406563485,4,1558,627,4.0809172405225,0.0809172405224983,0.0809172405224983,valid,,,Shared Pattern Plane,Region-SIFT(21/28),32,1,273.087136264579,281.754814546164,3.27867040003184
451,19,4,1,1,1,5,65,838.939558727926,659.22617789757,3.5,839,659,3.72439537433214,0.224395374332143,0.224395374332143,valid,,,Shared Pattern Plane,Region-SIFT(21/28),32,1,291.045994659706,298.077667380737,3.33322349999798
452,19,4,1,1,2,7.5,65,854.014810081859,659.897565385892,3.5,854,660,3.72833468473928,0.228334684739282,0.228334684739282,valid,,,Shared Pattern Plane,Region-SIFT(21/28),32,1,235.604284657372,239.616535387444,4.34786169999279
453,19,4,1,1,3,10,65,869.138793701288,660.571123201764,3.5,869,661,3.7521542272106,0.252154227210596,0.252154227210596,valid,,,Shared Pattern Plane,Region-SIFT(21/28),32,1,202.583541484611,205.554642635894,3.66207970003597
454,19,4,1,1,4,12.5,65,884.31174626668,661.246861885925,3.5,884,661,3.77403861654538,0.274038616545382,0.274038616545382,valid,,,Shared Pattern Plane,Region-SIFT(21/28),32,1,240.639876913141,245.265712126466,4.09344309999142
455,19,4,1,1,5,15,65,899.533905993653,661.924792047485,3.5,900,662,3.79917492411131,0.299174924111314,0.299174924111314,valid,,,Shared Pattern Plane,Region-SIFT(21/28),32,1,204.570027745464,206.546220666193,3.5585983999772
456,19,4,1,2,1,5,67.5,839.523678507613,674.067857813748,3.5,840,674,3.73147411200519,0.231474112005188,0.231474112005188,valid,,,Shared Pattern Plane,Region-SIFT(21/28),32,1,175.385543655214,176.137337146265,4.49405589996604
457,19,4,1,2,2,7.5,67.5,854.559312874759,674.761324532604,3.5,855,675,3.75526861710674,0.255268617106736,0.255268617106736,valid,,,Shared Pattern Plane,Region-SIFT(21/28),32,1,209.529668042016,210.719625297368,4.48820870002965
458,19,4,1,2,3,10,67.5,869.643420470557,675.457026911759,3.5,870,675,3.79560342510604,0.295603425106041,0.295603425106041,valid,,,Shared Pattern Plane,Region-SIFT(21/28),32,1,209.155483658604,210.965221245813,4.53386749996571
459,19,4,1,2,4,12.5,67.5,884.776236081993,676.154975779952,3.5,885,676,3.80097871586937,0.30097871586937,0.30097871586937,valid,,,Shared Pattern Plane,Region-SIFT(21/28),32,1,192.080509141387,193.935314982723,3.62503430002835
460,19,4,1,2,5,15,67.5,899.957996014806,676.85518203597,3.5,900,677,3.27142752126587,-0.228572478734133,0.228572478734133,valid,,,Shared Pattern Plane,Region-SIFT(21/28),32,1,215.671448340239,220.266170833619,3.43575549998786
461,19,4,1,3,1,5,70,840.104668820942,688.830022295565,3.5,840,689,3.75701846622399,0.257018466223989,0.257018466223989,valid,,,Shared Pattern Plane,Region-SIFT(21/28),32,1,160.491383416817,162.810806095399,3.52931509999325
462,19,4,1,3,2,7.5,70,855.10089377011,689.545322139056,3.5,855,690,3.79978530858795,0.299785308587947,0.299785308587947,valid,,,Shared Pattern Plane,Region-SIFT(21/28),32,1,206.340289288475,210.185098413489,3.45873259997461
463,19,4,1,3,3,10,70,870.145334970737,690.26292183316,3.5,870,690,3.82105997440256,0.321059974402559,0.321059974402559,valid,,,Shared Pattern Plane,Region-SIFT(21/28),32,1,199.873669112675,202.168748450803,3.67071570002008
464,19,4,1,3,4,12.5,70,885.238225336473,690.982832487544,3.5,885,691,3.84392020059295,0.343920200592955,0.343920200592955,valid,,,Shared Pattern Plane,Region-SIFT(21/28),32,1,229.343720157563,234.566554910612,6.67767509998521
465,19,4,1,3,5,15,70,900.379799283538,691.705065283549,3.5,900,692,3.86673433405958,0.366734334059575,0.366734334059575,valid,,,Shared Pattern Plane,Region-SIFT(21/28),32,1,228.85807173189,233.285270201059,3.58228329999838
466,19,4,1,4,1,5,72.5,840.682554750255,703.513308650832,3.5,841,704,3.76459480518509,0.264594805185088,0.264594805185088,valid,,,Shared Pattern Plane,Region-SIFT(21/28),32,1,203.245135612084,207.008480385931,3.64278140000533
467,19,4,1,4,2,7.5,72.5,855.639576224097,704.250198508894,3.5,856,704,3.24976466291579,-0.250235337084207,0.250235337084207,valid,,,Shared Pattern Plane,Region-SIFT(21/28),32,1,182.301184812172,186.210367102903,3.79147080000257
468,19,4,1,4,3,10,72.5,870.644559010085,704.989451284236,3.5,871,705,3.27379605478163,-0.226203945218372,0.226203945218372,valid,,,Shared Pattern Plane,Region-SIFT(21/28),32,1,155.240676590248,156.082497047914,3.65249209996546
469,19,4,1,4,4,12.5,72.5,885.697734168405,705.731078360536,3.5,886,706,3.28037336051146,-0.219626639488538,0.219626639488538,valid,,,Shared Pattern Plane,Region-SIFT(21/28),32,1,211.000470427861,214.80130596158,3.82742559997132
470,19,4,1,4,5,15,72.5,900.799334245847,706.475091194712,3.5,901,706,3.87532633790153,0.375326337901535,0.375326337901535,valid,,,Shared Pattern Plane,Region-SIFT(21/28),32,1,208.973082423336,213.634506261826,3.62555100000463
471,19,4,1,5,1,5,75,841.257361110565,718.118347394901,3.5,841,718,3.2501395335055,-0.2498604664945,0.2498604664945,valid,,,Shared Pattern Plane,Region-SIFT(21/28),32,1,182.47689316462,186.164095917727,3.63033150002593
472,19,4,1,5,2,7.5,75,856.175383442514,718.876587110477,3.5,856,719,3.83187329759117,0.331873297591166,0.331873297591166,valid,,,Shared Pattern Plane,Region-SIFT(21/28),32,1,184.210809012317,190.190208419459,4.00629769999068
473,19,4,1,5,3,10,75,871.141114163682,719.637251704811,3.5,871,720,3.29828037980979,-0.201719620190215,0.201719620190215,valid,,,Shared Pattern Plane,Region-SIFT(21/28),32,1,189.617412377413,193.283185408925,3.83439119998366
474,19,4,1,5,4,12.5,75,886.154782500406,720.400352828812,3.5,886,720,3.32059468415423,-0.179405315845774,0.179405315845774,valid,,,Shared Pattern Plane,Region-SIFT(21/28),32,1,202.398862885167,207.622411993,3.50267280003754
475,19,4,1,5,5,15,75,901.216619149875,721.165902208148,3.5,901,721,3.91738046174008,0.417380461740083,0.417380461740083,valid,,,Shared Pattern Plane,Region-SIFT(21/28),32,1,187.786077528151,191.673302364029,3.87026930000866
476,20,4,2,1,1,25,65,960.919435261468,664.658642074051,3,961,665,3.35582896129069,0.355828961290688,0.355828961290688,valid,,,Shared Pattern Plane,Region-SIFT(21/28),32,1,171.375614820712,171.834303514489,3.71462959999917
477,20,4,2,1,2,27.5,65,976.391258640349,665.347691191324,3,976,665,3.36379276998854,0.363792769988536,0.363792769988536,valid,,,Shared Pattern Plane,Region-SIFT(21/28),32,1,169.960465715297,170.66175537847,3.67278660001466
478,20,4,2,1,3,30,65,991.913751419382,666.038996907875,3,992,666,3.38866910859722,0.388669108597222,0.388669108597222,valid,,,Shared Pattern Plane,Region-SIFT(21/28),32,1,194.71229401543,197.468998911613,3.67683239997132
479,20,4,2,1,4,32.5,65,1007.48716291621,666.732570327248,3,1007,667,2.26964417007407,-0.73035582992593,0.73035582992593,valid,,,Shared Pattern Plane,Region-SIFT(21/28),32,1,266.141321018764,273.688763984482,3.63531479996163
480,20,4,2,1,5,35,65,1023.11174408685,667.428422625957,3,1023,667,2.86142305931858,-0.138576940681416,0.138576940681416,valid,,,Shared Pattern Plane,Region-SIFT(21/28),32,1,250.086172374342,254.858288441314,3.76305489998776
481,20,4,2,2,1,25,67.5,961.17925892303,679.678801397582,3,961,680,3.37994128691177,0.379941286911772,0.379941286911772,valid,,,Shared Pattern Plane,Region-SIFT(21/28),32,1,154.657993199081,155.728527630076,3.81624339998234
482,20,4,2,2,2,27.5,67.5,976.609339072832,680.390460566186,3,977,680,2.82236888611624,-0.177631113883761,0.177631113883761,valid,,,Shared Pattern Plane,Region-SIFT(21/28),32,1,161.718190186112,163.648910636324,3.6514337999979
483,20,4,2,2,3,30,67.5,992.089813969477,681.104444018482,3,992,681,2.84684011434702,-0.153159885652982,0.153159885652982,valid,,,Shared Pattern Plane,Region-SIFT(21/28),32,1,165.303328662953,169.407666383966,3.69984379998641
484,20,4,2,2,4,32.5,67.5,1007.62093090117,681.820763159783,3,1008,682,2.87272868445206,-0.127271315547937,0.127271315547937,valid,,,Shared Pattern Plane,Region-SIFT(21/28),32,1,186.700966175019,188.91504820664,3.6751910999883
485,20,4,2,2,5,35,67.5,1023.20293877669,682.539429470147,3,1023,683,2.89701885808359,-0.102981141916414,0.102981141916414,valid,,,Shared Pattern Plane,Region-SIFT(21/28),32,1,161.971042233926,163.111631765747,3.61358379997546
486,20,4,2,3,1,25,70,961.437672482402,694.617444051615,3,961,695,2.821008617981,-0.178991382019001,0.178991382019001,valid,,,Shared Pattern Plane,Region-SIFT(21/28),32,1,166.816099852103,170.698523807107,3.8573052000138
487,20,4,2,3,2,27.5,70,976.826234025569,695.351457825128,3,977,695,2.84552174475399,-0.154478255246014,0.154478255246014,valid,,,Shared Pattern Plane,Region-SIFT(21/28),32,1,150.006657232052,151.52737458617,3.66357160004554
488,20,4,2,3,3,30,70,992.264917889332,696.087862366197,3,992,696,2.86998209764676,-0.130017902353238,0.130017902353238,valid,,,Shared Pattern Plane,Region-SIFT(21/28),32,1,171.908390023973,175.224561045942,3.62317819998134
489,20,4,2,3,4,32.5,70,1007.75396935442,696.826669374385,3,1008,697,2.89584899109775,-0.104151008902245,0.104151008902245,valid,,,Shared Pattern Plane,Region-SIFT(21/28),32,1,194.323893946693,200.65284318788,3.64271600003121
490,20,4,2,3,5,35,70,1023.29363530458,697.567890625717,3,1023,698,2.92007857064834,-0.0799214293516601,0.0799214293516601,valid,,,Shared Pattern Plane,Region-SIFT(21/28),32,1,126.200342768715,127.316758903161,3.59200609999243
491,20,4,2,4,1,25,72.5,961.694687387776,709.475231845167,3,962,709,2.84419962980435,-0.155800370195645,0.155800370195645,valid,,,Shared Pattern Plane,Region-SIFT(21/28),32,1,177.293911214354,181.295827418368,3.85739039996406
492,20,4,2,4,2,27.5,72.5,977.041953138717,710.231347927545,3,977,710,2.86872106886721,-0.131278931132793,0.131278931132793,valid,,,Shared Pattern Plane,Region-SIFT(21/28),32,1,190.261144950402,191.951255140483,3.88424899999518
493,20,4,2,4,3,30,72.5,992.439070987055,710.989920080809,3,992,711,2.89312405512891,-0.106875944871087,0.106875944871087,valid,,,Shared Pattern Plane,Region-SIFT(21/28),32,1,174.70655083732,178.276967110354,3.61276390001876
494,20,4,2,4,4,32.5,72.5,1007.88628422771,711.750960291407,3,1008,712,2.91902518728516,-0.0809748127148398,0.0809748127148398,valid,,,Shared Pattern Plane,Region-SIFT(21/28),32,1,193.296881127231,197.985031931265,3.56824340001913
495,20,4,2,4,5,35,72.5,1023.38383774133,712.51448062391,3,1023,713,2.94329483935499,-0.0567051606450057,0.0567051606450057,valid,,,Shared Pattern Plane,Region-SIFT(21/28),32,1,173.979939061119,176.926944420217,3.53489150002133
496,20,4,2,5,1,25,75,961.95031496375,724.252819442556,3,962,724,2.86745419160151,-0.132545808398489,0.132545808398489,valid,,,Shared Pattern Plane,Region-SIFT(21/28),32,1,213.244045802525,220.160766762551,3.77985660004197
497,20,4,2,5,2,27.5,75,977.25650594819,725.030788642517,3,977,725,2.87902928858892,-0.12097071141108,0.12097071141108,valid,,,Shared Pattern Plane,Region-SIFT(21/28),32,1,204.602630487573,207.468064669147,3.76389410003321
498,20,4,2,5,3,30,75,992.612280986186,725.811278055803,3,993,726,2.93006608870181,-0.0699339112981909,0.0699339112981909,valid,,,Shared Pattern Plane,Region-SIFT(21/28),32,1,201.709140844194,204.414382050609,3.58250359998783
499,20,4,2,5,4,32.5,75,1008.01788140823,726.594299948542,3,1008,727,2.94221287517824,-0.0577871248217625,0.0577871248217625,valid,,,Shared Pattern Plane,Region-SIFT(21/28),32,1,218.999559078519,222.196986404848,3.56868289998965
500,20,4,2,5,5,35,75,1023.47355011347,727.379866666591,3,1023,727,3.53172335584346,0.531723355843463,0.531723355843463,valid,,,Shared Pattern Plane,Region-SIFT(21/28),32,1,201.058019327234,204.201791432779,3.55694889998995
501,21,4,3,1,1,45,65,1086.12684272937,670.234846731975,2.5,1086,670,2.4108325216373,-0.0891674783626959,0.0891674783626959,valid,,,Shared Pattern Plane,Region-SIFT(21/28),32,1,238.891153622683,239.971673924486,3.63149640004849
502,21,4,3,1,2,47.5,65,1102.01109490332,670.942263671206,2.5,1102,671,2.43728830125823,-0.06271169874177,0.06271169874177,valid,,,Shared Pattern Plane,Region-SIFT(21/28),32,1,281.34084114549,286.928551206384,3.58643259998644
503,21,4,3,1,3,50,65,1117.94805765724,671.65202811517,2.5,1118,672,3.01581323894188,0.515813238941883,0.515813238941883,valid,,,Shared Pattern Plane,Region-SIFT(21/28),32,1,331.938393815863,343.140124155817,3.71147530002054
504,21,4,3,1,4,52.5,65,1133.93799380075,672.364151768287,2.5,1134,672,2.48850949936686,-0.0114905006331409,0.0114905006331409,valid,,,Shared Pattern Plane,Region-SIFT(21/28),32,1,331.265586686513,342.610040686805,3.64976659999229
505,21,4,3,1,5,55,65,1149.98116789349,673.078646412917,2.5,1150,673,3.07580625605959,0.57580625605959,0.57580625605959,valid,,,Shared Pattern Plane,Region-SIFT(21/28),32,1,287.632216078138,295.2248400702,3.85396600002423
506,21,4,3,2,1,45,67.5,1086.04491536149,685.437798653952,2.5,1086,685,2.43278232726597,-0.0672176727340266,0.0672176727340266,valid,,,Shared Pattern Plane,Region-SIFT(21/28),32,1,186.902461985432,190.208850453595,3.60233710001921
507,21,4,3,2,2,47.5,67.5,1101.88516924652,686.168375669811,2.5,1102,686,2.45924663931241,-0.0407533606875936,0.0407533606875936,valid,,,Shared Pattern Plane,Region-SIFT(21/28),32,1,214.15555231609,219.737732922901,4.07695900002727
508,21,4,3,2,3,50,67.5,1117.77784231424,686.901370339474,2.5,1118,687,2.48558488790547,-0.0144151120945302,0.0144151120945302,valid,,,Shared Pattern Plane,Region-SIFT(21/28),32,1,221.755478824636,228.39322299434,3.81738139997469
509,21,4,3,2,4,52.5,67.5,1133.72319519728,687.636794683722,2.5,1134,688,2.51177822983083,0.0117782298308349,0.0117782298308349,valid,,,Shared Pattern Plane,Region-SIFT(21/28),32,1,193.138820205164,198.645312214822,3.6060628000414
510,21,4,3,2,5,55,67.5,1149.721490259,688.374660803157,2.5,1150,688,2.53649568443723,0.0364956844372322,0.0364956844372322,valid,,,Shared Pattern Plane,Region-SIFT(21/28),32,1,183.650471648464,188.082676879466,3.77622549998341
511,21,4,3,3,1,45,70,1085.96343847583,700.557156294377,2.5,1086,701,2.45618564036406,-0.0438143596359413,0.0438143596359413,valid,,,Shared Pattern Plane,Region-SIFT(21/28),32,1,233.041072460962,240.936430135505,3.70465580001473
512,21,4,3,3,2,47.5,70,1101.75993713962,701.310628122136,2.5,1102,701,2.48115239972121,-0.0188476002787907,0.0188476002787907,valid,,,Shared Pattern Plane,Region-SIFT(21/28),32,1,220.015523627952,225.117196863526,3.67750859999796
513,21,4,3,3,3,50,70,1117.60856599852,702.066586490376,2.5,1118,702,2.50751511397524,0.00751511397524185,0.00751511397524185,valid,,,Shared Pattern Plane,Region-SIFT(21/28),32,1,190.941908499299,197.335787688163,3.59341319999658
514,21,4,3,3,4,52.5,70,1133.50958353217,702.825043728229,2.5,1134,703,2.5337352553762,0.0337352553762016,0.0337352553762016,valid,,,Shared Pattern Plane,Region-SIFT(21/28),32,1,143.055471477307,144.873936625707,3.61481449997518
515,21,4,3,3,5,55,70,1149.46324993185,703.586012246473,2.5,1149,704,2.55834346356016,0.0583434635601563,0.0583434635601563,valid,,,Shared Pattern Plane,Region-SIFT(21/28),32,1,154.359464884561,155.897176429616,3.79706299997633
516,21,4,3,4,1,45,72.5,1085.88240836707,715.593607234649,2.5,1086,716,2.47824516561566,-0.0217548343843412,0.0217548343843412,valid,,,Shared Pattern Plane,Region-SIFT(21/28),32,1,208.240047343824,212.593313568606,3.6726754999836
517,21,4,3,4,2,47.5,72.5,1101.63539286865,716.369711924591,2.5,1102,716,2.50317649504905,0.00317649504905226,0.00317649504905226,valid,,,Shared Pattern Plane,Region-SIFT(21/28),32,1,209.742123891437,212.00654973435,3.76491290004924
518,21,4,3,4,3,50,72.5,1117.44022096097,717.148370800626,2.5,1117,717,2.52796506594323,0.0279650659432273,0.0279650659432273,valid,,,Shared Pattern Plane,Region-SIFT(21/28),32,1,190.687334682323,198.50077551708,3.71567629999481
519,21,4,3,4,4,52.5,72.5,1133.2971489943,717.9295964924,2.5,1133,718,2.55421618625131,0.0542161862513106,0.0542161862513106,valid,,,Shared Pattern Plane,Region-SIFT(21/28),32,1,126.47318834981,127.741215077671,3.6935484999558
520,21,4,3,4,5,55,72.5,1149.20643501181,718.713401712966,2.5,1149,719,2.01804349356067,-0.481956506439329,0.481956506439329,valid,,,Shared Pattern Plane,Region-SIFT(21/28),32,1,161.46312187437,161.847602945898,3.83083150000311
521,21,4,3,5,1,45,75,1085.80182137042,730.547831536102,2.5,1086,731,2.50807583783809,0.00807583783809118,0.00807583783809118,valid,,,Shared Pattern Plane,Region-SIFT(21/28),32,1,181.003042620704,184.88336111555,3.69561880000401
522,21,4,3,5,2,47.5,75,1101.51153078223,731.346310404891,2.5,1102,731,2.52522760144117,0.0252276014411681,0.0252276014411681,valid,,,Shared Pattern Plane,Region-SIFT(21/28),32,1,163.733373229718,165.153794532114,3.84061050001765
523,21,4,3,5,3,50,75,1117.27279953747,732.147409885249,2.5,1117,732,2.54996030211936,0.0499603021193553,0.0499603021193553,valid,,,Shared Pattern Plane,Region-SIFT(21/28),32,1,122.831478058346,123.517845308141,3.74330420000479
524,21,4,3,5,4,52.5,75,1133.08588188041,732.951142899672,2.5,1133,733,2.57623243637538,0.076232436375375,0.076232436375375,valid,,,Shared Pattern Plane,Region-SIFT(21/28),32,1,139.641886161623,141.484958259748,3.80746909999289
525,21,4,3,5,5,55,75,1148.95103372963,733.757522455758,2.5,1149,734,2.60234949904085,0.102349499040854,0.102349499040854,valid,,,Shared Pattern Plane,Region-SIFT(21/28),32,1,151.565805185913,153.604620719681,3.75293379998766
526,22,4,4,1,1,65,65,1214.69159702215,675.960573318208,2,1215,676,2.0640458306045,0.0640458306045022,0.0640458306045022,valid,,,Shared Pattern Plane,Region-SIFT(21/28),32,1,208.173609409635,213.135288242423,3.74664430000121
527,22,4,4,1,2,67.5,65,1231.00499153656,676.687102429524,2,1231,677,2.09079682990502,0.0907968299050186,0.0907968299050186,valid,,,Shared Pattern Plane,Region-SIFT(21/28),32,1,183.938577392114,185.2944585372,3.78186709998408
528,22,4,4,1,3,70,65,1247.37324893619,677.416074900081,2,1247,677,2.11617520770283,0.116175207702828,0.116175207702828,valid,,,Shared Pattern Plane,Region-SIFT(21/28),32,1,166.896280563698,167.50528006167,3.74389470001915
529,22,4,4,1,4,72.5,65,1263.79664644779,678.147503076378,2,1264,678,2.14430284343212,0.144302843432117,0.144302843432117,valid,,,Shared Pattern Plane,Region-SIFT(21/28),32,1,163.130884413744,165.041528372708,3.91096519998973
530,22,4,4,1,5,75,65,1280.27546316902,678.881399388236,2,1280,679,2.17080657216449,0.170806572164486,0.170806572164486,valid,,,Shared Pattern Plane,Region-SIFT(21/28),32,1,207.954360578931,210.336111134829,3.6943978999625
531,22,4,4,2,1,65,67.5,1214.24940094482,691.350787876033,2,1214,691,2.0812656580702,0.0812656580701985,0.0812656580701985,valid,,,Shared Pattern Plane,Region-SIFT(21/28),32,1,176.900956493963,178.280063471166,4.12583500001347
532,22,4,4,2,2,67.5,67.5,1230.51640394082,692.10104722112,2,1231,692,2.11158803765987,0.111588037659871,0.111588037659871,valid,,,Shared Pattern Plane,Region-SIFT(21/28),32,1,161.654929776671,164.117062821476,4.18046190001769
533,22,4,4,2,3,70,67.5,1246.83796045671,692.853822658945,2,1247,693,2.13822397135162,0.138223971351622,0.138223971351622,valid,,,Shared Pattern Plane,Region-SIFT(21/28),32,1,154.071410479369,155.818183695441,4.39568419998977
534,22,4,4,2,4,72.5,67.5,1263.21434538198,693.609126867835,2,1263,694,2.16486264802773,0.164862648027725,0.164862648027725,valid,,,Shared Pattern Plane,Region-SIFT(21/28),32,1,172.261305010256,176.258917611081,4.12969759997213
535,22,4,4,2,5,75,67.5,1279.64583545605,694.366972611443,2,1280,694,2.19150899178274,0.191508991782745,0.191508991782745,valid,,,Shared Pattern Plane,Region-SIFT(21/28),32,1,191.633860991241,198.179772024615,3.89293410000391
536,22,4,4,3,1,65,70,1213.80966872437,706.655250234537,2,1214,707,2.10357182416648,0.103571824166483,0.103571824166483,valid,,,Shared Pattern Plane,Region-SIFT(21/28),32,1,195.743705700062,201.318128811313,4.02059889998054
537,22,4,4,3,2,67.5,70,1230.03054323376,707.428964221704,2,1230,707,2.13081415149474,0.13081415149474,0.13081415149474,valid,,,Shared Pattern Plane,Region-SIFT(21/28),32,1,187.816402392917,194.002895972786,4.0366283999756
538,22,4,4,3,3,70,70,1246.30566450686,708.205265706839,2,1246,708,2.1574876035122,0.157487603512199,0.157487603512199,valid,,,Shared Pattern Plane,Region-SIFT(21/28),32,1,169.391413615494,170.966177976826,4.47519819997251
539,22,4,4,3,4,72.5,70,1262.63530512209,708.984167691568,2,1263,709,1.62984114618689,-0.370158853813113,0.370158853813113,valid,,,Shared Pattern Plane,Region-SIFT(21/28),32,1,187.464215802389,190.889744912944,4.28472880000481
540,22,4,4,3,5,75,70,1279.01973948713,709.76568326477,2,1279,710,1.65741101128953,-0.34258898871047,0.34258898871047,valid,,,Shared Pattern Plane,Region-SIFT(21/28),32,1,226.68289225543,232.46683691832,4.06595369998831
541,22,4,4,4,1,65,72.5,1213.37237982561,721.87467510212,2,1213,722,2.12467746736856,0.124677467368557,0.124677467368557,valid,,,Shared Pattern Plane,Region-SIFT(21/28),32,1,184.745563445016,188.573296972691,3.97928139998112
542,22,4,4,4,2,67.5,72.5,1229.54738665008,722.671571630208,2,1230,723,1.59382876080695,-0.406171239193052,0.406171239193052,valid,,,Shared Pattern Plane,Region-SIFT(21/28),32,1,172.69468012613,177.864333109556,4.32545509998454
543,22,4,4,4,3,70,72.5,1245.77633606198,723.471125755977,2,1246,723,1.62029816616481,-0.379701833835194,0.379701833835194,valid,,,Shared Pattern Plane,Region-SIFT(21/28),32,1,185.660990978423,191.21873439161,4.04767749999883
544,22,4,4,4,4,72.5,72.5,1262.0594983545,724.273350796005,2,1262,724,1.64798538331194,-0.352014616688065,0.352014616688065,valid,,,Shared Pattern Plane,Region-SIFT(21/28),32,1,191.787820800902,195.112977665055,3.97144729999127
545,22,4,4,4,5,75,72.5,1278.39714562969,725.078260155983,2,1278,725,2.23248175787987,0.232481757879868,0.232481757879868,valid,,,Shared Pattern Plane,Region-SIFT(21/28),32,1,216.496273326369,221.47972546079,3.97256320004817
546,22,4,4,5,1,65,75,1212.93751394089,737.009769266796,2,1213,737,1.5841143564199,-0.415885643580101,0.415885643580101,valid,,,Shared Pattern Plane,Region-SIFT(21/28),32,1,184.817557800132,188.635920921725,4.06324200000381
547,22,4,4,5,2,67.5,75,1229.06691167718,737.829579673285,2,1229,738,1.61091427359352,-0.389085726406482,0.389085726406482,valid,,,Shared Pattern Plane,Region-SIFT(21/28),32,1,186.240986353758,189.094585220336,3.90314629999921
548,22,4,4,5,3,70,75,1245.24995037566,738.652116493974,2,1245,739,1.63981300518619,-0.360186994813805,0.360186994813805,valid,,,Shared Pattern Plane,Region-SIFT(21/28),32,1,184.416748743209,189.646813557592,3.82387980003841
549,22,4,4,5,4,72.5,75,1261.48689806979,739.477393352224,2,1261,739,2.22462474191195,0.224624741911949,0.224624741911949,valid,,,Shared Pattern Plane,Region-SIFT(21/28),32,1,236.114581073781,238.881145413557,3.78065959998639
550,22,4,4,5,5,75,75,1277.77802458172,740.305423962311,2,1278,740,1.69537071614177,-0.304629283858234,0.304629283858234,valid,,,Shared Pattern Plane,Region-SIFT(21/28),32,1,212.590976484995,215.717856378144,3.76343750004889
551,23,4,5,1,1,85,65,1346.75057047713,681.841917543702,1.5,1347,682,1.18501925446791,-0.314980745532089,0.314980745532089,valid,,,Shared Pattern Plane,Region-SIFT(21/28),32,1,203.786608822131,209.18691165308,3.93264870002167
552,23,4,5,1,2,87.5,65,1363.5107363108,682.588343946734,1.5,1364,683,1.21069101632701,-0.289308983672986,0.289308983672986,valid,,,Shared Pattern Plane,Region-SIFT(21/28),32,1,192.078069271108,193.762028608065,3.81158019998111
553,23,4,5,1,3,90,65,1380.32803612688,683.337314854004,1.5,1380,683,1.23752081134182,-0.262479188658182,0.262479188658182,valid,,,Shared Pattern Plane,Region-SIFT(21/28),32,1,224.736668308198,227.056977525424,3.81952969997656
554,23,4,5,1,4,92.5,65,1397.2027625715,684.088843298723,1.5,1397,684,1.26712512503423,-0.232874874965768,0.232874874965768,valid,,,Shared Pattern Plane,Region-SIFT(21/28),32,1,276.70198587791,282.45410778644,3.80475409998326
555,23,4,5,1,5,95,65,1414.13521029285,684.842942403267,1.5,1414,685,1.84236535042291,0.342365350422907,0.342365350422907,valid,,,Shared Pattern Plane,Region-SIFT(21/28),32,1,215.654497960005,217.862075355904,3.7541435000021
556,23,4,5,2,1,85,67.5,1345.92844765504,697.42402923283,1.5,1346,697,1.74923297663062,0.249232976630617,0.249232976630617,valid,,,Shared Pattern Plane,Region-SIFT(21/28),32,1,152.933575312297,155.213995914042,3.88167009997414
557,23,4,5,2,2,87.5,67.5,1362.63968041333,698.194777141828,1.5,1363,698,1.22763127938038,-0.272368720619622,0.272368720619622,valid,,,Shared Pattern Plane,Region-SIFT(21/28),32,1,145.25850896684,146.539076906984,3.82864590000827
558,23,4,5,2,3,90,67.5,1379.40771849029,698.968145000007,1.5,1379,699,1.25568319435664,-0.244316805643361,0.244316805643361,valid,,,Shared Pattern Plane,Region-SIFT(21/28),32,1,159.829638899445,162.834379484234,3.93387840001378
559,23,4,5,2,4,92.5,67.5,1396.23285202054,699.744146188825,1.5,1396,700,1.28533425022163,-0.214665749778368,0.214665749778368,valid,,,Shared Pattern Plane,Region-SIFT(21/28),32,1,182.077013181252,185.043612642676,3.79213350004284
560,23,4,5,2,5,95,67.5,1413.11537311788,700.522794181022,1.5,1413,701,1.86171304063086,0.361713040630864,0.361713040630864,valid,,,Shared Pattern Plane,Region-SIFT(21/28),32,1,195.930079897623,199.344340284599,4.07185890001711
561,23,4,5,3,1,85,70,1345.11096748833,712.918146315017,1.5,1345,713,1.21596062405298,-0.284039375947017,0.284039375947017,valid,,,Shared Pattern Plane,Region-SIFT(21/28),32,1,154.764433047885,157.457972913322,3.83463500003563
562,23,4,5,3,2,87.5,70,1361.77355182651,713.712929269371,1.5,1362,714,1.24584348176305,-0.254156518236948,0.254156518236948,valid,,,Shared Pattern Plane,Region-SIFT(21/28),32,1,158.040307084341,160.368061533617,3.8546521999524
563,23,4,5,3,3,90,70,1378.49261564681,714.510406219372,1.5,1378,715,1.2738777362704,-0.226122263729602,0.226122263729602,valid,,,Shared Pattern Plane,Region-SIFT(21/28),32,1,156.811919631151,157.952168379105,3.87562770000659
564,23,4,5,3,4,92.5,70,1395.26844660097,715.310590885622,1.5,1395,715,1.85143691506508,0.351436915065083,0.351436915065083,valid,,,Shared Pattern Plane,Region-SIFT(21/28),32,1,168.274090976311,170.695182596489,3.90657509997254
565,23,4,5,3,5,95,70,1412.10133429737,716.113497082053,1.5,1412,716,1.33179732064868,-0.168202679351322,0.168202679351322,valid,,,Shared Pattern Plane,Region-SIFT(21/28),32,1,199.903733982106,203.360688548534,4.19829809997464
566,23,4,5,4,1,85,72.5,1344.29809076103,728.325012070388,1.5,1344,728,1.23299379824906,-0.26700620175094,0.26700620175094,valid,,,Shared Pattern Plane,Region-SIFT(21/28),32,1,141.089897564479,143.140874507591,3.89363899995806
567,23,4,5,4,2,87.5,72.5,1360.9123088597,729.143547287307,1.5,1361,729,1.26284174026015,-0.237158259739846,0.237158259739846,valid,,,Shared Pattern Plane,Region-SIFT(21/28),32,1,168.602206171631,169.674815615008,3.75420349999331
568,23,4,5,4,3,90,72.5,1377.5826833988,729.96484917214,1.5,1378,730,1.29258124810671,-0.207418751893288,0.207418751893288,valid,,,Shared Pattern Plane,Region-SIFT(21/28),32,1,218.920323030785,221.540427630442,3.84939530002885
569,23,4,5,4,4,92.5,72.5,1394.30949957541,730.788931775737,1.5,1394,731,1.87083875270286,0.370838752702856,0.370838752702856,valid,,,Shared Pattern Plane,Region-SIFT(21/28),32,1,243.491462749905,247.671881570524,4.02691309998045
570,23,4,5,4,5,95,72.5,1411.0930445211,731.615809244251,1.5,1411,732,1.89916154215123,0.399161542151232,0.399161542151232,valid,,,Shared Pattern Plane,Region-SIFT(21/28),32,1,228.973009909776,232.618701750296,3.81380220002029
571,23,4,5,5,1,85,75,1343.4897786976,743.645361431375,1.5,1343,744,1.25130923508941,-0.248690764910595,0.248690764910595,valid,,,Shared Pattern Plane,Region-SIFT(21/28),32,1,155.133260785461,155.942642811738,3.80455489997985
572,23,4,5,5,2,87.5,75,1360.05591029129,744.487369750459,1.5,1360,744,1.28481438614458,-0.215185613855416,0.215185613855416,valid,,,Shared Pattern Plane,Region-SIFT(21/28),32,1,174.767443496462,177.952572899947,3.99879779998446
573,23,4,5,5,3,90,75,1376.67787804669,745.332216059354,1.5,1377,745,1.30963272570914,-0.190367274290859,0.190367274290859,valid,,,Shared Pattern Plane,Region-SIFT(21/28),32,1,263.836612814444,270.962205731975,4.26469089998864
574,23,4,5,5,4,92.5,75,1393.35596473408,746.179914730452,1.5,1393,746,1.34408470039828,-0.155915299601716,0.155915299601716,valid,,,Shared Pattern Plane,Region-SIFT(21/28),32,1,275.415516394156,281.67259180641,4.03502890001982
575,23,4,5,5,5,95,75,1410.09045503636,747.030480233356,1.5,1410,747,1.91735723226084,0.417357232260836,0.417357232260836,valid,,,Shared Pattern Plane,Region-SIFT(21/28),32,1,273.389613646048,278.314631482543,3.8508986000088
576,24,4,6,1,1,105,65,1482.44817794581,687.885311030865,1,1482,688,0.868693418418599,-0.131306581581401,0.131306581581401,valid,,,Shared Pattern Plane,Region-SIFT(21/28),32,1,235.73240622364,237.769714166077,3.90583070000866
577,24,4,6,1,2,107.5,65,1499.67372305525,688.652463444744,1,1500,689,0.889347597729024,-0.110652402270976,0.110652402270976,valid,,,Shared Pattern Plane,Region-SIFT(21/28),32,1,213.63440187646,214.973727028815,3.85624259995529
578,24,4,6,1,3,110,65,1516.95880034614,689.422267168431,1,1517,689,0.929316531498159,-0.0706834685018413,0.0706834685018413,valid,,,Shared Pattern Plane,Region-SIFT(21/28),32,1,250.256164507387,252.107653653611,4.10524570004782
579,24,4,6,1,4,112.5,65,1534.30371897115,690.19473597027,1,1534,690,3.65914401132193,2.65914401132193,2.65914401132193,valid,,,Shared Pattern Plane,Region-SIFT(21/28),32,1,218.61180081645,219.665985258905,3.88528109999606
580,24,4,6,1,5,115,65,1551.70879022724,690.969883714101,1,1552,691,0.990619648312585,-0.0093803516874148,0.0093803516874148,valid,,,Shared Pattern Plane,Region-SIFT(21/28),32,1,193.463578535514,194.194301563958,3.82004069996765
581,24,4,6,2,1,105,67.5,1481.2252456776,703.664126877226,1,1481,704,0.885748870702735,-0.114251129297265,0.114251129297265,valid,,,Shared Pattern Plane,Region-SIFT(21/28),32,1,194.218654667385,196.8116004519,3.82195040001534
582,24,4,6,2,2,107.5,67.5,1498.39915678244,704.456214227383,1,1498,704,0.91465819183195,-0.0853418081680496,0.0853418081680496,valid,,,Shared Pattern Plane,Region-SIFT(21/28),32,1,202.935271433674,205.464303221909,3.89675420004642
583,24,4,6,2,3,110,67.5,1515.63225065928,705.251031178547,1,1516,705,0.413352113626326,-0.586647886373674,0.586647886373674,valid,,,Shared Pattern Plane,Region-SIFT(21/28),32,1,276.834367186935,283.617084790433,4.0110069999937
584,24,4,6,2,4,112.5,67.5,1532.92483375952,706.04859186473,1,1533,706,0.976195009209817,-0.0238049907901834,0.0238049907901834,valid,,,Shared Pattern Plane,Region-SIFT(21/28),32,1,284.183522387913,290.580017156719,3.8446971999947
585,24,4,6,2,5,115,67.5,1550.27721465397,706.848910517698,1,1550,707,1.00596876996045,0.00596876996045204,0.00596876996045204,valid,,,Shared Pattern Plane,Region-SIFT(21/28),32,1,228.351859043263,234.962566439185,3.78491260000737
586,24,4,6,3,1,105,70,1480.00931409543,719.352616759575,1,1480,719,0.901629494135319,-0.0983705058646813,0.0983705058646813,valid,,,Shared Pattern Plane,Region-SIFT(21/28),32,1,238.910565516558,245.889180924936,3.80181510001421
587,24,4,6,3,2,107.5,70,1497.13189928915,720.169341138594,1,1497,720,1.46530701196949,0.465307011969494,0.465307011969494,valid,,,Shared Pattern Plane,Region-SIFT(21/28),32,1,240.167001116717,246.967340818172,4.00437400001101
588,24,4,6,3,3,110,70,1514.31332091114,720.988871936434,1,1514,721,0.961692002717673,-0.0383079972823274,0.0383079972823274,valid,,,Shared Pattern Plane,Region-SIFT(21/28),32,1,294.959992355266,303.076479129325,3.87599430000409
589,24,4,6,3,4,112.5,70,1531.55388274292,721.811223643065,1,1532,722,0.435636026013878,-0.564363973986122,0.564363973986122,valid,,,Shared Pattern Plane,Region-SIFT(21/28),32,1,313.210199417639,321.133379510848,3.85410980001325
590,24,4,6,3,5,115,70,1548.85389066089,722.636410848384,1,1549,723,,,,failed,Region-SIFT 匹配失敗: ObjRatio 0.984652 exceeds 0.950000; ambiguous match,,,,32,,287.714557524585,293.820716274892,3.91701259999536
591,24,4,6,4,1,105,72.5,1478.80032325766,734.951554071871,1,1479,735,0.90835375311519,-0.0916462468848099,0.0916462468848099,valid,,,Shared Pattern Plane,Region-SIFT(21/28),32,1,226.653302388469,233.861315374478,3.83682369999588
592,24,4,6,4,2,107.5,72.5,1495.87188788871,735.79262145015,1,1496,736,1.49469956709308,0.494699567093083,0.494699567093083,valid,,,Shared Pattern Plane,Region-SIFT(21/28),32,1,218.120819549964,224.342147106283,3.95512990001589
593,24,4,6,4,3,110,72.5,1513.00194563431,736.636570617625,1,1513,737,0.955052771464489,-0.044947228535511,0.044947228535511,valid,,,Shared Pattern Plane,Region-SIFT(21/28),32,1,266.853683457551,269.501851748033,4.13235460000578
594,24,4,6,4,4,112.5,72.5,1530.19079763701,737.483416410731,1,1530,737,0.994884810563431,-0.00511518943656863,0.00511518943656863,valid,,,Shared Pattern Plane,Region-SIFT(21/28),32,1,246.145181349093,250.849835866932,3.95112679997692
595,24,4,6,4,5,115,72.5,1547.43874711004,738.333173767921,1,1547,738,1.05064634840725,0.0506463484072519,0.0506463484072519,valid,,,Shared Pattern Plane,Region-SIFT(21/28),32,1,269.969513269455,274.352480067002,3.88135889999103
596,24,4,6,5,1,105,75,1477.59821390499,750.461703403875,1,1478,750,0.924332153108173,-0.075667846891827,0.075667846891827,valid,,,Shared Pattern Plane,Region-SIFT(21/28),32,1,252.744915994513,261.258863808902,4.00898509996478
597,24,4,6,5,2,107.5,75,1494.6190606093,751.326823570392,1,1495,751,0.964775402079941,-0.0352245979200586,0.0352245979200586,valid,,,Shared Pattern Plane,Region-SIFT(21/28),32,1,206.917307320852,211.095289186427,3.84805680002319
598,24,4,6,5,3,110,75,1511.69806010921,752.194899474488,1,1512,752,1.54057693496521,0.540576934965209,0.540576934965209,valid,,,Shared Pattern Plane,Region-SIFT(21/28),32,1,227.750195867549,230.631140836563,3.97412420000182
599,24,4,6,5,4,112.5,75,1528.83551093874,753.065946289779,1,1529,753,1.02466335913465,0.024663359134653,0.024663359134653,valid,,,Shared Pattern Plane,Region-SIFT(21/28),32,1,251.665086451536,258.06602783799,3.93417209998006
600,24,4,6,5,5,115,75,1546.03171367883,753.939979293919,1,1546,754,,,,failed,Region-SIFT 匹配失敗: ObjRatio 0.958758 exceeds 0.950000; ambiguous match,,,,32,,292.321777285218,298.131415917534,3.87730669998564
