sample_id,block_id,row,column,sample_row,sample_column,model_x_mm,model_y_mm,u,v,true_height_mm,measured_u,measured_v,wound_height_mm,error_mm,abs_error_mm,status,failure_reason,measurement_warning,height_reference_source,method,candidate_frame,fused_count,group_score,objective_score,elapsed_seconds
1,1,1,1,1,1,5,5,767.407673298645,352.579072695019,12.5,767,353,14.8123329395066,2.31233293950656,2.31233293950656,valid,,,Shared Pattern Plane,Grad-SIFT+Top2Geo+MidGrad+極線對齊,102,1,,,1.50353840000753
2,1,1,1,1,2,7.5,5,783.241125882024,352.857508439176,12.5,783,353,12.8118487092732,0.311848709273237,0.311848709273237,valid,,,Shared Pattern Plane,Grad-SIFT+Top2Geo+MidGrad+極線對齊,102,1,,,1.51628209999762
3,1,1,1,1,3,10,5,799.139427899355,353.13708457898,12.5,799,353,13.2047645927822,0.70476459278216,0.70476459278216,valid,,,Shared Pattern Plane,Grad-SIFT+Top2Geo+MidGrad+極線對齊,102,1,,,1.50651799999468
4,1,1,1,1,4,12.5,5,815.102978576161,353.417808134925,12.5,815,353,12.5954522945001,0.0954522945000527,0.0954522945000527,valid,,,Shared Pattern Plane,Grad-SIFT+Top2Geo+MidGrad+極線對齊,102,1,,,1.511305299995
5,1,1,1,1,5,15,5,831.132180421651,353.699686185248,12.5,831,354,11.4729952523186,-1.02700474768143,1.02700474768143,valid,,,Shared Pattern Plane,Grad-SIFT+Top2Geo+MidGradInterp+極線對齊,102,1,,,1.5342582000012
6,1,1,1,2,1,5,7.5,767.957489746939,369.422004023798,12.5,768,369,12.9251469798769,0.425146979876894,0.425146979876894,valid,,,Shared Pattern Plane,Grad-SIFT+Top2Geo+MidGrad+極線對齊,102,1,,,1.51323690000572
7,1,1,1,2,2,7.5,7.5,783.76379460752,369.734302685476,12.5,784,370,14.266289906195,1.76628990619502,1.76628990619502,valid,,,Shared Pattern Plane,Grad-SIFT+Top2Geo+MidGrad+極線對齊,102,1,,,1.52967160000117
8,1,1,1,2,3,10,7.5,799.634721891267,370.047878147547,12.5,800,370,13.5381070825877,1.03810708258765,1.03810708258765,valid,,,Shared Pattern Plane,Grad-SIFT+Top2Geo+MidGrad+極線對齊,102,1,,,1.57017839999753
9,1,1,1,2,4,12.5,7.5,815.570668712981,370.362738256149,12.5,816,370,12.8214025590471,0.321402559047081,0.321402559047081,valid,,,Shared Pattern Plane,Grad-SIFT+Top2Geo+MidGrad+極線對齊,102,1,,,1.5147544999927
10,1,1,1,2,5,15,7.5,831.572035447919,370.678890921836,12.5,832,371,13.6251885986178,1.12518859861784,1.12518859861784,valid,,,Shared Pattern Plane,Grad-SIFT+Top2Geo+MidGrad+極線對齊,102,1,,,1.52796510000189
11,1,1,1,3,1,5,10,768.505350370534,386.205021137219,12.5,769,386,13.2566327720288,0.756632772028818,0.756632772028818,valid,,,Shared Pattern Plane,Grad-SIFT+Top2Geo+MidGrad+極線對齊,102,1,,,1.53552730000229
12,1,1,1,3,2,7.5,10,784.284600292898,386.550940004054,12.5,784,387,13.2413896108361,0.741389610836094,0.741389610836094,valid,,,Shared Pattern Plane,Grad-SIFT+Top2Geo+MidGrad+極線對齊,102,1,,,1.53956309999921
13,1,1,1,3,3,10,10,800.12824681713,386.898270598295,12.5,800,387,12.7988633203956,0.298863320395553,0.298863320395553,valid,,,Shared Pattern Plane,Grad-SIFT+Top2Geo+MidGrad+極線對齊,102,1,,,1.53011269999843
14,1,1,1,3,4,12.5,10,816.03668496216,387.247021579699,12.5,816,387,12.9193851691268,0.419385169126778,0.419385169126778,valid,,,Shared Pattern Plane,Grad-SIFT+Top2Geo+MidGrad+極線對齊,102,1,,,1.55062220001128
15,1,1,1,3,5,15,10,832.010312984351,387.597201678999,12.5,832,388,13.9157381185878,1.41573811858781,1.41573811858781,valid,,,Shared Pattern Plane,Grad-SIFT+Top2Geo+MidGradInterp+極線對齊,102,1,,,1.55269599999883
16,1,1,1,4,1,5,12.5,769.051265586885,402.928443160832,12.5,769,403,12.0407119543917,-0.459288045608346,0.459288045608346,valid,,,Shared Pattern Plane,Grad-SIFT+Top2Geo+MidGrad+極線對齊,102,1,,,1.58657039998798
17,1,1,1,4,2,7.5,12.5,784.803552881579,403.307741464575,12.5,785,403,13.966604034042,1.46660403404205,1.46660403404205,valid,,,Shared Pattern Plane,Grad-SIFT+Top2Geo+MidGrad+極線對齊,102,1,,,1.5910745000001
18,1,1,1,4,3,10,12.5,800.620012138038,403.688584960821,12.5,801,404,13.1172124166258,0.617212416625806,0.617212416625806,valid,,,Shared Pattern Plane,Grad-SIFT+Top2Geo+MidGrad+極線對齊,102,1,,,1.57473839999875
19,1,1,1,4,4,12.5,12.5,816.501036294043,404.070983111095,12.5,817,404,13.9917901689201,1.4917901689201,1.4917901689201,valid,,,Shared Pattern Plane,Grad-SIFT+Top2Geo+MidGradInterp+極線對齊,102,1,,,1.53324249999423
20,1,1,1,4,5,15,12.5,832.447021501985,404.454945454324,12.5,832,404,13.8425048033674,1.34250480336737,1.34250480336737,valid,,,Shared Pattern Plane,Grad-SIFT+Top2Geo+MidGradInterp+極線對齊,102,1,,,1.53448469999421
21,1,1,1,5,1,5,15,769.595245739595,419.592586957827,12.5,770,420,12.5210700764707,0.0210700764706768,0.0210700764706768,valid,,,Shared Pattern Plane,Grad-SIFT+Top2Geo+MidGradInterp+極線對齊,102,1,,,1.55444550000539
22,1,1,1,5,2,7.5,15,785.32066224635,420.00502585594,12.5,785,420,13.208344513811,0.708344513811006,0.708344513811006,valid,,,Shared Pattern Plane,Grad-SIFT+Top2Geo+MidGradInterp+極線對齊,102,1,,,1.60019869999087
23,1,1,1,5,3,10,15,801.110027247743,420.419141965378,12.5,801,420,13.1089787678909,0.60897876789085,0.60897876789085,valid,,,Shared Pattern Plane,Grad-SIFT+Top2Geo+MidGradInterp+極線對齊,102,1,,,1.54106989999127
24,1,1,1,5,4,12.5,15,816.963731614995,420.83494553773,12.5,817,421,13.2494294712756,0.749429471275642,0.749429471275642,valid,,,Shared Pattern Plane,Grad-SIFT+Top2Geo+MidGradInterp+極線對齊,102,1,,,1.62358559999848
25,1,1,1,5,5,15,15,832.882169411319,421.252446908303,12.5,833,421,13.2920474841175,0.792047484117473,0.792047484117473,valid,,,Shared Pattern Plane,Grad-SIFT+Top2Geo+MidGradInterp+極線對齊,102,1,,,1.5736418000015
26,2,1,2,1,1,25,5,895.913666509782,354.838886949679,12,896,355,11.5736606223889,-0.426339377611137,0.426339377611137,valid,,,Shared Pattern Plane,Grad-SIFT+Top2Geo+MidGrad+極線對齊,102,1,,,1.61151650000829
27,2,1,2,1,2,27.5,5,912.277279157481,355.126645708589,12,912,355,13.0391276010067,1.03912760100674,1.03912760100674,valid,,,Shared Pattern Plane,Grad-SIFT+Top2Geo+MidGrad+極線對齊,102,1,,,1.59242450000602
28,2,1,2,1,3,30,5,928.709028910641,355.41560267778,12,929,355,11.8336652957276,-0.166334704272352,0.166334704272352,valid,,,Shared Pattern Plane,Grad-SIFT+Top2Geo+MidGrad+極線對齊,102,1,,,1.56442540000717
29,2,1,2,1,4,32.5,5,945.209342235407,355.70576535678,12,945,356,12.146321416781,0.146321416780987,0.146321416780987,valid,,,Shared Pattern Plane,Grad-SIFT+Top2Geo+MidGrad+極線對齊,102,1,,,1.5670739000052
30,2,1,2,1,5,35,5,961.778649164333,355.997141307833,12,962,356,12.0058482084598,0.00584820845978484,0.00584820845978484,valid,,,Shared Pattern Plane,Grad-SIFT+Top2Geo+MidGrad+極線對齊,102,1,,,1.55756869999459
31,2,1,2,2,1,25,7.5,896.239825030337,371.956587658575,12,896,372,12.7800832515519,0.780083251551948,0.780083251551948,valid,,,Shared Pattern Plane,Grad-SIFT+Top2Geo+MidGrad+極線對齊,102,1,,,1.59050089999801
32,2,1,2,2,2,27.5,7.5,912.574413446696,372.27932406955,12,913,372,12.69345283353,0.693452833530031,0.693452833530031,valid,,,Shared Pattern Plane,Grad-SIFT+Top2Geo+MidGrad+極線對齊,102,1,,,1.58796960000473
33,2,1,2,2,3,30,7.5,928.976894404449,372.603401891437,12,929,373,12.9164062686222,0.916406268622231,0.916406268622231,valid,,,Shared Pattern Plane,Grad-SIFT+Top2Geo+MidGrad+極線對齊,102,1,,,1.58199819999572
34,2,1,2,2,4,32.5,7.5,945.447692064541,372.928829504746,12,945,373,13.3735637633857,1.37356376338567,1.37356376338567,valid,,,Shared Pattern Plane,Grad-SIFT+Top2Geo+MidGrad+極線對齊,102,1,,,1.60522160000983
35,2,1,2,2,5,35,7.5,961.987234128569,373.255615359943,12,962,373,13.45042896174,1.45042896173996,1.45042896173996,valid,,,Shared Pattern Plane,Grad-SIFT+Top2Geo+MidGrad+極線對齊,102,1,,,1.55574229999911
36,2,1,2,3,1,25,10,896.564804154692,389.012390394853,12,897,389,14.2304787511435,2.23047875114352,2.23047875114352,valid,,,Shared Pattern Plane,Grad-SIFT+Top2Geo+MidGrad+極線對齊,102,1,,,1.58438070000557
37,2,1,2,3,2,27.5,10,912.870471067729,389.369849580131,12,913,389,11.4677121717017,-0.532287828298296,0.532287828298296,valid,,,Shared Pattern Plane,Grad-SIFT+Top2Geo+MidGrad+極線對齊,102,1,,,1.60801589999755
38,2,1,2,3,3,30,10,929.243787272312,389.728791799546,12,929,390,14.1513188498452,2.15131884984516,2.15131884984516,valid,,,Shared Pattern Plane,Grad-SIFT+Top2Geo+MidGrad+極線對齊,102,1,,,1.57362009999633
39,2,1,2,3,4,32.5,10,945.685174640768,390.089226301546,12,946,390,14.8206080800434,2.82060808004343,2.82060808004343,valid,,,Shared Pattern Plane,Grad-SIFT+Top2Geo+MidGrad+極線對齊,102,1,,,1.59137369999371
40,2,1,2,3,5,35,10,962.195058560553,390.45116241164,12,962,390,12.6081608093364,0.608160809336379,0.608160809336379,valid,,,Shared Pattern Plane,Grad-SIFT+Top2Geo+MidGrad+極線對齊,102,1,,,1.61070830000972
41,2,1,2,4,1,25,12.5,896.888610268384,406.006630289187,12,897,406,13.7889483720482,1.78894837204819,1.78894837204819,valid,,,Shared Pattern Plane,Grad-SIFT+Top2Geo+MidGrad+極線對齊,102,1,,,1.58832819999952
42,2,1,2,4,2,27.5,12.5,913.16545786197,406.398559446333,12,913,406,13.3912216328852,1.3912216328852,1.3912216328852,valid,,,Shared Pattern Plane,Grad-SIFT+Top2Geo+MidGrad+極線對齊,102,1,,,1.58153340000717
43,2,1,2,4,3,30,12.5,929.509712802073,406.792111700602,12,930,407,15.1292068212019,3.12920682120191,3.12920682120191,valid,,,Shared Pattern Plane,Grad-SIFT+Top2Geo+MidGrad+極線對齊,102,1,,,1.68785420000495
44,2,1,2,4,4,32.5,12.5,945.921794688836,407.187297155519,12,946,407,14.3624217471615,2.36242174716154,2.36242174716154,valid,,,Shared Pattern Plane,Grad-SIFT+Top2Geo+MidGrad+極線對齊,102,1,,,1.59501509999973
45,2,1,2,4,5,35,12.5,962.402126612239,407.584125998641,12,962,408,14.9885906852849,2.9885906852849,2.9885906852849,valid,,,Shared Pattern Plane,Grad-SIFT+Top2Geo+MidGrad+極線對齊,102,1,,,1.57092290000583
46,2,1,2,5,1,25,15,897.211249710937,422.939640057304,12,897,423,13.4506377292028,1.4506377292028,1.4506377292028,valid,,,Shared Pattern Plane,Grad-SIFT+Top2Geo+MidGrad+極線對齊,102,1,,,1.60400169999048
47,2,1,2,5,2,27.5,15,913.459379628628,423.365788439241,12,913,423,12.3269377145605,0.326937714560495,0.326937714560495,valid,,,Shared Pattern Plane,Grad-SIFT+Top2Geo+MidGradInterp+極線對齊,102,1,,,1.57901539999875
48,2,1,2,5,3,30,15,929.77467624331,423.793698438017,12,930,424,13.6984168940727,1.69841689407271,1.69841689407271,valid,,,Shared Pattern Plane,Grad-SIFT+Top2Geo+MidGrad+極線對齊,102,1,,,1.59218319998763
49,2,1,2,5,4,32.5,15,946.157556899233,424.22338099954,12,946,424,13.0048237483647,1.00482374836471,1.00482374836471,valid,,,Shared Pattern Plane,Grad-SIFT+Top2Geo+MidGrad+極線對齊,102,1,,,1.57187349999731
50,2,1,2,5,5,35,15,962.608442405414,424.654847160594,12,963,425,12.5133497795728,0.513349779572829,0.513349779572829,valid,,,Shared Pattern Plane,Grad-SIFT+Top2Geo+MidGrad+極線對齊,102,1,,,1.59179590000713
51,3,1,3,1,1,45,5,1028.75454050239,357.174931309546,11.5,1029,357,12.3006070689781,0.800607068978092,0.800607068978092,valid,,,Shared Pattern Plane,Grad-SIFT+Top2Geo+MidGrad+極線對齊,102,1,,,1.56306349999795
52,3,1,3,1,2,47.5,5,1045.67539340644,357.47248929605,11.5,1046,357,12.3536571761461,0.853657176146118,0.853657176146118,valid,,,Shared Pattern Plane,Grad-SIFT+Top2Geo+MidGrad+極線對齊,102,1,,,1.63618520001182
53,3,1,3,1,3,50,5,1062.66789713001,357.77130728249,11.5,1063,358,13.4268681877131,1.92686818771314,1.92686818771314,valid,,,Shared Pattern Plane,Grad-SIFT+Top2Geo+MidGrad+極線對齊,102,1,,,1.58952090000093
54,3,1,3,1,4,52.5,5,1079.73250774344,358.071393288993,11.5,1080,358,12.1552944092319,0.655294409231901,0.655294409231901,valid,,,Shared Pattern Plane,Grad-SIFT+Top2Geo+MidGrad+極線對齊,102,1,,,1.62443940000958
55,3,1,3,1,5,55,5,1096.86968519588,358.372755403895,11.5,1097,358,13.0665050832883,1.56650508328834,1.56650508328834,valid,,,Shared Pattern Plane,Grad-SIFT+Top2Geo+MidGradInterp+極線對齊,102,1,,,1.64346180000575
56,3,1,3,2,1,45,7.5,1028.84152646514,374.576512698587,11.5,1029,375,13.8306833908918,2.33068339089179,2.33068339089179,valid,,,Shared Pattern Plane,Grad-SIFT+Top2Geo+MidGrad+極線對齊,102,1,,,1.63571100000991
57,3,1,3,2,2,47.5,7.5,1045.73133261344,374.910219020377,11.5,1046,375,13.3028291965602,1.80282919656018,1.80282919656018,valid,,,Shared Pattern Plane,Grad-SIFT+Top2Geo+MidGrad+極線對齊,102,1,,,1.57010879999143
58,3,1,3,2,3,50,7.5,1062.69252583515,375.245335797531,11.5,1063,375,13.2018936811436,1.70189368114363,1.70189368114363,valid,,,Shared Pattern Plane,Grad-SIFT+Top2Geo+MidGrad+極線對齊,102,1,,,1.58405780000612
59,3,1,3,2,4,52.5,7.5,1079.72555967959,375.581871991211,11.5,1080,376,12.4881808672396,0.988180867239617,0.988180867239617,valid,,,Shared Pattern Plane,Grad-SIFT+Top2Geo+MidGrad+極線對齊,102,1,,,1.58511529999669
60,3,1,3,2,5,55,7.5,1096.83089154633,375.919836638652,11.5,1097,376,12.6433650155877,1.1433650155877,1.1433650155877,valid,,,Shared Pattern Plane,Grad-SIFT+Top2Geo+MidGradInterp+極線對齊,102,1,,,1.58085420000134
61,3,1,3,3,1,45,10,1028.92819259908,391.914112185587,11.5,1029,392,13.7501579148132,2.25015791481318,2.25015791481318,valid,,,Shared Pattern Plane,Grad-SIFT+Top2Geo+MidGrad+極線對齊,102,1,,,1.59993600001326
62,3,1,3,3,2,47.5,10,1045.78706571097,392.283698972772,11.5,1046,392,13.7599813432935,2.25998134329354,2.25998134329354,valid,,,Shared Pattern Plane,Grad-SIFT+Top2Geo+MidGrad+極線對齊,102,1,,,1.61630969999533
63,3,1,3,3,3,50,10,1062.71706360375,392.654844985124,11.5,1063,393,13.3590143090445,1.85901430904454,1.85901430904454,valid,,,Shared Pattern Plane,Grad-SIFT+Top2Geo+MidGrad+極線對齊,102,1,,,1.53805469999497
64,3,1,3,3,4,52.5,10,1079.71863732429,393.02756011067,11.5,1080,393,13.7343103034571,2.23431030345711,2.23431030345711,valid,,,Shared Pattern Plane,Grad-SIFT+Top2Geo+MidGrad+極線對齊,102,1,,,1.55243580001115
65,3,1,3,3,5,55,10,1096.79224174137,393.401854321219,11.5,1097,393,13.5032474793534,2.00324747935344,2.00324747935344,valid,,,Shared Pattern Plane,Grad-SIFT+Top2Geo+MidGradInterp+極線對齊,102,1,,,1.67811980000988
66,3,1,3,4,1,45,12.5,1029.01454066486,409.188081994726,11.5,1029,409,13.3033922824489,1.80339228244889,1.80339228244889,valid,,,Shared Pattern Plane,Grad-SIFT+Top2Geo+MidGrad+極線對齊,102,1,,,1.68135380001331
67,3,1,3,4,2,47.5,12.5,1045.84259383606,409.593283595212,11.5,1046,410,13.3749621344871,1.87496213448714,1.87496213448714,valid,,,Shared Pattern Plane,Grad-SIFT+Top2Geo+MidGrad+極線對齊,102,1,,,1.63733749999665
68,3,1,3,4,3,50,12.5,1062.74151093855,410.000191523702,11.5,1063,410,12.660045988845,1.16004598884498,1.16004598884498,valid,,,Shared Pattern Plane,Grad-SIFT+Top2Geo+MidGrad+極線對齊,102,1,,,1.63333219999913
69,3,1,3,4,4,52.5,12.5,1079.71174053513,410.408816581111,11.5,1080,410,13.1927322334021,1.69273223340212,1.69273223340212,valid,,,Shared Pattern Plane,Grad-SIFT+Top2Geo+MidGrad+極線對齊,102,1,,,1.53065869999409
70,3,1,3,4,5,55,12.5,1096.75373498243,410.819169659703,11.5,1097,411,13.1126026899991,1.61260268999906,1.61260268999906,valid,,,Shared Pattern Plane,Grad-SIFT+Top2Geo+MidGradInterp+極線對齊,102,1,,,1.56766139999672
71,3,1,3,5,1,45,15,1029.10057241027,426.398771769561,11.5,1029,426,11.991831796394,0.491831796394028,0.491831796394028,valid,,,Shared Pattern Plane,Grad-SIFT+Top2Geo+MidGradInterp+極線對齊,102,1,,,1.54573160001019
72,3,1,3,5,2,47.5,15,1045.89791811738,426.839324727359,11.5,1046,427,12.3109089626664,0.810908962666407,0.810908962666407,valid,,,Shared Pattern Plane,Grad-SIFT+Top2Geo+MidGradInterp+極線對齊,102,1,,,1.55798539999523
73,3,1,3,5,3,50,15,1062.76586833855,427.281729467459,11.5,1063,427,12.1706086276099,0.670608627609877,0.670608627609877,valid,,,Shared Pattern Plane,Grad-SIFT+Top2Geo+MidGradInterp+極線對齊,102,1,,,1.54478679999011
74,3,1,3,5,4,52.5,15,1079.70486917073,427.725997689885,11.5,1080,428,12.5921911980501,1.09219119805009,1.09219119805009,valid,,,Shared Pattern Plane,Grad-SIFT+Top2Geo+MidGradInterp+極線對齊,102,1,,,1.55086920000031
75,3,1,3,5,5,55,15,1096.71537047683,428.17214119343,11.5,1097,428,11.7039637115238,0.203963711523814,0.203963711523814,valid,,,Shared Pattern Plane,Grad-SIFT+Top2Geo+MidGradInterp+極線對齊,102,1,,,1.52619659999618
76,4,1,4,1,1,65,5,1166.15340046846,359.591129142554,11,1166,360,10.5132837900788,-0.486716209921187,0.486716209921187,valid,,,Shared Pattern Plane,Grad-SIFT+Top2Geo+MidGrad+極線對齊,102,1,,,1.53751479998755
77,4,1,4,1,2,67.5,5,1183.66045003623,359.898995563269,11,1184,360,12.1759993028294,1.1759993028294,1.1759993028294,valid,,,Shared Pattern Plane,Grad-SIFT+Top2Geo+MidGrad+極線對齊,102,1,,,1.57206219999352
78,4,1,4,1,3,70,5,1201.24290994574,360.208188096182,11,1201,360,11.8671708573768,0.867170857376831,0.867170857376831,valid,,,Shared Pattern Plane,Grad-SIFT+Top2Geo+MidGrad+極線對齊,102,1,,,1.62452389999817
79,4,1,4,1,4,72.5,5,1218.90126848547,360.518715327986,11,1219,361,12.3568758161276,1.35687581612757,1.35687581612757,valid,,,Shared Pattern Plane,Grad-SIFT+Top2Geo+MidGrad+極線對齊,102,1,,,1.52944519999437
80,4,1,4,1,5,75,5,1236.63601816863,360.830585919663,11,1237,361,11.6178628137278,0.617862813727816,0.617862813727816,valid,,,Shared Pattern Plane,Grad-SIFT+Top2Geo+MidGrad+極線對齊,102,1,,,1.55420230000163
81,4,1,4,2,1,65,7.5,1165.98448429419,377.286163218828,11,1166,377,12.5018293960697,1.50182939606966,1.50182939606966,valid,,,Shared Pattern Plane,Grad-SIFT+Top2Geo+MidGrad+極線對齊,102,1,,,1.53368510000291
82,4,1,4,2,2,67.5,7.5,1183.45830492043,377.631408413331,11,1183,378,13.0954606694485,2.09546066944853,2.09546066944853,valid,,,Shared Pattern Plane,Grad-SIFT+Top2Geo+MidGrad+極線對齊,102,1,,,1.54494719998911
83,4,1,4,2,3,70,7.5,1201.0072511516,377.978137928559,11,1201,378,13.301638607496,2.30163860749599,2.30163860749599,valid,,,Shared Pattern Plane,Grad-SIFT+Top2Geo+MidGrad+極線對齊,102,1,,,1.61051349999616
84,4,1,4,2,4,72.5,7.5,1218.63180851532,378.326361357495,11,1219,378,12.5944147636377,1.59441476363769,1.59441476363769,valid,,,Shared Pattern Plane,Grad-SIFT+Top2Geo+MidGradInterp+極線對齊,102,1,,,1.58649010000227
85,4,1,4,2,5,75,7.5,1236.33246673212,378.676088375965,11,1236,379,13.4003272885803,2.40032728858029,2.40032728858029,valid,,,Shared Pattern Plane,Grad-SIFT+Top2Geo+MidGrad+極線對齊,102,1,,,1.51450920000207
86,4,1,4,3,1,65,10,1165.81619980375,394.915024432277,11,1166,395,13.3464053780058,2.34640537800578,2.34640537800578,valid,,,Shared Pattern Plane,Grad-SIFT+Top2Geo+MidGrad+極線對齊,102,1,,,1.50631789999898
87,4,1,4,3,2,67.5,10,1183.25691737088,395.297366640385,11,1183,395,13.5202877843848,2.52028778438481,2.52028778438481,valid,,,Shared Pattern Plane,Grad-SIFT+Top2Geo+MidGrad+極線對齊,102,1,,,1.53903010000067
88,4,1,4,3,3,70,10,1200.77247741569,395.68134957446,11,1201,396,13.3561720378948,2.35617203789476,2.35617203789476,valid,,,Shared Pattern Plane,Grad-SIFT+Top2Geo+MidGrad+極線對齊,102,1,,,1.5567638999928
89,4,1,4,3,4,72.5,10,1218.36336272575,396.066983818358,11,1218,396,13.2550368518782,2.25503685187825,2.25503685187825,valid,,,Shared Pattern Plane,Grad-SIFT+Top2Geo+MidGrad+極線對齊,102,1,,,1.5440060999972
90,4,1,4,3,5,75,10,1236.03006024996,396.454280047163,11,1236,396,12.9190875372488,1.91908753724877,1.91908753724877,valid,,,Shared Pattern Plane,Grad-SIFT+Top2Geo+MidGrad+極線對齊,102,1,,,1.54030000000785
91,4,1,4,4,1,65,12.5,1165.64854346036,412.478083283071,11,1166,412,12.6245815993745,1.62458159937447,1.62458159937447,valid,,,Shared Pattern Plane,Grad-SIFT+Top2Geo+MidGrad+極線對齊,102,1,,,1.54171460001089
92,4,1,4,4,2,67.5,12.5,1183.05628313692,412.897243117309,11,1183,413,10.5288118223211,-0.471188177678885,0.471188177678885,valid,,,Shared Pattern Plane,Grad-SIFT+Top2Geo+MidGrad+極線對齊,102,1,,,1.55461469999864
93,4,1,4,4,3,70,12.5,1200.53858376139,413.318198299775,11,1201,413,11.288983700405,0.288983700405002,0.288983700405002,valid,,,Shared Pattern Plane,Grad-SIFT+Top2Geo+MidGradInterp+極線對齊,102,1,,,1.58000950000132
94,4,1,4,4,4,72.5,12.5,1218.09592540182,413.740960389995,11,1218,414,11.3766734041028,0.376673404102833,0.376673404102833,valid,,,Shared Pattern Plane,Grad-SIFT+Top2Geo+MidGrad+極線對齊,102,1,,,1.58395350001229
95,4,1,4,4,5,75,12.5,1235.72879225642,414.165541046946,11,1236,414,11.1573629541915,0.157362954191465,0.157362954191465,valid,,,Shared Pattern Plane,Grad-SIFT+Top2Geo+MidGradInterp+極線對齊,102,1,,,1.633757100004
96,4,1,4,5,1,65,15,1165.48151175358,429.975707510639,11,1165,430,10.9535431964092,-0.0464568035907948,0.0464568035907948,valid,,,Shared Pattern Plane,Grad-SIFT+Top2Geo+MidGradInterp+極線對齊,102,1,,,1.55160289999912
97,4,1,4,5,2,67.5,15,1182.85639799963,430.431407932632,11,1183,430,9.9616707430746,-1.0383292569254,1.0383292569254,valid,,,Shared Pattern Plane,Grad-SIFT+Top2Geo+MidGradInterp+極線對齊,102,1,,,1.53007560000697
98,4,1,4,5,3,70,15,1200.30556524928,430.889056562183,11,1200,431,10.486431202444,-0.513568797555953,0.513568797555953,valid,,,Shared Pattern Plane,Grad-SIFT+Top2Geo+MidGradInterp+極線對齊,102,1,,,1.52903660001175
99,4,1,4,5,4,72.5,15,1217.82949087148,431.348665919501,11,1218,431,9.81157794063553,-1.18842205936447,1.18842205936447,valid,,,Shared Pattern Plane,Grad-SIFT+Top2Geo+MidGrad+極線對齊,102,1,,,1.51698430000397
100,4,1,4,5,5,75,15,1235.42865633437,431.810248632309,11,1235,432,10.5306479385221,-0.469352061477906,0.469352061477906,valid,,,Shared Pattern Plane,Grad-SIFT+Top2Geo+MidGrad+極線對齊,102,1,,,1.54415909999807
101,5,1,5,1,1,85,5,1308.34892904616,362.091677750438,10.5,1308,362,10.9567535939848,0.456753593984761,0.456753593984761,valid,,,Shared Pattern Plane,Grad-SIFT+Top2Geo+MidGrad+極線對齊,102,1,,,1.53847290000704
102,5,1,5,1,2,87.5,5,1326.47317324907,362.410397713462,10.5,1326,362,12.8628838089463,2.36288380894632,2.36288380894632,valid,,,Shared Pattern Plane,Grad-SIFT+Top2Geo+MidGrad+極線對齊,102,1,,,1.53332009998849
103,5,1,5,1,3,90,5,1344.67685500052,362.730514608257,10.5,1345,363,8.99059787548339,-1.50940212451661,1.50940212451661,valid,,,Shared Pattern Plane,Grad-SIFT+Top2Geo+MidGrad+極線對齊,102,1,,,1.54208070000459
104,5,1,5,1,4,92.5,5,1362.96049770305,363.052037639003,10.5,1363,363,10.4808134988914,-0.0191865011086048,0.0191865011086048,valid,,,Shared Pattern Plane,Grad-SIFT+Top2Geo+MidGrad+極線對齊,102,1,,,1.53049689999898
105,5,1,5,1,5,95,5,1381.32462936745,363.37497609092,10.5,1381,363,12.1957831847691,1.69578318476907,1.69578318476907,valid,,,Shared Pattern Plane,Grad-SIFT+Top2Geo+MidGrad+極線對齊,102,1,,,1.52481949998764
106,5,1,5,2,1,85,7.5,1307.90605184919,380.090228811741,10.5,1308,380,11.6114847755559,1.11148477555586,1.11148477555586,valid,,,Shared Pattern Plane,Grad-SIFT+Top2Geo+MidGrad+極線對齊,102,1,,,1.50486889999593
107,5,1,5,2,2,87.5,7.5,1325.99471009951,380.447621878176,10.5,1326,380,11.4039284733511,0.903928473351069,0.903928473351069,valid,,,Shared Pattern Plane,Grad-SIFT+Top2Geo+MidGrad+極線對齊,102,1,,,1.53448210000352
108,5,1,5,2,3,90,7.5,1344.16249815907,380.806578379818,10.5,1344,381,12.6055202481502,2.10552024815024,2.10552024815024,valid,,,Shared Pattern Plane,Grad-SIFT+Top2Geo+MidGrad+極線對齊,102,1,,,1.53455000001122
109,5,1,5,2,4,92.5,7.5,1362.40993640247,381.167108598154,10.5,1362,381,10.3802488065699,-0.119751193430051,0.119751193430051,valid,,,Shared Pattern Plane,Grad-SIFT+Top2Geo+MidGrad+極線對齊,102,1,,,1.5231952000031
110,5,1,5,2,5,95,7.5,1380.73754977715,381.529222905017,10.5,1381,382,10.8307053478988,0.330705347898775,0.330705347898775,valid,,,Shared Pattern Plane,Grad-SIFT+Top2Geo+MidGrad+極線對齊,102,1,,,1.51239619999251
111,5,1,5,3,1,85,10,1307.46485964799,398.020301561617,10.5,1307,398,11.5279966610406,1.02799666104063,1.02799666104063,valid,,,Shared Pattern Plane,Grad-SIFT+Top2Geo+MidGrad+極線對齊,102,1,,,1.52452319998702
112,5,1,5,3,2,87.5,10,1325.51807130351,398.416071103854,10.5,1326,398,11.7488749528758,1.24887495287581,1.24887495287581,valid,,,Shared Pattern Plane,Grad-SIFT+Top2Geo+MidGrad+極線對齊,102,1,,,1.51567569999315
113,5,1,5,3,3,90,10,1343.65010681335,398.813568653347,10.5,1344,399,11.7093534646667,1.20935346466666,1.20935346466666,valid,,,Shared Pattern Plane,Grad-SIFT+Top2Geo+MidGrad+極線對齊,102,1,,,1.56798389999312
114,5,1,5,3,4,92.5,10,1361.86148354754,399.212805552084,10.5,1362,399,10.4980461501361,-0.00195384986386671,0.00195384986386671,valid,,,Shared Pattern Plane,Grad-SIFT+Top2Geo+MidGrad+極線對齊,102,1,,,1.51340139999229
115,5,1,5,3,5,95,10,1380.15272341379,399.61379324153,10.5,1380,400,10.6358258158788,0.135825815878846,0.135825815878846,valid,,,Shared Pattern Plane,Grad-SIFT+Top2Geo+MidGrad+極線對齊,102,1,,,1.61340930000006
116,5,1,5,4,1,85,12.5,1307.0253428446,415.882286062759,10.5,1307,416,10.2612321047487,-0.238767895251287,0.238767895251287,valid,,,Shared Pattern Plane,Grad-SIFT+Top2Geo+MidGrad+極線對齊,102,1,,,1.52915990000474
117,5,1,5,4,2,87.5,12.5,1325.04324644667,416.316137994571,10.5,1325,416,10.4402358249112,-0.0597641750888265,0.0597641750888265,valid,,,Shared Pattern Plane,Grad-SIFT+Top2Geo+MidGrad+極線對齊,102,1,,,1.53950749999785
118,5,1,5,4,3,90,12.5,1343.13966971882,416.751880596425,10.5,1343,417,10.1364311192154,-0.363568880784634,0.363568880784634,valid,,,Shared Pattern Plane,Grad-SIFT+Top2Geo+MidGrad+極線對齊,102,1,,,1.53440949998912
119,5,1,5,4,4,92.5,12.5,1361.31512704956,417.189526254248,10.5,1361,417,9.67818111053722,-0.821818889462779,0.821818889462779,valid,,,Shared Pattern Plane,Grad-SIFT+Top2Geo+MidGrad+極線對齊,102,1,,,1.56337509999867
120,5,1,5,4,5,95,12.5,1379.5701373303,417.629087462392,10.5,1380,418,11.3398385871545,0.839838587154484,0.839838587154484,valid,,,Shared Pattern Plane,Grad-SIFT+Top2Geo+MidGrad+極線對齊,102,1,,,1.58076720000827
121,5,1,5,5,1,85,15,1306.58749191376,433.676569420999,10.5,1307,434,9.21287110424104,-1.28712889575896,1.28712889575896,valid,,,Shared Pattern Plane,Grad-SIFT+Top2Geo+MidGrad+極線對齊,102,1,,,1.63762139999017
122,5,1,5,5,2,87.5,15,1324.57022519373,434.148212171819,10.5,1325,434,9.02029238118653,-1.47970761881347,1.47970761881347,valid,,,Shared Pattern Plane,Grad-SIFT+Top2Geo+MidGrad+極線對齊,102,1,,,1.62090130000433
123,5,1,5,5,3,90,15,1342.63117571654,434.621906368046,10.5,1343,435,9.39344189281151,-1.10655810718849,1.10655810718849,valid,,,Shared Pattern Plane,Grad-SIFT+Top2Geo+MidGradInterp+極線對齊,102,1,,,1.61038859999098
124,5,1,5,5,4,92.5,15,1360.77085491206,435.097665423223,10.5,1361,435,9.38598418020056,-1.11401581979944,1.11401581979944,valid,,,Shared Pattern Plane,Grad-SIFT+Top2Geo+MidGradInterp+極線對齊,102,1,,,1.56876580000971
125,5,1,5,5,5,95,15,1378.9897786786,435.575502868091,10.5,1379,436,9.59110602264899,-0.908893977351006,0.908893977351006,valid,,,Shared Pattern Plane,Grad-SIFT+Top2Geo+MidGradInterp+極線對齊,102,1,,,1.55245429999195
126,6,1,6,1,1,105,5,1455.59677001529,364.681072701405,10,1456,365,,,,failed,Top2-Geo: HIGH/MID 均未通過支援點與 RANSAC 門檻,,,,102,,,,1.5385196999996
127,6,1,6,1,2,107.5,5,1474.37143153722,365.011230437037,10,1474,365,,,,failed,Top2-Geo: HIGH/MID 均未通過支援點與 RANSAC 門檻,,,,102,,,,1.53088530000241
128,6,1,6,1,3,110,5,1493.22984975406,365.342861057849,10,1493,365,,,,failed,Top2-Geo: HIGH/MID 均未通過支援點與 RANSAC 門檻,,,,102,,,,1.52074670000002
129,6,1,6,1,4,112.5,5,1512.17258639633,365.675974442033,10,1512,366,,,,failed,Top2-Geo: HIGH/MID 均未通過支援點與 RANSAC 門檻,,,,102,,,,1.5155906
130,6,1,6,1,5,115,5,1531.20020822893,366.010580556309,10,1531,366,,,,failed,Top2-Geo: HIGH/MID 均未通過支援點與 RANSAC 門檻,,,,102,,,,1.63512060001085
131,6,1,6,2,1,105,7.5,1454.86041642386,382.993731672732,10,1455,383,,,,failed,Top2-Geo: HIGH/MID 均未通過支援點與 RANSAC 門檻,,,,102,,,,1.62670210000942
132,6,1,6,2,2,107.5,7.5,1473.59694327656,383.36392523234,10,1474,383,,,,failed,Top2-Geo: HIGH/MID 均未通過支援點與 RANSAC 門檻,,,,102,,,,1.62437269999646
133,6,1,6,2,3,110,7.5,1492.41689384063,383.735767065447,10,1492,384,,,,failed,Top2-Geo: HIGH/MID 均未通過支援點與 RANSAC 門檻,,,,102,,,,1.56804969999939
134,6,1,6,2,4,112.5,7.5,1511.32082652081,384.109268204932,10,1511,384,,,,failed,Top2-Geo: HIGH/MID 均未通過支援點與 RANSAC 門檻,,,,102,,,,1.55236689999583
135,6,1,6,2,5,115,7.5,1530.30930471665,384.48443978236,10,1530,384,,,,failed,Top2-Geo: HIGH/MID 均未通過支援點與 RANSAC 門檻,,,,102,,,,1.5380914999987
136,6,1,6,3,1,105,10,1454.12691398348,401.235484278989,10,1454,401,,,,failed,Top2-Geo: HIGH/MID 均未通過支援點與 RANSAC 門檻,,,,102,,,,1.5884667999926
137,6,1,6,3,2,107.5,10,1472.82546047215,401.645401102961,10,1473,402,,,,failed,Top2-Geo: HIGH/MID 均未通過支援點與 RANSAC 門檻,,,,102,,,,1.56854540000495
138,6,1,6,3,3,110,10,1491.60709966938,402.057139517675,10,1492,402,-13.2876532041785,-23.2876532041785,23.2876532041785,valid,,,Shared Pattern Plane,Grad-SIFT+Top2Geo+HighGrad+極線對齊,102,1,,,1.56271779999952
139,6,1,6,3,4,112.5,10,1510.47238668036,402.470711692365,10,1510,402,-13.4920720524156,-23.4920720524156,23.4920720524156,valid,,,Shared Pattern Plane,Grad-SIFT+Top2Geo+HighGrad+極線對齊,102,1,,,1.55344870001136
140,6,1,6,3,5,115,10,1529.42188156583,402.886129904899,10,1529,403,,,,failed,Top2-Geo: HIGH/MID 均未通過支援點與 RANSAC 門檻,,,,102,,,,1.56643039999472
141,6,1,6,4,1,105,12.5,1453.39624616669,419.406741547143,10,1453,419,,,,failed,Top2-Geo: HIGH/MID 均未通過支援點與 RANSAC 門檻,,,,102,,,,1.55456010000489
142,6,1,6,4,2,107.5,12.5,1472.05696566352,419.856071801179,10,1472,420,,,,failed,Top2-Geo: HIGH/MID 均未通過支援點與 RANSAC 門檻,,,,102,,,,1.59725619999517
143,6,1,6,4,3,110,12.5,1490.80044883119,420.307394916275,10,1491,420,,,,failed,Top2-Geo: HIGH/MID 均未通過支援點與 RANSAC 門檻,,,,102,,,,1.60821839999699
144,6,1,6,4,4,112.5,12.5,1509.62724750122,420.760724179947,10,1510,421,,,,failed,Top2-Geo: HIGH/MID 均未通過支援點與 RANSAC 門檻,,,,102,,,,1.57424349999928
145,6,1,6,4,5,115,12.5,1528.53791842191,421.216072998101,10,1529,421,-2.65470482298288,-12.6547048229829,12.6547048229829,valid,,,Shared Pattern Plane,Grad-SIFT+Top2Geo+HighGrad+極線對齊,102,1,,,1.56058779999148
146,6,1,6,5,1,105,15,1452.66839657358,437.507911333459,10,1453,438,11.3636445830722,1.36364458307218,1.36364458307218,valid,,,Shared Pattern Plane,Grad-SIFT+Top2Geo+HighGrad+極線對齊,102,1,,,1.57575849999557
147,6,1,6,5,2,107.5,15,1471.29144152523,437.996347880501,10,1471,438,6.80787266904808,-3.19212733095192,3.19212733095192,valid,,,Shared Pattern Plane,Grad-SIFT+Top2Geo+HighGrad+極線對齊,102,1,,,1.55969609999738
148,6,1,6,5,3,110,15,1489.99692305953,438.486946535829,10,1490,438,5.29323477534525,-4.70676522465475,4.70676522465475,valid,,,Shared Pattern Plane,Grad-SIFT+Top2Geo+MidGradInterp+極線對齊,102,1,,,1.60935929999687
149,6,1,6,5,4,112.5,15,1508.78538976007,438.979721687436,10,1509,439,6.09127266353226,-3.90872733646774,3.90872733646774,valid,,,Shared Pattern Plane,Grad-SIFT+Top2Geo+MidGradInterp+極線對齊,102,1,,,1.55065560000367
150,6,1,6,5,5,115,15,1527.65739508875,439.474687851263,10,1528,439,6.7295927884571,-3.2704072115429,3.2704072115429,valid,,,Shared Pattern Plane,Grad-SIFT+Top2Geo+HighGrad+極線對齊,102,1,,,2.17597770001157
151,7,2,1,1,1,5,25,771.752020037661,485.662639075643,9.5,772,486,12.1253426953751,2.62534269537505,2.62534269537505,valid,,,Shared Pattern Plane,Grad-SIFT+Top2Geo+MidGrad+極線對齊,102,1,,,1.57438749998983
152,7,2,1,1,2,7.5,25,787.370862484738,486.205289807405,9.5,787,486,11.3781861352933,1.87818613529334,1.87818613529334,valid,,,Shared Pattern Plane,Grad-SIFT+Top2Geo+MidGrad+極線對齊,102,1,,,1.58250279999629
153,7,2,1,1,3,10,25,803.052771125769,486.750131669299,9.5,803,487,11.2498944389863,1.74989443898633,1.74989443898633,valid,,,Shared Pattern Plane,Grad-SIFT+Top2Geo+MidGrad+極線對齊,102,1,,,1.60153149999678
154,7,2,1,1,4,12.5,25,818.798128709122,487.297177959279,9.5,819,487,12.9993532198906,3.49935321989061,3.49935321989061,valid,,,Shared Pattern Plane,Grad-SIFT+Top2Geo+MidGrad+極線對齊,102,1,,,1.68201530000078
155,7,2,1,1,5,15,25,834.607321086641,487.846442083129,9.5,835,488,10.9027315916715,1.40273159167151,1.40273159167151,valid,,,Shared Pattern Plane,Grad-SIFT+Top2Geo+MidGradInterp+極線對齊,102,1,,,1.55632179998793
156,7,2,1,2,1,5,27.5,772.286477486739,502.0350668939,9.5,772,502,12.9750242935304,3.47502429353044,3.47502429353044,valid,,,Shared Pattern Plane,Grad-SIFT+Top2Geo+MidGrad+極線對齊,102,1,,,1.65550289998646
157,7,2,1,2,2,7.5,27.5,787.878901393012,502.609692263107,9.5,788,503,12.8916265352955,3.39162653529548,3.39162653529548,valid,,,Shared Pattern Plane,Grad-SIFT+Top2Geo+MidGrad+極線對齊,102,1,,,1.69312880000507
158,7,2,1,2,3,10,27.5,803.534173770151,503.186633778027,9.5,804,503,13.595657179726,4.09565717972604,4.09565717972604,valid,,,Shared Pattern Plane,Grad-SIFT+Top2Geo+MidGrad+極線對齊,102,1,,,1.59352149999177
159,7,2,1,2,4,12.5,27.5,819.252675371035,503.76590547049,9.5,819,504,10.5445743329138,1.04457433291381,1.04457433291381,valid,,,Shared Pattern Plane,Grad-SIFT+Top2Geo+MidGrad+極線對齊,102,1,,,1.56385709998722
160,7,2,1,2,5,15,27.5,835.034790030374,504.347521485903,9.5,835,504,10.5051618023641,1.00516180236414,1.00516180236414,valid,,,Shared Pattern Plane,Grad-SIFT+Top2Geo+MidGrad+極線對齊,102,1,,,1.59605179999198
161,7,2,1,3,1,5,30,772.819060419008,518.350071261136,9.5,773,518,14.0491525427789,4.5491525427789,4.5491525427789,valid,,,Shared Pattern Plane,Grad-SIFT+Top2Geo+MidGrad+極線對齊,102,1,,,1.5564405000041
162,7,2,1,3,2,7.5,30,788.385154865373,518.95644360433,9.5,788,519,14.1284737843177,4.62847378431766,4.62847378431766,valid,,,Shared Pattern Plane,Grad-SIFT+Top2Geo+MidGrad+極線對齊,102,1,,,1.60300770000322
163,7,2,1,3,3,10,30,804.013881184642,519.565255752553,9.5,804,520,9.55577609532889,0.0557760953288913,0.0557760953288913,valid,,,Shared Pattern Plane,Grad-SIFT+Top2Geo+MidGrad+極線對齊,102,1,,,1.56749489999493
164,7,2,1,3,4,12.5,30,819.705618148052,520.176522460722,9.5,820,520,12.9230945591747,3.42309455917475,3.42309455917475,valid,,,Shared Pattern Plane,Grad-SIFT+Top2Geo+MidGradInterp+極線對齊,102,1,,,1.63134199999331
165,7,2,1,3,5,15,30,835.460747587206,520.790258602968,9.5,835,521,12.4024306208851,2.90243062088508,2.90243062088508,valid,,,Shared Pattern Plane,Grad-SIFT+Top2Geo+MidGradInterp+極線對齊,102,1,,,1.55406189999485
166,7,2,1,4,1,5,32.5,773.349778679018,534.607953752684,9.5,773,535,8.62691709627822,-0.87308290372178,0.87308290372178,valid,,,Shared Pattern Plane,Grad-SIFT+Top2Geo+MidGrad+極線對齊,102,1,,,1.60301340000296
167,7,2,1,4,2,7.5,32.5,788.889632297332,535.24584720887,9.5,789,535,11.5441014402934,2.04410144029345,2.04410144029345,valid,,,Shared Pattern Plane,Grad-SIFT+Top2Geo+MidGrad+極線對齊,102,1,,,1.59503419999965
168,7,2,1,4,3,10,32.5,804.491902307977,535.886302787531,9.5,804,536,4.12461299842247,-5.37538700157753,5.37538700157753,valid,,,Shared Pattern Plane,Grad-SIFT+Top2Geo+MidGradInterp+極線對齊,102,1,,,1.62541079999937
169,7,2,1,4,4,12.5,32.5,820.156965514272,536.52933595602,9.5,820,537,10.8556019538845,1.35560195388453,1.35560195388453,valid,,,Shared Pattern Plane,Grad-SIFT+Top2Geo+MidGradInterp+極線對齊,102,1,,,1.6264446000132
170,7,2,1,4,5,15,32.5,835.885201758629,537.174962306437,9.5,836,537,11.7642636166526,2.26426361665258,2.26426361665258,valid,,,Shared Pattern Plane,Grad-SIFT+Top2Geo+MidGradInterp+極線對齊,102,1,,,1.60832200000004
171,7,2,1,5,1,5,35,773.878642042504,550.809013835821,9.5,774,551,5.51377521440032,-3.98622478559968,3.98622478559968,valid,,,Shared Pattern Plane,Grad-SIFT+Top2Geo+MidGradInterp+極線對齊,102,1,,,1.58920529999887
172,7,2,1,5,2,7.5,35,789.392343018591,551.478204329628,9.5,789,551,10.3568195354941,0.856819535494056,0.856819535494056,valid,,,Shared Pattern Plane,Grad-SIFT+Top2Geo+MidGrad+極線對齊,102,1,,,1.58131939999294
173,7,2,1,5,3,10,35,804.968246016155,552.150077935707,9.5,805,552,11.1620885237834,1.66208852378335,1.66208852378335,valid,,,Shared Pattern Plane,Grad-SIFT+Top2Geo+MidGrad+極線對齊,102,1,,,1.55121570000483
174,7,2,1,5,4,12.5,35,820.606725884205,552.824650823338,9.5,821,553,9.89933958993276,0.39933958993276,0.39933958993276,valid,,,Shared Pattern Plane,Grad-SIFT+Top2Geo+MidGradInterp+極線對齊,102,1,,,1.56961690000026
175,7,2,1,5,5,15,35,836.308160489752,553.501939291987,9.5,836,554,9.5754629989221,0.075462998922097,0.075462998922097,valid,,,Shared Pattern Plane,Grad-SIFT+Top2Geo+MidGradInterp+極線對齊,102,1,,,1.57382940000389
176,8,2,2,1,1,25,25,898.490265972785,490.065948868415,9,898,490,12.2501652075768,3.25016520757677,3.25016520757677,valid,,,Shared Pattern Plane,Grad-SIFT+Top2Geo+MidGrad+極線對齊,102,1,,,1.58335590000206
177,8,2,2,1,2,27.5,25,914.624530948478,490.626507099614,9,915,491,11.2567021550517,2.25670215505171,2.25670215505171,valid,,,Shared Pattern Plane,Grad-SIFT+Top2Geo+MidGrad+極線對齊,102,1,,,1.56468159999349
178,8,2,2,1,3,30,25,930.825012794708,491.189365925967,9,931,491,10.409160476994,1.40916047699403,1.40916047699403,valid,,,Shared Pattern Plane,Grad-SIFT+Top2Geo+MidGrad+極線對齊,102,1,,,1.55251419999695
179,8,2,2,1,4,32.5,25,947.092119992126,491.754539539457,9,947,492,11.6276825928313,2.62768259283134,2.62768259283134,valid,,,Shared Pattern Plane,Grad-SIFT+Top2Geo+MidGradInterp+極線對齊,102,1,,,1.56857579998905
180,8,2,2,1,5,35,25,963.426264388103,492.322042249035,9,963,492,11.1583690380581,2.15836903805815,2.15836903805815,valid,,,Shared Pattern Plane,Grad-SIFT+Top2Geo+MidGradInterp+極線對齊,102,1,,,1.64753509999719
181,8,2,2,2,1,25,27.5,898.807165570719,506.69771572513,9,899,507,11.6891105710854,2.68911057108538,2.68911057108538,valid,,,Shared Pattern Plane,Grad-SIFT+Top2Geo+MidGrad+極線對齊,102,1,,,1.54554279999866
182,8,2,2,2,2,27.5,27.5,914.913213115436,507.29126959286,9,915,507,,,,failed,Top2-Geo: HIGH/MID 均未通過支援點與 RANSAC 門檻,,,,102,,,,1.54868279999937
183,8,2,2,2,3,30,27.5,931.085243221844,507.887255106503,9,931,508,10.3799107915946,1.3799107915946,1.3799107915946,valid,,,Shared Pattern Plane,Grad-SIFT+Top2Geo+MidGradInterp+極線對齊,102,1,,,1.54240829999617
184,8,2,2,2,4,32.5,27.5,947.323662193982,508.485687239525,9,947,508,10.8360482863752,1.83604828637515,1.83604828637515,valid,,,Shared Pattern Plane,Grad-SIFT+Top2Geo+MidGradInterp+極線對齊,102,1,,,1.53782090000459
185,8,2,2,2,5,35,27.5,963.628879678639,509.08658108858,9,964,509,10.5955404399317,1.59554043993166,1.59554043993166,valid,,,Shared Pattern Plane,Grad-SIFT+Top2Geo+MidGradInterp+極線對齊,102,1,,,1.59052660000452
186,8,2,2,3,1,25,30,899.12293559122,523.270199235849,9,899,523,7.87343788895706,-1.12656211104294,1.12656211104294,valid,,,Shared Pattern Plane,Grad-SIFT+Top2Geo+MidGrad+極線對齊,102,1,,,1.6152160000056
187,8,2,2,3,2,27.5,30,915.200864185287,523.896509918267,9,915,524,,,,failed,Top2-Geo: HIGH/MID 均未通過支援點與 RANSAC 門檻,,,,102,,,,1.57342250000511
188,8,2,2,3,3,30,30,931.344542273528,524.525381851677,9,931,525,7.31068841257219,-1.68931158742781,1.68931158742781,valid,,,Shared Pattern Plane,Grad-SIFT+Top2Geo+MidGrad+極線對齊,102,1,,,1.60186819999944
189,8,2,2,3,4,32.5,30,947.554373998806,525.156830779338,9,948,525,8.74984397364678,-0.250156026353224,0.250156026353224,valid,,,Shared Pattern Plane,Grad-SIFT+Top2Geo+MidGradInterp+極線對齊,102,1,,,2.21326789999148
190,8,2,2,3,5,35,30,963.830766822979,525.7908725738,9,964,526,6.56946578035455,-2.43053421964545,2.43053421964545,valid,,,Shared Pattern Plane,Grad-SIFT+Top2Geo+MidGradInterp+極線對齊,102,1,,,1.61273670000082
191,8,2,2,4,1,25,32.5,899.437582063052,539.783715806756,9,899,540,10.0838930338635,1.08389303386348,1.08389303386348,valid,,,Shared Pattern Plane,Grad-SIFT+Top2Geo+MidGrad+極線對齊,102,1,,,1.58893250000256
192,8,2,2,4,2,27.5,32.5,915.487489672396,540.442546403739,9,915,540,9.11797275967096,0.117972759670964,0.117972759670964,valid,,,Shared Pattern Plane,Grad-SIFT+Top2Geo+MidGrad+極線對齊,102,1,,,1.61117409999133
193,8,2,2,4,3,30,32.5,931.602914940976,541.104066426706,9,932,541,8.14906431217045,-0.850935687829555,0.850935687829555,valid,,,Shared Pattern Plane,Grad-SIFT+Top2Geo+MidGradInterp+極線對齊,102,1,,,1.57955960000982
194,8,2,2,4,4,32.5,32.5,947.784259865775,541.768292377177,9,948,542,8.66037205846118,-0.33962794153882,0.33962794153882,valid,,,Shared Pattern Plane,Grad-SIFT+Top2Geo+MidGradInterp+極線對齊,102,1,,,1.59379790000094
195,8,2,2,4,5,35,32.5,964.03192973923,542.435240891951,9,964,542,7.26167581836781,-1.73832418163219,1.73832418163219,valid,,,Shared Pattern Plane,Grad-SIFT+Top2Geo+MidGradInterp+極線對齊,102,1,,,1.56107989999873
196,8,2,2,5,1,25,35,899.751110972152,556.238579596407,9,900,556,6.9539733118368,-2.0460266881632,2.0460266881632,valid,,,Shared Pattern Plane,Grad-SIFT+Top2Geo+MidGrad+極線對齊,102,1,,,1.6379128999979
197,8,2,2,5,2,27.5,35,915.773095051878,556.929695111306,9,916,557,8.61751787025393,-0.382482129746066,0.382482129746066,valid,,,Shared Pattern Plane,Grad-SIFT+Top2Geo+MidGrad+極線對齊,102,1,,,1.65615579999576
198,8,2,2,5,3,30,35,931.860366179801,557.623626812497,9,932,558,7.84199759864339,-1.15800240135661,1.15800240135661,valid,,,Shared Pattern Plane,Grad-SIFT+Top2Geo+MidGradInterp+極線對齊,102,1,,,1.64538619999075
199,8,2,2,5,4,32.5,35,948.013324222193,558.320391948391,9,948,558,7.30398798474379,-1.69601201525621,1.69601201525621,valid,,,Shared Pattern Plane,Grad-SIFT+Top2Geo+MidGradInterp+極線對齊,102,1,,,1.55139009999402
200,8,2,2,5,5,35,35,964.232372317443,559.020007908546,9,964,559,7.25052642633326,-1.74947357366674,1.74947357366674,valid,,,Shared Pattern Plane,Grad-SIFT+Top2Geo+MidGradInterp+極線對齊,102,1,,,1.58904350000375
201,9,2,3,1,1,45,25,1029.4415706988,494.615634389323,8.5,1029,495,9.27968974362623,0.779689743626227,0.779689743626227,valid,,,Shared Pattern Plane,Grad-SIFT+Top2Geo+MidGradInterp+極線對齊,102,1,,,1.57260059998953
202,9,2,3,1,2,47.5,25,1046.11719909072,495.195001393001,8.5,1046,495,9.29609483046313,0.796094830463129,0.796094830463129,valid,,,Shared Pattern Plane,Grad-SIFT+Top2Geo+MidGradInterp+極線對齊,102,1,,,1.60562750000099
203,9,2,3,1,3,50,25,1062.86240844353,495.776785871563,8.5,1063,496,9.02106808147968,0.521068081479676,0.521068081479676,valid,,,Shared Pattern Plane,Grad-SIFT+Top2Geo+MidGradInterp+極線對齊,102,1,,,1.58919449998939
204,9,2,3,1,4,52.5,25,1079.67763516946,496.361002987428,8.5,1080,496,9.00245642028683,0.502456420286828,0.502456420286828,valid,,,Shared Pattern Plane,Grad-SIFT+Top2Geo+MidGradInterp+極線對齊,102,1,,,1.59928039999795
205,9,2,3,1,5,55,25,1096.56331933796,496.947668030077,8.5,1097,497,8.84655340521001,0.346553405210015,0.346553405210015,valid,,,Shared Pattern Plane,Grad-SIFT+Top2Geo+MidGradInterp+極線對齊,102,1,,,1.60607950000849
206,9,2,3,2,1,45,27.5,1029.52604661569,511.5150799614,8.5,1030,512,9.04459604428446,0.544596044284457,0.544596044284457,valid,,,Shared Pattern Plane,Grad-SIFT+Top2Geo+MidGradInterp+極線對齊,102,1,,,1.63079490000382
207,9,2,3,2,2,47.5,27.5,1046.17152079656,512.128513241839,8.5,1046,512,8.96545793878822,0.465457938788225,0.465457938788225,valid,,,Shared Pattern Plane,Grad-SIFT+Top2Geo+MidGradInterp+極線對齊,102,1,,,1.55295640000259
208,9,2,3,2,3,50,27.5,1062.8863235278,512.744501477433,8.5,1063,513,8.94414825735641,0.444148257356407,0.444148257356407,valid,,,Shared Pattern Plane,Grad-SIFT+Top2Geo+MidGradInterp+極線對齊,102,1,,,1.6190351999976
209,9,2,3,2,4,52.5,27.5,1079.67088884434,513.363060663611,8.5,1080,513,8.62031702493507,0.120317024935074,0.120317024935074,valid,,,Shared Pattern Plane,Grad-SIFT+Top2Geo+MidGradInterp+極線對齊,102,1,,,1.60387110000011
210,9,2,3,2,5,55,27.5,1096.52565441177,513.984206929599,8.5,1097,514,8.5804207404285,0.0804207404285044,0.0804207404285044,valid,,,Shared Pattern Plane,Grad-SIFT+Top2Geo+MidGradInterp+極線對齊,102,1,,,1.58312239999941
211,9,2,3,3,1,45,30,1029.61021643449,528.353290470745,8.5,1030,528,7.85138465037818,-0.648615349621816,0.648615349621816,valid,,,Shared Pattern Plane,Grad-SIFT+Top2Geo+MidGradInterp+極線對齊,102,1,,,1.55909510000492
212,9,2,3,3,2,47.5,30,1046.22564525964,529.000539306642,8.5,1046,529,7.78230919191813,-0.717690808081869,0.717690808081869,valid,,,Shared Pattern Plane,Grad-SIFT+Top2Geo+MidGradInterp+極線對齊,102,1,,,1.57398919999832
213,9,2,3,3,3,50,30,1062.9101515956,529.650479035379,8.5,1063,530,8.48852396102428,-0.0114760389757222,0.0114760389757222,valid,,,Shared Pattern Plane,Grad-SIFT+Top2Geo+MidGradInterp+極線對齊,102,1,,,1.56569339999987
214,9,2,3,3,4,52.5,30,1079.66416711726,530.303126472716,8.5,1080,530,8.05332898059693,-0.446671019403075,0.446671019403075,valid,,,Shared Pattern Plane,Grad-SIFT+Top2Geo+MidGradInterp+極線對齊,102,1,,,1.54469369999424
215,9,2,3,3,5,55,30,1096.4881271038,530.958498574818,8.5,1096,531,8.05781984512355,-0.442180154876448,0.442180154876448,valid,,,Shared Pattern Plane,Grad-SIFT+Top2Geo+MidGradInterp+極線對齊,102,1,,,1.55383639999491
216,9,2,3,4,1,45,32.5,1029.6940818159,545.130598142899,8.5,1030,545,6.31259162303391,-2.18740837696609,2.18740837696609,valid,,,Shared Pattern Plane,Grad-SIFT+Top2Geo+MidGradInterp+極線對齊,102,1,,,1.72191659999953
217,9,2,3,4,2,47.5,32.5,1046.27957355229,545.811413863955,8.5,1046,546,6.83117097045948,-1.66882902954052,1.66882902954052,valid,,,Shared Pattern Plane,Grad-SIFT+Top2Geo+MidGradInterp+極線對齊,102,1,,,1.58795129999635
218,9,2,3,4,3,50,32.5,1062.933893121,546.495054889865,8.5,1063,546,6.52951209193709,-1.97048790806291,1.97048790806291,valid,,,Shared Pattern Plane,Grad-SIFT+Top2Geo+MidGradInterp+極線對齊,102,1,,,1.60271570000623
219,9,2,3,4,4,52.5,32.5,1079.65746985394,547.181538844217,8.5,1080,547,6.37104275807671,-2.12895724192329,2.12895724192329,valid,,,Shared Pattern Plane,Grad-SIFT+Top2Geo+MidGradInterp+極線對齊,102,1,,,1.59793209999043
220,9,2,3,4,5,55,32.5,1096.4507366612,547.870883497484,8.5,1096,548,6.76575888356615,-1.73424111643385,1.73424111643385,valid,,,Shared Pattern Plane,Grad-SIFT+Top2Geo+MidGradInterp+極線對齊,102,1,,,1.5654358999891
221,9,2,3,5,1,45,35,1029.77764440864,561.847332804458,8.5,1030,562,6.14041789032797,-2.35958210967203,2.35958210967203,valid,,,Shared Pattern Plane,Grad-SIFT+Top2Geo+MidGradInterp+極線對齊,102,1,,,1.52814809999836
222,9,2,3,5,2,47.5,35,1046.3333067391,562.561468771581,8.5,1046,563,6.0937120534449,-2.4062879465551,2.4062879465551,valid,,,Shared Pattern Plane,Grad-SIFT+Top2Geo+MidGradInterp+極線對齊,102,1,,,1.54746780000278
223,9,2,3,5,3,50,35,1062.95754857462,563.278562946609,8.5,1063,563,6.46685607384097,-2.03314392615903,2.03314392615903,valid,,,Shared Pattern Plane,Grad-SIFT+Top2Geo+MidGradInterp+極線對齊,102,1,,,1.5313349999924
224,9,2,3,5,4,52.5,35,1079.65079692105,563.998633748632,8.5,1080,564,6.36123426912738,-2.13876573087262,2.13876573087262,valid,,,Shared Pattern Plane,Grad-SIFT+Top2Geo+MidGradInterp+極線對齊,102,1,,,1.53664000000572
225,9,2,3,5,5,55,35,1096.41348233659,564.721699749972,8.5,1096,565,6.45147747995478,-2.04852252004522,2.04852252004522,valid,,,Shared Pattern Plane,Grad-SIFT+Top2Geo+MidGradInterp+極線對齊,102,1,,,1.53229120001197
226,10,2,4,1,1,65,25,1164.81956199283,499.319117780564,8,1165,499,8.31812791018827,0.318127910188274,0.318127910188274,valid,,,Shared Pattern Plane,Grad-SIFT+Top2Geo+MidGradInterp+極線對齊,102,1,,,1.54690099999425
227,10,2,4,1,2,67.5,25,1182.0642651333,499.918256340922,8,1182,500,8.17702724488599,0.177027244885991,0.177027244885991,valid,,,Shared Pattern Plane,Grad-SIFT+Top2Geo+MidGradInterp+極線對齊,102,1,,,1.57539099999121
228,10,2,4,1,3,70,25,1199.38214511885,500.519937309187,8,1199,501,7.8309116413459,-0.169088358654104,0.169088358654104,valid,,,Shared Pattern Plane,Grad-SIFT+Top2Geo+MidGradInterp+極線對齊,102,1,,,1.53197039999941
229,10,2,4,1,4,72.5,25,1216.77366872206,501.124176902597,8,1217,501,7.89041356136494,-0.109586438635056,0.109586438635056,valid,,,Shared Pattern Plane,Grad-SIFT+Top2Geo+MidGradInterp+極線對齊,102,1,,,1.53821410000091
230,10,2,4,1,5,75,25,1234.23930669383,501.730991476608,8,1234,502,7.8866296501689,-0.113370349831103,0.113370349831103,valid,,,Shared Pattern Plane,Grad-SIFT+Top2Geo+MidGradInterp+極線對齊,102,1,,,1.5304446000082
231,10,2,4,2,1,65,27.5,1164.65560171811,516.494990138183,8,1165,516,7.97017618499317,-0.029823815006826,0.029823815006826,valid,,,Shared Pattern Plane,Grad-SIFT+Top2Geo+MidGradInterp+極線對齊,102,1,,,1.56468679998943
232,10,2,4,2,2,67.5,27.5,1181.86806328601,517.129318523743,8,1182,517,7.4031091260184,-0.596890873981598,0.596890873981598,valid,,,Shared Pattern Plane,Grad-SIFT+Top2Geo+MidGradInterp+極線對齊,102,1,,,1.54228219999641
233,10,2,4,2,3,70,27.5,1199.15342950601,517.766333654024,8,1199,518,7.44040241426292,-0.559597585737077,0.559597585737077,valid,,,Shared Pattern Plane,Grad-SIFT+Top2Geo+MidGradInterp+極線對齊,102,1,,,1.55311609999626
234,10,2,4,2,4,72.5,27.5,1216.51216455068,518.406052635112,8,1217,518,6.84986845656127,-1.15013154343873,1.15013154343873,valid,,,Shared Pattern Plane,Grad-SIFT+Top2Geo+MidGradInterp+極線對齊,102,1,,,1.54612030000135
235,10,2,4,2,5,75,27.5,1233.9447365414,519.048492718617,8,1234,519,7.25654773571075,-0.743452264289245,0.743452264289245,valid,,,Shared Pattern Plane,Grad-SIFT+Top2Geo+MidGradInterp+極線對齊,102,1,,,1.54729810000572
236,10,2,4,3,1,65,30,1164.49224555734,533.607577751073,8,1164,534,7.26387124662681,-0.736128753373186,0.736128753373186,valid,,,Shared Pattern Plane,Grad-SIFT+Top2Geo+MidGradInterp+極線對齊,102,1,,,1.56448280000768
237,10,2,4,3,2,67.5,30,1181.67258587213,534.276832537457,8,1182,534,6.87102739410218,-1.12897260589782,1.12897260589782,valid,,,Shared Pattern Plane,Grad-SIFT+Top2Geo+MidGradInterp+極線對齊,102,1,,,1.79314409999643
238,10,2,4,3,3,70,30,1198.92556016183,534.948916757629,8,1199,535,7.0208427257753,-0.979157274224701,0.979157274224701,valid,,,Shared Pattern Plane,Grad-SIFT+Top2Geo+MidGradInterp+極線對齊,102,1,,,1.56078879999404
239,10,2,4,3,4,72.5,30,1216.25163001831,535.623848392755,8,1216,536,6.99834945886459,-1.00165054113541,1.00165054113541,valid,,,Shared Pattern Plane,Grad-SIFT+Top2Geo+MidGradInterp+極線對齊,102,1,,,1.54984079999849
240,10,2,4,3,5,75,30,1233.65126095297,536.301645576686,8,1234,536,6.66656291795417,-1.33343708204583,1.33343708204583,valid,,,Shared Pattern Plane,Grad-SIFT+Top2Geo+MidGradInterp+極線對齊,102,1,,,1.57170739999856
241,10,2,4,4,1,65,32.5,1164.32949017787,550.657229736377,8,1164,551,6.38866446086683,-1.61133553913317,1.61133553913317,valid,,,Shared Pattern Plane,Grad-SIFT+Top2Geo+MidGradInterp+極線對齊,102,1,,,1.57647020000149
242,10,2,4,4,2,67.5,32.5,1181.4778288868,551.361149690551,8,1181,551,6.96504691012635,-1.03495308987365,1.03495308987365,valid,,,Shared Pattern Plane,Grad-SIFT+Top2Geo+MidGradInterp+極線對齊,102,1,,,1.56470840000839
243,10,2,4,4,3,70,32.5,1198.69853239807,552.068040138207,8,1199,552,6.31955647021804,-1.68044352978196,1.68044352978196,valid,,,Shared Pattern Plane,Grad-SIFT+Top2Geo+MidGradInterp+極線對齊,102,1,,,1.60084850000567
244,10,2,4,4,4,72.5,32.5,1215.99205974189,552.777919922016,8,1216,553,6.07754822238289,-1.92245177761711,1.92245177761711,valid,,,Shared Pattern Plane,Grad-SIFT+Top2Geo+MidGradInterp+極線對齊,102,1,,,1.61834439999075
245,10,2,4,4,5,75,32.5,1233.35887383907,553.490808044355,8,1233,553,6.0774828836013,-1.9225171163987,1.9225171163987,valid,,,Shared Pattern Plane,Grad-SIFT+Top2Geo+MidGradInterp+極線對齊,102,1,,,1.58521830000973
246,10,2,4,5,1,65,35,1164.16733227149,567.644292648026,8,1164,568,5.58607633374599,-2.41392366625401,2.41392366625401,valid,,,Shared Pattern Plane,Grad-SIFT+Top2Geo+MidGradInterp+極線對齊,102,1,,,1.60335900000064
247,10,2,4,5,2,67.5,35,1181.28378835467,568.382618706791,8,1181,568,5.23235445621768,-2.76764554378232,2.76764554378232,valid,,,Shared Pattern Plane,Grad-SIFT+Top2Geo+MidGrad+極線對齊,102,1,,,1.57558399999107
248,10,2,4,5,3,70,35,1198.47234156105,569.124054707506,8,1198,569,6.10248546305513,-1.89751453694487,1.89751453694487,valid,,,Shared Pattern Plane,Grad-SIFT+Top2Geo+MidGradInterp+極線對齊,102,1,,,1.62714729999425
249,10,2,4,5,4,72.5,35,1215.73344837814,569.868620340967,8,1216,570,5.15478373257245,-2.84521626742755,2.84521626742755,valid,,,Shared Pattern Plane,Grad-SIFT+Top2Geo+MidGradInterp+極線對齊,102,1,,,1.5606584000052
250,10,2,4,5,5,75,35,1233.06756915532,570.616335464552,8,1233,571,5.71751011460308,-2.28248988539692,2.28248988539692,valid,,,Shared Pattern Plane,Grad-SIFT+Top2Geo+MidGradInterp+極線對齊,102,1,,,1.59923239999625
251,11,2,5,1,1,85,25,1304.85255891965,504.184331608715,7.5,1305,504,7.59725423338086,0.0972542333808635,0.0972542333808635,valid,,,Shared Pattern Plane,Grad-SIFT+Top2Geo+MidGradInterp+極線對齊,102,1,,,1.55064209998818
252,11,2,5,1,2,87.5,25,1322.69597224298,504.804271359683,7.5,1323,505,7.41048333727247,-0.0895166627275312,0.0895166627275312,valid,,,Shared Pattern Plane,Grad-SIFT+Top2Geo+MidGradInterp+極線對齊,102,1,,,1.58417719999852
253,11,2,5,1,3,90,25,1340.61641040227,505.426887210607,7.5,1341,505,7.56489551452395,0.0648955145239531,0.0648955145239531,valid,,,Shared Pattern Plane,Grad-SIFT+Top2Geo+MidGradInterp+極線對齊,102,1,,,1.66430679999758
254,11,2,5,1,4,92.5,25,1358.61437321709,506.052196526889,7.5,1359,506,7.40119424340924,-0.0988057565907585,0.0988057565907585,valid,,,Shared Pattern Plane,Grad-SIFT+Top2Geo+MidGrad+極線對齊,102,1,,,1.63902899999812
255,11,2,5,1,5,95,25,1376.69036484088,506.680216824502,7.5,1377,507,6.93543835936479,-0.564561640635206,0.564561640635206,valid,,,Shared Pattern Plane,Grad-SIFT+Top2Geo+MidGrad+極線對齊,102,1,,,1.58027429999493
256,11,2,5,2,1,85,27.5,1304.42289697194,521.645814289779,7.5,1304,522,7.44736851558017,-0.0526314844198321,0.0526314844198321,valid,,,Shared Pattern Plane,Grad-SIFT+Top2Geo+MidGradInterp+極線對齊,102,1,,,1.59860340000887
257,11,2,5,2,2,87.5,27.5,1322.23181669762,522.30212386256,7.5,1322,522,6.94869301716161,-0.551306982838395,0.551306982838395,valid,,,Shared Pattern Plane,Grad-SIFT+Top2Geo+MidGradInterp+極線對齊,102,1,,,1.68538130000525
258,11,2,5,2,3,90,27.5,1340.11746741712,522.961261191688,7.5,1340,523,7.51101624295279,0.0110162429527909,0.0110162429527909,valid,,,Shared Pattern Plane,Grad-SIFT+Top2Geo+MidGradInterp+極線對齊,102,1,,,1.79717830001027
259,11,2,5,2,4,92.5,27.5,1358.08034610248,523.623244592001,7.5,1358,524,7.83388726070908,0.333887260709077,0.333887260709077,valid,,,Shared Pattern Plane,Grad-SIFT+Top2Geo+MidGrad+極線對齊,102,1,,,1.57622080000874
260,11,2,5,2,5,95,27.5,1376.12095402671,524.288092536843,7.5,1376,524,6.31628135491444,-1.18371864508556,1.18371864508556,valid,,,Shared Pattern Plane,Grad-SIFT+Top2Geo+MidGrad+極線對齊,102,1,,,1.60597669999697
261,11,2,5,3,1,85,30,1303.99484523533,539.041857912984,7.5,1304,539,6.88105767202354,-0.618942327976464,0.618942327976464,valid,,,Shared Pattern Plane,Grad-SIFT+Top2Geo+MidGradInterp+極線對齊,102,1,,,1.56516149999516
262,11,2,5,3,2,87.5,30,1321.76940436461,539.734260307534,7.5,1322,540,5.47471277428325,-2.02528722571675,2.02528722571675,valid,,,Shared Pattern Plane,Grad-SIFT+Top2Geo+MidGradInterp+極線對齊,102,1,,,1.6264164000022
263,11,2,5,3,3,90,30,1339.62040232352,540.429640352797,7.5,1340,540,6.91654267819795,-0.583457321802052,0.583457321802052,valid,,,Shared Pattern Plane,Grad-SIFT+Top2Geo+MidGradInterp+極線對齊,102,1,,,1.54769609999494
264,11,2,5,3,4,92.5,30,1357.54833325808,541.128017298078,7.5,1358,541,5.6226674467439,-1.8773325532561,1.8773325532561,valid,,,Shared Pattern Plane,Grad-SIFT+Top2Geo+MidGrad+極線對齊,102,1,,,1.62663550001162
265,11,2,5,3,5,95,30,1375.55369558282,541.829410558958,7.5,1376,542,3.21827578688526,-4.28172421311474,4.28172421311474,valid,,,Shared Pattern Plane,Grad-SIFT+Top2Geo+MidGrad+極線對齊,102,1,,,1.5781707999995
266,11,2,5,4,1,85,32.5,1303.56839467505,556.372829651716,7.5,1304,556,5.89998490378686,-1.60001509621314,1.60001509621314,valid,,,Shared Pattern Plane,Grad-SIFT+Top2Geo+MidGradInterp+極線對齊,102,1,,,1.75404099999287
267,11,2,5,4,2,87.5,32.5,1321.30872544199,557.101050211881,7.5,1321,557,5.83435993653345,-1.66564006346655,1.66564006346655,valid,,,Shared Pattern Plane,Grad-SIFT+Top2Geo+MidGradInterp+極線對齊,102,1,,,1.67830729999696
268,11,2,5,4,3,90,32.5,1339.12520453952,557.832396575091,7.5,1339,558,6.41778504599831,-1.08221495400169,1.08221495400169,valid,,,Shared Pattern Plane,Grad-SIFT+Top2Geo+MidGradInterp+極線對齊,102,1,,,1.69448940000439
269,11,2,5,4,4,92.5,32.5,1357.01832330907,558.56688891036,7.5,1357,559,5.77849419276165,-1.72150580723835,1.72150580723835,valid,,,Shared Pattern Plane,Grad-SIFT+Top2Geo+MidGrad+極線對齊,102,1,,,1.69341740000527
270,11,2,5,4,5,95,32.5,1374.98857732833,559.304547560592,7.5,1375,559,3.57663639695836,-3.92336360304164,3.92336360304164,valid,,,Shared Pattern Plane,Grad-SIFT+Top2Geo+MidGrad+極線對齊,102,1,,,1.56953219999559
271,11,2,5,5,1,85,35,1303.14353632378,573.639093937578,7.5,1303,574,5.6849405641401,-1.8150594358599,1.8150594358599,valid,,,Shared Pattern Plane,Grad-SIFT+Top2Geo+MidGradInterp+極線對齊,102,1,,,1.52847410000686
272,11,2,5,5,2,87.5,35,1320.84977020113,574.402860327694,7.5,1321,574,5.86943747983273,-1.63056252016727,1.63056252016727,valid,,,Shared Pattern Plane,Grad-SIFT+Top2Geo+MidGrad+極線對齊,102,1,,,1.55581949999032
273,11,2,5,5,3,90,35,1338.63186356255,575.169898950895,7.5,1339,575,4.62498967818856,-2.87501032181144,2.87501032181144,valid,,,Shared Pattern Plane,Grad-SIFT+Top2Geo+MidGradInterp+極線對齊,102,1,,,1.55618339999637
274,11,2,5,5,4,92.5,35,1356.49030496608,575.940230881353,7.5,1356,576,4.00834303898402,-3.49165696101598,3.49165696101598,valid,,,Shared Pattern Plane,Grad-SIFT+Top2Geo+MidGradInterp+極線對齊,102,1,,,1.54685879999306
275,11,2,5,5,5,95,35,1374.42558717406,576.713877374593,7.5,1374,577,4.12040960470335,-3.37959039529665,3.37959039529665,valid,,,Shared Pattern Plane,Grad-SIFT+Top2Geo+MidGrad+極線對齊,102,1,,,1.51178699999582
276,12,2,6,1,1,105,25,1449.78485683309,509.219763509973,7,1450,509,9.97999665970711,2.97999665970711,2.97999665970711,valid,,,Shared Pattern Plane,Grad-SIFT+Top2Geo+MidGrad+極線對齊,102,1,,,1.55075870000292
277,12,2,6,1,2,107.5,25,1468.25870981833,509.861606839585,7,1468,510,10.237662487651,3.23766248765098,3.23766248765098,valid,,,Shared Pattern Plane,Grad-SIFT+Top2Geo+MidGrad+極線對齊,102,1,,,1.5422164999909
278,12,2,6,1,3,110,25,1486.81371022399,510.506269501501,7,1487,511,10.2714926394348,3.27149263943485,3.27149263943485,valid,,,Shared Pattern Plane,Grad-SIFT+Top2Geo+MidGrad+極線對齊,102,1,,,1.58119539999461
279,12,2,6,1,4,112.5,25,1505.45039389373,511.15377011272,7,1505,511,10.1074675792584,3.10746757925835,3.10746757925835,valid,,,Shared Pattern Plane,Grad-SIFT+Top2Geo+MidGrad+極線對齊,102,1,,,1.52306930000486
280,12,2,6,1,5,115,25,1524.16930139941,511.804127454512,7,1524,512,9.78800423946689,2.78800423946689,2.78800423946689,valid,,,Shared Pattern Plane,Grad-SIFT+Top2Geo+MidGrad+極線對齊,102,1,,,1.5470736999996
281,12,2,6,2,1,105,27.5,1449.07085673649,526.976504872874,7,1449,527,,,,failed,Top2-Geo: HIGH/MID 均未通過支援點與 RANSAC 門檻,,,,102,,,,1.51819620000606
282,12,2,6,2,2,107.5,27.5,1467.50778378413,527.655958309716,7,1468,528,9.24488405489349,2.24488405489349,2.24488405489349,valid,,,Shared Pattern Plane,Grad-SIFT+Top2Geo+MidGrad+極線對齊,102,1,,,1.54768730000069
283,12,2,6,2,3,110,27.5,1486.0255406843,528.338390557557,7,1486,528,11.6177550739245,4.61775507392445,4.61775507392445,valid,,,Shared Pattern Plane,Grad-SIFT+Top2Geo+MidGrad+極線對齊,102,1,,,1.55567789998895
284,12,2,6,2,4,112.5,27.5,1504.62466015744,529.023821248669,7,1505,529,9.89894885573548,2.89894885573548,2.89894885573548,valid,,,Shared Pattern Plane,Grad-SIFT+Top2Geo+MidGrad+極線對齊,102,1,,,1.54289739999513
285,12,2,6,2,5,115,27.5,1523.30567961554,529.712270188218,7,1523,530,9.96463380378612,2.96463380378612,2.96463380378612,valid,,,Shared Pattern Plane,Grad-SIFT+Top2Geo+MidGrad+極線對齊,102,1,,,1.52314390000538
286,12,2,6,3,1,105,30,1448.35957907359,544.665540991205,7,1448,545,,,,failed,Top2-Geo: HIGH/MID 均未通過支援點與 RANSAC 門檻,,,,102,,,,1.52043750000303
287,12,2,6,3,2,107.5,30,1466.7597272304,545.382313010763,7,1467,545,4.89475023482863,-2.10524976517137,2.10524976517137,valid,,,Shared Pattern Plane,Grad-SIFT+Top2Geo+MidGrad+極線對齊,102,1,,,1.55174490000354
288,12,2,6,3,3,110,30,1485.24038953147,546.102221433642,7,1485,546,10.8158956541369,3.81589565413691,3.81589565413691,valid,,,Shared Pattern Plane,Grad-SIFT+Top2Geo+MidGrad+極線對齊,102,1,,,1.559972499992
289,12,2,6,3,4,112.5,30,1503.80209559818,546.825286891077,7,1504,547,7.56545113801653,0.565451138016531,0.565451138016531,valid,,,Shared Pattern Plane,Grad-SIFT+Top2Geo+MidGrad+極線對齊,102,1,,,1.55004670000926
290,12,2,6,3,5,115,30,1522.44537970729,547.551530195652,7,1522,548,7.81306278179405,0.813062781794047,0.813062781794047,valid,,,Shared Pattern Plane,Grad-SIFT+Top2Geo+MidGradInterp+極線對齊,102,1,,,1.51987600000575
291,12,2,6,4,1,105,32.5,1447.65100830335,562.287258361348,7,1448,562,,,,failed,Top2-Geo: HIGH/MID 均未通過支援點與 RANSAC 門檻,,,,102,,,,1.51283300000068
292,12,2,6,4,2,107.5,32.5,1466.01452374099,563.041059949056,7,1466,563,4.50827897673089,-2.49172102326911,2.49172102326911,valid,,,Shared Pattern Plane,Grad-SIFT+Top2Geo+MidGrad+極線對齊,102,1,,,1.53312100000039
293,12,2,6,4,3,110,32.5,1484.45823945972,563.798153667806,7,1484,564,8.69337265391914,1.69337265391914,1.69337265391914,valid,,,Shared Pattern Plane,Grad-SIFT+Top2Geo+MidGrad+極線對齊,102,1,,,1.54372260000673
294,12,2,6,4,4,112.5,32.5,1502.98268200591,564.558561131734,7,1503,565,2.50686448151224,-4.49313551848776,4.49313551848776,valid,,,Shared Pattern Plane,Grad-SIFT+Top2Geo+MidGradInterp+極線對齊,102,1,,,1.5677069999947
295,12,2,6,4,5,115,32.5,1521.58838254533,565.322304144593,7,1522,565,3.92991364293217,-3.07008635706783,3.07008635706783,valid,,,Shared Pattern Plane,Grad-SIFT+Top2Geo+MidGrad+極線對齊,102,1,,,1.53300320000562
296,12,2,6,5,1,105,35,1446.94512900277,579.842040543511,7,1447,580,6.29109178329531,-0.70890821670469,0.70890821670469,valid,,,Shared Pattern Plane,Grad-SIFT+Top2Geo+MidGrad+極線對齊,102,1,,,1.54493000000366
297,12,2,6,5,2,107.5,35,1465.27215702471,580.632585169253,7,1465,581,4.53266916491585,-2.46733083508415,2.46733083508415,valid,,,Shared Pattern Plane,Grad-SIFT+Top2Geo+MidGrad+極線對齊,102,1,,,1.571331500003
298,12,2,6,5,3,110,35,1483.67907329535,581.426575810661,7,1484,581,1.42522003735192,-5.57477996264808,5.57477996264808,valid,,,Shared Pattern Plane,Grad-SIFT+Top2Geo+MidGradInterp+極線對齊,102,1,,,1.59558829999878
299,12,2,6,5,4,112.5,35,1502.16640130978,582.224035048932,7,1502,582,4.65729386288473,-2.34270613711527,2.34270613711527,valid,,,Shared Pattern Plane,Grad-SIFT+Top2Geo+MidGradInterp+極線對齊,102,1,,,1.51938060000248
300,12,2,6,5,5,115,35,1520.73466914692,583.024985662988,7,1521,583,4.91484477291014,-2.08515522708986,2.08515522708986,valid,,,Shared Pattern Plane,Grad-SIFT+Top2Geo+MidGradInterp+極線對齊,102,1,,,1.53597689999151
301,13,3,1,1,1,5,45,775.975739670832,615.05094667232,6.5,776,615,9.26851696215939,2.76851696215939,2.76851696215939,valid,,,Shared Pattern Plane,Grad-SIFT+Top2Geo+MidGradInterp+極線對齊,102,1,,,1.56879600000684
302,13,3,1,1,2,7.5,45,791.385703119465,615.84311969611,6.5,791,616,9.13760844748825,2.63760844748825,2.63760844748825,valid,,,Shared Pattern Plane,Grad-SIFT+Top2Geo+MidGradInterp+極線對齊,102,1,,,1.56889549999323
303,13,3,1,1,3,10,45,806.857022052239,616.638446793533,6.5,807,617,9.19633568736211,2.69633568736211,2.69633568736211,valid,,,Shared Pattern Plane,Grad-SIFT+Top2Geo+MidGradInterp+極線對齊,102,1,,,1.52179400000023
304,13,3,1,1,4,12.5,45,822.390063634655,617.436946839299,6.5,822,617,8.35272422569681,1.85272422569681,1.85272422569681,valid,,,Shared Pattern Plane,Grad-SIFT+Top2Geo+MidGradInterp+極線對齊,102,1,,,1.53558930000872
305,13,3,1,1,5,15,45,837.985197967676,618.238638859022,6.5,838,618,8.04438685808455,1.54438685808455,1.54438685808455,valid,,,Shared Pattern Plane,Grad-SIFT+Top2Geo+MidGradInterp+極線對齊,102,1,,,1.55609080000431
306,13,3,1,2,1,5,47.5,776.495472820876,630.972314217157,6.5,776,631,9.55412235310702,3.05412235310702,3.05412235310702,valid,,,Shared Pattern Plane,Grad-SIFT+Top2Geo+MidGrad+極線對齊,102,1,,,1.53682019999542
307,13,3,1,2,2,7.5,47.5,791.879717969433,631.794690109319,6.5,792,632,9.86859213539667,3.36859213539667,3.36859213539667,valid,,,Shared Pattern Plane,Grad-SIFT+Top2Geo+MidGradInterp+極線對齊,102,1,,,1.52131370001007
308,13,3,1,2,3,10,47.5,807.3251096671,632.620334634253,6.5,807,633,9.67317145473846,3.17317145473846,3.17317145473846,valid,,,Shared Pattern Plane,Grad-SIFT+Top2Geo+MidGradInterp+極線對齊,102,1,,,1.54527209998923
309,13,3,1,2,4,12.5,47.5,822.832013191364,633.449267318131,6.5,823,633,9.68284915265295,3.18284915265295,3.18284915265295,valid,,,Shared Pattern Plane,Grad-SIFT+Top2Geo+MidGradInterp+極線對齊,102,1,,,1.66140349999478
310,13,3,1,2,5,15,47.5,838.400796734982,634.281507842961,6.5,838,634,8.73412995295806,2.23412995295806,2.23412995295806,valid,,,Shared Pattern Plane,Grad-SIFT+Top2Geo+MidGrad+極線對齊,102,1,,,1.53651499999978
311,13,3,1,3,1,5,50,777.013408316875,646.838612904521,6.5,777,647,8.88764131345209,2.38764131345209,2.38764131345209,valid,,,Shared Pattern Plane,Grad-SIFT+Top2Geo+MidGrad+極線對齊,102,1,,,1.51852889999282
312,13,3,1,3,2,7.5,50,792.372020736755,647.69097795987,6.5,792,648,8.42317136970234,1.92317136970234,1.92317136970234,valid,,,Shared Pattern Plane,Grad-SIFT+Top2Geo+MidGrad+極線對齊,102,1,,,1.57949659999576
313,13,3,1,3,3,10,50,807.791571835767,648.5467249614,6.5,808,649,7.65392192113798,1.15392192113798,1.15392192113798,valid,,,Shared Pattern Plane,Grad-SIFT+Top2Geo+MidGrad+極線對齊,102,1,,,1.57152529999439
314,13,3,1,3,4,12.5,50,823.272425016309,649.405874077046,6.5,823,649,8.75425155107756,2.25425155107756,2.25425155107756,valid,,,Shared Pattern Plane,Grad-SIFT+Top2Geo+MidGrad+極線對齊,102,1,,,1.528410599989
315,13,3,1,3,5,15,50,838.814946576022,650.268445635422,6.5,839,650,8.38991458610396,1.88991458610396,1.88991458610396,valid,,,Shared Pattern Plane,Grad-SIFT+Top2Geo+MidGrad+極線對齊,102,1,,,1.550132999997
316,13,3,1,4,1,5,52.5,777.529555469322,662.650127949568,6.5,778,663,2.27607809574356,-4.22392190425644,4.22392190425644,valid,,,Shared Pattern Plane,Grad-SIFT+Top2Geo+MidGradInterp+極線對齊,102,1,,,1.51986620000389
317,13,3,1,4,2,7.5,52.5,792.862620306252,663.532270135671,6.5,793,664,-2.0416522781698,-8.5416522781698,8.5416522781698,valid,,,Shared Pattern Plane,Grad-SIFT+Top2Geo+MidGradInterp+極線對齊,102,1,,,1.536738099996
318,13,3,1,4,3,10,52.5,808.256417010171,664.417906348733,6.5,808,664,0.625821211554471,-5.87417878844553,5.87417878844553,valid,,,Shared Pattern Plane,Grad-SIFT+Top2Geo+MidGradInterp+極線對齊,102,1,,,1.51747909998812
319,13,3,1,4,4,12.5,52.5,823.711307121192,665.307057388888,6.5,824,665,5.9951461415113,-0.504853858488695,0.504853858488695,valid,,,Shared Pattern Plane,Grad-SIFT+Top2Geo+MidGradInterp+極線對齊,102,1,,,1.53631939999468
320,13,3,1,4,5,15,52.5,839.227655054828,666.199744221695,6.5,839,666,5.81447422463481,-0.685525775365192,0.685525775365192,valid,,,Shared Pattern Plane,Grad-SIFT+Top2Geo+MidGradInterp+極線對齊,102,1,,,1.54118389998621
321,13,3,1,5,1,5,55,778.043923524525,678.407142601253,6.5,778,678,2.70649659307031,-3.79350340692969,3.79350340692969,valid,,,Shared Pattern Plane,Grad-SIFT+Top2Geo+MidGradInterp+極線對齊,102,1,,,1.53740899999684
322,13,3,1,5,2,7.5,55,793.351525501378,679.31885154299,6.5,793,679,1.98064524522877,-4.51935475477123,4.51935475477123,valid,,,Shared Pattern Plane,Grad-SIFT+Top2Geo+MidGradInterp+極線對齊,102,1,,,1.55171220000193
323,13,3,1,5,3,10,55,808.719653583745,680.234165372787,6.5,809,680,2.67646733252638,-3.82353266747362,3.82353266747362,valid,,,Shared Pattern Plane,Grad-SIFT+Top2Geo+MidGradInterp+極線對齊,102,1,,,1.53573079999478
324,13,3,1,5,4,12.5,55,824.148667462159,681.153105513536,6.5,824,681,6.13280036935275,-0.367199630647255,0.367199630647255,valid,,,Shared Pattern Plane,Grad-SIFT+Top2Geo+MidGradInterp+極線對齊,102,1,,,1.53445079999801
325,13,3,1,5,5,15,55,839.638929682867,682.07569355821,6.5,840,682,6.19329533514409,-0.306704664855913,0.306704664855913,valid,,,Shared Pattern Plane,Grad-SIFT+Top2Geo+MidGradInterp+極線對齊,102,1,,,1.55176890001167
326,14,3,2,1,1,25,45,900.994169222228,621.477712556438,6,901,621,7.2495836718169,1.2495836718169,1.2495836718169,valid,,,Shared Pattern Plane,Grad-SIFT+Top2Geo+MidGradInterp+極線對齊,102,1,,,1.53058240000973
327,14,3,2,1,2,27.5,45,916.905423641419,622.295655218506,6,917,622,7.27283910747281,1.27283910747281,1.27283910747281,valid,,,Shared Pattern Plane,Grad-SIFT+Top2Geo+MidGradInterp+極線對齊,102,1,,,1.53442820000055
328,14,3,2,1,3,30,45,932.881054732822,623.116907263055,6,933,623,8.00285909977808,2.00285909977808,2.00285909977808,valid,,,Shared Pattern Plane,Grad-SIFT+Top2Geo+MidGradInterp+極線對齊,102,1,,,1.52778470001067
329,14,3,2,1,4,32.5,45,948.921453988851,623.941488815361,6,949,624,6.92256616138132,0.922566161381318,0.922566161381318,valid,,,Shared Pattern Plane,Grad-SIFT+Top2Geo+MidGradInterp+極線對齊,102,1,,,1.52786499999638
330,14,3,2,1,5,35,45,965.02701608273,624.76942016421,6,965,625,6.52514304521983,0.525143045219832,0.525143045219832,valid,,,Shared Pattern Plane,Grad-SIFT+Top2Geo+MidGradInterp+極線對齊,102,1,,,1.57437129999744
331,14,3,2,2,1,25,47.5,901.302198634174,637.643947534056,6,901,638,8.70297797772735,2.70297797772735,2.70297797772735,valid,,,Shared Pattern Plane,Grad-SIFT+Top2Geo+MidGradInterp+極線對齊,102,1,,,1.53676370000176
332,14,3,2,2,2,27.5,47.5,917.186009259862,638.493028058196,6,917,638,7.1495874251261,1.1495874251261,1.1495874251261,valid,,,Shared Pattern Plane,Grad-SIFT+Top2Geo+MidGrad+極線對齊,102,1,,,1.52609519999532
333,14,3,2,2,3,30,47.5,933.133971938746,639.345537876491,6,933,639,6.62000362527884,0.620003625278836,0.620003625278836,valid,,,Shared Pattern Plane,Grad-SIFT+Top2Geo+MidGrad+極線對齊,102,1,,,1.52235869999276
334,14,3,2,2,4,32.5,47.5,949.146476106371,640.201497806499,6,949,640,7.00734244830328,1.00734244830328,1.00734244830328,valid,,,Shared Pattern Plane,Grad-SIFT+Top2Geo+MidGrad+極線對齊,102,1,,,1.56263720001152
335,14,3,2,2,5,35,47.5,965.223914356767,641.060928834617,6,965,641,6.79313309055214,0.793133090552139,0.793133090552139,valid,,,Shared Pattern Plane,Grad-SIFT+Top2Geo+MidGradInterp+極線對齊,102,1,,,1.54200110000966
336,14,3,2,3,1,25,50,901.609145520648,653.753368582614,6,902,654,6.9199391334143,0.9199391334143,0.9199391334143,valid,,,Shared Pattern Plane,Grad-SIFT+Top2Geo+MidGrad+極線對齊,102,1,,,1.51383349999378
337,14,3,2,3,2,27.5,50,917.465606816345,654.633363020943,6,917,655,5.26050128119211,-0.739498718807888,0.739498718807888,valid,,,Shared Pattern Plane,Grad-SIFT+Top2Geo+MidGrad+極線對齊,102,1,,,1.51429809999536
338,14,3,2,3,3,30,50,933.385996719644,655.516905339098,6,933,656,5.54954509022599,-0.45045490977401,0.45045490977401,valid,,,Shared Pattern Plane,Grad-SIFT+Top2Geo+MidGrad+極線對齊,102,1,,,1.54422700000578
339,14,3,2,3,4,32.5,50,949.370702623605,656.404017036437,6,949,656,5.00530192364536,-0.994698076354645,0.994698076354645,valid,,,Shared Pattern Plane,Grad-SIFT+Top2Geo+MidGrad+極線對齊,102,1,,,1.54565349999757
340,14,3,2,3,5,35,50,965.420115057644,657.294719786378,6,965,657,5.87276454034229,-0.127235459657705,0.127235459657705,valid,,,Shared Pattern Plane,Grad-SIFT+Top2Geo+MidGradInterp+極線對齊,102,1,,,1.51920080000127
341,14,3,2,4,1,25,52.5,901.915015578212,669.806274673449,6,902,670,6.38202998270265,0.382029982702647,0.382029982702647,valid,,,Shared Pattern Plane,Grad-SIFT+Top2Geo+MidGrad+極線對齊,102,1,,,1.49497610000253
342,14,3,2,4,2,27.5,52.5,917.744221520775,670.716960859345,6,918,671,5.26406498668391,-0.735935013316094,0.735935013316094,valid,,,Shared Pattern Plane,Grad-SIFT+Top2Geo+MidGrad+極線對齊,102,1,,,1.51604459999362
343,14,3,2,4,3,30,52.5,933.637133790613,671.631312198908,6,934,672,4.9745814040775,-1.0254185959225,1.0254185959225,valid,,,Shared Pattern Plane,Grad-SIFT+Top2Geo+MidGrad+極線對齊,102,1,,,1.5074389000074
344,14,3,2,4,4,32.5,52.5,949.594137752558,672.549350862955,6,950,673,6.4042093063254,0.404209306325395,0.404209306325395,valid,,,Shared Pattern Plane,Grad-SIFT+Top2Geo+MidGrad+極線對齊,102,1,,,1.56527479999932
345,14,3,2,4,5,35,52.5,965.615621885859,673.471099201482,6,966,673,5.93098383995407,-0.0690161600459325,0.0690161600459325,valid,,,Shared Pattern Plane,Grad-SIFT+Top2Geo+MidGradInterp+極線對齊,102,1,,,1.53297620000376
346,14,3,2,5,1,25,55,902.219814463529,685.802962683878,6,902,686,5.52540319359383,-0.474596806406167,0.474596806406167,valid,,,Shared Pattern Plane,Grad-SIFT+Top2Geo+MidGrad+極線對齊,102,1,,,1.50102219999826
347,14,3,2,5,2,27.5,55,918.021858546501,686.744120215277,6,918,687,3.72548815125423,-2.27451184874577,2.27451184874577,valid,,,Shared Pattern Plane,Grad-SIFT+Top2Geo+MidGradInterp+極線對齊,102,1,,,1.51758869999321
348,14,3,2,5,3,30,55,933.887387833596,687.689058876362,6,934,688,5.54731290954235,-0.452687090457649,0.452687090457649,valid,,,Shared Pattern Plane,Grad-SIFT+Top2Geo+MidGrad+極線對齊,102,1,,,1.52715170000738
349,14,3,2,5,4,32.5,55,949.816785675554,688.637801499208,6,950,689,6.7850389117207,0.785038911720704,0.785038911720704,valid,,,Shared Pattern Plane,Grad-SIFT+Top2Geo+MidGrad+極線對齊,102,1,,,1.63038709999819
350,14,3,2,5,5,35,55,965.810438515785,689.590371100085,6,966,690,5.68530462951832,-0.314695370481678,0.314695370481678,valid,,,Shared Pattern Plane,Grad-SIFT+Top2Geo+MidGradInterp+極線對齊,102,1,,,1.55447040000581
351,15,3,3,1,1,45,45,1030.1088994536,628.115055117576,5.5,1030,628,5.76572241620552,0.265722416205524,0.265722416205524,valid,,,Shared Pattern Plane,Grad-SIFT+Top2Geo+MidGradInterp+極線對齊,102,1,,,1.55249649999314
352,15,3,3,1,2,47.5,45,1046.54630945183,628.960045621608,5.5,1047,629,6.14518748779098,0.645187487790984,0.645187487790984,valid,,,Shared Pattern Plane,Grad-SIFT+Top2Geo+MidGradInterp+極線對齊,102,1,,,1.72458110000298
353,15,3,3,1,3,50,45,1063.05131896513,629.808511183347,5.5,1063,630,6.21747999660683,0.717479996606832,0.717479996606832,valid,,,Shared Pattern Plane,Grad-SIFT+Top2Geo+MidGradInterp+極線對齊,102,1,,,1.55079459999979
354,15,3,3,1,4,52.5,45,1079.62434586136,630.660473283939,5.5,1080,631,5.82372165444894,0.32372165444894,0.32372165444894,valid,,,Shared Pattern Plane,Grad-SIFT+Top2Geo+MidGradInterp+極線對齊,102,1,,,1.57055439999385
355,15,3,3,1,5,55,45,1096.26581145958,631.515953581941,5.5,1096,632,6.52615114908418,1.02615114908418,1.02615114908418,valid,,,Shared Pattern Plane,Grad-SIFT+Top2Geo+MidGradInterp+極線對齊,102,1,,,1.53665939999337
356,15,3,3,2,1,45,47.5,1030.19097242155,644.53378966212,5.5,1030,645,5.82683466870078,0.326834668700775,0.326834668700775,valid,,,Shared Pattern Plane,Grad-SIFT+Top2Geo+MidGradInterp+極線對齊,102,1,,,1.52647749999596
357,15,3,3,2,2,47.5,47.5,1046.59908281141,645.410897007346,5.5,1047,645,6.41743798874723,0.917437988747226,0.917437988747226,valid,,,Shared Pattern Plane,Grad-SIFT+Top2Geo+MidGradInterp+極線對齊,102,1,,,1.55597860000853
358,15,3,3,2,3,50,47.5,1063.07455100102,646.291605012215,5.5,1063,646,5.88376803534526,0.383768035345255,0.383768035345255,valid,,,Shared Pattern Plane,Grad-SIFT+Top2Geo+MidGradInterp+極線對齊,102,1,,,1.64164329999767
359,15,3,3,2,4,52.5,47.5,1079.61779261455,647.175935894217,5.5,1080,647,5.88947973629966,0.389479736299661,0.389479736299661,valid,,,Shared Pattern Plane,Grad-SIFT+Top2Geo+MidGradInterp+極線對齊,102,1,,,1.63125629999558
360,15,3,3,2,5,55,47.5,1096.22922670266,648.063912054007,5.5,1096,648,5.09110027642762,-0.408899723572382,0.408899723572382,valid,,,Shared Pattern Plane,Grad-SIFT+Top2Geo+MidGradInterp+極線對齊,102,1,,,1.61153639999975
361,15,3,3,3,1,45,50,1030.27275224728,660.893880972069,5.5,1030,661,4.98094832115289,-0.519051678847112,0.519051678847112,valid,,,Shared Pattern Plane,Grad-SIFT+Top2Geo+MidGradInterp+極線對齊,102,1,,,1.52388690000225
362,15,3,3,3,2,47.5,50,1046.65166729356,661.802870303157,5.5,1047,662,5.19763689280063,-0.302363107199374,0.302363107199374,valid,,,Shared Pattern Plane,Grad-SIFT+Top2Geo+MidGradInterp+極線對齊,102,1,,,1.51981199999864
363,15,3,3,3,3,50,50,1063.09769971839,662.715584482982,5.5,1063,663,5.80513073384546,0.305130733845463,0.305130733845463,valid,,,Shared Pattern Plane,Grad-SIFT+Top2Geo+MidGradInterp+極線對齊,102,1,,,1.52765479999653
364,15,3,3,3,4,52.5,50,1079.61126291831,663.632046454032,5.5,1080,664,5.8638570403605,0.363857040360504,0.363857040360504,valid,,,Shared Pattern Plane,Grad-SIFT+Top2Geo+MidGradInterp+極線對齊,102,1,,,1.54237340000691
365,15,3,3,3,5,55,50,1096.19277369182,664.552279347594,5.5,1096,665,5.17883545237909,-0.321164547620914,0.321164547620914,valid,,,Shared Pattern Plane,Grad-SIFT+Top2Geo+MidGradInterp+極線對齊,102,1,,,1.53220590000274
366,15,3,3,4,1,45,52.5,1030.35424049852,677.195642673749,5.5,1030,677,4.67868097277985,-0.821319027220146,0.821319027220146,valid,,,Shared Pattern Plane,Grad-SIFT+Top2Geo+MidGradInterp+極線對齊,102,1,,,1.51952410000376
367,15,3,3,4,2,47.5,52.5,1046.70406391046,678.136281034077,5.5,1047,678,4.70540166757831,-0.794598332421685,0.794598332421685,valid,,,Shared Pattern Plane,Grad-SIFT+Top2Geo+MidGradInterp+極線對齊,102,1,,,1.61533210000198
368,15,3,3,4,3,50,52.5,1063.12076556467,679.080767034746,5.5,1063,679,6.91419132302812,1.41419132302812,1.41419132302812,valid,,,Shared Pattern Plane,Grad-SIFT+Top2Geo+MidGradInterp+極線對齊,102,1,,,1.52142050000839
369,15,3,3,4,4,52.5,52.5,1079.60475664593,680.029124332049,5.5,1080,680,5.84252718667021,0.342527186670206,0.342527186670206,valid,,,Shared Pattern Plane,Grad-SIFT+Top2Geo+MidGradInterp+極線對齊,102,1,,,1.54177419999905
370,15,3,3,4,5,55,52.5,1096.1564517167,680.981376776601,5.5,1096,681,4.51183850349702,-0.988161496502977,0.988161496502977,valid,,,Shared Pattern Plane,Grad-SIFT+Top2Geo+MidGradInterp+極線對齊,102,1,,,1.51813149999361
371,15,3,3,5,1,45,55,1030.43543873186,693.439386161088,5.5,1030,693,4.98287938423963,-0.517120615760373,0.517120615760373,valid,,,Shared Pattern Plane,Grad-SIFT+Top2Geo+MidGradInterp+極線對齊,102,1,,,1.53710000000137
372,15,3,3,5,2,47.5,55,1046.75627366708,694.411442474647,5.5,1047,694,5.31804342283447,-0.181956577165526,0.181956577165526,valid,,,Shared Pattern Plane,Grad-SIFT+Top2Geo+MidGradInterp+極線對齊,102,1,,,1.57671570000821
373,15,3,3,5,3,50,55,1063.14374898406,695.387467837834,5.5,1063,695,4.97984150804291,-0.520158491957087,0.520158491957087,valid,,,Shared Pattern Plane,Grad-SIFT+Top2Geo+MidGradInterp+極線對齊,102,1,,,1.54212240000197
374,15,3,3,5,4,52.5,55,1079.59827367157,696.367486609705,5.5,1080,696,4.73714266996691,-0.762857330033086,0.762857330033086,valid,,,Shared Pattern Plane,Grad-SIFT+Top2Geo+MidGradInterp+極線對齊,102,1,,,1.54153699999733
375,15,3,3,5,5,55,55,1096.12026007202,697.351523349054,5.5,1096,697,4.68735087818983,-0.812649121810167,0.812649121810167,valid,,,Shared Pattern Plane,Grad-SIFT+Top2Geo+MidGradInterp+極線對齊,102,1,,,1.52379189999192
376,16,3,4,1,1,65,45,1163.52461005707,634.973496232126,5,1164,635,5.38914833916919,0.38914833916919,0.38914833916919,valid,,,Shared Pattern Plane,Grad-SIFT+Top2Geo+MidGradInterp+極線對齊,102,1,,,1.52429349999875
377,16,3,4,1,2,67.5,45,1180.51471226707,635.846898734802,5,1181,636,5.26404902402921,0.26404902402921,0.26404902402921,valid,,,Shared Pattern Plane,Grad-SIFT+Top2Geo+MidGradInterp+極線對齊,102,1,,,1.52854939999816
378,16,3,4,1,3,70,45,1197.57585559924,636.723953216327,5,1198,637,4.83364244924465,-0.166357550755353,0.166357550755353,valid,,,Shared Pattern Plane,Grad-SIFT+Top2Geo+MidGradInterp+極線對齊,102,1,,,1.54082920000656
379,16,3,4,1,4,72.5,45,1214.70848655599,637.604682629847,5,1215,638,5.10164372073897,0.101643720738974,0.101643720738974,valid,,,Shared Pattern Plane,Grad-SIFT+Top2Geo+MidGradInterp+極線對齊,102,1,,,1.62379140000849
380,16,3,4,1,5,75,45,1231.91305538935,638.489110121266,5,1232,638,4.98015163148594,-0.0198483685140625,0.0198483685140625,valid,,,Shared Pattern Plane,Grad-SIFT+Top2Geo+MidGradInterp+極線對齊,102,1,,,1.5708283999993
381,16,3,4,2,1,65,47.5,1163.36539073416,651.652724001462,5,1163,652,5.00047164536451,0.000471645364513051,0.000471645364513051,valid,,,Shared Pattern Plane,Grad-SIFT+Top2Geo+MidGradInterp+極線對齊,102,1,,,1.52070389999426
382,16,3,4,2,2,67.5,47.5,1180.32419538298,652.55926910448,5,1180,653,4.83968200968413,-0.160317990315871,0.160317990315871,valid,,,Shared Pattern Plane,Grad-SIFT+Top2Geo+MidGradInterp+極線對齊,102,1,,,1.56822960000136
383,16,3,4,2,3,70,47.5,1197.3537807787,653.469597843246,5,1197,653,4.97001863111495,-0.0299813688850534,0.0299813688850534,valid,,,Shared Pattern Plane,Grad-SIFT+Top2Geo+MidGradInterp+極線對齊,102,1,,,1.51734530000249
384,16,3,4,2,4,72.5,47.5,1214.45459097306,654.383733954863,5,1214,654,4.7288226284439,-0.271177371556095,0.271177371556095,valid,,,Shared Pattern Plane,Grad-SIFT+Top2Geo+MidGradInterp+極線對齊,102,1,,,1.51992500000051
385,16,3,4,2,5,75,47.5,1231.62707373997,655.301701375409,5,1232,655,4.89553379130007,-0.10446620869993,0.10446620869993,valid,,,Shared Pattern Plane,Grad-SIFT+Top2Geo+MidGradInterp+極線對齊,102,1,,,1.52521859999979
386,16,3,4,3,1,65,50,1163.20674953666,668.271389490397,5,1163,668,4.76924519754571,-0.230754802454288,0.230754802454288,valid,,,Shared Pattern Plane,Grad-SIFT+Top2Geo+MidGradInterp+極線對齊,102,1,,,1.5254891999939
387,16,3,4,3,2,67.5,50,1180.13437170372,669.210830711447,5,1180,669,4.43687629757407,-0.563123702425933,0.563123702425933,valid,,,Shared Pattern Plane,Grad-SIFT+Top2Geo+MidGradInterp+極線對齊,102,1,,,1.5403970000043
388,16,3,4,3,3,70,50,1197.13251567123,670.154185718242,5,1197,670,4.71555449056851,-0.284445509431491,0.284445509431491,valid,,,Shared Pattern Plane,Grad-SIFT+Top2Geo+MidGradInterp+極線對齊,102,1,,,1.55223679999472
389,16,3,4,3,4,72.5,50,1214.20162305812,671.10147901954,5,1214,671,5.02025546689739,0.0202554668973853,0.0202554668973853,valid,,,Shared Pattern Plane,Grad-SIFT+Top2Geo+MidGradInterp+極線對齊,102,1,,,1.52287559999968
390,16,3,4,3,5,75,50,1231.34213917833,672.052735329166,5,1231,672,4.70843354801642,-0.291566451983575,0.291566451983575,valid,,,Shared Pattern Plane,Grad-SIFT+Top2Geo+MidGradInterp+極線對齊,102,1,,,1.51080059999367
391,16,3,4,4,1,65,52.5,1163.0486833215,684.829821953655,5,1163,685,3.85999240200731,-1.14000759799269,1.14000759799269,valid,,,Shared Pattern Plane,Grad-SIFT+Top2Geo+MidGradInterp+極線對齊,102,1,,,1.54244360000303
392,16,3,4,4,2,67.5,52.5,1179.94523745279,685.801914836422,5,1180,686,4.27800155290807,-0.721998447091925,0.721998447091925,valid,,,Shared Pattern Plane,Grad-SIFT+Top2Geo+MidGradInterp+極線對齊,102,1,,,1.5342074999935
393,16,3,4,4,3,70,52.5,1196.91205585641,686.778050164679,5,1197,687,3.94384824861261,-1.05615175138739,1.05615175138739,valid,,,Shared Pattern Plane,Grad-SIFT+Top2Geo+MidGradInterp+極線對齊,102,1,,,1.58132060000207
394,16,3,4,4,4,72.5,52.5,1213.94957773624,687.758253206712,5,1214,688,4.51168161321467,-0.488318386785331,0.488318386785331,valid,,,Shared Pattern Plane,Grad-SIFT+Top2Geo+MidGradInterp+極線對齊,102,1,,,1.5781422
395,16,3,4,4,5,75,52.5,1231.05824596427,688.742549441841,5,1231,689,4.41292388821342,-0.587076111786576,0.587076111786576,valid,,,Shared Pattern Plane,Grad-SIFT+Top2Geo+MidGradInterp+極線對齊,102,1,,,1.5553046999994
396,16,3,4,5,1,65,55,1162.89118896838,701.32834826356,5,1163,701,4.15563121183803,-0.844368788161968,0.844368788161968,valid,,,Shared Pattern Plane,Grad-SIFT+Top2Geo+MidGradInterp+極線對齊,102,1,,,1.54463649999525
397,16,3,4,5,2,67.5,55,1179.75678888104,702.3328503581,5,1180,702,3.82715218312862,-1.17284781687138,1.17284781687138,valid,,,Shared Pattern Plane,Grad-SIFT+Top2Geo+MidGradInterp+極線對齊,102,1,,,1.52085890001035
398,16,3,4,5,3,70,55,1196.69239694594,703.341522084074,5,1197,703,4.32358967527658,-0.676410324723421,0.676410324723421,valid,,,Shared Pattern Plane,Grad-SIFT+Top2Geo+MidGradInterp+極線對齊,102,1,,,1.5686224999954
399,16,3,4,5,4,72.5,55,1213.69844996947,704.354389457334,5,1214,704,4.16048527149021,-0.839514728509794,0.839514728509794,valid,,,Shared Pattern Plane,Grad-SIFT+Top2Geo+MidGradInterp+極線對齊,102,1,,,1.5583953000023
400,16,3,4,5,5,75,55,1230.77538839949,705.371478710614,5,1231,705,4.36945448562764,-0.630545514372363,0.630545514372363,valid,,,Shared Pattern Plane,Grad-SIFT+Top2Geo+MidGradInterp+極線對齊,102,1,,,1.55296339999768
401,17,3,5,1,1,85,45,1301.45984798913,642.06427064467,4.5,1301,642,6.10228127630176,1.60228127630176,1.60228127630176,valid,,,Shared Pattern Plane,Grad-SIFT+Top2Geo+MidGradInterp+極線對齊,102,1,,,1.56110730000364
402,17,3,5,1,2,87.5,45,1319.03099401193,642.967542603927,4.5,1319,643,6.48511331616744,1.98511331616744,1.98511331616744,valid,,,Shared Pattern Plane,Grad-SIFT+Top2Geo+MidGradInterp+極線對齊,102,1,,,1.52141329999722
403,17,3,5,1,3,90,45,1336.67686040973,643.87465567972,4.5,1337,644,6.10309782348344,1.60309782348344,1.60309782348344,valid,,,Shared Pattern Plane,Grad-SIFT+Top2Geo+MidGradInterp+極線對齊,102,1,,,1.5588155999867
404,17,3,5,1,4,92.5,45,1354.39792481479,644.785634425472,4.5,1354,645,6.54751244156311,2.04751244156311,2.04751244156311,valid,,,Shared Pattern Plane,Grad-SIFT+Top2Geo+MidGradInterp+極線對齊,102,1,,,1.51180629999726
405,17,3,5,1,5,95,45,1372.19466893892,645.700503604326,4.5,1372,646,6.54449345500973,2.04449345500973,2.04449345500973,valid,,,Shared Pattern Plane,Grad-SIFT+Top2Geo+MidGradInterp+極線對齊,102,1,,,1.53327430000354
406,17,3,5,2,1,85,47.5,1301.04281849109,659.012369950208,4.5,1301,659,5.19540665390624,0.695406653906244,0.695406653906244,valid,,,Shared Pattern Plane,Grad-SIFT+Top2Geo+MidGradInterp+極線對齊,102,1,,,1.5752877999912
407,17,3,5,2,2,87.5,47.5,1318.58051377026,659.949860068338,4.5,1319,660,5.31294965122755,0.812949651227552,0.812949651227552,valid,,,Shared Pattern Plane,Grad-SIFT+Top2Geo+MidGradInterp+極線對齊,102,1,,,1.58353910000005
408,17,3,5,2,3,90,47.5,1336.19264865532,660.891329409154,4.5,1336,661,5.75392134247981,1.25392134247981,1.25392134247981,valid,,,Shared Pattern Plane,Grad-SIFT+Top2Geo+MidGradInterp+極線對齊,102,1,,,1.55079199999454
409,17,3,5,2,4,92.5,47.5,1353.87969809809,661.836803361548,4.5,1354,662,6.25120587616184,1.75120587616184,1.75120587616184,valid,,,Shared Pattern Plane,Grad-SIFT+Top2Geo+MidGrad+極線對齊,102,1,,,1.57014270000218
410,17,3,5,2,5,95,47.5,1371.64214109947,662.786307530856,4.5,1372,663,6.46405054470548,1.96405054470548,1.96405054470548,valid,,,Shared Pattern Plane,Grad-SIFT+Top2Geo+MidGrad+極線對齊,102,1,,,1.63959820001037
411,17,3,5,3,1,85,50,1300.62732878032,675.897892225863,4.5,1301,676,5.19542886847933,0.695428868479333,0.695428868479333,valid,,,Shared Pattern Plane,Grad-SIFT+Top2Geo+MidGradInterp+極線對齊,102,1,,,1.53831640000863
412,17,3,5,3,2,87.5,50,1318.13170034114,676.869341613764,4.5,1318,677,5.38113296354736,0.881132963547362,0.881132963547362,valid,,,Shared Pattern Plane,Grad-SIFT+Top2Geo+MidGrad+極線對齊,102,1,,,1.51928529998986
413,17,3,5,3,3,90,50,1335.710232318,677.844906721587,4.5,1336,678,4.47945365987431,-0.020546340125688,0.020546340125688,valid,,,Shared Pattern Plane,Grad-SIFT+Top2Geo+MidGrad+極線對齊,102,1,,,1.52639260000433
414,17,3,5,3,4,92.5,50,1353.36339700227,678.824613760337,4.5,1353,679,,,,failed,Top2-Geo: HIGH/MID 均未通過支援點與 RANSAC 門檻,,,,102,,,,1.52278179999848
415,17,3,5,3,5,95,50,1371.09167070422,679.808489164059,4.5,1371,680,,,,failed,Top2-Geo: HIGH/MID 均未通過支援點與 RANSAC 門檻,,,,102,,,,1.54289270000299
416,17,3,5,4,1,85,52.5,1300.21337034454,692.721183410314,4.5,1300,693,4.34539708207583,-0.154602917924167,0.154602917924167,valid,,,Shared Pattern Plane,Grad-SIFT+Top2Geo+MidGradInterp+極線對齊,102,1,,,1.54516549999244
417,17,3,5,4,2,87.5,52.5,1317.68454449066,693.726335343013,4.5,1318,694,5.97625894869238,1.47625894869238,1.47625894869238,valid,,,Shared Pattern Plane,Grad-SIFT+Top2Geo+MidGradInterp+極線對齊,102,1,,,1.56834040000103
418,17,3,5,4,3,90,52.5,1335.22960143037,694.735737902038,4.5,1335,695,4.5983533425691,0.0983533425691014,0.0983533425691014,valid,,,Shared Pattern Plane,Grad-SIFT+Top2Geo+MidGradInterp+極線對齊,102,1,,,1.52407139999559
419,17,3,5,4,4,92.5,52.5,1352.84901081441,695.749418107345,4.5,1353,696,2.98667987654305,-1.51332012345695,1.51332012345695,valid,,,Shared Pattern Plane,Grad-SIFT+Top2Geo+MidGrad+極線對齊,102,1,,,1.52168419999362
420,17,3,5,4,5,95,52.5,1370.5432462826,696.767403208388,4.5,1371,697,3.24813683214451,-1.25186316785549,1.25186316785549,valid,,,Shared Pattern Plane,Grad-SIFT+Top2Geo+MidGrad+極線對齊,102,1,,,1.53469319999567
421,17,3,5,5,1,85,55,1299.80093473412,709.482586897038,4.5,1300,709,4.43770793899052,-0.0622920610094813,0.0622920610094813,valid,,,Shared Pattern Plane,Grad-SIFT+Top2Geo+MidGradInterp+極線對齊,102,1,,,1.51408150000498
422,17,3,5,5,2,87.5,55,1317.23903705297,710.521186792375,4.5,1317,711,3.36293216755023,-1.13706783244977,1.13706783244977,valid,,,Shared Pattern Plane,Grad-SIFT+Top2Geo+MidGrad+極線對齊,102,1,,,1.55890040000668
423,17,3,5,5,3,90,55,1334.75074609864,711.564170647467,4.5,1335,712,4.13469592482045,-0.365304075179552,0.365304075179552,valid,,,Shared Pattern Plane,Grad-SIFT+Top2Geo+MidGradInterp+極線對齊,102,1,,,1.54401870000584
424,17,3,5,5,4,92.5,55,1352.33652890096,712.61156627825,4.5,1352,713,3.21317122414293,-1.28682877585707,1.28682877585707,valid,,,Shared Pattern Plane,Grad-SIFT+Top2Geo+MidGrad+極線對齊,102,1,,,1.55877899999905
425,17,3,5,5,5,95,55,1369.99685644913,713.663401736477,4.5,1370,714,4.94898444826368,0.448984448263682,0.448984448263682,valid,,,Shared Pattern Plane,Grad-SIFT+Top2Geo+MidGrad+極線對齊,102,1,,,1.54208790000121
426,18,3,6,1,1,105,45,1444.1482221072,649.399387380121,4,1444,649,7.6827080633575,3.6827080633575,3.6827080633575,valid,,,Shared Pattern Plane,Grad-SIFT+Top2Geo+MidGradInterp+極線對齊,102,1,,,1.56213929998921
427,18,3,6,1,2,107.5,45,1462.33073637563,650.334087670367,4,1462,650,7.89899254545285,3.89899254545285,3.89899254545285,valid,,,Shared Pattern Plane,Grad-SIFT+Top2Geo+MidGradInterp+極線對齊,102,1,,,1.52522450000106
428,18,3,6,1,3,110,45,1480.5919087889,651.272831504302,4,1481,651,7.09428468269637,3.09428468269637,3.09428468269637,valid,,,Shared Pattern Plane,Grad-SIFT+Top2Geo+MidGrad+極線對齊,102,1,,,1.53106069999922
429,18,3,6,1,4,112.5,45,1498.93225086997,652.215645177555,4,1499,652,6.24891382982353,2.24891382982353,2.24891382982353,valid,,,Shared Pattern Plane,Grad-SIFT+Top2Geo+MidGradInterp+極線對齊,102,1,,,1.55103630000667
430,18,3,6,1,5,115,45,1517.35227858674,653.162555214255,4,1517,653,8.56465205120406,4.56465205120406,4.56465205120406,valid,,,Shared Pattern Plane,Grad-SIFT+Top2Geo+MidGradInterp+極線對齊,102,1,,,1.53708539999207
431,18,3,6,2,1,105,47.5,1443.4555728647,666.625146189941,4,1443,667,9.09572739819903,5.09572739819903,5.09572739819903,valid,,,Shared Pattern Plane,Grad-SIFT+Top2Geo+MidGradInterp+極線對齊,102,1,,,1.76529070000106
432,18,3,6,2,2,107.5,47.5,1461.60231344937,667.595193263036,4,1462,668,5.84082771300141,1.84082771300141,1.84082771300141,valid,,,Shared Pattern Plane,Grad-SIFT+Top2Geo+MidGrad+極線對齊,102,1,,,1.6422542000073
433,18,3,6,2,3,110,47.5,1479.82740909003,668.569428862019,4,1480,669,9.75444232616401,5.75444232616401,5.75444232616401,valid,,,Shared Pattern Plane,Grad-SIFT+Top2Geo+MidGradInterp+極線對齊,102,1,,,1.56969079999544
434,18,3,6,2,4,112.5,47.5,1498.13136837372,669.547880173778,4,1498,670,7.25335013647117,3.25335013647117,3.25335013647117,valid,,,Shared Pattern Plane,Grad-SIFT+Top2Geo+MidGrad+極線對齊,102,1,,,1.62528829999792
435,18,3,6,2,5,115,47.5,1516.51470429858,670.530574620994,4,1517,671,6.64697164965878,2.64697164965878,2.64697164965878,valid,,,Shared Pattern Plane,Grad-SIFT+Top2Geo+MidGrad+極線對齊,102,1,,,1.70188010000857
436,18,3,6,3,1,105,50,1442.76552497149,683.78621104996,4,1443,684,4.63990958709191,0.639909587091913,0.639909587091913,valid,,,Shared Pattern Plane,Grad-SIFT+Top2Geo+MidGrad+極線對齊,102,1,,,1.55307870000252
437,18,3,6,3,2,107.5,50,1460.87663210827,684.791332763761,4,1461,685,3.66505078546355,-0.334949214536447,0.334949214536447,valid,,,Shared Pattern Plane,Grad-SIFT+Top2Geo+MidGrad+極線對齊,102,1,,,1.5634432000079
438,18,3,6,3,3,110,50,1479.06579295975,685.800786265945,4,1479,686,7.60070740615387,3.60070740615387,3.60070740615387,valid,,,Shared Pattern Plane,Grad-SIFT+Top2Geo+MidGrad+極線對齊,102,1,,,1.53439210000215
439,18,3,6,3,4,112.5,50,1497.33351319952,686.814599620146,4,1497,687,7.75645176380445,3.75645176380445,3.75645176380445,valid,,,Shared Pattern Plane,Grad-SIFT+Top2Geo+MidGrad+極線對齊,102,1,,,1.53925170000002
440,18,3,6,3,5,115,50,1515.68030287865,687.83280113294,4,1516,688,7.58301561561049,3.58301561561049,3.58301561561049,valid,,,Shared Pattern Plane,Grad-SIFT+Top2Geo+MidGrad+極線對齊,102,1,,,1.55400720000034
441,18,3,6,4,1,105,52.5,1442.07806380038,700.882945728994,4,1442,701,2.42311938528773,-1.57688061471227,1.57688061471227,valid,,,Shared Pattern Plane,Grad-SIFT+Top2Geo+MidGrad+極線對齊,102,1,,,1.54963880000287
442,18,3,6,4,2,107.5,52.5,1460.15367690352,701.922872255591,4,1460,702,2.99648929697778,-1.00351070302222,1.00351070302222,valid,,,Shared Pattern Plane,Grad-SIFT+Top2Geo+MidGrad+極線對齊,102,1,,,1.53737459999684
443,18,3,6,4,3,110,52.5,1478.30704411426,702.967272133027,4,1478,703,2.85500360191572,-1.14499639808428,1.14499639808428,valid,,,Shared Pattern Plane,Grad-SIFT+Top2Geo+MidGrad+極線對齊,102,1,,,1.54356990000815
444,18,3,6,4,4,112.5,52.5,1496.53866821491,704.016174287384,4,1497,704,-1.34572179961019,-5.34572179961019,5.34572179961019,valid,,,Shared Pattern Plane,Grad-SIFT+Top2Geo+MidGradInterp+極線對齊,102,1,,,1.54845809999097
445,18,3,6,4,5,115,52.5,1514.84905633202,705.069607894676,4,1515,705,5.27677342743851,1.27677342743851,1.27677342743851,valid,,,Shared Pattern Plane,Grad-SIFT+Top2Geo+MidGrad+極線對齊,102,1,,,1.64421939999738
446,18,3,6,5,1,105,55,1441.39317483366,717.915711273706,4,1441,718,3.64406805195608,-0.355931948043921,0.355931948043921,valid,,,Shared Pattern Plane,Grad-SIFT+Top2Geo+MidGrad+極線對齊,102,1,,,1.56410730000061
447,18,3,6,5,2,107.5,55,1459.43343250219,718.990175076234,4,1459,719,4.22727028216864,0.227270282168642,0.227270282168642,valid,,,Shared Pattern Plane,Grad-SIFT+Top2Geo+MidGrad+極線對齊,102,1,,,1.51797479999368
448,18,3,6,5,3,110,55,1477.55114639211,720.069252111438,4,1478,720,4.15028520920674,0.150285209206736,0.150285209206736,valid,,,Shared Pattern Plane,Grad-SIFT+Top2Geo+MidGrad+極線對齊,102,1,,,1.58532480000576
449,18,3,6,5,4,112.5,55,1495.74681641647,721.152972153753,4,1496,721,3.60965884025476,-0.390341159745237,0.390341159745237,valid,,,Shared Pattern Plane,Grad-SIFT+Top2Geo+MidGrad+極線對齊,102,1,,,1.63552399999753
450,18,3,6,5,5,115,55,1514.02094679958,722.24136523439,4,1514,722,-0.534359605872239,-4.53435960587224,4.53435960587224,valid,,,Shared Pattern Plane,Grad-SIFT+Top2Geo+MidGradInterp+極線對齊,102,1,,,1.74535070000275
451,19,4,1,1,1,5,65,780.083787483369,740.895794378578,3.5,780,741,5.75653051263139,2.25653051263139,2.25653051263139,valid,,,Shared Pattern Plane,Grad-SIFT+Top2Geo+MidGradInterp+極線對齊,102,1,,,1.53300110000418
452,19,4,1,1,2,7.5,65,795.290376888727,741.923699207045,3.5,795,742,6.33739980049181,2.83739980049181,2.83739980049181,valid,,,Shared Pattern Plane,Grad-SIFT+Top2Geo+MidGradInterp+極線對齊,102,1,,,1.61260780000885
453,19,4,1,1,3,10,65,810.556679719228,742.955640425027,3.5,811,743,5.48853863259913,1.98853863259913,1.98853863259913,valid,,,Shared Pattern Plane,Grad-SIFT+Top2Geo+MidGradInterp+極線對齊,102,1,,,1.55026820000785
454,19,4,1,1,4,12.5,65,825.883048391947,743.991641854512,3.5,826,744,5.46435766381354,1.96435766381354,1.96435766381354,valid,,,Shared Pattern Plane,Grad-SIFT+Top2Geo+MidGradInterp+極線對齊,102,1,,,1.54268610000145
455,19,4,1,1,5,15,65,841.269838102618,745.031727505318,3.5,841,745,5.35157236000019,1.85157236000019,1.85157236000019,valid,,,Shared Pattern Plane,Grad-SIFT+Top2Geo+MidGradInterp+極線對齊,102,1,,,1.52979430000414
456,19,4,1,2,1,5,67.5,780.589396538856,756.384488154857,3.5,781,756,4.46705921727538,0.967059217275383,0.967059217275383,valid,,,Shared Pattern Plane,Grad-SIFT+Top2Geo+MidGradInterp+極線對齊,102,1,,,1.54266959999222
457,19,4,1,2,2,7.5,67.5,795.77094045254,757.440932194441,3.5,796,757,4.96695496434232,1.46695496434232,1.46695496434232,valid,,,Shared Pattern Plane,Grad-SIFT+Top2Geo+MidGradInterp+極線對齊,102,1,,,1.50660110000172
458,19,4,1,2,3,10,67.5,811.011997177887,758.501517575348,3.5,811,759,4.86389470520153,1.36389470520153,1.36389470520153,valid,,,Shared Pattern Plane,Grad-SIFT+Top2Geo+MidGradInterp+極線對齊,102,1,,,1.52736089999962
459,19,4,1,2,4,12.5,67.5,826.312917344297,759.566268696964,3.5,826,760,5.04500138462467,1.54500138462467,1.54500138462467,valid,,,Shared Pattern Plane,Grad-SIFT+Top2Geo+MidGradInterp+極線對齊,102,1,,,1.52064309999696
460,19,4,1,2,5,15,67.5,841.674054340973,760.635210150722,3.5,842,761,4.19709304157528,0.697093041575277,0.697093041575277,valid,,,Shared Pattern Plane,Grad-SIFT+Top2Geo+MidGradInterp+極線對齊,102,1,,,1.52162909999606
461,19,4,1,3,1,5,70,781.093280657603,771.820340676291,3.5,781,772,5.02061207575262,1.52061207575262,1.52061207575262,valid,,,Shared Pattern Plane,Grad-SIFT+Top2Geo+MidGradInterp+極線對齊,102,1,,,1.52571529999841
462,19,4,1,3,2,7.5,70,796.249861323158,772.905123180829,3.5,796,773,6.086655738683,2.586655738683,2.586655738683,valid,,,Shared Pattern Plane,Grad-SIFT+Top2Geo+MidGradInterp+極線對齊,102,1,,,1.51670339998964
463,19,4,1,3,3,10,70,811.465755195837,773.994150833452,3.5,811,774,5.48379248528651,1.98379248528651,1.98379248528651,valid,,,Shared Pattern Plane,Grad-SIFT+Top2Geo+MidGradInterp+極線對齊,102,1,,,1.52035920000344
464,19,4,1,3,4,12.5,70,826.741311129432,775.087448602223,3.5,827,775,4.442587210676,0.942587210676003,0.942587210676003,valid,,,Shared Pattern Plane,Grad-SIFT+Top2Geo+MidGradInterp+極線對齊,102,1,,,1.61185210000258
465,19,4,1,3,5,15,70,842.076880718845,776.185041651394,3.5,842,776,4.27696850496988,0.776968504969878,0.776968504969878,valid,,,Shared Pattern Plane,Grad-SIFT+Top2Geo+MidGradInterp+極線對齊,102,1,,,1.64676940000209
466,19,4,1,4,1,5,72.5,781.595448651774,787.203621892379,3.5,782,787,3.00908273048725,-0.490917269512752,0.490917269512752,valid,,,Shared Pattern Plane,Grad-SIFT+Top2Geo+MidGradInterp+極線對齊,102,1,,,1.51887089999218
467,19,4,1,4,2,7.5,72.5,796.727147908948,788.31654366953,3.5,797,788,2.67040955339284,-0.82959044660716,0.82959044660716,valid,,,Shared Pattern Plane,Grad-SIFT+Top2Geo+MidGradInterp+極線對齊,102,1,,,1.52978730000905
468,19,4,1,4,3,10,72.5,811.917961770897,789.433813268422,3.5,812,789,3.18977281290708,-0.310227187092924,0.310227187092924,valid,,,Shared Pattern Plane,Grad-SIFT+Top2Geo+MidGrad+極線對齊,102,1,,,1.53775319999841
469,19,4,1,4,4,12.5,72.5,827.168237327771,790.555456217198,3.5,827,791,3.90064795521904,0.400647955219038,0.400647955219038,valid,,,Shared Pattern Plane,Grad-SIFT+Top2Geo+MidGradInterp+極線對齊,102,1,,,1.52393379999558
470,19,4,1,4,5,15,72.5,842.478324392295,791.681498244244,3.5,842,792,3.12979726616406,-0.370202733835939,0.370202733835939,valid,,,Shared Pattern Plane,Grad-SIFT+Top2Geo+MidGradInterp+極線對齊,102,1,,,2.10508969999501
471,19,4,1,5,1,5,75,782.09590927361,802.534599916958,3.5,782,803,2.41350871452832,-1.08649128547168,1.08649128547168,valid,,,Shared Pattern Plane,Grad-SIFT+Top2Geo+MidGradInterp+極線對齊,102,1,,,1.56168299999263
472,19,4,1,5,2,7.5,75,797.202808560992,803.675463314046,3.5,797,804,3.14665758524734,-0.353342414752662,0.353342414752662,valid,,,Shared Pattern Plane,Grad-SIFT+Top2Geo+MidGradInterp+極線對齊,102,1,,,1.55482150000171
473,19,4,1,5,3,10,75,812.368624846289,804.820776085233,3.5,812,805,2.56880433710763,-0.931195662892372,0.931195662892372,valid,,,Shared Pattern Plane,Grad-SIFT+Top2Geo+MidGradInterp+極線對齊,102,1,,,1.59722100000363
474,19,4,1,5,4,12.5,75,827.593703467882,805.970564310251,3.5,828,806,3.35084537849838,-0.149154621501623,0.149154621501623,valid,,,Shared Pattern Plane,Grad-SIFT+Top2Geo+MidGradInterp+極線對齊,102,1,,,1.61626310000429
475,19,4,1,5,5,15,75,842.87839246834,807.124854273054,3.5,843,807,1.74771974654827,-1.75228025345173,1.75228025345173,valid,,,Shared Pattern Plane,Grad-SIFT+Top2Geo+MidGradInterp+極線對齊,102,1,,,1.55155309999827
476,20,4,2,1,1,25,65,903.428410038538,749.233399196476,3,903,749,5.14745728840837,2.14745728840837,2.14745728840837,valid,,,Shared Pattern Plane,Grad-SIFT+Top2Geo+MidGradInterp+極線對齊,102,1,,,1.53835819999222
477,20,4,2,1,2,27.5,65,919.122732067372,750.294272806128,3,919,750,5.1536337115385,2.1536337115385,2.1536337115385,valid,,,Shared Pattern Plane,Grad-SIFT+Top2Geo+MidGradInterp+極線對齊,102,1,,,1.55991499999072
478,20,4,2,1,3,30,65,934.879666220186,751.359378745781,3,935,751,5.00616422883828,2.00616422883828,2.00616422883828,valid,,,Shared Pattern Plane,Grad-SIFT+Top2Geo+MidGradInterp+極線對齊,102,1,,,1.55237470001157
479,20,4,2,1,4,32.5,65,950.699587930238,752.428742393228,3,951,752,4.43818775280466,1.43818775280466,1.43818775280466,valid,,,Shared Pattern Plane,Grad-SIFT+Top2Geo+MidGradInterp+極線對齊,102,1,,,1.54149519999919
480,20,4,2,1,5,35,65,966.582875638348,753.502389329558,3,967,754,4.72623698021993,1.72623698021993,1.72623698021993,valid,,,Shared Pattern Plane,Grad-SIFT+Top2Geo+MidGradInterp+極線對齊,102,1,,,1.58329110000341
481,20,4,2,2,1,25,67.5,903.727936540297,764.953377944147,3,904,765,7.28293594804333,4.28293594804333,4.28293594804333,valid,,,Shared Pattern Plane,Grad-SIFT+Top2Geo+MidGradInterp+極線對齊,102,1,,,1.56309719999263
482,20,4,2,2,2,27.5,67.5,919.395557042252,766.043646785569,3,919,766,5.99240929843997,2.99240929843997,2.99240929843997,valid,,,Shared Pattern Plane,Grad-SIFT+Top2Geo+MidGradInterp+極線對齊,102,1,,,1.55753489999915
483,20,4,2,2,3,30,67.5,935.125574212037,767.138257648341,3,935,767,4.78184035685542,1.78184035685542,1.78184035685542,valid,,,Shared Pattern Plane,Grad-SIFT+Top2Geo+MidGrad+極線對齊,102,1,,,1.57102259999374
484,20,4,2,2,4,32.5,67.5,950.918361537664,768.237236522522,3,951,768,4.57492745407652,1.57492745407652,1.57492745407652,valid,,,Shared Pattern Plane,Grad-SIFT+Top2Geo+MidGrad+極線對齊,102,1,,,1.55321410000033
485,20,4,2,2,5,35,67.5,966.77429549389,769.340609606006,3,967,769,4.29255578880546,1.29255578880546,1.29255578880546,valid,,,Shared Pattern Plane,Grad-SIFT+Top2Geo+MidGradInterp+極線對齊,102,1,,,1.53211289999308
486,20,4,2,3,1,25,70,904.026424991177,780.618876912368,3,904,781,3.93670381996488,0.936703819964885,0.936703819964885,valid,,,Shared Pattern Plane,Grad-SIFT+Top2Geo+MidGrad+極線對齊,102,1,,,1.54330589999154
487,20,4,2,3,2,27.5,70,919.667434628361,781.738330830249,3,920,782,2.99663791468852,-0.00336208531148152,0.00336208531148152,valid,,,Shared Pattern Plane,Grad-SIFT+Top2Geo+MidGrad+極線對齊,102,1,,,1.53337959999044
488,20,4,2,3,3,30,70,935.370626587321,782.862235243676,3,935,783,4.27831382134034,1.27831382134034,1.27831382134034,valid,,,Shared Pattern Plane,Grad-SIFT+Top2Geo+MidGrad+極線對齊,102,1,,,1.56244889998925
489,20,4,2,3,4,32.5,70,951.13637242424,783.990616745564,3,951,784,2.27730584457339,-0.722694155426611,0.722694155426611,valid,,,Shared Pattern Plane,Grad-SIFT+Top2Geo+MidGrad+極線對齊,102,1,,,1.5245864999888
490,20,4,2,3,5,35,70,966.965046661405,785.123502141116,3,967,785,3.49387676602537,0.493876766025373,0.493876766025373,valid,,,Shared Pattern Plane,Grad-SIFT+Top2Geo+MidGradInterp+極線對齊,102,1,,,1.55561759999546
491,20,4,2,4,1,25,72.5,904.323880778109,796.230178822149,3,904,796,3.11102436966005,0.111024369660049,0.111024369660049,valid,,,Shared Pattern Plane,Grad-SIFT+Top2Geo+MidGradInterp+極線對齊,102,1,,,1.54771229998732
492,20,4,2,4,2,27.5,72.5,919.938369751876,797.378609313837,3,920,797,2.87332440486829,-0.126675595131712,0.126675595131712,valid,,,Shared Pattern Plane,Grad-SIFT+Top2Geo+MidGradInterp+極線對齊,102,1,,,1.55755290000525
493,20,4,2,4,3,30,72.5,935.614827803852,798.531597571014,3,936,799,1.63279080969906,-1.36720919030094,1.36720919030094,valid,,,Shared Pattern Plane,Grad-SIFT+Top2Geo+MidGradInterp+極線對齊,102,1,,,1.54426880000392
494,20,4,2,4,4,32.5,72.5,951.353624571689,799.689170780168,3,951,800,2.41821438343622,-0.581785616563785,0.581785616563785,valid,,,Shared Pattern Plane,Grad-SIFT+Top2Geo+MidGradInterp+極線對齊,102,1,,,1.546605800002
495,20,4,2,4,5,35,72.5,967.155132638683,800.85135634444,3,967,801,2.20286647233054,-0.797133527669462,0.797133527669462,valid,,,Shared Pattern Plane,Grad-SIFT+Top2Geo+MidGradInterp+極線對齊,102,1,,,1.54100310000649
496,20,4,2,5,1,25,75,904.620309250814,811.787564441649,3,905,812,2.96285439531655,-0.0371456046834493,0.0371456046834493,valid,,,Shared Pattern Plane,Grad-SIFT+Top2Geo+MidGradInterp+極線對齊,102,1,,,1.52997669999604
497,20,4,2,5,2,27.5,75,920.208367304884,812.964764641854,3,920,813,2.82643449601576,-0.173565503984245,0.173565503984245,valid,,,Shared Pattern Plane,Grad-SIFT+Top2Geo+MidGradInterp+極線對齊,102,1,,,1.53570419999596
498,20,4,2,5,3,30,75,935.858182288534,814.146628685984,3,936,814,2.42915070399492,-0.570849296005083,0.570849296005083,valid,,,Shared Pattern Plane,Grad-SIFT+Top2Geo+MidGradInterp+極線對齊,102,1,,,1.55898469999374
499,20,4,2,5,4,32.5,75,951.570121934069,815.333184344949,3,952,815,1.42632082864818,-1.57367917135182,1.57367917135182,valid,,,Shared Pattern Plane,Grad-SIFT+Top2Geo+MidGradInterp+極線對齊,102,1,,,1.57160670000303
500,20,4,2,5,5,35,75,967.344556899157,816.524459610579,3,967,817,1.4629795096389,-1.5370204903611,1.5370204903611,valid,,,Shared Pattern Plane,Grad-SIFT+Top2Geo+MidGradInterp+極線對齊,102,1,,,1.57379590001074
501,21,4,3,1,1,45,65,1030.75736223261,757.840328815937,2.5,1031,758,3.63208968718948,1.13208968718948,1.13208968718948,valid,,,Shared Pattern Plane,Grad-SIFT+Top2Geo+MidGradInterp+極線對齊,102,1,,,1.57160519999161
502,21,4,3,1,2,47.5,65,1046.96326394093,758.935783172703,2.5,1047,759,3.39282814705163,0.892828147051634,0.892828147051634,valid,,,Shared Pattern Plane,Grad-SIFT+Top2Geo+MidGradInterp+極線對齊,102,1,,,1.54912119999062
503,21,4,3,1,3,50,65,1063.23486716674,760.035678690156,2.5,1063,760,3.04751176980335,0.547511769803353,0.547511769803353,valid,,,Shared Pattern Plane,Grad-SIFT+Top2Geo+MidGradInterp+極線對齊,102,1,,,1.53426200000104
504,21,4,3,1,4,52.5,65,1079.57257226951,761.140042431002,2.5,1080,761,3.10100985648766,0.601009856487655,0.601009856487655,valid,,,Shared Pattern Plane,Grad-SIFT+Top2Geo+MidGradInterp+極線對齊,102,1,,,1.55282100000477
505,21,4,3,1,5,55,65,1095.97678286816,762.248901678271,2.5,1096,762,2.65617588140562,0.156175881405623,0.156175881405623,valid,,,Shared Pattern Plane,Grad-SIFT+Top2Geo+MidGradInterp+極線對齊,102,1,,,1.58475189999444
506,21,4,3,2,1,45,67.5,1030.83713334137,773.798575382585,2.5,1031,774,2.82480318200158,0.324803182001584,0.324803182001584,valid,,,Shared Pattern Plane,Grad-SIFT+Top2Geo+MidGrad+極線對齊,102,1,,,1.54621840000618
507,21,4,3,2,2,47.5,67.5,1047.01455422241,774.924319902562,2.5,1047,775,2.55022428948431,0.0502242894843064,0.0502242894843064,valid,,,Shared Pattern Plane,Grad-SIFT+Top2Geo+MidGrad+極線對齊,102,1,,,1.53055489998951
508,21,4,3,2,3,50,67.5,1063.257445005,776.054620302208,2.5,1063,776,2.43618893697164,-0.063811063028357,0.063811063028357,valid,,,Shared Pattern Plane,Grad-SIFT+Top2Geo+MidGrad+極線對齊,102,1,,,1.54148529999657
509,21,4,3,2,4,52.5,67.5,1079.56620392929,777.189504294017,2.5,1080,777,2.78187888778229,0.281878887782292,0.281878887782292,valid,,,Shared Pattern Plane,Grad-SIFT+Top2Geo+MidGradInterp+極線對齊,102,1,,,1.56025630001386
510,21,4,3,2,5,55,67.5,1095.94123247186,778.328999815697,2.5,1096,778,2.69860101556831,0.198601015568313,0.198601015568313,valid,,,Shared Pattern Plane,Grad-SIFT+Top2Geo+MidGradInterp+極線對齊,102,1,,,1.54076669999631
511,21,4,3,3,1,45,70,1030.91662354282,789.700626313735,2.5,1031,790,2.25786711453616,-0.242132885463842,0.242132885463842,valid,,,Shared Pattern Plane,Grad-SIFT+Top2Geo+MidGrad+極線對齊,102,1,,,1.54816369999025
512,21,4,3,3,2,47.5,70,1047.06566352534,790.856440835802,2.5,1047,791,2.05396942834794,-0.446030571652055,0.446030571652055,valid,,,Shared Pattern Plane,Grad-SIFT+Top2Geo+MidGrad+極線對齊,102,1,,,1.54621939999925
513,21,4,3,3,3,50,70,1063.27994301609,792.0169246615,2.5,1063,792,2.98286354376178,0.482863543761781,0.482863543761781,valid,,,Shared Pattern Plane,Grad-SIFT+Top2Geo+MidGrad+極線對齊,102,1,,,1.53780040000856
514,21,4,3,3,4,52.5,70,1079.55985815081,793.182106142944,2.5,1080,793,1.51160917227371,-0.988390827726291,0.988390827726291,valid,,,Shared Pattern Plane,Grad-SIFT+Top2Geo+MidGrad+極線對齊,102,1,,,1.54201000000467
515,21,4,3,3,5,55,70,1095.90580827889,794.352013862255,2.5,1096,794,2.27238854682268,-0.227611453177319,0.227611453177319,valid,,,Shared Pattern Plane,Grad-SIFT+Top2Geo+MidGradInterp+極線對齊,102,1,,,1.55521199999203
516,21,4,3,4,1,45,72.5,1030.99583431813,805.546777920043,2.5,1031,806,1.68277624417121,-0.817223755828788,0.817223755828788,valid,,,Shared Pattern Plane,Grad-SIFT+Top2Geo+MidGradInterp+極線對齊,102,1,,,1.51964529999532
517,21,4,3,4,2,47.5,72.5,1047.11659280591,806.732444042554,2.5,1047,807,1.90610929803339,-0.593890701966609,0.593890701966609,valid,,,Shared Pattern Plane,Grad-SIFT+Top2Geo+MidGradInterp+極線對齊,102,1,,,1.65636210000957
518,21,4,3,4,3,50,72.5,1063.30236162262,807.922891611588,2.5,1063,808,1.76679696362552,-0.733203036374483,0.733203036374483,valid,,,Shared Pattern Plane,Grad-SIFT+Top2Geo+MidGradInterp+極線對齊,102,1,,,1.54571400000714
519,21,4,3,4,4,52.5,72.5,1079.55353481441,809.118149608856,2.5,1080,809,1.73784528650297,-0.762154713497028,0.762154713497028,valid,,,Shared Pattern Plane,Grad-SIFT+Top2Geo+MidGradInterp+極線對齊,102,1,,,1.58069299999624
520,21,4,3,4,5,55,72.5,1095.87050961843,810.318247250766,2.5,1096,810,1.93443561318557,-0.56556438681443,0.56556438681443,valid,,,Shared Pattern Plane,Grad-SIFT+Top2Geo+MidGradInterp+極線對齊,102,1,,,1.56997100000444
521,21,4,3,5,1,45,75,1031.07476713809,821.33732443262,2.5,1031,821,1.34527740849277,-1.15472259150723,1.15472259150723,valid,,,Shared Pattern Plane,Grad-SIFT+Top2Geo+MidGradInterp+極線對齊,102,1,,,1.54367670000647
522,21,4,3,5,2,47.5,75,1047.16734301361,822.552625496855,2.5,1047,823,1.03400190285868,-1.46599809714132,1.46599809714132,valid,,,Shared Pattern Plane,Grad-SIFT+Top2Geo+MidGradInterp+極線對齊,102,1,,,1.63721179999993
523,21,4,3,5,3,50,75,1063.32470124424,823.772818883222,2.5,1063,824,1.43162446012033,-1.06837553987967,1.06837553987967,valid,,,Shared Pattern Plane,Grad-SIFT+Top2Geo+MidGradInterp+極線對齊,102,1,,,1.54677739999897
524,21,4,3,5,4,52.5,75,1079.54723380122,824.997934193138,2.5,1080,825,1.2376971427951,-1.2623028572049,1.2623028572049,valid,,,Shared Pattern Plane,Grad-SIFT+Top2Geo+MidGradInterp+極線對齊,102,1,,,1.55542489999789
525,21,4,3,5,5,55,75,1095.83533582437,826.228001267311,2.5,1096,826,0.885732798877303,-1.6142672011227,1.6142672011227,valid,,,Shared Pattern Plane,Grad-SIFT+Top2Geo+MidGradInterp+極線對齊,102,1,,,1.5424583999993
526,22,4,4,1,1,65,65,1162.26686855458,766.729847230241,2,1162,767,4.12331293036188,2.12331293036188,2.12331293036188,valid,,,Shared Pattern Plane,Grad-SIFT+Top2Geo+MidGradInterp+極線對齊,102,1,,,1.55489289999241
527,22,4,4,1,2,67.5,65,1179.00977734776,767.861601125366,2,1179,768,3.91810379895321,1.91810379895321,1.91810379895321,valid,,,Shared Pattern Plane,Grad-SIFT+Top2Geo+MidGradInterp+極線對齊,102,1,,,1.55918319999182
528,22,4,4,1,3,70,65,1195.82168368945,768.998018979739,2,1196,769,3.5773878097568,1.5773878097568,1.5773878097568,valid,,,Shared Pattern Plane,Grad-SIFT+Top2Geo+MidGradInterp+極線對齊,102,1,,,1.55273949999537
529,22,4,4,1,4,72.5,65,1212.70301496878,770.139129683159,2,1213,770,2.90846312441813,0.908463124418128,0.908463124418128,valid,,,Shared Pattern Plane,Grad-SIFT+Top2Geo+MidGradInterp+極線對齊,102,1,,,1.56818010000279
530,22,4,4,1,5,75,65,1229.65420211197,771.284962364523,2,1230,771,3.04064007000749,1.04064007000749,1.04064007000749,valid,,,Shared Pattern Plane,Grad-SIFT+Top2Geo+MidGradInterp+極線對齊,102,1,,,1.59503859998949
531,22,4,4,2,1,65,67.5,1162.11218748871,782.933663967024,2,1162,783,2.68813551492593,0.688135514925929,0.688135514925929,valid,,,Shared Pattern Plane,Grad-SIFT+Top2Geo+MidGradInterp+極線對齊,102,1,,,1.54286129999673
532,22,4,4,2,2,67.5,67.5,1178.82470187609,784.096644248306,2,1179,784,2.4231921308407,0.423192130840696,0.423192130840696,valid,,,Shared Pattern Plane,Grad-SIFT+Top2Geo+MidGradInterp+極線對齊,102,1,,,1.55019080000056
533,22,4,4,2,3,70,67.5,1195.60596458015,785.264408545613,2,1196,785,2.92106529226064,0.921065292260643,0.921065292260643,valid,,,Shared Pattern Plane,Grad-SIFT+Top2Geo+MidGrad+極線對齊,102,1,,,1.53700799999933
534,22,4,4,2,4,72.5,67.5,1212.45640067806,786.436986438958,2,1212,786,2.38553913308324,0.38553913308324,0.38553913308324,valid,,,Shared Pattern Plane,Grad-SIFT+Top2Geo+MidGradInterp+極線對齊,102,1,,,1.5504665000044
535,22,4,4,2,5,75,67.5,1229.37643875859,787.614407752716,2,1229,788,2.51465521461956,0.514655214619561,0.514655214619561,valid,,,Shared Pattern Plane,Grad-SIFT+Top2Geo+MidGradInterp+極線對齊,102,1,,,1.60176520000095
536,22,4,4,3,1,65,70,1161.95806002924,799.079486942443,2,1162,799,1.58109548462723,-0.418904515372773,0.418904515372773,valid,,,Shared Pattern Plane,Grad-SIFT+Top2Geo+MidGrad+極線對齊,102,1,,,1.66216840001289
537,22,4,4,3,2,67.5,70,1178.64029015013,800.273462798287,2,1179,800,1.1520604575849,-0.847939542415103,0.847939542415103,valid,,,Shared Pattern Plane,Grad-SIFT+Top2Geo+MidGradInterp+極線對齊,102,1,,,1.64917300001252
538,22,4,4,3,3,70,70,1195.39102070379,801.47234134773,2,1195,801,1.73915487362036,-0.260845126379643,0.260845126379643,valid,,,Shared Pattern Plane,Grad-SIFT+Top2Geo+MidGrad+極線對齊,102,1,,,1.5547632999951
539,22,4,4,3,4,72.5,70,1212.21067447207,802.676152849996,2,1212,803,1.36944852159513,-0.630551478404872,0.630551478404872,valid,,,Shared Pattern Plane,Grad-SIFT+Top2Geo+MidGrad+極線對齊,102,1,,,1.54649370000698
540,22,4,4,3,5,75,70,1229.09967772319,803.884927813833,2,1229,804,2.19451914439525,0.194519144395253,0.194519144395253,valid,,,Shared Pattern Plane,Grad-SIFT+Top2Geo+MidGradInterp+極線對齊,102,1,,,1.56104840000626
541,22,4,4,4,1,65,72.5,1161.80448320944,815.167626941469,2,1162,815,1.17636461427848,-0.823635385721521,0.823635385721521,valid,,,Shared Pattern Plane,Grad-SIFT+Top2Geo+MidGradInterp+極線對齊,102,1,,,1.55621640000027
542,22,4,4,4,2,67.5,72.5,1178.45653860565,816.392369435342,2,1178,816,1.3897939543804,-0.610206045619595,0.610206045619595,valid,,,Shared Pattern Plane,Grad-SIFT+Top2Geo+MidGradInterp+極線對齊,102,1,,,1.60260689999268
543,22,4,4,4,3,70,72.5,1195.17684788892,817.622131936287,2,1195,818,1.87433241007212,-0.125667589927882,0.125667589927882,valid,,,Shared Pattern Plane,Grad-SIFT+Top2Geo+MidGrad+極線對齊,102,1,,,1.57248029999027
544,22,4,4,4,4,72.5,72.5,1211.9658315623,818.856945371896,2,1212,819,1.69410529045457,-0.30589470954543,0.30589470954543,valid,,,Shared Pattern Plane,Grad-SIFT+Top2Geo+MidGradInterp+極線對齊,102,1,,,1.52937809999275
545,22,4,4,4,5,75,72.5,1228.82391359017,820.096840924335,2,1229,820,1.70108557534666,-0.298914424653336,0.298914424653336,valid,,,Shared Pattern Plane,Grad-SIFT+Top2Geo+MidGradInterp+極線對齊,102,1,,,1.55819100000372
546,22,4,4,5,1,65,75,1161.65145408373,831.198392532398,2,1162,831,1.82009897636842,-0.179901023631582,0.179901023631582,valid,,,Shared Pattern Plane,Grad-SIFT+Top2Geo+MidGradInterp+極線對齊,102,1,,,1.54468249999627
547,22,4,4,5,2,67.5,75,1178.27344370386,832.453674584899,2,1178,832,1.83414809972944,-0.165851900270561,0.165851900270561,valid,,,Shared Pattern Plane,Grad-SIFT+Top2Geo+MidGradInterp+極線對齊,102,1,,,1.52898390000337
548,22,4,4,5,3,70,75,1194.96344199395,833.714092608771,2,1195,834,1.11549300782919,-0.884506992170809,0.884506992170809,valid,,,Shared Pattern Plane,Grad-SIFT+Top2Geo+MidGradInterp+極線對齊,102,1,,,1.54191749999882
549,22,4,4,5,4,72.5,75,1211.7218671946,834.979678189277,2,1212,835,1.08436403487168,-0.915635965128315,0.915635965128315,valid,,,Shared Pattern Plane,Grad-SIFT+Top2Geo+MidGradInterp+極線對齊,102,1,,,1.55589479999617
550,22,4,4,5,5,75,75,1228.54914098291,836.250463171203,2,1229,836,1.49310847884277,-0.506891521157231,0.506891521157231,valid,,,Shared Pattern Plane,Grad-SIFT+Top2Geo+MidGradInterp+極線對齊,102,1,,,1.57275720000325
551,23,4,5,1,1,85,65,1298.16625371343,775.916103955321,1.5,1298,776,2.90392851910056,1.40392851910056,1.40392851910056,valid,,,Shared Pattern Plane,Grad-SIFT+Top2Geo+MidGradInterp+極線對齊,102,1,,,1.63305950000358
552,23,4,5,1,2,87.5,65,1315.47331046112,777.085992003408,1.5,1315,777,3.53083180866044,2.03083180866044,2.03083180866044,valid,,,Shared Pattern Plane,Grad-SIFT+Top2Geo+MidGradInterp+極線對齊,102,1,,,1.57480789998954
553,23,4,5,1,3,90,65,1332.85288499533,778.2607819648,1.5,1333,778,2.73520141808045,1.23520141808045,1.23520141808045,valid,,,Shared Pattern Plane,Grad-SIFT+Top2Geo+MidGradInterp+極線對齊,102,1,,,1.5322368999914
554,23,4,5,1,4,92.5,65,1350.3054340549,779.44050471322,1.5,1350,779,2.67657375874092,1.17657375874092,1.17657375874092,valid,,,Shared Pattern Plane,Grad-SIFT+Top2Geo+MidGradInterp+極線對齊,102,1,,,1.55393619999813
555,23,4,5,1,5,95,65,1367.83141822229,780.625191382208,1.5,1368,781,2.75617859146922,1.25617859146922,1.25617859146922,valid,,,Shared Pattern Plane,Grad-SIFT+Top2Geo+MidGradInterp+極線對齊,102,1,,,1.62117600000056
556,23,4,5,2,1,85,67.5,1297.76130763744,792.373132394661,1.5,1298,792,4.01594235871906,2.51594235871906,2.51594235871906,valid,,,Shared Pattern Plane,Grad-SIFT+Top2Geo+MidGradInterp+極線對齊,102,1,,,1.61275650000607
557,23,4,5,2,2,87.5,67.5,1315.03590993907,793.575226907676,1.5,1315,794,2.67522077549807,1.17522077549807,1.17522077549807,valid,,,Shared Pattern Plane,Grad-SIFT+Top2Geo+MidGradInterp+極線對齊,102,1,,,1.56418819999089
558,23,4,5,2,3,90,67.5,1332.38276156714,794.782349062855,1.5,1332,795,1.96367901425847,0.463679014258472,0.463679014258472,valid,,,Shared Pattern Plane,Grad-SIFT+Top2Geo+MidGrad+極線對齊,102,1,,,1.58585489999678
559,23,4,5,2,4,92.5,67.5,1349.80231673508,795.994530467725,1.5,1350,796,2.15663088073749,0.656630880737489,0.656630880737489,valid,,,Shared Pattern Plane,Grad-SIFT+Top2Geo+MidGrad+極線對齊,102,1,,,1.54865549999522
560,23,4,5,2,5,95,67.5,1367.29503347167,797.211802995313,1.5,1367,797,2.4797491545556,0.979749154555603,0.979749154555603,valid,,,Shared Pattern Plane,Grad-SIFT+Top2Geo+MidGrad+極線對齊,102,1,,,1.54995780000172
561,23,4,5,3,1,85,70,1297.35783497246,808.770281338477,1.5,1297,809,2.03832126899757,0.538321268997568,0.538321268997568,valid,,,Shared Pattern Plane,Grad-SIFT+Top2Geo+MidGrad+極線對齊,102,1,,,1.5644128999993
562,23,4,5,3,2,87.5,70,1314.60010422984,810.004340156997,1.5,1315,810,2.36187801095284,0.861878010952838,0.861878010952838,valid,,,Shared Pattern Plane,Grad-SIFT+Top2Geo+MidGrad+極線對齊,102,1,,,1.5641190999886
563,23,4,5,3,3,90,70,1331.9143558413,811.243550876204,1.5,1332,811,1.63479604451908,0.134796044519081,0.134796044519081,valid,,,Shared Pattern Plane,Grad-SIFT+Top2Geo+MidGrad+極線對齊,102,1,,,1.57101549999788
564,23,4,5,3,4,92.5,70,1349.30104151343,812.487945825514,1.5,1349,812,2.15708394362759,0.657083943627592,0.657083943627592,valid,,,Shared Pattern Plane,Grad-SIFT+Top2Geo+MidGrad+極線對齊,102,1,,,1.62563579999551
565,23,4,5,3,5,95,70,1366.76061674013,813.737557605408,1.5,1367,814,2.11764863261041,0.617648632610409,0.617648632610409,valid,,,Shared Pattern Plane,Grad-SIFT+Top2Geo+MidGrad+極線對齊,102,1,,,1.55584400000225
566,23,4,5,4,1,85,72.5,1296.95582769149,825.10787700387,1.5,1297,825,1.8034529523267,0.303452952326698,0.303452952326698,valid,,,Shared Pattern Plane,Grad-SIFT+Top2Geo+MidGradInterp+極線對齊,102,1,,,1.53069510000932
567,23,4,5,4,2,87.5,72.5,1314.16588462699,826.373659968758,1.5,1314,826,0.96402168170832,-0.53597831829168,0.53597831829168,valid,,,Shared Pattern Plane,Grad-SIFT+Top2Geo+MidGradInterp+極線對齊,102,1,,,1.54552220000187
568,23,4,5,4,3,90,72.5,1331.44765842095,827.644717638899,1.5,1331,828,1.28155017149574,-0.218449828504261,0.218449828504261,valid,,,Shared Pattern Plane,Grad-SIFT+Top2Geo+MidGrad+極線對齊,102,1,,,1.54937069999869
569,23,4,5,4,4,92.5,72.5,1348.80159829151,828.921083053852,1.5,1349,829,0.389025729649579,-1.11097427035042,1.11097427035042,valid,,,Shared Pattern Plane,Grad-SIFT+Top2Geo+MidGrad+極線對齊,102,1,,,1.58094999998866
570,23,4,5,4,5,95,72.5,1366.22815721641,830.202789529688,1.5,1366,830,0.588633211304431,-0.911366788695569,0.911366788695569,valid,,,Shared Pattern Plane,Grad-SIFT+Top2Geo+MidGradInterp+極線對齊,102,1,,,1.57702380001137
571,23,4,5,5,1,85,75,1296.55527782575,841.386243242643,1.5,1297,841,1.12187474040052,-0.378125259599484,0.378125259599484,valid,,,Shared Pattern Plane,Grad-SIFT+Top2Geo+MidGradInterp+極線對齊,102,1,,,1.58687610000197
572,23,4,5,5,2,87.5,75,1313.73324248736,842.683512175605,1.5,1314,843,0.842323112177159,-0.657676887822841,0.657676887822841,valid,,,Shared Pattern Plane,Grad-SIFT+Top2Geo+MidGradInterp+極線對齊,102,1,,,1.56457319999754
573,23,4,5,5,3,90,75,1330.98265997766,843.986177180608,1.5,1331,844,0.811164057680162,-0.688835942319838,0.688835942319838,valid,,,Shared Pattern Plane,Grad-SIFT+Top2Geo+MidGradInterp+極線對齊,102,1,,,1.5960699999996
574,23,4,5,5,4,92.5,75,1348.3039770446,845.294271995773,1.5,1348,845,0.299978679531266,-1.20002132046873,1.20002132046873,valid,,,Shared Pattern Plane,Grad-SIFT+Top2Geo+MidGradInterp+極線對齊,102,1,,,1.55543169999146
575,23,4,5,5,5,95,75,1365.69764416825,846.607830641066,1.5,1366,847,0.297947623156475,-1.20205237684352,1.20205237684352,valid,,,Shared Pattern Plane,Grad-SIFT+Top2Geo+MidGradInterp+極線對齊,102,1,,,1.56605339999078
576,24,4,6,1,1,105,65,1438.67905443047,785.414209182492,1,1439,785,2.46648739854771,1.46648739854771,1.46648739854771,valid,,,Shared Pattern Plane,Grad-SIFT+Top2Geo+MidGradInterp+極線對齊,102,1,,,1.66024309999193
577,24,4,6,1,2,107.5,65,1456.57926026673,786.624191744602,1,1457,787,2.06021103993211,1.06021103993211,1.06021103993211,valid,,,Shared Pattern Plane,Grad-SIFT+Top2Geo+MidGradInterp+極線對齊,102,1,,,1.56507130000682
578,24,4,6,1,3,110,65,1474.55574772748,787.83933064046,1,1475,788,2.38461926366245,1.38461926366245,1.38461926366245,valid,,,Shared Pattern Plane,Grad-SIFT+Top2Geo+MidGradInterp+極線對齊,102,1,,,1.5945148000028
579,24,4,6,1,4,112.5,65,1492.60900546447,789.059658900975,1,1493,789,2.13433151199138,1.13433151199138,1.13433151199138,valid,,,Shared Pattern Plane,Grad-SIFT+Top2Geo+MidGradInterp+極線對齊,102,1,,,1.63752879999811
580,24,4,6,1,5,115,65,1510.73952631204,790.285209839785,1,1511,790,3.19656015834596,2.19656015834596,2.19656015834596,valid,,,Shared Pattern Plane,Grad-SIFT+Top2Geo+MidGradInterp+極線對齊,102,1,,,1.55245509999804
581,24,4,6,2,1,105,67.5,1438.00681248007,802.132451243381,1,1438,802,5.76683620077008,4.76683620077008,4.76683620077008,valid,,,Shared Pattern Plane,Grad-SIFT+Top2Geo+MidGradInterp+極線對齊,102,1,,,1.55762080001296
582,24,4,6,2,2,107.5,67.5,1455.87234386805,803.375666970065,1,1456,803,4.66069666975924,3.66069666975924,3.66069666975924,valid,,,Shared Pattern Plane,Grad-SIFT+Top2Geo+MidGradInterp+極線對齊,102,1,,,1.86207160000049
583,24,4,6,2,3,110,67.5,1473.81386740407,804.624170792104,1,1474,805,6.33936991758911,5.33936991758911,5.33936991758911,valid,,,Shared Pattern Plane,Grad-SIFT+Top2Geo+MidGradInterp+極線對齊,102,1,,,1.6791169999924
584,24,4,6,2,4,112.5,67.5,1491.83186897751,805.877996521273,1,1492,806,6.36659687949482,5.36659687949482,5.36659687949482,valid,,,Shared Pattern Plane,Grad-SIFT+Top2Geo+MidGradInterp+極線對齊,102,1,,,1.68041240000457
585,24,4,6,2,5,115,67.5,1509.92683862891,807.137178258214,1,1510,807,5.90849110342402,4.90849110342402,4.90849110342402,valid,,,Shared Pattern Plane,Grad-SIFT+Top2Geo+MidGradInterp+極線對齊,102,1,,,1.65217400000256
586,24,4,6,3,1,105,70,1437.33705786994,818.788834688251,1,1437,819,0.954502344252775,-0.0454976557472248,0.0454976557472248,valid,,,Shared Pattern Plane,Grad-SIFT+Top2Geo+MidGrad+極線對齊,102,1,,,1.5804344000062
587,24,4,6,3,2,107.5,70,1455.16804864821,820.065029316951,1,1455,820,0.0956806024679652,-0.904319397532035,0.904319397532035,valid,,,Shared Pattern Plane,Grad-SIFT+Top2Geo+MidGrad+極線對齊,102,1,,,1.61204890000226
588,24,4,6,3,3,110,70,1473.07474374195,821.346642233507,1,1473,821,-0.373588352178517,-1.37358835217852,1.37358835217852,valid,,,Shared Pattern Plane,Grad-SIFT+Top2Geo+MidGrad+極線對齊,102,1,,,1.62084990000585
589,24,4,6,3,4,112.5,70,1491.05762629892,822.633708017631,1,1491,823,-0.0498340831120731,-1.04983408311207,1.04983408311207,valid,,,Shared Pattern Plane,Grad-SIFT+Top2Geo+MidGrad+極線對齊,102,1,,,1.77594260001206
590,24,4,6,3,5,115,70,1509.11718358693,823.92626154392,1,1509,824,1.73759493116923,0.737594931169226,0.737594931169226,valid,,,Shared Pattern Plane,Grad-SIFT+Top2Geo+MidGrad+極線對齊,102,1,,,1.67132399999537
591,24,4,6,4,1,105,72.5,1436.66977682059,835.383702204657,1,1437,835,0.212032952045469,-0.787967047954531,0.787967047954531,valid,,,Shared Pattern Plane,Grad-SIFT+Top2Geo+MidGradInterp+極線對齊,102,1,,,1.63389589999861
592,24,4,6,4,2,107.5,72.5,1454.46636005557,836.692623608953,1,1454,837,-0.0188462601410809,-1.01884626014108,1.01884626014108,valid,,,Shared Pattern Plane,Grad-SIFT+Top2Geo+MidGrad+極線對齊,102,1,,,1.5643768000009
593,24,4,6,4,3,110,72.5,1472.33836140489,838.007091942277,1,1472,838,0.171213378684877,-0.828786621315123,0.828786621315123,valid,,,Shared Pattern Plane,Grad-SIFT+Top2Geo+MidGrad+極線對齊,102,1,,,1.64651520000189
594,24,4,6,4,4,112.5,72.5,1490.28626129528,839.327142539548,1,1490,839,-0.042426140307761,-1.04242614030776,1.04242614030776,valid,,,Shared Pattern Plane,Grad-SIFT+Top2Geo+MidGrad+極線對齊,102,1,,,1.56317169999238
595,24,4,6,4,5,115,72.5,1508.31054424271,840.652811036443,1,1508,841,-0.0246002041954738,-1.02460020419547,1.02460020419547,valid,,,Shared Pattern Plane,Grad-SIFT+Top2Geo+MidGrad+極線對齊,102,1,,,1.63788790001126
596,24,4,6,5,1,105,75,1436.0049556541,851.917393953566,1,1436,852,0.0329237641274886,-0.967076235872511,0.967076235872511,valid,,,Shared Pattern Plane,Grad-SIFT+Top2Geo+MidGradInterp+極線對齊,102,1,,,1.60966159999953
597,24,4,6,5,2,107.5,75,1453.76726364599,853.258792122063,1,1454,853,-0.534467011622754,-1.53446701162275,1.53446701162275,valid,,,Shared Pattern Plane,Grad-SIFT+Top2Geo+MidGrad+極線對齊,102,1,,,1.57296309999947
598,24,4,6,5,3,110,75,1471.60470517024,854.605864326993,1,1472,855,-0.241887077435026,-1.24188707743503,1.24188707743503,valid,,,Shared Pattern Plane,Grad-SIFT+Top2Geo+MidGrad+極線對齊,102,1,,,1.66855699999724
599,24,4,6,5,4,112.5,75,1489.51775795293,855.958646645928,1,1490,856,-0.364065592625327,-1.36406559262533,1.36406559262533,valid,,,Shared Pattern Plane,Grad-SIFT+Top2Geo+MidGrad+極線對齊,102,1,,,1.60277209999913
600,24,4,6,5,5,115,75,1507.50690377886,857.317175462945,1,1508,857,-0.941646708315888,-1.94164670831589,1.94164670831589,valid,,,Shared Pattern Plane,Grad-SIFT+Top2Geo+MidGrad+極線對齊,102,1,,,1.58831050001027
