{
    "calibration_time": "2026-04-20 14:37:21",
    "reprojection_error": 0.2591555274020469,
    "intrinsic_L": {
        "matrix": [
            [
                653.5045319240112,
                0.0,
                653.187337171261
            ],
            [
                0.0,
                653.8814842246279,
                513.6883685680855
            ],
            [
                0.0,
                0.0,
                1.0
            ]
        ],
        "distortion": [
            -0.10386945431191681,
            0.03181364148811634,
            -0.0009503462372548292,
            0.0011974631663150175,
            -0.016895593033704758
        ]
    },
    "intrinsic_R": {
        "matrix": [
            [
                647.6476039462029,
                0.0,
                657.748842577723
            ],
            [
                0.0,
                647.723838937477,
                516.970454963712
            ],
            [
                0.0,
                0.0,
                1.0
            ]
        ],
        "distortion": [
            -0.10731164179624604,
            0.040525519979098444,
            0.0011770114898236703,
            -0.0010947666447958919,
            -0.021038034900685797
        ]
    },
    "extrinsic": {
        "R": [
            [
                0.9999942211347362,
                -0.00013886001809378736,
                -0.0033968242561978877
            ],
            [
                0.00015709516638974898,
                0.9999855765404164,
                0.005368615486283031
            ],
            [
                0.003396029776196952,
                -0.005369118086449208,
                0.9999798195727416
            ]
        ],
        "T": [
            -20.290085964703316,
            -0.09286545875241956,
            -1.14895024932534
        ],
        "E": [
            [
                -0.00013487933251209877,
                1.1494322831020494,
                -0.08669531258628761
            ],
            [
                -1.0800378735989262,
                -0.10878032427628763,
                20.29357928417551
            ],
            [
                0.08967744766475838,
                -20.28980620676774,
                -0.10924511737097337
            ]
        ],
        "F": [
            [
                8.363284775938566e-10,
                -7.123024392481635e-06,
                0.004009766516635299
            ],
            [
                6.696060117035912e-06,
                6.740316223098203e-07,
                -0.08694194411658739
            ],
            [
                -0.003822340511779593,
                0.08576919445082219,
                1.0
            ]
        ]
    },
    "metadata": {
        "checkerboard_size": [
            10,
            16
        ],
        "square_size_mm": 15.0,
        "best_5_images": [
            "image_10.png",
            "image_13.png",
            "image_12.png",
            "image_8.png",
            "image_0.png"
        ]
    }
}