{
    "calibration_time": "2026-05-18 17:49:39",
    "reprojection_error": 0.025693258142505417,
    "intrinsic_L": {
        "matrix": [
            [
                1322.4132024606404,
                0.0,
                987.3961359246774
            ],
            [
                0.0,
                1322.2708210693145,
                560.7599462204963
            ],
            [
                0.0,
                0.0,
                1.0
            ]
        ],
        "distortion": [
            0.019397202281269826,
            0.07873935461518497,
            -0.0013257438412612851,
            0.003227344885113166,
            -0.22882868358882358
        ]
    },
    "intrinsic_R": {
        "matrix": [
            [
                1322.4132024606404,
                0.0,
                987.3961359246774
            ],
            [
                0.0,
                1322.2708210693145,
                560.7599462204963
            ],
            [
                0.0,
                0.0,
                1.0
            ]
        ],
        "distortion": [
            0.019397202281269826,
            0.07873935461518497,
            -0.0013257438412612851,
            0.003227344885113166,
            -0.22882868358882358
        ]
    },
    "extrinsic": {
        "R": [
            [
                1.0,
                0.0,
                0.0
            ],
            [
                0.0,
                1.0,
                0.0
            ],
            [
                0.0,
                0.0,
                1.0
            ]
        ],
        "T": [
            0.0,
            0.0,
            0.0
        ],
        "E": [
            [
                0.0,
                0.0,
                0.0
            ],
            [
                0.0,
                0.0,
                0.0
            ],
            [
                0.0,
                0.0,
                0.0
            ]
        ],
        "F": [
            [
                0.0,
                0.0,
                0.0
            ],
            [
                0.0,
                0.0,
                0.0
            ],
            [
                0.0,
                0.0,
                0.0
            ]
        ]
    },
    "metadata": {
        "checkerboard_size": [
            10,
            16
        ],
        "square_size_mm": 15.0,
        "valid_images_count": 25
    }
}