{
    "calibration_time": "2026-06-01 14:07:53",
    "reprojection_error": 0.34314021468162537,
    "intrinsic_L": {
        "matrix": [
            [
                1685.0630536172046,
                0.0,
                979.5043788933773
            ],
            [
                0.0,
                1689.9843122610143,
                545.7978944354267
            ],
            [
                0.0,
                0.0,
                1.0
            ]
        ],
        "distortion": [
            0.0,
            0.0,
            0.0,
            0.0,
            0.0
        ]
    },
    "intrinsic_R": {
        "matrix": [
            [
                1685.0630536172046,
                0.0,
                979.5043788933773
            ],
            [
                0.0,
                1689.9843122610143,
                545.7978944354267
            ],
            [
                0.0,
                0.0,
                1.0
            ]
        ],
        "distortion": [
            0.13058197843788868,
            -0.5064219268879759,
            0.0012011903640209002,
            0.0015120249133904152,
            0.6220236588309045
        ]
    },
    "extrinsic": {
        "R": [
            [
                1.0,
                0.0,
                0.0
            ],
            [
                0.0,
                1.0,
                0.0
            ],
            [
                0.0,
                0.0,
                1.0
            ]
        ],
        "T": [
            0.0,
            0.0,
            0.0
        ],
        "E": [
            [
                0.0,
                0.0,
                0.0
            ],
            [
                0.0,
                0.0,
                0.0
            ],
            [
                0.0,
                0.0,
                0.0
            ]
        ],
        "F": [
            [
                0.0,
                0.0,
                0.0
            ],
            [
                0.0,
                0.0,
                0.0
            ],
            [
                0.0,
                0.0,
                0.0
            ]
        ]
    },
    "metadata": {
        "checkerboard_size": [
            10,
            16
        ],
        "square_size_mm": 15.0,
        "valid_images_count": 14
    }
}