sample_id,block_id,row,column,sample_row,sample_column,model_x_mm,model_y_mm,u,v,true_height_mm,measured_u,measured_v,wound_height_mm,error_mm,abs_error_mm,status,failure_reason,measurement_warning,height_reference_source,method,candidate_frame,fused_count,group_score,objective_score,elapsed_seconds
1,1,1,1,1,1,5,5,655.275764762379,270.339314343368,12.5,655,270,12.6050368249063,0.105036824906289,0.105036824906289,valid,,,Shared Pattern Plane,Region-SIFT(21/28),102,1,301.16746553088,309.676954167472,4.56031879999864
2,1,1,1,1,2,7.5,5,671.100592033225,270.534532360213,12.5,671,271,12.1738825178062,-0.326117482193837,0.326117482193837,valid,,,Shared Pattern Plane,Region-SIFT(21/28),102,1,204.263187118813,209.31064480914,3.26537760000065
3,1,1,1,1,3,10,5,686.975630096133,270.730369786742,12.5,687,271,11.7429760452416,-0.757023954758363,0.757023954758363,valid,,,Shared Pattern Plane,Region-SIFT(21/28),102,1,233.733393117107,235.844791613294,2.95402660000036
4,1,1,1,1,4,12.5,5,702.901118302498,270.926829575638,12.5,703,271,12.3682386067066,-0.131761393293433,0.131761393293433,valid,,,Shared Pattern Plane,Region-SIFT(21/28),102,1,257.206686991737,261.44780848721,2.84021270000085
5,1,1,1,1,5,15,5,718.87729752743,271.123914698381,12.5,719,271,11.9522735577481,-0.547726442251902,0.547726442251902,valid,,,Shared Pattern Plane,Region-SIFT(21/28),102,1,241.025142644448,246.14607842967,2.92594390000158
6,1,1,1,2,1,5,7.5,654.491544468781,286.771929611087,12.5,654,287,12.0337340230074,-0.466265976992577,0.466265976992577,valid,,,Shared Pattern Plane,Region-SIFT(21/28),102,1,211.253017985632,214.933815375049,2.90277620000052
7,1,1,1,2,2,7.5,7.5,670.322464526129,286.993278517901,12.5,670,287,12.1312633927063,-0.368736607293712,0.368736607293712,valid,,,Shared Pattern Plane,Region-SIFT(21/28),102,1,249.697559672563,256.03987641577,2.98948599999858
8,1,1,1,2,3,10,7.5,686.203638028307,287.215330071499,12.5,686,287,11.6863141046675,-0.813685895332476,0.813685895332476,valid,,,Shared Pattern Plane,Region-SIFT(21/28),102,1,222.560098675824,224.462021180606,2.7963826999985
9,1,1,1,2,4,12.5,7.5,702.135304641431,287.438087622909,12.5,702,287,11.7834238966458,-0.716576103354226,0.716576103354226,valid,,,Shared Pattern Plane,Region-SIFT(21/28),102,1,205.814458720899,210.238149973749,2.85919569999896
10,1,1,1,2,5,15,7.5,718.117705558044,287.661554544499,12.5,718,288,11.8772095114386,-0.622790488561371,0.622790488561371,valid,,,Shared Pattern Plane,Region-SIFT(21/28),102,1,212.660181119202,216.05172610882,2.76372080000147
11,1,1,1,3,1,5,10,653.706597946263,303.219762338142,12.5,654,303,12.5065030296673,0.00650302966725569,0.00650302966725569,valid,,,Shared Pattern Plane,Region-SIFT(21/28),102,1,221.108706736691,225.040733026453,3.92817339999965
12,1,1,1,3,2,7.5,10,669.543615289925,303.467290497808,12.5,670,303,12.0796130757232,-0.420386924276844,0.420386924276844,valid,,,Shared Pattern Plane,Region-SIFT(21/28),102,1,304.660575815231,318.720773007491,3.72529220000069
13,1,1,1,3,3,10,10,685.4309287851,303.715604772279,12.5,685,304,11.626513436185,-0.873486563815039,0.873486563815039,valid,,,Shared Pattern Plane,Region-SIFT(21/28),102,1,201.923402737814,206.28481545505,3.65398640000058
14,1,1,1,3,4,12.5,10,701.368778413172,303.9647089124,12.5,701,304,11.7236249388931,-0.776375061106906,0.776375061106906,valid,,,Shared Pattern Plane,Region-SIFT(21/28),102,1,142.90065854996,145.659902393291,3.90278289999696
15,1,1,1,3,5,15,10,717.357405684678,304.214606692911,12.5,717,304,11.8205473839959,-0.679452616004113,0.679452616004113,valid,,,Shared Pattern Plane,Region-SIFT(21/28),102,1,216.502183271337,223.459028457582,2.93647749999946
16,1,1,1,4,1,5,12.5,652.920924185569,319.682833672568,12.5,653,320,11.9212308720858,-0.578769127914208,0.578769127914208,valid,,,Shared Pattern Plane,Region-SIFT(21/28),102,1,210.356563389491,214.092967640722,2.95454430000245
17,1,1,1,4,2,7.5,12.5,668.764043320019,319.95658954883,12.5,669,320,12.0186867330424,-0.481313266957606,0.481313266957606,valid,,,Shared Pattern Plane,Region-SIFT(21/28),102,1,281.652694425633,288.399193273447,2.98192439999912
18,1,1,1,4,3,10,12.5,684.657501366669,320.231215239483,12.5,685,320,12.1025807883219,-0.397419211678073,0.397419211678073,valid,,,Shared Pattern Plane,Region-SIFT(21/28),102,1,214.436358575972,220.389859951633,3.17100919999939
19,1,1,1,4,4,12.5,12.5,700.601538622725,320.506714896661,12.5,701,321,11.669864973915,-0.83013502608496,0.83013502608496,valid,,,Shared Pattern Plane,Region-SIFT(21/28),102,1,191.169793799567,192.771081747491,3.31147399999827
20,1,1,1,4,5,15,12.5,716.596396917273,320.783092698971,12.5,717,321,12.2933473816342,-0.206652618365824,0.206652618365824,valid,,,Shared Pattern Plane,Region-SIFT(21/28),102,1,243.048516033314,247.449615130541,2.83585429999948
21,1,1,1,5,1,5,15,652.134522175573,336.161164801603,12.5,652,336,12.374171955262,-0.125828044737979,0.125828044737979,valid,,,Shared Pattern Plane,Region-SIFT(21/28),102,1,207.472027288164,211.977340780454,2.96224449999863
22,1,1,1,5,2,7.5,15,667.983747609952,336.461196959317,12.5,668,336,12.4843598093023,-0.0156401906977397,0.0156401906977397,valid,,,Shared Pattern Plane,Region-SIFT(21/28),102,1,221.810248994575,223.786821548162,3.30125939999925
23,1,1,1,5,3,10,15,683.883354771314,336.762182863214,12.5,684,337,12.0422300219886,-0.457769978011408,0.457769978011408,valid,,,Shared Pattern Plane,Region-SIFT(21/28),102,1,200.107737046701,204.908877572392,2.92314569999871
24,1,1,1,5,4,12.5,15,699.833584273239,337.064127068204,12.5,700,337,12.139357156204,-0.360642843795992,0.360642843795992,valid,,,Shared Pattern Plane,Region-SIFT(21/28),102,1,155.10204015863,156.127728057055,2.79962119999982
25,1,1,1,5,5,15,15,715.834678263918,337.36703415825,12.5,716,337,11.7101092372378,-0.789890762762159,0.789890762762159,valid,,,Shared Pattern Plane,Region-SIFT(21/28),102,1,285.921005754622,294.422192960314,2.79276039999968
26,2,1,2,1,1,25,5,783.293796128489,271.918568623748,12,783,272,11.788586449367,-0.211413550633011,0.211413550633011,valid,,,Shared Pattern Plane,Region-SIFT(21/28),102,1,230.570437098306,236.430119763763,2.8719022999976
27,2,1,2,1,2,27.5,5,799.527097759663,272.118825656388,12,800,272,10.8356686583878,-1.16433134161223,1.16433134161223,valid,,,Shared Pattern Plane,Region-SIFT(21/28),102,1,193.117919957701,196.909853048554,2.80608969999957
28,2,1,2,1,3,30,5,815.81256834642,272.319726254981,12,816,272,10.9157314212453,-1.08426857875468,1.08426857875468,valid,,,Shared Pattern Plane,Region-SIFT(21/28),102,1,171.985898883759,174.192302764029,2.91728370000055
29,2,1,2,1,4,32.5,5,832.150459776538,272.521273526862,12,832,273,11.0236303478786,-0.976369652121409,0.976369652121409,valid,,,Shared Pattern Plane,Region-SIFT(21/28),102,1,269.6596119916,276.691411615528,3.0735167999992
30,2,1,2,1,5,35,5,848.541025561995,272.723470599401,12,849,273,11.0784175458787,-0.921582454121342,0.921582454121342,valid,,,Shared Pattern Plane,Region-SIFT(21/28),102,1,280.757418784893,286.739021046181,2.78054160000102
31,2,1,2,2,1,25,7.5,782.559530220273,288.562584136615,12,783,289,11.2168600653241,-0.783139934675903,0.783139934675903,valid,,,Shared Pattern Plane,Region-SIFT(21/28),102,1,290.701425183009,298.634060848118,2.77910539999721
32,2,1,2,2,2,27.5,7.5,798.79927482618,288.789649253641,12,799,289,10.7618349692502,-1.23816503074977,1.23816503074977,valid,,,Shared Pattern Plane,Region-SIFT(21/28),102,1,313.662706803014,322.259640542859,2.67739040000015
33,2,1,2,2,3,30,7.5,815.091233635749,289.017444432904,12,815,289,11.4084194344756,-0.591580565524382,0.591580565524382,valid,,,Shared Pattern Plane,Region-SIFT(21/28),102,1,240.864404712657,246.731405581828,3.15550930000245
34,2,1,2,2,4,32.5,7.5,831.435658873972,289.245973201028,12,831,289,11.4890195834163,-0.510980416583692,0.510980416583692,valid,,,Shared Pattern Plane,Region-SIFT(21/28),102,1,288.648515517623,293.982084641019,2.82611860000179
35,2,1,2,2,5,35,7.5,847.832804392986,289.475239107391,12,848,289,11.0243011198492,-0.975698880150812,0.975698880150812,valid,,,Shared Pattern Plane,Region-SIFT(21/28),102,1,317.329616212593,324.532866129251,3.19785580000098
36,2,1,2,3,1,25,10,781.824575622475,305.222210560942,12,782,305,11.6932551755614,-0.306744824438647,0.306744824438647,valid,,,Shared Pattern Plane,Region-SIFT(21/28),102,1,347.163022149303,358.851867945487,2.80910760000188
37,2,1,2,3,2,27.5,10,798.070768149992,305.476134014497,12,798,305,10.678036373671,-1.32196362632901,1.32196362632901,valid,,,Shared Pattern Plane,Region-SIFT(21/28),102,1,374.34029340189,385.980763323611,3.00870809999833
38,2,1,2,3,3,30,10,814.369220187737,305.730874269607,12,814,306,11.3489984749334,-0.651001525066619,0.651001525066619,valid,,,Shared Pattern Plane,Region-SIFT(21/28),102,1,274.030567112675,281.10174733474,2.94768250000197
39,2,1,2,3,4,32.5,10,830.720184298519,305.986435273758,12,831,306,10.8862921091388,-1.11370789086119,1.11370789086119,valid,,,Shared Pattern Plane,Region-SIFT(21/28),102,1,305.908443220835,314.455323766338,2.73866149999958
40,2,1,2,3,5,35,10,847.123914675239,306.242820999914,12,847,306,10.9815223551138,-1.01847764488617,1.01847764488617,valid,,,Shared Pattern Plane,Region-SIFT(21/28),102,1,358.744079206356,369.98898929225,2.79525740000099
41,2,1,2,4,1,25,12.5,781.088931365727,321.897469869935,12,781,322,11.6333832388001,-0.366616761199856,0.366616761199856,valid,,,Shared Pattern Plane,Region-SIFT(21/28),102,1,396.432795214779,409.538105004669,3.09132210000098
42,2,1,2,4,2,27.5,12.5,797.341576767147,322.178302018307,12,797,322,11.6751669272628,-0.324833072737244,0.324833072737244,valid,,,Shared Pattern Plane,Region-SIFT(21/28),102,1,426.139240337553,438.033230937344,3.01637440000195
43,2,1,2,4,3,30,12.5,813.64652704395,322.460037951273,12,814,322,10.2120905866341,-1.78790941336585,1.78790941336585,valid,,,Shared Pattern Plane,Region-SIFT(21/28),102,1,351.773272206544,360.572573001513,2.84869320000143
44,2,1,2,4,4,32.5,12.5,830.004035097363,322.742682038755,12,830,323,9.77764871414513,-2.22235128585487,2.22235128585487,valid,,,Shared Pattern Plane,Region-SIFT(21/28),102,1,328.797917445753,335.786813417049,2.74528289999944
45,2,1,2,4,5,35,12.5,846.414355461661,323.026238678893,12,846,323,9.81721790482636,-2.18278209517364,2.18278209517364,valid,,,Shared Pattern Plane,Region-SIFT(21/28),102,1,285.460696629115,292.730778217345,2.77928040000188
46,2,1,2,5,1,25,15,780.352596478841,338.588384078054,12,780,339,9.95717546295938,-2.04282453704062,2.04282453704062,valid,,,Shared Pattern Plane,Region-SIFT(21/28),102,1,401.857889627527,414.49359996487,2.78021869999793
47,2,1,2,5,2,27.5,15,796.611699711881,338.896175385945,12,797,339,9.50538271583054,-2.49461728416946,2.49461728416946,valid,,,Shared Pattern Plane,Region-SIFT(21/28),102,1,359.13101488951,369.996242165759,3.20336400000087
48,2,1,2,5,3,30,15,812.923153244147,339.204957705876,12,813,339,9.6276760125894,-2.3723239874106,2.3723239874106,valid,,,Shared Pattern Plane,Region-SIFT(21/28),102,1,290.057497151693,299.266784356977,3.10865399999966
49,2,1,2,5,4,32.5,15,829.28721031589,339.514735831786,12,829,340,9.70659264320884,-2.29340735679116,2.29340735679116,valid,,,Shared Pattern Plane,Region-SIFT(21/28),102,1,232.099482526224,238.613312940183,2.73330219999843
50,2,1,2,5,5,35,15,845.704125803366,339.825514588584,12,846,340,11.4199072910865,-0.580092708913524,0.580092708913524,valid,,,Shared Pattern Plane,Region-SIFT(21/28),102,1,192.597275992298,197.678578588681,2.92457980000108
51,3,1,3,1,1,45,5,914.635160081783,273.538820153949,11.5,915,274,10.3987011498487,-1.10129885015133,1.10129885015133,valid,,,Shared Pattern Plane,Region-SIFT(21/28),102,1,339.038390427039,350.559460894609,3.12317049999911
52,3,1,3,1,2,47.5,5,931.292958095772,273.744313853036,11.5,931,274,10.4771790116307,-1.02282098836932,1.02282098836932,valid,,,Shared Pattern Plane,Region-SIFT(21/28),102,1,288.3374285925,295.801938575642,2.98985639999955
53,3,1,3,1,3,50,5,948.004986388526,273.950476546944,11.5,948,274,10.608136554149,-0.891863445850966,0.891863445850966,valid,,,Shared Pattern Plane,Region-SIFT(21/28),102,1,221.621211640292,224.853204743278,3.05394199999864
54,3,1,3,1,4,52.5,5,964.771510215821,274.157311507916,11.5,965,274,10.7233920893948,-0.776607910605176,0.776607910605176,valid,,,Shared Pattern Plane,Region-SIFT(21/28),102,1,287.290265655518,295.993699221248,2.94793489999938
55,3,1,3,1,5,55,5,981.592796566182,274.364822029573,11.5,982,274,10.2768449344013,-1.22315506559872,1.22315506559872,valid,,,Shared Pattern Plane,Region-SIFT(21/28),102,1,286.310242734637,297.255536838369,2.94749269999738
56,3,1,3,2,1,45,7.5,913.953724009313,290.39974590937,11.5,914,290,9.81512000200581,-1.68487999799419,1.68487999799419,valid,,,Shared Pattern Plane,Region-SIFT(21/28),102,1,281.949408999448,289.826042339709,3.37588669999968
57,3,1,3,2,2,47.5,7.5,930.618336591556,290.632751556812,11.5,931,291,10.4420734410738,-1.05792655892624,1.05792655892624,valid,,,Shared Pattern Plane,Region-SIFT(21/28),102,1,244.489158896794,250.906589335983,2.86341320000065
58,3,1,3,2,3,50,7.5,947.337227482439,290.866516126933,11.5,947,291,11.0633732023725,-0.436626797627502,0.436626797627502,valid,,,Shared Pattern Plane,Region-SIFT(21/28),102,1,270.933481677626,279.285308048054,2.8357270000015
59,3,1,3,2,4,52.5,7.5,964.110662299347,291.101043333614,11.5,964,291,10.6504895260991,-0.849510473900883,0.849510473900883,valid,,,Shared Pattern Plane,Region-SIFT(21/28),102,1,253.977501343419,259.12187804515,2.9636172999999
60,3,1,3,2,5,55,7.5,980.938908395603,291.336336915005,11.5,981,291,10.7497769009363,-0.750223099063717,0.750223099063717,valid,,,Shared Pattern Plane,Region-SIFT(21/28),102,1,258.06927621024,267.669572185479,2.88615370000116
61,3,1,3,3,1,45,10,913.271640494051,307.276691487184,11.5,913,307,10.288532176379,-1.21146782362098,1.21146782362098,valid,,,Shared Pattern Plane,Region-SIFT(21/28),102,1,214.900925092344,218.119588491227,2.79466140000295
62,3,1,3,3,2,47.5,10,929.943073076525,307.537261324078,11.5,930,308,10.4144535550043,-1.08554644499567,1.08554644499567,valid,,,Shared Pattern Plane,Region-SIFT(21/28),102,1,192.499011788545,195.050952838365,2.77659339999809
63,3,1,3,3,3,50,10,946.668832060999,307.798680267468,11.5,947,308,11.0414043074719,-0.45859569252811,0.45859569252811,valid,,,Shared Pattern Plane,Region-SIFT(21/28),102,1,165.156851728126,168.6088723666,2.83873099999983
64,3,1,3,3,4,52.5,10,963.449183427119,308.060952474543,11.5,963,308,10.5788276126796,-0.921172387320386,0.921172387320386,valid,,,Shared Pattern Plane,Region-SIFT(21/28),102,1,166.505134011829,167.948633957215,3.17837429999781
65,3,1,3,3,5,55,10,980.284394893675,308.324082129671,11.5,980,308,10.6925010558332,-0.807498944166811,0.807498944166811,valid,,,Shared Pattern Plane,Region-SIFT(21/28),102,1,134.994585574115,137.658433687976,3.14395119999972
66,3,1,3,4,1,45,12.5,912.588908612839,324.169679729257,11.5,913,324,10.7928441034039,-0.707155896596104,0.707155896596104,valid,,,Shared Pattern Plane,Region-SIFT(21/28),102,1,168.809607621349,170.649650609929,2.72496729999693
67,3,1,3,4,2,47.5,12.5,929.267166633779,324.457866108486,11.5,929,324,10.3597863112661,-1.14021368873388,1.14021368873388,valid,,,Shared Pattern Plane,Region-SIFT(21/28),102,1,206.633048172098,210.191809791881,2.90042090000134
68,3,1,3,4,3,50,12.5,945.99979921367,324.746992034713,11.5,946,325,10.9836554563282,-0.516344543671817,0.516344543671817,valid,,,Shared Pattern Plane,Region-SIFT(21/28),102,1,197.446314764275,200.591734898957,2.90809909999734
69,3,1,3,4,4,52.5,12.5,962.787072695085,325.037062110116,11.5,963,325,10.5419195911037,-0.958080408896338,0.958080408896338,valid,,,Shared Pattern Plane,Region-SIFT(21/28),102,1,140.831942585536,141.908216093812,2.80008729999827
70,3,1,3,4,5,55,12.5,979.629255162937,325.328080966979,11.5,980,325,10.6411585498227,-0.858841450177287,0.858841450177287,valid,,,Shared Pattern Plane,Region-SIFT(21/28),102,1,145.657556259317,149.570807623187,3.09018260000084
71,3,1,3,5,1,45,15,911.905527440767,341.078733520903,11.5,912,341,10.7351371250724,-0.764862874927553,0.764862874927553,valid,,,Shared Pattern Plane,Region-SIFT(21/28),102,1,135.894516565434,136.625178523851,2.97260789999928
72,3,1,3,5,2,47.5,15,928.590616344668,341.394588907415,11.5,929,341,10.8350870918976,-0.664912908102441,0.664912908102441,valid,,,Shared Pattern Plane,Region-SIFT(21/28),102,1,162.314743691651,165.052378874597,3.10330489999978
73,3,1,3,5,3,50,15,945.330128028182,341.711474538847,11.5,945,342,10.3853285344149,-1.11467146558508,1.11467146558508,valid,,,Shared Pattern Plane,Region-SIFT(21/28),102,1,152.880968776582,156.246070197798,2.84369359999982
74,3,1,3,5,4,52.5,15,962.124329197459,342.029395464053,11.5,962,342,10.4848481236795,-1.01515187632046,1.01515187632046,valid,,,Shared Pattern Plane,Region-SIFT(21/28),102,1,142.559855343804,144.766483857561,2.85353190000023
75,3,1,3,5,5,55,15,978.973488304209,342.348356764932,11.5,979,342,10.5840521538839,-0.915947846116143,0.915947846116143,valid,,,Shared Pattern Plane,Region-SIFT(21/28),102,1,142.413770021206,144.375352278576,3.35035340000104
76,4,1,4,1,1,65,5,1049.43096841246,275.201686353436,11,1049,275,9.52905007614897,-1.47094992385103,1.47094992385103,valid,,,Shared Pattern Plane,Region-SIFT(21/28),102,1,300.356896846509,306.854366427922,2.74199809999845
77,4,1,4,1,2,67.5,5,1066.53013385204,275.412624843297,11,1067,275,9.07692156725124,-1.92307843274876,1.92307843274876,valid,,,Shared Pattern Plane,Region-SIFT(21/28),102,1,327.066526460395,332.556297602006,2.86464879999767
78,4,1,4,1,3,70,5,1083.685700937,275.624259114362,11,1084,276,9.72728514060474,-1.27271485939526,1.27271485939526,valid,,,Shared Pattern Plane,Region-SIFT(21/28),102,1,260.201499504009,266.641924259372,2.97609010000087
79,4,1,4,1,4,72.5,5,1100.89794918981,275.83659261487,11,1101,276,9.82462455061808,-1.17537544938192,1.17537544938192,valid,,,Shared Pattern Plane,Region-SIFT(21/28),102,1,304.093314705702,310.055265235225,2.79697149999993
80,4,1,4,1,5,75,5,1118.16715998306,276.049628815889,11,1118,276,9.92177155715226,-1.07822844284774,1.07822844284774,valid,,,Shared Pattern Plane,Region-SIFT(21/28),102,1,269.977341321915,276.848870564472,2.8219496999991
81,4,1,4,2,1,65,7.5,1048.80541419784,292.285250611378,11,1049,292,10.0470234454774,-0.952976554522619,0.952976554522619,valid,,,Shared Pattern Plane,Region-SIFT(21/28),102,1,237.740319458896,241.239233259822,2.93092640000032
82,4,1,4,2,2,67.5,7.5,1065.91178875075,292.524433002112,11,1066,293,11.2217725020794,0.221772502079375,0.221772502079375,valid,,,Shared Pattern Plane,Region-SIFT(21/28),102,1,304.643818482898,313.522165281012,3.01407800000015
83,4,1,4,2,3,70,7.5,1083.07461596301,292.764404717433,11,1083,293,10.2244549204401,-0.775545079559913,0.775545079559913,valid,,,Shared Pattern Plane,Region-SIFT(21/28),102,1,218.374405687322,220.632948735671,2.71849740000107
84,4,1,4,2,4,72.5,7.5,1100.29417574517,293.005169671068,11,1100,293,9.78501751934546,-1.21498248065454,1.21498248065454,valid,,,Shared Pattern Plane,Region-SIFT(21/28),102,1,207.407909781845,211.762021834878,2.84051620000173
85,4,1,4,2,5,75,7.5,1117.57074986139,293.24673180266,11,1118,293,9.88789016930678,-1.11210983069322,1.11210983069322,valid,,,Shared Pattern Plane,Region-SIFT(21/28),102,1,175.733733641407,179.239168840013,2.85127339999963
86,4,1,4,3,1,65,10,1048.17925781105,309.385259882022,11,1048,309,9.97624020311613,-1.02375979688387,1.02375979688387,valid,,,Shared Pattern Plane,Region-SIFT(21/28),102,1,188.665054514547,192.416365061232,2.82519789999787
87,4,1,4,3,2,67.5,10,1065.29284743593,309.652740510046,11,1065,310,10.085850161367,-0.914149838632968,0.914149838632968,valid,,,Shared Pattern Plane,Region-SIFT(21/28),102,1,153.395645817752,157.100491139005,3.33148829999845
88,4,1,4,3,3,70,10,1082.46294080306,309.921104275788,11,1082,310,10.1689343603149,-0.831065639685095,0.831065639685095,valid,,,Shared Pattern Plane,Region-SIFT(21/28),102,1,184.583359802085,186.739949910569,2.83729420000236
89,4,1,4,3,4,72.5,10,1099.68981821181,310.190355560246,11,1100,310,9.73520864614935,-1.26479135385065,1.26479135385065,valid,,,Shared Pattern Plane,Region-SIFT(21/28),102,1,169.661849200032,173.704739395124,2.68840189999901
90,4,1,4,3,5,75,10,1116.97376181861,310.460498773448,11,1117,310,9.8469888777322,-1.1530111222678,1.1530111222678,valid,,,Shared Pattern Plane,Region-SIFT(21/28),102,1,132.999798415956,135.134290502807,2.83837750000021
91,4,1,4,4,1,65,12.5,1047.55249838217,326.501737922294,11,1048,327,9.93759546990931,-1.06240453009069,1.06240453009069,valid,,,Shared Pattern Plane,Region-SIFT(21/28),102,1,131.466660120626,133.063070837103,3.10108440000113
92,4,1,4,4,2,67.5,12.5,1064.67330904483,326.797571241826,11,1065,327,9.47066650215963,-1.52933349784037,1.52933349784037,valid,,,Shared Pattern Plane,Region-SIFT(21/28),102,1,132.92838289271,134.406789742025,2.7692790000001
93,4,1,4,4,3,70,12.5,1081.85067460173,327.09438178273,11,1082,327,10.1332333207742,-0.866766679225806,0.866766679225806,valid,,,Shared Pattern Plane,Region-SIFT(21/28),102,1,142.086913307129,144.642748887734,3.17918700000155
94,4,1,4,4,4,72.5,12.5,1099.08487574175,327.392174395076,11,1099,327,9.66555502520183,-1.33444497479817,1.33444497479817,valid,,,Shared Pattern Plane,Region-SIFT(21/28),102,1,150.880932924987,151.769206189625,2.85444039999857
95,4,1,4,4,5,75,12.5,1116.37619501431,327.690953961083,11,1116,328,9.77378603251636,-1.22621396748364,1.22621396748364,valid,,,Shared Pattern Plane,Region-SIFT(21/28),102,1,141.819783929795,144.659609708422,2.852130700001
96,4,1,4,5,1,65,15,1046.92513503961,343.634708534906,11,1047,344,9.88155405040284,-1.11844594959716,1.11844594959716,valid,,,Shared Pattern Plane,Region-SIFT(21/28),102,1,143.377939531034,144.208923140646,3.06085560000065
97,4,1,4,5,2,67.5,15,1064.05317271308,343.958949118262,11,1064,344,9.96612054477338,-1.03387945522662,1.03387945522662,valid,,,Shared Pattern Plane,Region-SIFT(21/28),102,1,129.880767775339,131.303900882462,2.77253380000184
98,4,1,4,5,3,70,15,1081.23781650195,344.284261277955,11,1081,344,10.0771466819776,-0.922853318022382,0.922853318022382,valid,,,Shared Pattern Plane,Region-SIFT(21/28),102,1,139.419467937631,140.908453491251,3.10693290000199
99,4,1,4,5,4,72.5,15,1098.47934748536,344.610650334926,11,1098,345,9.60776681739077,-1.39223318260923,1.39223318260923,valid,,,Shared Pattern Plane,Region-SIFT(21/28),102,1,142.650115546474,143.22453207867,2.84264489999987
100,4,1,4,5,5,75,15,1115.77804860645,344.938121645401,11,1116,345,9.71055719897013,-1.28944280102987,1.28944280102987,valid,,,Shared Pattern Plane,Region-SIFT(21/28),102,1,132.415203350309,133.229057072676,3.73638699999719
101,5,1,5,1,1,85,5,1187.81932162939,276.90887085581,10.5,1188,277,9.21607746936414,-1.28392253063586,1.28392253063586,valid,,,Shared Pattern Plane,Region-SIFT(21/28),102,1,138.942506015616,140.883386196416,2.88537899999938
102,5,1,5,1,2,87.5,5,1205.37763154969,277.125473437508,10.5,1205,277,9.29564121386754,-1.20435878613246,1.20435878613246,valid,,,Shared Pattern Plane,Region-SIFT(21/28),102,1,194.388740288265,197.403257828999,3.36376359999849
103,5,1,5,1,3,90,5,1222.99463196781,277.34280003612,10.5,1223,277,9.41295026624042,-1.08704973375958,1.08704973375958,valid,,,Shared Pattern Plane,Region-SIFT(21/28),102,1,249.650832784743,257.324498095597,2.84364350000033
104,5,1,5,1,4,92.5,5,1240.67061764513,277.560854287876,10.5,1241,278,9.51080995078429,-0.98919004921571,0.98919004921571,valid,,,Shared Pattern Plane,Region-SIFT(21/28),102,1,197.509076833977,202.724055149884,3.10618940000131
105,5,1,5,1,5,95,5,1258.40588532019,277.779639853399,10.5,1258,278,9.0420771633155,-1.4579228366845,1.4579228366845,valid,,,Shared Pattern Plane,Region-SIFT(21/28),102,1,203.225570869446,206.984014362925,3.00050130000091
106,5,1,5,2,1,85,7.5,1187.2528906899,294.221031820661,10.5,1187,294,9.14611081405608,-1.35388918594392,1.35388918594392,valid,,,Shared Pattern Plane,Region-SIFT(21/28),102,1,178.891797427021,182.911845296981,2.788013399997
107,5,1,5,2,2,87.5,7.5,1204.81882889826,294.466639858949,10.5,1205,294,9.24741304971753,-1.25258695028247,1.25258695028247,valid,,,Shared Pattern Plane,Region-SIFT(21/28),102,1,165.548678687262,167.588369236033,2.78681770000185
108,5,1,5,2,3,90,7.5,1222.44351182219,294.713069269496,10.5,1222,295,9.34001962601652,-1.15998037398348,1.15998037398348,valid,,,Shared Pattern Plane,Region-SIFT(21/28),102,1,213.016415977478,218.561865260611,2.85440350000135
109,5,1,5,2,4,92.5,7.5,1240.1272346399,294.960324179503,10.5,1240,295,9.45626028497332,-1.04373971502668,1.04373971502668,valid,,,Shared Pattern Plane,Region-SIFT(21/28),102,1,220.09981968693,222.05804812798,2.73723499999687
110,5,1,5,2,5,95,7.5,1257.87029451054,295.208408743867,10.5,1258,295,9.5568874549526,-0.943112545047402,0.943112545047402,valid,,,Shared Pattern Plane,Region-SIFT(21/28),102,1,185.494758405635,185.969295334728,2.98052079999979
111,5,1,5,3,1,85,10,1186.68590721845,311.550080143647,10.5,1187,312,9.09513205271619,-1.40486794728381,1.40486794728381,valid,,,Shared Pattern Plane,Region-SIFT(21/28),102,1,207.683560821493,213.02576951836,2.97796260000177
112,5,1,5,3,2,87.5,10,1204.25948024561,311.82475018383,10.5,1204,312,9.76436921595878,-0.735630784041224,0.735630784041224,valid,,,Shared Pattern Plane,Region-SIFT(21/28),102,1,156.888882886291,160.427782379967,2.8866053999991
113,5,1,5,3,3,90,10,1221.89185228098,312.100339236095,10.5,1222,312,9.29180937356931,-1.20819062643069,1.20819062643069,valid,,,Shared Pattern Plane,Region-SIFT(21/28),102,1,188.245465270047,191.918609240051,2.74945859999934
114,5,1,5,3,4,92.5,10,1239.58331892042,312.376851920525,10.5,1240,312,9.96666756618058,-0.533332433819423,0.533332433819423,valid,,,Shared Pattern Plane,Region-SIFT(21/28),102,1,203.701189276276,208.82034804687,2.87905909999972
115,5,1,5,3,5,95,10,1257.33417774448,312.654292888218,10.5,1257,313,9.48467482420015,-1.01532517579985,1.01532517579985,valid,,,Shared Pattern Plane,Region-SIFT(21/28),102,1,175.744699140074,179.91154297603,2.9833280999992
116,5,1,5,4,1,85,12.5,1186.1183704062,328.896040546293,10.5,1186,329,9.61360872964961,-0.886391270350392,0.886391270350392,valid,,,Shared Pattern Plane,Region-SIFT(21/28),102,1,111.203021260923,111.668656106739,2.87788889999865
117,5,1,5,4,2,87.5,12.5,1203.6995847911,329.1998292579,10.5,1204,329,9.70089080514155,-0.799109194858451,0.799109194858451,valid,,,Shared Pattern Plane,Region-SIFT(21/28),102,1,150.157870188718,151.915573789147,2.98020209999959
118,5,1,5,4,3,90,12.5,1221.33965255192,329.504634906725,10.5,1221,330,9.80778390280116,-0.692216097198839,0.692216097198839,valid,,,Shared Pattern Plane,Region-SIFT(21/28),102,1,126.121375560256,128.563751116251,2.69271840000147
119,5,1,5,4,4,92.5,12.5,1239.03886970293,329.810462607647,10.5,1239,330,9.89466639107085,-0.605333608929145,0.605333608929145,valid,,,Shared Pattern Plane,Region-SIFT(21/28),102,1,149.421542494133,152.109660091343,3.06033870000101
120,5,1,5,4,5,95,12.5,1256.79753424689,330.117317509906,10.5,1257,330,9.42233950117114,-1.07766049882886,1.07766049882886,valid,,,Shared Pattern Plane,Region-SIFT(21/28),102,1,183.821047344914,185.229860393617,3.27495160000035
121,5,1,5,5,1,85,15,1185.55027944269,346.258937798404,10.5,1186,346,9.56418047837236,-0.935819521627645,0.935819521627645,valid,,,Shared Pattern Plane,Region-SIFT(21/28),102,1,124.22346994511,124.828011265943,3.23883320000095
122,5,1,5,5,2,87.5,15,1203.13914173253,346.591901975511,10.5,1203,347,9.64362174699565,-0.856378253004348,0.856378253004348,valid,,,Shared Pattern Plane,Region-SIFT(21/28),102,1,156.503462886306,157.665958177373,2.99449509999977
123,5,1,5,5,3,90,15,1220.78691184118,346.92598130112,10.5,1221,347,9.18691432326472,-1.31308567673528,1.31308567673528,valid,,,Shared Pattern Plane,Region-SIFT(21/28),102,1,153.036032028804,154.211737801231,2.8164840999998
124,5,1,5,5,4,92.5,15,1238.49388620212,347.261181386834,10.5,1238,347,9.28213706265296,-1.21786293734704,1.21786293734704,valid,,,Shared Pattern Plane,Region-SIFT(21/28),102,1,173.457479563718,174.465069451739,2.7897535000011
125,5,1,5,5,5,95,15,1256.26036324112,347.597507881971,10.5,1256,348,9.37983053771126,-1.12016946228874,1.12016946228874,valid,,,Shared Pattern Plane,Region-SIFT(21/28),102,1,147.014750143081,149.709787241709,2.86063069999727
126,6,1,6,1,1,105,5,1329.94578090322,278.662169330785,10,1330,279,8.87027317330558,-1.12972682669442,1.12972682669442,valid,,,Shared Pattern Plane,Region-SIFT(21/28),102,1,186.218212458192,188.039944327271,2.71407920000274
127,6,1,6,1,2,107.5,5,1347.98198001698,278.884667242588,10,1348,279,8.96918272088828,-1.03081727911172,1.03081727911172,valid,,,Shared Pattern Plane,Region-SIFT(21/28),102,1,165.024626751552,167.113813606338,3.19080609999946
128,6,1,6,1,3,110,5,1366.07928402155,279.107918955707,10,1366,279,9.06789926155307,-0.932100738446925,0.932100738446925,valid,,,Shared Pattern Plane,Region-SIFT(21/28),102,1,154.312237806673,156.978812526844,2.79010700000072
129,6,1,6,1,4,112.5,5,1384.23800397001,279.331928307349,10,1384,279,9.16621838467101,-0.833781615328988,0.833781615328988,valid,,,Shared Pattern Plane,Region-SIFT(21/28),102,1,164.706370371864,166.913744276113,2.85718390000329
130,6,1,6,1,5,115,5,1402.45845303021,279.556699160812,10,1402,280,9.2616654401302,-0.7383345598698,0.7383345598698,valid,,,Shared Pattern Plane,Region-SIFT(21/28),102,1,181.044751844961,184.383782673056,3.830637199997
131,6,1,6,2,1,105,7.5,1329.44191797431,296.209127625348,10,1329,296,8.81698113519893,-1.18301886480107,1.18301886480107,valid,,,Shared Pattern Plane,Region-SIFT(21/28),102,1,225.17656671736,231.935480607969,2.89174260000073
132,6,1,6,2,2,107.5,7.5,1347.48619100355,296.46142377079,10,1347,296,9.46795628275608,-0.532043717243921,0.532043717243921,valid,,,Shared Pattern Plane,Region-SIFT(21/28),102,1,174.582393044769,177.49626502237,3.70286659999692
133,6,1,6,2,3,110,7.5,1365.5916265839,296.714575094818,10,1366,297,9.00150237950196,-0.998497620498044,0.998497620498044,valid,,,Shared Pattern Plane,Region-SIFT(21/28),102,1,150.47640120693,153.981296933474,3.00154939999993
134,6,1,6,2,4,112.5,7.5,1383.75853621653,296.968585952861,10,1384,297,9.09994060674798,-0.900059393252016,0.900059393252016,valid,,,Shared Pattern Plane,Region-SIFT(21/28),102,1,148.228344794178,149.088872390228,2.8454464000024
135,6,1,6,2,5,115,7.5,1401.98723352155,297.223460729974,10,1402,297,9.19807180659292,-0.801928193407077,0.801928193407077,valid,,,Shared Pattern Plane,Region-SIFT(21/28),102,1,194.076937249602,197.545794311913,2.81009830000039
136,6,1,6,3,1,105,10,1328.93755690149,313.773433714042,10,1329,314,8.76630676660287,-1.23369323339713,1.23369323339713,valid,,,Shared Pattern Plane,Region-SIFT(21/28),102,1,219.611332257589,225.059399368938,2.78575139999884
137,6,1,6,3,2,107.5,10,1346.98991099877,314.055586968684,10,1347,314,8.86510630513072,-1.13489369486928,1.13489369486928,valid,,,Shared Pattern Plane,Region-SIFT(21/28),102,1,252.183160035068,259.907383352224,2.97660639999958
138,6,1,6,3,3,110,10,1365.10348538889,314.338697079411,10,1365,314,8.9487764330705,-1.0512235669295,1.0512235669295,valid,,,Shared Pattern Plane,Region-SIFT(21/28),102,1,223.760579134421,231.500101455947,3.24809240000104
139,6,1,6,3,4,112.5,10,1383.27859202201,314.622768921917,10,1383,315,9.04443015685921,-0.95556984314079,0.95556984314079,valid,,,Shared Pattern Plane,Region-SIFT(21/28),102,1,202.186471582847,206.244222752548,3.00684559999718
140,6,1,6,3,5,115,10,1401.51554497135,314.90780740508,10,1402,315,9.14799736170654,-0.85200263829346,0.85200263829346,valid,,,Shared Pattern Plane,Region-SIFT(21/28),102,1,153.014661889858,154.671154168445,3.04056290000153
141,6,1,6,4,1,105,12.5,1328.43269694567,331.355113335927,10,1328,331,9.26492653491765,-0.735073465082348,0.735073465082348,valid,,,Shared Pattern Plane,Region-SIFT(21/28),102,1,164.088184384946,166.666152660186,2.80525769999804
142,6,1,6,4,2,107.5,12.5,1346.49313927291,331.667182706422,10,1346,332,8.79463607077694,-1.20536392922306,1.20536392922306,valid,,,Shared Pattern Plane,Region-SIFT(21/28),102,1,170.351244673149,174.128999243,3.1377089000016
143,6,1,6,4,3,110,12.5,1364.61485971633,331.980310911624,10,1365,332,9.46561663751194,-0.534383362488061,0.534383362488061,valid,,,Shared Pattern Plane,Region-SIFT(21/28),102,1,238.166589541662,245.226023989928,3.09039339999799
144,6,1,6,4,4,112.5,12.5,1382.79817067595,332.294503349543,10,1383,332,8.99715456096966,-1.00284543903034,1.00284543903034,valid,,,Shared Pattern Plane,Region-SIFT(21/28),102,1,219.733995853404,224.545347356725,3.15164799999911
145,6,1,6,4,5,115,12.5,1401.04338667896,332.609765454947,10,1401,333,9.09254386943429,-0.907456130565711,0.907456130565711,valid,,,Shared Pattern Plane,Region-SIFT(21/28),102,1,184.330846701223,187.529791873834,2.77066109999942
146,6,1,6,5,1,105,15,1327.92733736627,348.954192281005,10,1328,349,9.21429060640109,-0.785709393598911,0.785709393598911,valid,,,Shared Pattern Plane,Region-SIFT(21/28),102,1,161.903375322857,165.008985416324,2.86695840000175
147,6,1,6,5,2,107.5,15,1345.9958750948,349.296236905449,10,1346,349,8.747534897265,-1.252465102735,1.252465102735,valid,,,Shared Pattern Plane,Region-SIFT(21/28),102,1,209.656350695393,216.957707313789,2.88085849999698
148,6,1,6,5,3,110,15,1364.1257488446,349.639442645235,10,1364,350,9.40955542854038,-0.590444571459615,0.590444571459615,valid,,,Shared Pattern Plane,Region-SIFT(21/28),102,1,251.701930470946,261.715743465169,2.78142259999731
149,6,1,6,5,4,112.5,15,1382.31727146643,349.983815422752,10,1382,350,8.94178439487161,-1.05821560512839,1.05821560512839,valid,,,Shared Pattern Plane,Region-SIFT(21/28),102,1,254.225924030687,260.516492259396,3.05362479999894
150,6,1,6,5,5,115,15,1400.57075794231,350.329361200735,10,1401,350,9.04535094923939,-0.954649050760608,0.954649050760608,valid,,,Shared Pattern Plane,Region-SIFT(21/28),102,1,233.885112724102,238.310502495487,3.0286320999985
151,7,2,1,1,1,5,25,648.981611354293,402.227512385884,9.5,649,402,8.43586122504871,-1.06413877495129,1.06413877495129,valid,,,Shared Pattern Plane,Region-SIFT(21/28),102,1,264.542358091647,273.370739533876,2.94747350000034
152,7,2,1,1,2,7.5,25,664.855307173374,402.633137348954,9.5,665,403,9.04651835617021,-0.453481643829793,0.453481643829793,valid,,,Shared Pattern Plane,Region-SIFT(21/28),102,1,239.130009741506,246.97278232849,2.74647969999933
153,7,2,1,1,3,10,25,680.779556521328,403.040054120404,9.5,681,403,8.61673719029575,-0.883262809704251,0.883262809704251,valid,,,Shared Pattern Plane,Region-SIFT(21/28),102,1,274.114590978875,282.02584649632,2.77433689999816
154,7,2,1,1,4,12.5,25,696.754601282782,403.44826888118,9.5,697,403,8.73601560299935,-0.763984397000646,0.763984397000646,valid,,,Shared Pattern Plane,Region-SIFT(21/28),102,1,265.928224579745,274.826442595103,2.7874742999993
155,7,2,1,1,5,15,25,712.780684887961,403.857787851721,9.5,713,404,9.35669120258427,-0.143308797415726,0.143308797415726,valid,,,Shared Pattern Plane,Region-SIFT(21/28),102,1,249.404780902055,255.746580607902,3.01597319999928
156,7,2,1,2,1,5,27.5,648.191552865088,418.782461675093,9.5,648,419,8.92690413110212,-0.573095868897884,0.573095868897884,valid,,,Shared Pattern Plane,Region-SIFT(21/28),102,1,246.454873550758,251.73421373095,2.73638250000295
157,7,2,1,2,2,7.5,27.5,664.071377600032,419.214607269341,9.5,664,419,9.55903596254034,0.0590359625403423,0.0590359625403423,valid,,,Shared Pattern Plane,Region-SIFT(21/28),102,1,257.774714532479,263.478886458987,2.57910970000012
158,7,2,1,2,3,10,27.5,680.001798950465,419.648129774533,9.5,680,420,9.08757079814596,-0.412429201854044,0.412429201854044,valid,,,Shared Pattern Plane,Region-SIFT(21/28),102,1,349.761695010069,361.357610053765,2.83685709999918
159,7,2,1,2,4,12.5,27.5,695.98305912017,420.083035781882,9.5,696,420,8.67850554218064,-0.821494457819355,0.821494457819355,valid,,,Shared Pattern Plane,Region-SIFT(21/28),102,1,308.668530333988,316.732605206846,2.66488399999798
160,7,2,1,2,5,15,27.5,712.01540186129,420.519331924735,9.5,712,421,8.23218293823032,-1.26781706176968,1.26781706176968,valid,,,Shared Pattern Plane,Region-SIFT(21/28),102,1,368.516875346754,382.854235791793,2.62863740000103
161,7,2,1,3,1,5,30,647.400760020284,435.352798710753,9.5,647,435,8.87201262622449,-0.627987373775506,0.627987373775506,valid,,,Shared Pattern Plane,Region-SIFT(21/28),102,1,203.266497036767,205.179631744533,3.03835890000119
162,7,2,1,3,2,7.5,30,663.286718208362,435.811514112979,9.5,663,436,8.9664435585018,-0.533556441498201,0.533556441498201,valid,,,Shared Pattern Plane,Region-SIFT(21/28),102,1,205.970742642438,210.805652575874,2.76521639999919
163,7,2,1,3,3,10,30,679.223316153186,436.27169176483,9.5,679,436,9.06378399331681,-0.436216006683193,0.436216006683193,valid,,,Shared Pattern Plane,Region-SIFT(21/28),102,1,242.375202107303,247.351809527675,2.65901230000236
164,7,2,1,3,4,12.5,30,695.210796378253,436.733338669299,9.5,695,437,8.07144350200856,-1.42855649799144,1.42855649799144,valid,,,Shared Pattern Plane,Region-SIFT(21/28),102,1,314.620293532477,324.705654702932,4.33068619999904
165,7,2,1,3,5,15,30,711.249402958189,437.196461874167,9.5,711,437,9.24479447342126,-0.255205526578738,0.255205526578738,valid,,,Shared Pattern Plane,Region-SIFT(21/28),102,1,427.128489158267,447.52055797896,3.59969690000071
166,7,2,1,4,1,5,32.5,646.609231795534,451.938544957093,9.5,647,452,9.3442723456103,-0.155727654389704,0.155727654389704,valid,,,Shared Pattern Plane,Region-SIFT(21/28),102,1,215.525426789945,220.432991042872,3.48764440000014
167,7,2,1,4,2,7.5,32.5,662.501327978725,452.423879446978,9.5,663,452,9.4418052404139,-0.0581947595861045,0.0581947595861045,valid,,,Shared Pattern Plane,Region-SIFT(21/28),102,1,206.554053580067,211.827815582387,2.80058909999934
168,7,2,1,4,3,10,32.5,678.444107114652,452.910761761941,9.5,678,453,8.9964999902001,-0.5035000097999,0.5035000097999,valid,,,Shared Pattern Plane,Region-SIFT(21/28),102,1,232.293894558861,235.387505321132,2.98091770000246
169,7,2,1,4,4,12.5,32.5,694.437812047084,453.399199318276,9.5,694,453,8.54794554311472,-0.952054456885282,0.952054456885282,valid,,,Shared Pattern Plane,Region-SIFT(21/28),102,1,297.404789362509,305.752055053308,3.20246079999924
170,7,2,1,4,5,15,32.5,710.4826871737,453.889199579731,9.5,710,454,9.17816406047599,-0.321835939524011,0.321835939524011,valid,,,Shared Pattern Plane,Region-SIFT(21/28),102,1,373.81873416396,386.285868022647,3.17634749999706
171,7,2,1,5,1,5,35,645.816967164586,468.539721918283,9.5,646,469,8.75339966451909,-0.746600335480911,0.746600335480911,valid,,,Shared Pattern Plane,Region-SIFT(21/28),102,1,282.420814879483,289.304209153676,3.07021919999897
172,7,2,1,5,2,7.5,35,661.715205889585,469.051724878639,9.5,662,469,8.85964743130742,-0.640352568692578,0.640352568692578,valid,,,Shared Pattern Plane,Region-SIFT(21/28),102,1,273.46296018772,283.597446573568,3.06015839999964
173,7,2,1,5,3,10,35,677.66417081813,469.565361476961,9.5,678,470,8.93652644367108,-0.563473556328917,0.563473556328917,valid,,,Shared Pattern Plane,Region-SIFT(21/28),102,1,217.786217567403,221.35275506174,3.22559949999777
174,7,2,1,5,4,12.5,35,693.664105114829,470.080639544369,9.5,694,470,9.0335658092763,-0.466434190723701,0.466434190723701,valid,,,Shared Pattern Plane,Region-SIFT(21/28),102,1,280.282653506849,286.301856397443,3.04153370000131
175,7,2,1,5,5,15,35,709.71525350098,470.597566962114,9.5,710,471,10.1904562697421,0.690456269742146,0.690456269742146,valid,,,Shared Pattern Plane,Region-SIFT(21/28),102,1,401.190538091508,413.754550465056,3.05809170000066
176,8,2,2,1,1,25,25,777.400331142218,405.509031640455,9,777,406,7.5780564392068,-1.4219435607932,1.4219435607932,valid,,,Shared Pattern Plane,Region-SIFT(21/28),102,1,100.398732126831,101.563664651916,3.15658460000122
177,8,2,2,1,2,27.5,25,793.685315387642,405.925166371046,9,794,406,7.67959846174823,-1.32040153825177,1.32040153825177,valid,,,Shared Pattern Plane,Region-SIFT(21/28),102,1,118.43345092289,121.065729141951,4.73865320000186
178,8,2,2,1,3,30,25,810.022832216571,406.34264348135,9,810,406,7.22546294442842,-1.77453705557158,1.77453705557158,valid,,,Shared Pattern Plane,Region-SIFT(21/28),102,1,139.127617045811,140.147263076864,3.00486870000168
179,8,2,2,1,4,32.5,25,826.413136231399,406.761469477293,9,826,407,7.85594586394449,-1.14405413605551,1.14405413605551,valid,,,Shared Pattern Plane,Region-SIFT(21/28),102,1,159.713429944477,162.770001264579,2.99440830000094
180,8,2,2,1,5,35,25,842.856483682442,407.181650906911,9,843,407,7.95681203762331,-1.04318796237669,1.04318796237669,valid,,,Shared Pattern Plane,Region-SIFT(21/28),102,1,155.576342196187,159.038676502675,2.77032450000115
181,8,2,2,2,1,25,27.5,776.660528472821,422.278552011926,9,777,422,8.0664887655066,-0.933511234493404,0.933511234493404,valid,,,Shared Pattern Plane,Region-SIFT(21/28),102,1,121.310307684651,123.491413591098,2.99849300000278
182,8,2,2,2,2,27.5,27.5,792.951995420065,422.721899831099,9,793,423,7.61309450578376,-1.38690549421624,1.38690549421624,valid,,,Shared Pattern Plane,Region-SIFT(21/28),102,1,125.593112791657,127.663657618285,2.69534849999764
183,8,2,2,2,3,30,27.5,809.296040669615,423.166678489848,9,809,423,7.70852350200305,-1.29147649799695,1.29147649799695,valid,,,Shared Pattern Plane,Region-SIFT(21/28),102,1,152.703311042685,155.967788423504,2.801230699999
184,8,2,2,2,4,32.5,27.5,825.692919165921,423.612894926104,9,826,424,7.80672394382544,-1.19327605617456,1.19327605617456,valid,,,Shared Pattern Plane,Region-SIFT(21/28),102,1,189.626605018737,193.750847647351,2.86248250000062
185,8,2,2,2,5,35,27.5,842.142887504353,424.060556122725,9,842,424,8.42678929968153,-0.573210700318475,0.573210700318475,valid,,,Shared Pattern Plane,Region-SIFT(21/28),102,1,151.907883201074,153.646363993191,3.7457656000006
186,8,2,2,3,1,25,30,775.920029307695,439.063860241138,9,776,439,8.55334527994956,-0.446654720050438,0.446654720050438,valid,,,Shared Pattern Plane,Region-SIFT(21/28),102,1,95.8411639950263,96.9357954408,6.65652540000156
187,8,2,2,3,2,27.5,30,792.217983947175,439.534472257701,9,792,440,8.64600685890321,-0.353993141096794,0.353993141096794,valid,,,Shared Pattern Plane,Region-SIFT(21/28),102,1,165.813722079645,170.403880414841,4.87030790000063
188,8,2,2,3,3,30,30,808.568562667055,440.006603822278,9,809,440,8.1948218954358,-0.805178104564199,0.805178104564199,valid,,,Shared Pattern Plane,Region-SIFT(21/28),102,1,186.618647813545,192.096063831144,4.06924699999945
189,8,2,2,3,4,32.5,30,824.972020754455,440.480262306418,9,825,440,8.29001155231843,-0.709988447681571,0.709988447681571,valid,,,Shared Pattern Plane,Region-SIFT(21/28),102,1,164.928214550018,167.735239892428,2.7377106999993
190,8,2,2,3,5,35,30,841.428615150415,440.955455129429,9,841,441,8.38206509670011,-0.61793490329989,0.61793490329989,valid,,,Shared Pattern Plane,Region-SIFT(21/28),102,1,121.290401926242,123.06910397238,2.77051360000041
191,8,2,2,4,1,25,32.5,775.178832662792,455.864978634083,9,775,456,8.48770772541144,-0.51229227458856,0.51229227458856,valid,,,Shared Pattern Plane,Region-SIFT(21/28),102,1,115.896327485988,117.70513186241,3.14017219999732
192,8,2,2,4,2,27.5,32.5,791.483279990397,456.362906065139,9,791,456,8.04126044650811,-0.958739553491892,0.958739553491892,valid,,,Shared Pattern Plane,Region-SIFT(21/28),102,1,223.207112610025,229.298249952453,3.40626139999949
193,8,2,2,4,3,30,32.5,807.840397235894,456.862442001923,9,808,457,8.14902383163184,-0.850976168368156,0.850976168368156,valid,,,Shared Pattern Plane,Region-SIFT(21/28),102,1,196.770904303354,203.163285608658,3.65366739999808
194,8,2,2,4,4,32.5,32.5,824.250440029684,457.363594251225,9,824,457,8.23486875533297,-0.765131244667026,0.765131244667026,valid,,,Shared Pattern Plane,Region-SIFT(21/28),102,1,119.444271957559,120.434929992266,3.94356700000208
195,8,2,2,4,5,35,32.5,840.713665659097,457.866370670434,9,841,458,8.33280499256595,-0.667195007434049,0.667195007434049,valid,,,Shared Pattern Plane,Region-SIFT(21/28),102,1,105.983086014803,108.1488070178,4.76185669999904
196,8,2,2,5,1,25,35,774.436937552208,472.681929538789,9,774,473,7.89929992884689,-1.10070007115311,1.10070007115311,valid,,,Shared Pattern Plane,Region-SIFT(21/28),102,1,153.22523968409,156.739416696201,4.33862570000201
197,8,2,2,5,2,27.5,35,790.74788256931,473.207223710012,9,791,473,7.99213207212131,-1.00786792787869,1.00786792787869,valid,,,Shared Pattern Plane,Region-SIFT(21/28),102,1,258.731699426843,267.596577095782,3.96882340000229
198,8,2,2,5,3,30,35,807.111543401296,473.734215594657,9,807,474,8.10211981123156,-0.897880188768443,0.897880188768443,valid,,,Shared Pattern Plane,Region-SIFT(21/28),102,1,198.845899670717,202.934783589294,3.98854520000168
199,8,2,2,5,4,32.5,35,823.528176022459,474.262913436381,9,824,474,8.19440906575901,-0.805590934240985,0.805590934240985,valid,,,Shared Pattern Plane,Region-SIFT(21/28),102,1,161.201452369286,165.569729743305,4.46435779999956
200,8,2,2,5,5,35,35,839.998038067042,474.793325532295,9,840,475,8.28633817728987,-0.713661822710131,0.713661822710131,valid,,,Shared Pattern Plane,Region-SIFT(21/28),102,1,147.839398545563,150.06168290909,4.3781287999991
201,9,2,3,1,1,45,25,909.165491283929,408.876063415891,8.5,909,409,7.23715110452889,-1.26284889547111,1.26284889547111,valid,,,Shared Pattern Plane,Region-SIFT(21/28),102,1,137.605988737641,138.412286181421,3.86022510000112
202,9,2,3,1,2,47.5,25,925.877958290263,409.303121732336,8.5,926,409,7.8895357708083,-0.610464229191697,0.610464229191697,valid,,,Shared Pattern Plane,Region-SIFT(21/28),102,1,121.856472201574,123.561539010074,4.93742429999838
203,9,2,3,1,3,50,25,942.645041598147,409.731575674321,8.5,943,410,7.97473546802796,-0.525264531972042,0.525264531972042,valid,,,Shared Pattern Plane,Region-SIFT(21/28),102,1,107.018031021401,107.173090399784,3.34147640000083
204,9,2,3,1,4,52.5,25,959.467009374676,410.161432094394,8.5,959,410,7.51463293182895,-0.985367068171055,0.985367068171055,valid,,,Shared Pattern Plane,Region-SIFT(21/28),102,1,140.834653328083,142.535102872513,2.6624253000009
205,9,2,3,1,5,55,25,976.344131545433,410.59269789004,8.5,976,411,7.62170668217636,-0.878293317823641,0.878293317823641,valid,,,Shared Pattern Plane,Region-SIFT(21/28),102,1,110.034878097514,111.988628187079,2.98514330000035
206,9,2,3,2,1,45,27.5,908.478849722118,425.865789762963,8.5,908,426,7.73531335600826,-0.764686643991738,0.764686643991738,valid,,,Shared Pattern Plane,Region-SIFT(21/28),102,1,112.978140719479,113.348027030716,3.02787470000112
207,9,2,3,2,2,47.5,27.5,925.198174928187,426.320781102427,8.5,925,426,7.83485972463839,-0.665140275361606,0.665140275361606,valid,,,Shared Pattern Plane,Region-SIFT(21/28),102,1,115.50330131117,115.706168926129,3.32800209999914
208,9,2,3,2,3,50,27.5,941.972164976676,426.777260063524,8.5,942,427,7.91016540019699,-0.589834599803013,0.589834599803013,valid,,,Shared Pattern Plane,Region-SIFT(21/28),102,1,127.35275294314,128.815053809572,2.69815000000017
209,9,2,3,2,4,52.5,27.5,958.801088401582,427.235233954005,8.5,959,427,7.47761179922115,-1.02238820077885,1.02238820077885,valid,,,Shared Pattern Plane,Region-SIFT(21/28),102,1,141.196448387671,142.640644481182,3.03808030000073
210,9,2,3,2,5,55,27.5,975.685215498632,427.694710129561,8.5,976,428,7.57336595892253,-0.926634041077473,0.926634041077473,valid,,,Shared Pattern Plane,Region-SIFT(21/28),102,1,109.986805107985,111.201198599953,3.03442229999928
211,9,2,3,3,1,45,30,907.791553282863,442.871719889664,8.5,908,443,7.67657903350418,-0.823420966495821,0.823420966495821,valid,,,Shared Pattern Plane,Region-SIFT(21/28),102,1,140.719939532103,142.399587443617,3.66137490000256
212,9,2,3,3,2,47.5,30,924.517742170942,443.354697395502,8.5,925,443,7.77605248515389,-0.723947514846109,0.723947514846109,valid,,,Shared Pattern Plane,Region-SIFT(21/28),102,1,145.101244457689,146.420884523021,4.84102619999976
213,9,2,3,3,3,50,30,941.298644506694,443.839254780933,8.5,941,444,7.86661272792243,-0.63338727207757,0.63338727207757,valid,,,Shared Pattern Plane,Region-SIFT(21/28),102,1,141.885423357525,144.604229366038,3.42699370000264
214,9,2,3,3,4,52.5,30,958.134529191678,444.32539981063,8.5,958,444,7.97552537565686,-0.524474624343137,0.524474624343137,valid,,,Shared Pattern Plane,Region-SIFT(21/28),102,1,174.528716952208,175.570379572051,2.97151389999999
215,9,2,3,3,5,55,30,975.02566689245,444.813140300234,8.5,975,445,7.50927437636785,-0.990725623632152,0.990725623632152,valid,,,Shared Pattern Plane,Region-SIFT(21/28),102,1,114.261857032019,114.515323123951,2.90068529999917
216,9,2,3,4,1,45,32.5,907.103601028843,459.893876988339,8.5,907,460,7.62259431223218,-0.877405687767818,0.877405687767818,valid,,,Shared Pattern Plane,Region-SIFT(21/28),102,1,152.762665761716,155.320470396964,3.03713399999833
217,9,2,3,4,2,47.5,32.5,923.836659087537,460.404893917983,8.5,924,460,7.73140483304279,-0.768595166957214,0.768595166957214,valid,,,Shared Pattern Plane,Region-SIFT(21/28),102,1,171.146706989329,172.517637413251,3.1483659000005
218,9,2,3,4,3,50,32.5,940.624479263647,460.917583247794,8.5,941,461,7.82765558228676,-0.672344417713236,0.672344417713236,valid,,,Shared Pattern Plane,Region-SIFT(21/28),102,1,180.890016017894,183.85915153447,3.29326929999661
219,9,2,3,4,4,52.5,32.5,957.46733082697,461.431953201101,8.5,957,461,7.92080502130079,-0.579194978699212,0.579194978699212,valid,,,Shared Pattern Plane,Region-SIFT(21/28),102,1,186.815986555594,192.117810943615,3.14745100000073
220,9,2,3,4,5,55,32.5,974.365484815563,461.948012055233,8.5,974,462,7.45581261412385,-1.04418738587615,1.04418738587615,valid,,,Shared Pattern Plane,Region-SIFT(21/28),102,1,133.419603169658,135.634867575432,3.12178110000241
221,9,2,3,5,1,45,35,906.414992020949,476.932284295616,8.5,906,477,7.57735117621542,-0.922648823784575,0.922648823784575,valid,,,Shared Pattern Plane,Region-SIFT(21/28),102,1,146.072352327115,147.474150312399,3.85939379999763
222,9,2,3,5,2,47.5,35,923.154924745198,477.471394020864,8.5,923,477,7.67674208582582,-0.823257914174175,0.823257914174175,valid,,,Shared Pattern Plane,Region-SIFT(21/28),102,1,165.434072055009,168.560822246474,3.51754079999955
223,9,2,3,5,3,50,35,939.949668321214,478.012268930222,8.5,940,478,7.76434745804292,-0.735652541957081,0.735652541957081,valid,,,Shared Pattern Plane,Region-SIFT(21/28),102,1,181.446835998253,183.576714733235,3.09752469999876
224,9,2,3,5,4,52.5,35,956.799492387701,478.554917707407,8.5,957,479,7.86046548120081,-0.639534518799187,0.639534518799187,valid,,,Shared Pattern Plane,Region-SIFT(21/28),102,1,190.33468877096,193.84388122518,3.03482160000203
225,9,2,3,5,5,55,35,973.704668354897,479.099349093188,8.5,974,479,7.40818477707178,-1.09181522292822,1.09181522292822,valid,,,Shared Pattern Plane,Region-SIFT(21/28),102,1,167.680474165255,171.183773617806,3.05781169999682
226,10,2,4,1,1,65,25,1044.40962504186,412.331994371497,8,1044,412,6.88298063350869,-1.11701936649131,1.11701936649131,valid,,,Shared Pattern Plane,Region-SIFT(21/28),102,1,123.092882535319,124.378129601395,3.23208279999744
227,10,2,4,1,2,67.5,25,1061.56663063312,412.770412106011,8,1062,413,6.98298681164622,-1.01701318835378,1.01701318835378,valid,,,Shared Pattern Plane,Region-SIFT(21/28),102,1,128.249947760849,128.859813861134,2.97645970000303
228,10,2,4,1,3,70,25,1078.78044791887,413.21028156555,8,1079,413,7.07991126982156,-0.920088730178444,0.920088730178444,valid,,,Shared Pattern Plane,Region-SIFT(21/28),102,1,138.126846168155,138.402478329562,2.92873070000132
229,10,2,4,1,4,72.5,25,1096.05135954642,413.651609972681,8,1096,414,7.18497125680343,-0.815028743196572,0.815028743196572,valid,,,Shared Pattern Plane,Region-SIFT(21/28),102,1,86.107826605045,86.3857513103947,3.08103889999984
230,10,2,4,1,5,75,25,1113.37965004118,414.094404597961,8,1113,414,6.70648333344799,-1.29351666655201,1.29351666655201,valid,,,Shared Pattern Plane,Region-SIFT(21/28),102,1,76.7979470358954,77.2985653008169,2.9075393000021
231,10,2,4,2,1,65,27.5,1043.77922899808,429.547786496563,8,1044,430,6.8336127572337,-1.1663872427663,1.1663872427663,valid,,,Shared Pattern Plane,Region-SIFT(21/28),102,1,130.960013016696,131.428062992502,2.96498930000234
232,10,2,4,2,2,67.5,27.5,1060.94349157362,430.014886138677,8,1061,430,6.93071851168253,-1.06928148831747,1.06928148831747,valid,,,Shared Pattern Plane,Region-SIFT(21/28),102,1,142.848330129391,145.451385155209,3.15482429999975
233,10,2,4,2,3,70,27.5,1078.16461741264,430.483533229155,8,1078,430,7.02754890403469,-0.972451095965306,0.972451095965306,valid,,,Shared Pattern Plane,Region-SIFT(21/28),102,1,124.463498972837,125.899444495757,3.01408989999982
234,10,2,4,2,4,72.5,27.5,1095.44288955633,430.953735470536,8,1095,431,7.13196133941084,-0.868038660589158,0.868038660589158,valid,,,Shared Pattern Plane,Region-SIFT(21/28),102,1,81.2554715449217,81.3119375723432,2.99067339999965
235,10,2,4,2,5,75,27.5,1112.77859292748,431.425500616567,8,1113,431,6.66032217500033,-1.33967782499967,1.33967782499967,valid,,,Shared Pattern Plane,Region-SIFT(21/28),102,1,67.3828766252629,67.4137803769317,2.99992379999821
236,10,2,4,3,1,65,30,1043.14822377564,446.780214977848,8,1043,447,7.3500010167537,-0.649998983246296,0.649998983246296,valid,,,Shared Pattern Plane,Region-SIFT(21/28),102,1,105.946655063024,106.151554301482,3.00557459999982
237,10,2,4,3,2,67.5,30,1060.31974935191,447.276051814904,8,1060,447,6.87832106989836,-1.12167893010164,1.12167893010164,valid,,,Shared Pattern Plane,Region-SIFT(21/28),102,1,121.467896328275,122.155746362288,3.21085139999923
238,10,2,4,3,3,70,30,1077.54818983059,447.773532099716,8,1078,448,6.97810379345555,-1.02189620654445,1.02189620654445,valid,,,Shared Pattern Plane,Region-SIFT(21/28),102,1,86.3050345473819,86.3997479434347,3.3049084000013
239,10,2,4,3,4,72.5,30,1094.83382864747,448.272664016643,8,1095,448,7.07469317059075,-0.925306829409251,0.925306829409251,valid,,,Shared Pattern Plane,Region-SIFT(21/28),102,1,82.0008969314515,82.0543946923824,3.14602319999904
240,10,2,4,3,5,75,30,1112.17695112349,448.773455804477,8,1112,449,6.6058569165608,-1.3941430834392,1.3941430834392,valid,,,Shared Pattern Plane,Region-SIFT(21/28),102,1,91.0427791211971,91.7118942789446,3.07340680000198
241,10,2,4,4,1,65,32.5,1042.51660849111,464.029303941646,8,1043,464,7.29279449013014,-0.707205509869864,0.707205509869864,valid,,,Shared Pattern Plane,Region-SIFT(21/28),102,1,110.915501417432,113.035659570092,3.02846359999967
242,10,2,4,4,2,67.5,32.5,1059.69540309183,464.553933381229,8,1060,465,6.82902896680325,-1.17097103319675,1.17097103319675,valid,,,Shared Pattern Plane,Region-SIFT(21/28),102,1,96.9960208060249,99.0653644515285,3.06703099999868
243,10,2,4,4,3,70,32.5,1076.93116430396,465.080302544821,8,1077,465,6.92585130253704,-1.07414869746296,1.07414869746296,valid,,,Shared Pattern Plane,Region-SIFT(21/28),102,1,90.3447735932769,90.5271219130598,3.03349370000069
244,10,2,4,4,4,72.5,32.5,1094.22417595862,465.608420100444,8,1094,466,7.01969795379935,-0.98030204620065,0.98030204620065,valid,,,Shared Pattern Plane,Region-SIFT(21/28),102,1,133.784047593011,133.998688456964,2.97086570000101
245,10,2,4,4,5,75,32.5,1111.57472377563,466.138294773799,8,1112,466,7.12159737952027,-0.87840262047973,0.87840262047973,valid,,,Shared Pattern Plane,Region-SIFT(21/28),102,1,122.250343765784,123.598211408126,3.00305309999749
246,10,2,4,5,1,65,35,1041.88438225932,481.29507756092,8,1042,481,7.24867969624074,-0.751320303759258,0.751320303759258,valid,,,Shared Pattern Plane,Region-SIFT(21/28),102,1,91.5613673205098,91.7137831344029,3.13831700000082
247,10,2,4,5,2,67.5,35,1059.07045191551,481.848555131175,8,1059,482,7.33440015910913,-0.665599840890875,0.665599840890875,valid,,,Shared Pattern Plane,Region-SIFT(21/28),102,1,100.104712399478,101.245403252465,3.04594510000243
248,10,2,4,5,3,70,35,1076.3135399623,482.403868979352,8,1076,482,6.87362714445488,-1.12637285554512,1.12637285554512,valid,,,Shared Pattern Plane,Region-SIFT(21/28),102,1,92.8852201560187,93.0779831729738,3.27260559999922
249,10,2,4,5,4,72.5,35,1093.61393062688,482.961028258993,8,1094,483,7.53091222029654,-0.469087779703458,0.469087779703458,valid,,,Shared Pattern Plane,Region-SIFT(21/28),102,1,157.906491263455,159.764508599235,3.28755480000109
250,10,2,4,5,5,75,35,1110.97191002868,483.520042184576,8,1111,484,7.06659849867038,-0.93340150132962,0.93340150132962,valid,,,Shared Pattern Plane,Region-SIFT(21/28),102,1,175.248266035413,176.691699375242,2.96157370000219
251,11,2,5,1,1,85,25,1183.27235781204,415.880392393844,7.5,1183,416,6.52691005376692,-0.973089946233079,0.973089946233079,valid,,,Shared Pattern Plane,Region-SIFT(21/28),102,1,72.4058438101773,72.4543065504624,3.00976530000116
252,11,2,5,1,2,87.5,25,1200.89187735874,416.330628876066,7.5,1201,416,6.62719651669374,-0.872803483306264,0.872803483306264,valid,,,Shared Pattern Plane,Region-SIFT(21/28),102,1,88.8382362451503,89.4235390000613,3.11738519999926
253,11,2,5,1,3,90,25,1218.5705232505,416.782376230224,7.5,1219,417,6.72447695843189,-0.775523041568111,0.775523041568111,valid,,,Shared Pattern Plane,Region-SIFT(21/28),102,1,95.7734116589582,96.2813064361236,3.14234909999868
254,11,2,5,1,4,92.5,25,1236.30859360558,417.235642074217,7.5,1236,417,6.81864345501897,-0.681356544981034,0.681356544981034,valid,,,Shared Pattern Plane,Region-SIFT(21/28),102,1,107.941711748214,108.270930814976,3.03646970000045
255,11,2,5,1,5,95,25,1254.10638854976,417.690434077242,7.5,1254,418,6.34377985292919,-1.15622014707081,1.15622014707081,valid,,,Shared Pattern Plane,Region-SIFT(21/28),102,1,88.9949406205031,89.0720820525194,3.11973050000233
256,11,2,5,2,1,85,27.5,1182.70148388023,433.328347138281,7.5,1183,433,6.48128107914174,-1.01871892085826,1.01871892085826,valid,,,Shared Pattern Plane,Region-SIFT(21/28),102,1,76.5745612008231,77.1074780420549,2.97192939999877
257,11,2,5,2,2,87.5,27.5,1200.32868419186,433.808044936005,7.5,1200,434,6.57331773883626,-0.926682261163739,0.926682261163739,valid,,,Shared Pattern Plane,Region-SIFT(21/28),102,1,77.10192279412,77.2034610268376,3.04741070000091
258,11,2,5,2,3,90,27.5,1218.01506566947,434.28935326033,7.5,1218,434,6.67325989479848,-0.826740105201517,0.826740105201517,valid,,,Shared Pattern Plane,Region-SIFT(21/28),102,1,122.709041303302,123.325896017325,3.08521219999966
259,11,2,5,2,4,92.5,27.5,1235.76092685451,434.772280235611,7.5,1236,435,6.77029597195285,-0.729704028047155,0.729704028047155,valid,,,Shared Pattern Plane,Region-SIFT(21/28),102,1,120.091267821398,123.017542767331,3.24791249999907
260,11,2,5,2,5,95,27.5,1253.56656829979,435.256834040944,7.5,1254,435,6.86967847426414,-0.630321525735865,0.630321525735865,valid,,,Shared Pattern Plane,Region-SIFT(21/28),102,1,76.8984499603352,77.1384392618216,3.14986879999924
261,11,2,5,3,1,85,30,1182.13005090118,450.793388371442,7.5,1182,451,6.42746546419963,-1.07253453580037,1.07253453580037,valid,,,Shared Pattern Plane,Region-SIFT(21/28),102,1,120.580789192139,120.870192793993,3.11669099999926
262,11,2,5,3,2,87.5,30,1199.76493857463,451.302605032885,7.5,1200,451,6.52770861611006,-0.972291383889941,0.972291383889941,valid,,,Shared Pattern Plane,Region-SIFT(21/28),102,1,99.8373043433699,100.264406225056,3.25492010000016
263,11,2,5,3,3,90,30,1217.45906231103,451.813532166817,7.5,1217,452,6.61937579916581,-0.880624200834186,0.880624200834186,valid,,,Shared Pattern Plane,Region-SIFT(21/28),102,1,100.101529227363,103.244220864019,2.93975599999976
264,11,2,5,3,4,92.5,30,1235.21272107578,452.326178406021,7.5,1235,452,6.71906956232315,-0.78093043767685,0.78093043767685,valid,,,Shared Pattern Plane,Region-SIFT(21/28),102,1,107.36978555533,108.869920423011,3.00675200000114
265,11,2,5,3,5,95,30,1253.02621584954,452.840552441472,7.5,1253,453,6.81578899333896,-0.684211006661041,0.684211006661041,valid,,,Shared Pattern Plane,Region-SIFT(21/28),102,1,84.8298162437621,85.2494724695657,3.07859980000285
266,11,2,5,4,1,85,32.5,1181.55805805328,468.275541204388,7.5,1182,468,6.38195754111954,-1.11804245888046,1.11804245888046,valid,,,Shared Pattern Plane,Region-SIFT(21/28),102,1,85.3988328888303,85.5986546592826,2.97964400000274
267,11,2,5,4,2,87.5,32.5,1199.2006396938,468.814334404609,7.5,1199,469,6.47384472144895,-1.02615527855105,1.02615527855105,valid,,,Shared Pattern Plane,Region-SIFT(21/28),102,1,94.6647915855287,95.3654896671433,3.31171019999965
268,11,2,5,4,3,90,32.5,1216.90251237038,469.354938315286,7.5,1217,469,7.13984139956943,-0.360158600430572,0.360158600430572,valid,,,Shared Pattern Plane,Region-SIFT(21/28),102,1,115.88418660946,116.594574744594,2.95766619999995
269,11,2,5,4,4,92.5,32.5,1234.66397547321,469.897362079607,7.5,1235,470,6.67076122795907,-0.829238772040933,0.829238772040933,valid,,,Shared Pattern Plane,Region-SIFT(21/28),102,1,120.578224542406,122.299938359828,3.0718995999996
270,11,2,5,4,5,95,32.5,1252.48533041159,470.441614902417,7.5,1252,470,6.76464617134957,-0.735353828650434,0.735353828650434,valid,,,Shared Pattern Plane,Region-SIFT(21/28),102,1,95.487812092443,96.1597825218436,3.48231949999899
271,11,2,5,5,1,85,35,1180.98550451333,485.774830797412,7.5,1181,486,6.32814452130581,-1.17185547869419,1.17185547869419,valid,,,Shared Pattern Plane,Region-SIFT(21/28),102,1,125.050537277403,126.85439245233,3.18539189999865
272,11,2,5,5,2,87.5,35,1198.6357867345,486.343258338642,7.5,1199,486,6.99353807011615,-0.506461929883852,0.506461929883852,valid,,,Shared Pattern Plane,Region-SIFT(21/28),102,1,122.869251821407,125.301897138644,3.01770060000126
273,11,2,5,5,3,90,35,1216.34541504114,486.913597121236,7.5,1216,487,6.52002397327051,-0.979976026729489,0.979976026729489,valid,,,Shared Pattern Plane,Region-SIFT(21/28),102,1,110.298673462994,110.523718139007,3.08362739999939
274,11,2,5,5,4,92.5,35,1234.11468924905,487.485856800763,7.5,1234,487,6.61960420756447,-0.880395792435533,0.880395792435533,valid,,,Shared Pattern Plane,Region-SIFT(21/28),102,1,114.678052061575,114.993909218987,2.99053120000099
275,11,2,5,5,5,95,35,1251.94391119698,488.060047097945,7.5,1252,488,6.71633506527908,-0.783664934720923,0.783664934720923,valid,,,Shared Pattern Plane,Region-SIFT(21/28),102,1,120.054067171188,121.278236182021,3.09875679999823
276,12,2,6,1,1,105,25,1325.90088795033,419.525018883447,7,1326,420,6.15667960881851,-0.843320391181493,0.843320391181493,valid,,,Shared Pattern Plane,Region-SIFT(21/28),102,1,164.3223815701,166.889649290204,3.06154539999989
277,12,2,6,1,2,107.5,25,1344.00187918565,419.987558545606,7,1344,420,6.25428296444271,-0.74571703555729,0.74571703555729,valid,,,Shared Pattern Plane,Region-SIFT(21/28),102,1,128.87200033753,129.679888931113,3.16822479999973
278,12,2,6,1,3,110,25,1362.16443888335,420.451671483803,7,1362,420,6.35154698384353,-0.648453016156465,0.648453016156465,valid,,,Shared Pattern Plane,Region-SIFT(21/28),102,1,168.855546372025,172.594793326166,3.08469139999943
279,12,2,6,1,4,112.5,25,1380.38888170575,420.917365738693,7,1380,421,6.43475110350676,-0.565248896493237,0.565248896493237,valid,,,Shared Pattern Plane,Region-SIFT(21/28),102,1,211.242418571755,214.670651620782,2.93419020000147
280,12,2,6,1,5,115,25,1398.67552446306,421.384649405815,7,1399,421,5.95631778693546,-1.04368221306454,1.04368221306454,valid,,,Shared Pattern Plane,Region-SIFT(21/28),102,1,257.095754659744,263.651963590651,2.983750899999
281,12,2,6,2,1,105,27.5,1325.39301909319,437.211483086443,7,1325,437,6.10667218582263,-0.893327814177366,0.893327814177366,valid,,,Shared Pattern Plane,Region-SIFT(21/28),102,1,205.579778366493,207.992797414527,3.19608320000043
282,12,2,6,2,2,107.5,27.5,1343.50214172788,437.704295676814,7,1344,438,6.19644214029456,-0.803557859705438,0.803557859705438,valid,,,Shared Pattern Plane,Region-SIFT(21/28),102,1,120.542101421053,121.734545754153,3.14849940000204
283,12,2,6,2,3,110,27.5,1361.67289114117,438.198785347463,7,1362,438,6.30423787824495,-0.695762121755046,0.695762121755046,valid,,,Shared Pattern Plane,Region-SIFT(21/28),102,1,155.28937264397,157.298808593204,3.09797600000093
284,12,2,6,2,4,112.5,27.5,1379.90558245046,438.694960673835,7,1380,439,6.39862237889046,-0.601377621109541,0.601377621109541,valid,,,Shared Pattern Plane,Region-SIFT(21/28),102,1,208.141544120022,213.994821034677,3.09483969999928
285,12,2,6,2,5,115,27.5,1398.20053292522,439.192830289943,7,1398,439,6.48486486707011,-0.515135132929894,0.515135132929894,valid,,,Shared Pattern Plane,Region-SIFT(21/28),102,1,323.190682555506,333.735201710024,3.09718989999965
286,12,2,6,3,1,105,30,1324.88464613818,454.915502429569,7,1325,455,6.05949477218113,-0.940505227818871,0.940505227818871,valid,,,Shared Pattern Plane,Region-SIFT(21/28),102,1,169.804736076335,173.585397460043,3.38207519999924
287,12,2,6,3,2,107.5,30,1343.00190740026,455.438647882219,7,1343,455,6.1569847166446,-0.843015283355396,0.843015283355396,valid,,,Shared Pattern Plane,Region-SIFT(21/28),102,1,148.526026717696,150.010239342548,3.03936949999843
288,12,2,6,3,3,110,30,1361.18085383986,455.96357452683,7,1361,456,6.25165378651479,-0.748346213485208,0.748346213485208,valid,,,Shared Pattern Plane,Region-SIFT(21/28),102,1,154.506995382763,156.347962611092,3.16607859999931
289,12,2,6,3,4,112.5,30,1379.42180103034,456.490291475749,7,1379,456,6.34861659172614,-0.651383408273865,0.651383408273865,valid,,,Shared Pattern Plane,Region-SIFT(21/28),102,1,218.18410649123,226.0564339532,4.77595669999937
290,12,2,6,3,5,115,30,1397.72506670128,457.018807903585,7,1398,457,6.43830167499992,-0.56169832500008,0.56169832500008,valid,,,Shared Pattern Plane,Region-SIFT(21/28),102,1,235.318791358181,241.859462699842,3.31200909999825
291,12,2,6,4,1,105,32.5,1324.37576833439,472.63710306299,7,1324,473,6.00699859854549,-0.993001401454506,0.993001401454506,valid,,,Shared Pattern Plane,Region-SIFT(21/28),102,1,201.426272203052,204.968988458935,2.87461240000266
292,12,2,6,4,2,107.5,32.5,1342.5011754614,473.190641445878,7,1343,473,6.10989734720443,-0.890102652795574,0.890102652795574,valid,,,Shared Pattern Plane,Region-SIFT(21/28),102,1,189.780667941785,195.254667053396,2.76230770000257
293,12,2,6,4,3,110,32.5,1360.6883262477,473.746065440774,7,1361,474,6.20441075088638,-0.795589249113624,0.795589249113624,valid,,,Shared Pattern Plane,Region-SIFT(21/28),102,1,175.662214295322,177.589293798333,2.90876130000106
294,12,2,6,4,4,112.5,32.5,1378.93753672346,474.303384699037,7,1379,474,6.29215951794516,-0.707840482054841,0.707840482054841,valid,,,Shared Pattern Plane,Region-SIFT(21/28),102,1,336.561534888656,348.865165307995,2.86116140000013
295,12,2,6,4,5,115,32.5,1397.24912507931,474.862608938006,7,1397,475,6.38637751979354,-0.61362248020646,0.61362248020646,valid,,,Shared Pattern Plane,Region-SIFT(21/28),102,1,335.938631699577,348.132403711934,2.68218619999971
296,12,2,6,5,1,105,35,1323.86638492942,490.376311188835,7,1324,490,5.96249227225527,-1.03750772774473,1.03750772774473,valid,,,Shared Pattern Plane,Region-SIFT(21/28),102,1,199.275017282193,202.061601612916,2.7249527999993
297,12,2,6,5,2,107.5,35,1341.99994516843,490.96030270417,7,1342,491,6.05736924977856,-0.942630750221436,0.942630750221436,valid,,,Shared Pattern Plane,Region-SIFT(21/28),102,1,231.42831733744,237.271942005005,2.96426430000065
298,12,2,6,5,3,110,35,1360.19530763149,491.546284560838,7,1360,492,6.14341014748591,-0.856589852514086,0.856589852514086,valid,,,Shared Pattern Plane,Region-SIFT(21/28),102,1,235.395496814465,241.297197323594,2.74609970000165
299,12,2,6,5,4,112.5,35,1378.45278880649,492.134266951336,7,1378,492,6.24885904163964,-0.751140958360357,0.751140958360357,valid,,,Shared Pattern Plane,Region-SIFT(21/28),102,1,359.207125996786,373.398875613389,2.75884579999911
300,12,2,6,5,5,115,35,1396.77270734597,492.724260137873,7,1397,493,6.90611746992676,-0.093882530073242,0.093882530073242,valid,,,Shared Pattern Plane,Region-SIFT(21/28),102,1,432.519329557469,449.81374159155,2.69911380000121
301,13,3,1,1,1,5,45,642.640523986814,535.099168398021,6.5,643,535,5.84085237143087,-0.659147628569132,0.659147628569132,valid,,,Shared Pattern Plane,Region-SIFT(21/28),102,1,218.571530393066,223.288363327806,2.7149763999987
302,13,3,1,1,2,7.5,45,658.563378440459,535.718341140023,6.5,659,536,6.48026139522443,-0.0197386047755668,0.0197386047755668,valid,,,Shared Pattern Plane,Region-SIFT(21/28),102,1,176.575633368416,180.593458318217,2.63643370000136
303,13,3,1,1,3,10,45,674.537132650966,536.339493159177,6.5,675,536,6.57743130105357,0.0774313010535712,0.0774313010535712,valid,,,Shared Pattern Plane,Region-SIFT(21/28),102,1,176.660839372968,180.961592708848,2.80543639999814
304,13,3,1,1,4,12.5,45,690.56203107194,536.962633961255,6.5,691,537,6.12676119583327,-0.373238804166728,0.373238804166728,valid,,,Shared Pattern Plane,Region-SIFT(21/28),102,1,132.055488314452,135.604430569611,2.71190159999969
305,13,3,1,1,5,15,45,706.638319724865,537.587773112996,6.5,707,538,6.7653715831131,0.265371583113103,0.265371583113103,valid,,,Shared Pattern Plane,Region-SIFT(21/28),102,1,130.032112802273,132.384759605649,2.90231330000097
306,13,3,1,2,1,5,47.5,641.844561864073,551.777822900394,6.5,642,552,6.33085339622913,-0.169146603770866,0.169146603770866,valid,,,Shared Pattern Plane,Region-SIFT(21/28),102,1,271.117357311552,276.315081327912,2.95745760000136
307,13,3,1,2,2,7.5,47.5,657.773581663905,552.423912582914,6.5,658,552,6.42828946515336,-0.0717105348466358,0.0717105348466358,valid,,,Shared Pattern Plane,Region-SIFT(21/28),102,1,274.717748054625,282.869650453959,2.6464036000034
308,13,3,1,2,3,10,47.5,673.753544746906,553.07206855263,6.5,674,553,5.97239525968558,-0.527604740314424,0.527604740314424,valid,,,Shared Pattern Plane,Region-SIFT(21/28),102,1,229.927007881043,233.190546486137,2.67243489999964
309,13,3,1,2,4,12.5,47.5,689.784695890351,553.72230073784,6.5,690,554,6.06650200489967,-0.433497995100331,0.433497995100331,valid,,,Shared Pattern Plane,Region-SIFT(21/28),102,1,272.773659154095,281.594426254087,2.9980785000007
310,13,3,1,2,5,15,47.5,705.867281442201,554.374619130551,6.5,706,554,6.7133819743018,0.213381974301805,0.213381974301805,valid,,,Shared Pattern Plane,Region-SIFT(21/28),102,1,253.269723294778,258.513572754971,2.6784246999996
311,13,3,1,3,1,5,50,641.047857137346,568.472037986576,6.5,641,568,6.27903914396793,-0.220960856032066,0.220960856032066,valid,,,Shared Pattern Plane,Region-SIFT(21/28),102,1,234.89742461916,240.919056205166,2.70243370000026
312,13,3,1,3,2,7.5,50,656.983046858462,569.14509461663,6.5,657,569,5.82997442198182,-0.670025578018177,0.670025578018177,valid,,,Shared Pattern Plane,Region-SIFT(21/28),102,1,293.333242857393,302.057172949612,2.75178059999962
313,13,3,1,3,3,10,50,672.969223444434,569.820304785363,6.5,673,570,5.92426594121752,-0.575734058782478,0.575734058782478,valid,,,Shared Pattern Plane,Region-SIFT(21/28),102,1,254.179766184691,260.005004668877,2.73063689999981
314,13,3,1,3,4,12.5,50,689.006631996772,570.49767884516,6.5,689,570,6.02666346572117,-0.473336534278831,0.473336534278831,valid,,,Shared Pattern Plane,Region-SIFT(21/28),102,1,311.559600313378,319.849038283064,2.67490890000045
315,13,3,1,3,5,15,50,705.095519190492,571.177227214865,6.5,705,571,6.65313962467124,0.153139624671242,0.153139624671242,valid,,,Shared Pattern Plane,Region-SIFT(21/28),102,1,341.119349930778,350.9352861995,2.99720639999941
316,13,3,1,4,1,5,52.5,640.250408766913,585.181835442928,6.5,640,585,6.21454155846321,-0.28545844153679,0.28545844153679,valid,,,Shared Pattern Plane,Region-SIFT(21/28),102,1,324.055928587535,336.170667990589,3.46165589999873
317,13,3,1,4,2,7.5,52.5,656.191772989167,585.881909132471,6.5,656,586,6.31878085989349,-0.181219140106508,0.181219140106508,valid,,,Shared Pattern Plane,Region-SIFT(21/28),102,1,295.645190147117,305.947638001466,2.82067679999818
318,13,3,1,4,3,10,52.5,672.184167713432,586.584223854295,6.5,672,587,5.86056321674683,-0.639436783253173,0.639436783253173,valid,,,Shared Pattern Plane,Region-SIFT(21/28),102,1,290.385264224098,294.512711813574,2.82011959999727
319,13,3,1,4,4,12.5,52.5,688.227838366026,587.288790386431,6.5,688,587,5.9670568838167,-0.532943116183302,0.532943116183302,valid,,,Shared Pattern Plane,Region-SIFT(21/28),102,1,314.071966096585,319.940763263994,2.64822020000065
320,13,3,1,4,5,15,52.5,704.323031949599,587.995619576133,6.5,704,588,6.06570474336542,-0.434295256634584,0.434295256634584,valid,,,Shared Pattern Plane,Region-SIFT(21/28),102,1,350.198948242551,358.500455378946,2.76575810000213
321,13,3,1,5,1,5,55,639.452215711114,601.907237096497,6.5,639,602,6.70912568408745,0.209125684087452,0.209125684087452,valid,,,Shared Pattern Plane,Region-SIFT(21/28),102,1,279.355204524691,287.365608449253,2.94132779999927
322,13,3,1,5,2,7.5,55,655.399759019118,602.63437806269,6.5,655,603,5.72611636092346,-0.773883639076535,0.773883639076535,valid,,,Shared Pattern Plane,Region-SIFT(21/28),102,1,288.124398236552,296.611426518239,2.68655960000251
323,13,3,1,5,3,10,55,671.398376521853,603.363847797558,6.5,671,603,5.81890805025361,-0.681091949746389,0.681091949746389,valid,,,Shared Pattern Plane,Region-SIFT(21/28),102,1,289.109487325678,296.307292686669,2.6137458000012
324,13,3,1,5,4,12.5,55,687.448313971015,604.095657506346,6.5,687,604,5.35920428182082,-1.14079571817918,1.14079571817918,valid,,,Shared Pattern Plane,Region-SIFT(21/28),102,1,346.050427365177,356.465880266154,2.84790290000092
325,13,3,1,5,5,15,55,703.549818697466,604.829818466302,6.5,704,605,6.01702307803664,-0.48297692196336,0.48297692196336,valid,,,Shared Pattern Plane,Region-SIFT(21/28),102,1,401.536756200639,415.438942786192,2.63505280000027
326,14,3,2,1,1,25,45,771.462352669832,540.108506712804,6,771,540,5.50083108361155,-0.499168916388445,0.499168916388445,valid,,,Shared Pattern Plane,Region-SIFT(21/28),102,1,80.5472214239615,81.0025495727093,2.60717339999974
327,14,3,2,1,2,27.5,45,787.799338568559,540.743783282367,6,788,541,6.14341441097172,0.143414410971716,0.143414410971716,valid,,,Shared Pattern Plane,Region-SIFT(21/28),102,1,93.5669326398738,94.1904287697322,2.82217559999845
328,14,3,2,1,3,30,45,804.189224467163,541.381116910108,6,804,541,5.1340701421211,-0.865929857878897,0.865929857878897,valid,,,Shared Pattern Plane,Region-SIFT(21/28),102,1,112.274516707627,112.881465907798,2.79033230000277
329,14,3,2,1,4,32.5,45,820.632267721686,542.02051760352,6,821,542,4.67531371974285,-1.32468628025715,1.32468628025715,valid,,,Shared Pattern Plane,Region-SIFT(21/28),102,1,121.342903826476,123.232491475523,2.70786379999845
330,14,3,2,1,5,35,45,837.12872736025,542.661995435115,6,837,543,4.76710532258398,-1.23289467741602,1.23289467741602,valid,,,Shared Pattern Plane,Region-SIFT(21/28),102,1,133.760508342016,135.24274322127,2.86959220000062
331,14,3,2,2,1,25,47.5,770.716950377069,557.004956875131,6,771,557,5.44767611459195,-0.552323885408046,0.552323885408046,valid,,,Shared Pattern Plane,Region-SIFT(21/28),102,1,131.600815259338,133.707036099272,2.61613869999928
332,14,3,2,2,2,27.5,47.5,787.060459054653,557.66785845134,6,787,558,4.98724073583409,-1.01275926416591,1.01275926416591,valid,,,Shared Pattern Plane,Region-SIFT(21/28),102,1,100.469481993478,102.699955199909,2.68940550000116
333,14,3,2,2,3,30,47.5,803.456913928133,558.33290755397,6,803,558,5.63533056479042,-0.36466943520958,0.36466943520958,valid,,,Shared Pattern Plane,Region-SIFT(21/28),102,1,168.785701001384,172.756959317836,3.04015860000072
334,14,3,2,2,4,32.5,47.5,819.906572700538,559.000114635597,6,820,559,4.62414448332117,-1.37585551667883,1.37585551667883,valid,,,Shared Pattern Plane,Region-SIFT(21/28),102,1,187.378037014714,190.308142574125,2.76093780000156
335,14,3,2,2,5,35,47.5,836.409694750027,559.66949021674,6,836,560,4.71587684878533,-1.28412315121467,1.28412315121467,valid,,,Shared Pattern Plane,Region-SIFT(21/28),102,1,191.130866291914,194.914505777398,2.78341999999975
336,14,3,2,3,1,25,50,769.970843664009,573.917374525813,6,770,574,5.39531007732135,-0.604689922678654,0.604689922678654,valid,,,Shared Pattern Plane,Region-SIFT(21/28),102,1,185.797833251449,188.837896343393,2.96360709999863
337,14,3,2,3,2,27.5,50,786.320880154873,574.607953091514,6,786,575,4.37475111593579,-1.62524888406421,1.62524888406421,valid,,,Shared Pattern Plane,Region-SIFT(21/28),102,1,132.561885971998,135.193794718746,2.74254100000326
338,14,3,2,3,3,30,50,802.723909097767,575.300769906136,6,803,575,4.48102025921843,-1.51897974078157,1.51897974078157,valid,,,Shared Pattern Plane,Region-SIFT(21/28),102,1,164.878263780301,169.781312644978,2.97939629999746
339,14,3,2,3,4,32.5,50,819.180188543329,575.995835868994,6,819,576,4.01457307700428,-1.98542692299572,1.98542692299572,valid,,,Shared Pattern Plane,Region-SIFT(21/28),102,1,164.595011274146,167.592268535253,3.02599840000039
340,14,3,2,3,5,35,50,835.689978220383,576.69316195029,6,836,577,4.67061372218429,-1.32938627781571,1.32938627781571,valid,,,Shared Pattern Plane,Region-SIFT(21/28),102,1,143.7969860637,144.480647520611,3.04979520000052
341,14,3,2,4,1,25,52.5,769.224031531645,590.845782309949,6,769,591,5.3429412872747,-0.657058712725298,0.657058712725298,valid,,,Shared Pattern Plane,Region-SIFT(21/28),102,1,249.804128973825,256.871318846824,2.70043160000205
342,14,3,2,4,2,27.5,52.5,785.580600875744,591.564089958488,6,786,592,5.44620316980603,-0.553796830193972,0.553796830193972,valid,,,Shared Pattern Plane,Region-SIFT(21/28),102,1,154.628025884981,157.613151453151,2.75434189999942
343,14,3,2,4,3,30,52.5,801.990208988228,592.28472683342,6,802,592,5.54118771202152,-0.45881228797848,0.45881228797848,valid,,,Shared Pattern Plane,Region-SIFT(21/28),102,1,139.111600941956,144.750124262145,2.65796490000139
344,14,3,2,4,4,32.5,52.5,818.453114267965,593.00770428247,6,818,593,5.07670049669141,-0.923299503308585,0.923299503308585,valid,,,Shared Pattern Plane,Region-SIFT(21/28),102,1,142.135811834991,145.628753427597,2.72111580000274
345,14,3,2,4,5,35,52.5,834.969576795074,593.7330337272,6,835,594,4.61946934508043,-1.38053065491957,1.38053065491957,valid,,,Shared Pattern Plane,Region-SIFT(21/28),102,1,123.563329093671,124.47381241555,3.06645870000284
346,14,3,2,5,1,25,55,768.476512979075,607.790202915482,6,768,608,5.8388114765195,-0.161188523480502,0.161188523480502,valid,,,Shared Pattern Plane,Region-SIFT(21/28),102,1,290.709197249236,298.500687198821,2.6974741999984
347,14,3,2,5,2,27.5,55,784.83962022191,608.53629185098,6,785,609,5.39327395305094,-0.606726046949063,0.606726046949063,valid,,,Shared Pattern Plane,Region-SIFT(21/28),102,1,139.097933042617,140.402383150934,2.75040570000056
348,14,3,2,5,3,30,55,801.255812609804,609.284801246038,6,801,609,4.93295176357066,-1.06704823642934,1.06704823642934,valid,,,Shared Pattern Plane,Region-SIFT(21/28),102,1,94.9502117929004,95.14952673532,2.68424500000037
349,14,3,2,5,4,32.5,55,817.725348890483,610.035742898466,6,818,610,4.47670949447933,-1.52329050552067,1.52329050552067,valid,,,Shared Pattern Plane,Region-SIFT(21/28),102,1,132.1369427464,136.464700112618,2.8336709000032
350,14,3,2,5,5,35,55,834.248489495994,610.789128682871,6,834,611,4.56841601869415,-1.43158398130585,1.43158398130585,valid,,,Shared Pattern Plane,Region-SIFT(21/28),102,1,138.770572332857,140.991423596912,2.7200122999966
351,15,3,3,1,1,45,45,903.653969605532,545.248881899051,5.5,904,545,5.15434729266459,-0.345652707335406,0.345652707335406,valid,,,Shared Pattern Plane,Region-SIFT(21/28),102,1,109.249500360438,109.941816385994,3.02910090000296
352,15,3,3,1,2,47.5,45,920.421456068485,545.900898822271,5.5,920,546,4.68462296431667,-0.815377035683333,0.815377035683333,valid,,,Shared Pattern Plane,Region-SIFT(21/28),102,1,114.75101442337,117.216620083245,2.89738720000241
353,15,3,3,1,3,50,45,937.24394896895,546.555054714156,5.5,937,547,4.78052860998037,-0.71947139001963,0.71947139001963,valid,,,Shared Pattern Plane,Region-SIFT(21/28),102,1,121.059867391637,123.043579662959,2.84129509999912
354,15,3,3,1,4,52.5,45,954.121719428002,547.211360117464,5.5,954,547,4.87881369905204,-0.62118630094796,0.62118630094796,valid,,,Shared Pattern Plane,Region-SIFT(21/28),102,1,131.701811607805,135.061683704779,2.82166760000109
355,15,3,3,1,5,55,45,971.055040351418,547.86982564435,5.5,971,548,4.41715480852941,-1.08284519147059,1.08284519147059,valid,,,Shared Pattern Plane,Region-SIFT(21/28),102,1,133.321952691154,135.202195236585,2.70676420000018
356,15,3,3,2,1,45,47.5,902.962062678665,562.368890356002,5.5,903,562,5.10306550042415,-0.396934499575854,0.396934499575854,valid,,,Shared Pattern Plane,Region-SIFT(21/28),102,1,135.5328072997,138.087471918576,2.83501610000167
357,15,3,3,2,2,47.5,47.5,919.736451377264,563.049268659559,5.5,920,563,4.63978325438015,-0.860216745619854,0.860216745619854,valid,,,Shared Pattern Plane,Region-SIFT(21/28),102,1,101.57493614217,103.084601761607,2.88467590000073
358,15,3,3,2,3,50,47.5,936.565895572467,563.73188004392,5.5,937,564,4.73565671489299,-0.76434328510701,0.76434328510701,valid,,,Shared Pattern Plane,Region-SIFT(21/28),102,1,77.5876810056192,77.8266708302034,3.08852810000099
359,15,3,3,2,4,52.5,47.5,953.450666757636,564.416735521001,5.5,953,564,4.82815586091498,-0.67184413908502,0.67184413908502,valid,,,Shared Pattern Plane,Region-SIFT(21/28),102,1,86.3577523625086,87.6570101536521,2.80944349999845
360,15,3,3,2,5,55,47.5,970.391038214146,565.103846175244,5.5,970,565,4.92342795774525,-0.576572042254749,0.576572042254749,valid,,,Shared Pattern Plane,Region-SIFT(21/28),102,1,75.5845415297009,75.7490164242091,2.70148929999777
361,15,3,3,3,1,45,50,902.269493325436,579.505289377164,5.5,902,580,4.49576251681097,-1.00423748318903,1.00423748318903,valid,,,Shared Pattern Plane,Region-SIFT(21/28),102,1,147.011288322973,149.846231065633,2.68744900000092
362,15,3,3,3,2,47.5,50,919.05078979284,580.214083125212,5.5,919,580,4.59452127297187,-0.905478727028134,0.905478727028134,valid,,,Shared Pattern Plane,Region-SIFT(21/28),102,1,113.977842987908,115.665744790479,2.83005920000141
363,15,3,3,3,3,50,50,935.887190881233,580.925204334127,5.5,936,581,4.69030557873369,-0.809694421266307,0.809694421266307,valid,,,Shared Pattern Plane,Region-SIFT(21/28),102,1,80.7713684336849,81.8253732236168,2.99707689999923
364,15,3,3,3,4,52.5,50,952.778968456944,581.638664486764,5.5,953,582,4.78061329566929,-0.719386704330712,0.719386704330712,valid,,,Shared Pattern Plane,Region-SIFT(21/28),102,1,79.3251250211524,79.8405495313614,2.76107000000047
365,15,3,3,3,5,55,50,969.726396177632,582.354475141634,5.5,970,582,4.87849991162699,-0.621500088373013,0.621500088373013,valid,,,Shared Pattern Plane,Region-SIFT(21/28),102,1,88.2062505351172,88.6268859575401,2.77763589999813
366,15,3,3,4,1,45,52.5,901.576260594088,596.658102512111,5.5,902,597,4.45043649708219,-1.04956350291781,1.04956350291781,valid,,,Shared Pattern Plane,Region-SIFT(21/28),102,1,136.513537442747,137.997932826736,2.69026939999821
367,15,3,3,4,2,47.5,52.5,918.364470369857,597.395365885226,5.5,918,597,4.53862865387064,-0.961371346129358,0.961371346129358,valid,,,Shared Pattern Plane,Region-SIFT(21/28),102,1,174.031759053689,179.546454475729,2.74486930000057
368,15,3,3,4,3,50,52.5,935.20783395641,598.135051367972,5.5,935,598,4.63443906983778,-0.86556093016222,0.86556093016222,valid,,,Shared Pattern Plane,Region-SIFT(21/28),102,1,132.843846059729,135.267214818925,2.81212260000029
369,15,3,3,4,4,52.5,52.5,952.106623593721,598.877170915914,5.5,952,599,4.73001860926795,-0.769981390732054,0.769981390732054,valid,,,Shared Pattern Plane,Region-SIFT(21/28),102,1,90.5338873489824,92.1848935943374,2.95403670000087
370,15,3,3,4,5,55,52.5,969.061113316424,599.621736563435,5.5,969,600,4.82528308575475,-0.674716914245248,0.674716914245248,valid,,,Shared Pattern Plane,Region-SIFT(21/28),102,1,68.0586965220315,68.1426567869712,2.67555229999925
371,15,3,3,5,1,45,55,900.882363531037,613.827353355552,5.5,901,614,4.39524218338156,-1.10475781661844,1.10475781661844,valid,,,Shared Pattern Plane,Region-SIFT(21/28),102,1,139.743045552572,143.02531619215,2.71645020000142
372,15,3,3,5,2,47.5,55,917.677492161146,614.593140651034,5.5,918,615,4.49134441114572,-1.00865558885428,1.00865558885428,valid,,,Shared Pattern Plane,Region-SIFT(21/28),102,1,142.361994652521,144.989995394164,3.0558495999976
373,15,3,3,5,3,50,55,934.527823857353,615.361444974378,5.5,935,615,4.58972932598846,-0.910270674011545,0.910270674011545,valid,,,Shared Pattern Plane,Region-SIFT(21/28),102,1,130.653111818102,134.074571395741,2.98114789999818
374,15,3,3,5,4,52.5,55,951.433631233966,616.13227875565,5.5,951,616,4.67948145695089,-0.820518543049108,0.820518543049108,valid,,,Shared Pattern Plane,Region-SIFT(21/28),102,1,117.70035547428,121.636903878348,2.65021799999886
375,15,3,3,5,5,55,55,968.395188703284,616.905654506897,5.5,968,617,4.77474998666773,-0.725250013332272,0.725250013332272,valid,,,Shared Pattern Plane,Region-SIFT(21/28),102,1,69.5285279940045,69.9132045330584,2.99730170000112
376,16,3,4,1,1,65,45,1039.34935009669,550.525503691977,5,1039,551,4.22420475669225,-0.775795243307751,0.775795243307751,valid,,,Shared Pattern Plane,Region-SIFT(21/28),102,1,115.6958956779,116.872049181128,2.66534730000058
377,16,3,4,1,2,67.5,45,1056.56458043106,551.194931488441,5,1057,551,4.32620660523727,-0.673793394762734,0.673793394762734,valid,,,Shared Pattern Plane,Region-SIFT(21/28),102,1,90.7664827417444,91.1496631958716,2.69431849999819
378,16,3,4,1,3,70,45,1073.83703697723,551.866584571243,5,1074,552,4.98699248582126,-0.0130075141787396,0.0130075141787396,valid,,,Shared Pattern Plane,Region-SIFT(21/28),102,1,79.528175178659,79.7178066869617,2.63062830000126
379,16,3,4,1,4,72.5,45,1091.16700555404,552.540474054674,5,1091,553,4.51265412099358,-0.48734587900642,0.48734587900642,valid,,,Shared Pattern Plane,Region-SIFT(21/28),102,1,110.74189196188,112.468133549329,2.61144820000118
380,16,3,4,1,5,75,45,1108.5547738869,553.216611127162,5,1109,553,4.61373275783581,-0.386267242164187,0.386267242164187,valid,,,Shared Pattern Plane,Region-SIFT(21/28),102,1,154.393397723808,157.246881044189,2.64663920000021
381,16,3,4,2,1,65,47.5,1038.71405579133,567.8750648246,5,1039,568,4.18046934867603,-0.819530651323971,0.819530651323971,valid,,,Shared Pattern Plane,Region-SIFT(21/28),102,1,67.9469212421034,69.0220836610476,2.85940870000195
382,16,3,4,2,2,67.5,47.5,1055.93659144595,568.573620211756,5,1056,569,4.2741397245957,-0.725860275404301,0.725860275404301,valid,,,Shared Pattern Plane,Region-SIFT(21/28),102,1,64.3081960249199,64.3556201115323,2.67542629999662
383,16,3,4,2,3,70,47.5,1073.21640544444,569.274498839604,5,1073,569,3.80027225460384,-1.19972774539616,1.19972774539616,valid,,,Shared Pattern Plane,Region-SIFT(21/28),102,1,80.2907612740047,80.4340844999679,2.69892140000229
384,16,3,4,2,4,72.5,47.5,1090.55378400538,569.977712317328,5,1091,570,3.89879890484531,-1.10120109515469,1.10120109515469,valid,,,Shared Pattern Plane,Region-SIFT(21/28),102,1,93.87436906421,96.1621195208999,2.62063180000041
385,16,3,4,2,5,75,47.5,1107.94901525754,570.683272331585,5,1108,571,3.99141873761854,-1.00858126238146,1.00858126238146,valid,,,Shared Pattern Plane,Region-SIFT(21/28),102,1,129.332444089557,134.282038684878,2.6357960000023
386,16,3,4,3,1,65,50,1038.07814519171,585.241456636979,5,1038,585,4.13111203790425,-0.868887962095752,0.868887962095752,valid,,,Shared Pattern Plane,Region-SIFT(21/28),102,1,64.8816489191913,65.0184072417173,3.09579170000143
387,16,3,4,3,2,67.5,50,1055.30799224157,585.969195872888,5,1055,586,4.22474252208517,-0.775257477914835,0.775257477914835,valid,,,Shared Pattern Plane,Region-SIFT(21/28),102,1,77.9567241827647,79.406064483617,2.90391129999989
388,16,3,4,3,3,70,50,1072.5951698383,586.69935658638,5,1073,587,3.75460910656918,-1.24539089343082,1.24539089343082,valid,,,Shared Pattern Plane,Region-SIFT(21/28),102,1,92.3350511576133,92.6605076005891,2.72840949999954
389,16,3,4,3,4,72.5,50,1089.93996460101,587.431950883421,5,1090,587,3.85001841528198,-1.14998158471802,1.14998158471802,valid,,,Shared Pattern Plane,Region-SIFT(21/28),102,1,95.5178866588249,96.9075879271599,2.82097229999999
390,16,3,4,3,5,75,50,1107.34266506257,588.166990950811,5,1107,588,3.94262991609746,-1.05737008390254,1.05737008390254,valid,,,Shared Pattern Plane,Region-SIFT(21/28),102,1,81.954337862812,83.2969906832296,2.65327180000168
391,16,3,4,4,1,65,52.5,1037.44161740059,602.624703631975,5,1037,603,4.07915833217795,-0.920841667822048,0.920841667822048,valid,,,Shared Pattern Plane,Region-SIFT(21/28),102,1,81.0381579184658,81.2506003563105,2.68107550000059
392,16,3,4,4,2,67.5,52.5,1054.67878192805,603.381683097456,5,1055,603,4.18098898319164,-0.819011016808362,0.819011016808362,valid,,,Shared Pattern Plane,Region-SIFT(21/28),102,1,111.874583391159,116.815355326811,2.67434649999996
393,16,3,4,4,3,70,52.5,1071.97332927646,604.141182560763,5,1072,604,4.27434173118379,-0.725658268816212,0.725658268816212,valid,,,Shared Pattern Plane,Region-SIFT(21/28),102,1,128.596786565125,133.110571434594,2.88631840000016
394,16,3,4,4,4,72.5,52.5,1089.3255464662,604.903214626552,5,1089,605,4.36742679902248,-0.63257320097752,0.63257320097752,valid,,,Shared Pattern Plane,Region-SIFT(21/28),102,1,128.116089034207,129.966620459558,2.69005929999912
395,16,3,4,4,5,75,52.5,1106.735722435,605.667791983681,5,1107,606,4.46573228799648,-0.534267712003517,0.534267712003517,valid,,,Shared Pattern Plane,Region-SIFT(21/28),102,1,97.9893977490682,98.3596417468242,2.63942300000053
396,16,3,4,5,1,65,55,1036.80447151901,620.024830360034,5,1037,620,4.0356094162194,-0.964390583780604,0.964390583780604,valid,,,Shared Pattern Plane,Region-SIFT(21/28),102,1,76.1070584705898,77.0320352391414,2.79966979999881
397,16,3,4,5,2,67.5,55,1054.04895961379,620.81110655898,5,1054,621,4.12916185586037,-0.870838144139626,0.870838144139626,valid,,,Shared Pattern Plane,Region-SIFT(21/28),102,1,54.4333678427197,54.476622577147,2.65163480000047
398,16,3,4,5,3,70,55,1071.35088287483,621.600001560175,5,1071,622,4.2224931707032,-0.777506829296801,0.777506829296801,valid,,,Shared Pattern Plane,Region-SIFT(21/28),102,1,76.1309681791477,78.1904536239789,2.8813310000005
399,16,3,4,5,4,72.5,55,1088.71052872449,622.391528468871,5,1089,622,3.75575794989782,-1.24424205010218,1.24424205010218,valid,,,Shared Pattern Plane,Region-SIFT(21/28),102,1,73.1527248130274,74.1911911226401,2.84951020000153
400,16,3,4,5,5,75,55,1106.12818650615,623.185700477911,5,1106,623,3.84830828701385,-1.15169171298615,1.15169171298615,valid,,,Shared Pattern Plane,Region-SIFT(21/28),102,1,63.6212394431785,63.7587207502391,3.20365260000108
401,17,3,5,1,1,85,45,1178.68966691216,555.943861705937,4.5,1179,556,3.84943669735766,-0.650563302642339,0.650563302642339,valid,,,Shared Pattern Plane,Region-SIFT(21/28),102,1,141.215489615082,144.197846160115,2.74985949999973
402,17,3,5,1,2,87.5,45,1196.37081775914,556.631407188661,4.5,1196,557,3.35593583850039,-1.14406416149961,1.14406416149961,valid,,,Shared Pattern Plane,Region-SIFT(21/28),102,1,124.591001351674,126.097029389658,2.62134310000329
403,17,3,5,1,3,90,45,1214.11153565517,557.321268983024,4.5,1214,557,4.03931112373123,-0.460688876268772,0.460688876268772,valid,,,Shared Pattern Plane,Region-SIFT(21/28),102,1,91.827247738712,91.9802716811607,2.60209609999947
404,17,3,5,1,4,92.5,45,1231.91212212645,558.013458814109,4.5,1232,558,3.55640608228501,-0.943593917714987,0.943593917714987,valid,,,Shared Pattern Plane,Region-SIFT(21/28),102,1,154.331182069122,157.626157595077,2.88613400000031
405,17,3,5,1,5,95,45,1249.77288073774,558.707988486272,4.5,1250,559,3.64559700252026,-0.854402997479736,0.854402997479736,valid,,,Shared Pattern Plane,Region-SIFT(21/28),102,1,127.44344238478,130.742397617841,2.82820649999849
406,17,3,5,2,1,85,47.5,1178.11429750711,573.529214235244,4.5,1178,574,3.79865267796266,-0.701347322037343,0.701347322037343,valid,,,Shared Pattern Plane,Region-SIFT(21/28),102,1,150.551959538838,153.155871773129,2.83922159999929
407,17,3,5,2,2,87.5,47.5,1195.80318212833,574.246684989419,4.5,1196,574,3.89781138288818,-0.602188617111821,0.602188617111821,valid,,,Shared Pattern Plane,Region-SIFT(21/28),102,1,120.214461347287,121.056699368856,2.66046310000092
408,17,3,5,2,3,90,47.5,1213.55168923166,574.966574063807,4.5,1214,575,3.41061852177825,-1.08938147822175,1.08938147822175,valid,,,Shared Pattern Plane,Region-SIFT(21/28),102,1,133.781358962084,135.103273330041,2.93536429999949
409,17,3,5,2,4,92.5,47.5,1231.36012077295,575.688893705899,4.5,1231,576,4.0844394043863,-0.415560595613702,0.415560595613702,valid,,,Shared Pattern Plane,Region-SIFT(21/28),102,1,136.242211962503,137.31593181452,2.69801400000142
410,17,3,5,2,5,95,47.5,1249.2287807505,576.413656246032,4.5,1249,576,3.6042434741537,-0.895756525846298,0.895756525846298,valid,,,Shared Pattern Plane,Region-SIFT(21/28),102,1,118.388044782164,120.735199922341,2.67018930000268
411,17,3,5,3,1,85,50,1177.53836243669,591.131855526992,4.5,1178,591,3.75101803453694,-0.748981965463063,0.748981965463063,valid,,,Shared Pattern Plane,Region-SIFT(21/28),102,1,162.161433868812,162.718880776078,2.91136100000222
412,17,3,5,3,2,87.5,50,1195.2349874961,591.879310124914,4.5,1195,592,3.84711799431161,-0.652882005688395,0.652882005688395,valid,,,Shared Pattern Plane,Region-SIFT(21/28),102,1,128.821212404241,130.957170139171,2.72804309999992
413,17,3,5,3,3,90,50,1212.99129054784,592.62928534977,4.5,1213,593,3.94330518769749,-0.556694812302513,0.556694812302513,valid,,,Shared Pattern Plane,Region-SIFT(21/28),102,1,103.455151422188,103.889283847332,2.86719319999975
414,17,3,5,3,4,92.5,50,1230.80757397822,593.381793973488,4.5,1231,593,4.0369293565348,-0.463070643465196,0.463070643465196,valid,,,Shared Pattern Plane,Region-SIFT(21/28),102,1,113.662749155236,115.193453378761,2.66875660000005
415,17,3,5,3,5,95,50,1248.6841422199,594.13684885443,4.5,1249,594,4.13252472407555,-0.367475275924455,0.367475275924455,valid,,,Shared Pattern Plane,Region-SIFT(21/28),102,1,116.830411829772,117.567298838638,2.77382950000174
416,17,3,5,4,1,85,52.5,1176.9618608663,608.751811089483,4.5,1177,609,3.70124954627681,-0.798750453723191,0.798750453723191,valid,,,Shared Pattern Plane,Region-SIFT(21/28),102,1,143.61109323653,145.088111896176,2.87640349999856
417,17,3,5,4,2,87.5,52.5,1194.66623303629,609.529308232971,4.5,1195,610,3.79776812279962,-0.702231877200377,0.702231877200377,valid,,,Shared Pattern Plane,Region-SIFT(21/28),102,1,132.281678741697,132.969425212,2.84385210000255
418,17,3,5,4,3,90,52.5,1212.43033878614,610.309428609141,4.5,1212,610,3.89095852666889,-0.609041473331112,0.609041473331112,valid,,,Shared Pattern Plane,Region-SIFT(21/28),102,1,87.6003914732151,87.7139925854626,2.68710459999784
419,17,3,5,4,4,92.5,52.5,1230.25448093341,611.092185516393,4.5,1230,611,3.98692709779166,-0.513072902208343,0.513072902208343,valid,,,Shared Pattern Plane,Region-SIFT(21/28),102,1,103.598932049262,103.808433407164,2.76439039999968
420,17,3,5,4,5,95,52.5,1248.13896434597,611.877592343164,4.5,1248,612,3.50570385677594,-0.994296143224059,0.994296143224059,valid,,,Shared Pattern Plane,Region-SIFT(21/28),102,1,117.443911850137,117.711315114495,2.67820270000084
421,17,3,5,5,1,85,55,1176.3847919597,626.389106481223,4.5,1176,626,3.65735222476285,-0.842647775237154,0.842647775237154,valid,,,Shared Pattern Plane,Region-SIFT(21/28),102,1,121.305495451872,122.733196028568,2.94905940000172
422,17,3,5,5,2,87.5,55,1194.09691792113,627.196705001959,4.5,1194,627,3.75388540375611,-0.746114596243885,0.746114596243885,valid,,,Shared Pattern Plane,Region-SIFT(21/28),102,1,122.270195566914,123.722577439378,2.79478069999823
423,17,3,5,5,3,90,55,1211.86883312737,628.007029661035,4.5,1212,628,3.8500593089402,-0.649940691059802,0.649940691059802,valid,,,Shared Pattern Plane,Region-SIFT(21/28),102,1,100.265097264386,100.669581758312,2.93691500000205
424,17,3,5,5,4,92.5,55,1229.70084082808,628.820094285362,4.5,1230,629,3.94586302874699,-0.554136971253011,0.554136971253011,valid,,,Shared Pattern Plane,Region-SIFT(21/28),102,1,127.011584636648,127.579591411031,2.69578460000048
425,17,3,5,5,5,95,55,1247.59324632717,629.635912795514,4.5,1248,630,3.46528368794304,-1.03471631205696,1.03471631205696,valid,,,Shared Pattern Plane,Region-SIFT(21/28),102,1,143.621029362351,144.854736228631,2.75017429999934
426,18,3,6,1,1,105,45,1321.82378019746,561.509744484987,4,1322,562,2.85664373767947,-1.14335626232053,1.14335626232053,valid,,,Shared Pattern Plane,Region-SIFT(21/28),102,1,137.168178329771,137.313379676159,2.72730919999958
427,18,3,6,1,2,107.5,45,1339.99002554614,562.216153249645,4,1340,562,2.95237588193403,-1.04762411806597,1.04762411806597,valid,,,Shared Pattern Plane,Region-SIFT(21/28),102,1,156.675875434674,160.350560006822,2.66707740000129
428,18,3,6,1,3,110,45,1358.21830821108,562.924974384228,4,1358,563,2.45463156912752,-1.54536843087248,1.54536843087248,valid,,,Shared Pattern Plane,Region-SIFT(21/28),102,1,205.256824585748,209.148555380209,2.72310570000263
429,18,3,6,1,4,112.5,45,1376.50894651988,563.636220267157,4,1377,564,3.14349784339272,-0.856502156607275,0.856502156607275,valid,,,Shared Pattern Plane,Region-SIFT(21/28),102,1,218.423321054852,221.298915532296,2.87573450000127
430,18,3,6,1,5,115,45,1394.86226098173,564.349903361683,4,1395,564,3.82042963849525,-0.179570361504752,0.179570361504752,valid,,,Shared Pattern Plane,Region-SIFT(21/28),102,1,246.845776759758,252.829201182953,2.66202730000077
431,18,3,6,2,1,105,47.5,1321.31185744819,579.337384932662,4,1321,579,3.39713326529057,-0.602866734709428,0.602866734709428,valid,,,Shared Pattern Plane,Region-SIFT(21/28),102,1,159.512991738193,160.767503802395,2.67442080000183
432,18,3,6,2,2,107.5,47.5,1339.48629228761,580.074549867036,4,1339,580,2.90438173988098,-1.09561826011902,1.09561826011902,valid,,,Shared Pattern Plane,Region-SIFT(21/28),102,1,162.719364782364,167.386294197007,2.62303949999841
433,18,3,6,2,3,110,47.5,1357.72282342545,580.814233460953,4,1358,581,1.81388991682865,-2.18611008317135,2.18611008317135,valid,,,Shared Pattern Plane,Region-SIFT(21/28),102,1,318.305181014853,329.33543741023,2.69660690000092
434,18,3,6,2,4,112.5,47.5,1376.02176965141,581.556448644697,4,1376,582,3.09022223021794,-0.909777769782058,0.909777769782058,valid,,,Shared Pattern Plane,Region-SIFT(21/28),102,1,302.621555307176,307.524483124215,2.80562709999867
435,18,3,6,2,5,115,47.5,1394.38345194113,582.301208437212,4,1394,582,3.19021515499392,-0.809784845006083,0.809784845006083,valid,,,Shared Pattern Plane,Region-SIFT(21/28),102,1,324.491796267474,333.960127180501,2.92318049999813
436,18,3,6,3,1,105,50,1320.79942455181,597.182791184024,4,1321,597,3.35860478080965,-0.641395219190348,0.641395219190348,valid,,,Shared Pattern Plane,Region-SIFT(21/28),102,1,167.153734616375,169.570542418781,2.85407730000225
437,18,3,6,3,2,107.5,50,1338.98205618655,597.950773303331,4,1339,598,3.45214499754321,-0.547855002456792,0.547855002456792,valid,,,Shared Pattern Plane,Region-SIFT(21/28),102,1,223.710680763305,230.199252149071,2.84486060000199
438,18,3,6,3,3,110,50,1357.22684318577,598.721380686654,4,1357,599,3.54075921623206,-0.459240783767936,0.459240783767936,valid,,,Shared Pattern Plane,Region-SIFT(21/28),102,1,338.934170931862,353.461256366002,2.65486030000102
439,18,3,6,3,4,112.5,50,1375.53410480225,599.494626818312,4,1376,599,3.05512782677077,-0.944872173229235,0.944872173229235,valid,,,Shared Pattern Plane,Region-SIFT(21/28),102,1,233.189153820623,235.239172821912,2.73414100000082
440,18,3,6,3,5,115,50,1393.90416247892,600.270525275132,4,1394,600,3.73420864327002,-0.265791356729982,0.265791356729982,valid,,,Shared Pattern Plane,Region-SIFT(21/28),102,1,217.011606102393,220.462439637724,2.69837349999943
441,18,3,6,4,1,105,52.5,1320.28648074539,615.045989808585,4,1320,615,3.30536564656786,-0.694634353432138,0.694634353432138,valid,,,Shared Pattern Plane,Region-SIFT(21/28),102,1,223.183267485402,226.184995698997,3.0607056000008
442,18,3,6,4,2,107.5,52.5,1338.47731648963,615.844850264804,4,1338,616,2.8180525123372,-1.1819474876628,1.1819474876628,valid,,,Shared Pattern Plane,Region-SIFT(21/28),102,1,279.35542049408,286.712672214342,2.65161179999996
443,18,3,6,4,3,110,52.5,1356.73036674855,616.646442905309,4,1357,617,2.91620640647627,-1.08379359352373,1.08379359352373,valid,,,Shared Pattern Plane,Region-SIFT(21/28),102,1,313.352560095812,322.704819062893,2.69287989999793
444,18,3,6,4,4,112.5,52.5,1375.04595123885,617.450781770635,4,1375,617,3.00739958590686,-0.992600414093137,0.992600414093137,valid,,,Shared Pattern Plane,Region-SIFT(21/28),102,1,210.010728264864,214.459893130013,2.83124790000147
445,18,3,6,4,5,115,52.5,1393.4243918717,618.257880997685,4,1393,618,3.09965698484498,-0.900343015155018,0.900343015155018,valid,,,Shared Pattern Plane,Region-SIFT(21/28),102,1,201.212817392904,205.87644936409,2.75426789999983
446,18,3,6,5,1,105,55,1319.77302526446,632.927007428861,4,1320,633,3.26212074771852,-0.737879252281484,0.737879252281484,valid,,,Shared Pattern Plane,Region-SIFT(21/28),102,1,232.960302471988,238.593761816048,2.65495709999959
447,18,3,6,5,2,107.5,55,1337.97207244206,633.756807511101,4,1338,634,3.36228688111926,-0.637713118880743,0.637713118880743,valid,,,Shared Pattern Plane,Region-SIFT(21/28),102,1,294.635290406242,302.131883865486,2.76407150000159
448,18,3,6,5,3,110,55,1356.23339336878,634.589447014639,4,1356,635,2.86444174701758,-1.13555825298242,1.13555825298242,valid,,,Shared Pattern Plane,Region-SIFT(21/28),102,1,258.414916925582,264.029516146544,2.66690110000127
449,18,3,6,5,4,112.5,55,1374.5573082262,635.424940538407,4,1375,635,2.96479629439161,-1.03520370560839,1.03520370560839,valid,,,Shared Pattern Plane,Region-SIFT(21/28),102,1,192.483308911197,194.114155592625,2.72659710000153
450,18,3,6,5,5,115,55,1392.94413939458,636.263302781593,4,1393,636,3.05713239391924,-0.942867606080761,0.942867606080761,valid,,,Shared Pattern Plane,Region-SIFT(21/28),102,1,176.207751438101,177.178979345196,2.66966640000101
451,19,4,1,1,1,5,65,636.251975732812,668.965323653397,3.5,636,669,3.78371346445012,0.283713464450122,0.283713464450122,valid,,,Shared Pattern Plane,Region-SIFT(21/28),102,1,154.963029095988,157.947934699112,2.77077370000188
452,19,4,1,1,2,7.5,65,652.224281325354,669.80123801103,3.5,652,670,2.77487074456303,-0.725129255436974,0.725129255436974,valid,,,Shared Pattern Plane,Region-SIFT(21/28),102,1,225.593036224729,232.629104469991,3.11313950000113
453,19,4,1,1,3,10,65,668.247836441005,670.639834524471,3.5,668,671,3.42331054127663,-0.0766894587233731,0.0766894587233731,valid,,,Shared Pattern Plane,Region-SIFT(21/28),102,1,189.725623456259,193.146795391274,3.08022650000203
454,19,4,1,1,4,12.5,65,684.322888138727,671.481126123607,3.5,684,671,3.51591511373804,0.0159151137380382,0.0159151137380382,valid,,,Shared Pattern Plane,Region-SIFT(21/28),102,1,132.461006394644,134.176435526766,2.65381239999988
455,19,4,1,1,5,15,65,700.449685068038,672.325125821569,3.5,700,672,3.05743028905424,-0.442569710945759,0.442569710945759,valid,,,Shared Pattern Plane,Region-SIFT(21/28),102,1,137.389068320945,139.25285149901,3.00156520000019
456,19,4,1,2,1,5,67.5,635.450043556982,685.769075129595,3.5,635,686,3.73179207155805,0.231792071558051,0.231792071558051,valid,,,Shared Pattern Plane,Region-SIFT(21/28),102,1,228.207629172512,236.059269755867,2.70221730000048
457,19,4,1,2,2,7.5,67.5,651.428551229944,686.632309436921,3.5,651,687,2.7192636225615,-0.780736377438501,0.780736377438501,valid,,,Shared Pattern Plane,Region-SIFT(21/28),102,1,291.678064931637,299.16992014162,2.70225260000007
458,19,4,1,2,3,10,67.5,667.458352397955,687.498314860646,3.5,667,687,2.81760092254469,-0.682399077455306,0.682399077455306,valid,,,Shared Pattern Plane,Region-SIFT(21/28),102,1,202.406531927321,203.591624440196,2.69205169999987
459,19,4,1,2,4,12.5,67.5,683.539694448237,688.367104765797,3.5,684,688,2.9176879376249,-0.582312062375099,0.582312062375099,valid,,,Shared Pattern Plane,Region-SIFT(21/28),102,1,198.033923248513,200.324175751197,2.80773630000112
460,19,4,1,2,5,15,67.5,699.672826361429,689.23869260348,3.5,700,689,3.01143347666916,-0.488566523330836,0.488566523330836,valid,,,Shared Pattern Plane,Region-SIFT(21/28),102,1,242.199242901676,246.369248037037,2.68693250000069
461,19,4,1,3,1,5,70,634.647360404785,702.58856262513,3.5,635,703,4.23322764711094,0.733227647110944,0.733227647110944,valid,,,Shared Pattern Plane,Region-SIFT(21/28),102,1,316.728884332647,328.195555081592,2.78412749999916
462,19,4,1,3,2,7.5,70,650.632074771464,703.479167736055,3.5,651,703,3.23238732712013,-0.267612672879871,0.267612672879871,valid,,,Shared Pattern Plane,Region-SIFT(21/28),102,1,328.285406449737,338.084227131677,2.68957480000245
463,19,4,1,3,3,10,70,666.668126661257,704.372633170876,3.5,667,704,3.32668599429303,-0.173314005706969,0.173314005706969,valid,,,Shared Pattern Plane,Region-SIFT(21/28),102,1,341.070866547438,351.957103140671,2.81650340000124
464,19,4,1,3,4,12.5,70,682.755763790226,705.268972731352,3.5,683,705,3.41991904393107,-0.0800809560689268,0.0800809560689268,valid,,,Shared Pattern Plane,Region-SIFT(21/28),102,1,295.667566524485,301.071274273072,2.65669459999845
465,19,4,1,3,5,15,70,698.89523547072,706.168200308183,3.5,699,706,3.51370982647461,0.0137098264746145,0.0137098264746145,valid,,,Shared Pattern Plane,Region-SIFT(21/28),102,1,319.864548047384,329.875172794679,2.60659899999882
466,19,4,1,4,1,5,72.5,633.843925220841,719.423808254554,3.5,634,719,3.63673684841171,0.136736848411709,0.136736848411709,valid,,,Shared Pattern Plane,Region-SIFT(21/28),102,1,253.842235785187,261.558967195838,2.66853379999884
467,19,4,1,4,2,7.5,72.5,649.834850899332,720.341835130041,3.5,650,720,2.62988907849786,-0.870110921502143,0.870110921502143,valid,,,Shared Pattern Plane,Region-SIFT(21/28),102,1,333.972434624162,344.638836910092,2.67803540000023
468,19,4,1,4,3,10,72.5,665.877158185225,721.262811784512,3.5,666,721,3.27636037564775,-0.223639624352246,0.223639624352246,valid,,,Shared Pattern Plane,Region-SIFT(21/28),102,1,344.615470137419,359.969729778771,2.61878500000239
469,19,4,1,4,4,12.5,72.5,681.971095124001,722.186752458069,3.5,682,722,2.26236217626092,-1.23763782373908,1.23763782373908,valid,,,Shared Pattern Plane,Region-SIFT(21/28),102,1,345.562518966513,358.68679983361,2.79075279999961
470,19,4,1,4,5,15,72.5,698.116911360306,723.113671482622,3.5,698,723,2.91175246630294,-0.58824753369706,0.58824753369706,valid,,,Shared Pattern Plane,Region-SIFT(21/28),102,1,300.042546442829,308.192752863391,2.84678970000095
471,19,4,1,5,1,5,75,633.039736947788,736.274834173878,3.5,633,736,3.03690569671408,-0.463094303285923,0.463094303285923,valid,,,Shared Pattern Plane,Region-SIFT(21/28),102,1,246.934424718221,253.888014766513,2.71229550000135
472,19,4,1,5,2,7.5,75,649.036878560995,737.220333882211,3.5,649,737,3.13181124728841,-0.368188752711595,0.368188752711595,valid,,,Shared Pattern Plane,Region-SIFT(21/28),102,1,233.84076123717,237.309020829747,2.79861549999987
473,19,4,1,5,3,10,75,665.085445922207,738.168873072903,3.5,665,738,3.22608999017353,-0.273910009826474,0.273910009826474,valid,,,Shared Pattern Plane,Region-SIFT(21/28),102,1,315.083147996569,324.105985223111,2.73273849999896
474,19,4,1,5,4,12.5,75,681.185687406908,739.120466426012,3.5,681,739,3.31924671546765,-0.180753284532352,0.180753284532352,valid,,,Shared Pattern Plane,Region-SIFT(21/28),102,1,351.83809880958,366.56881236568,2.66329309999855
475,19,4,1,5,5,15,75,697.337852992628,740.075128716282,3.5,697,740,2.86173914835532,-0.638260851644678,0.638260851644678,valid,,,Shared Pattern Plane,Region-SIFT(21/28),102,1,263.767589284503,272.398306071516,2.61280649999753
476,20,4,2,1,1,25,65,765.479354482366,675.72846881552,3,765,676,2.87646876972467,-0.123531230275332,0.123531230275332,valid,,,Shared Pattern Plane,Region-SIFT(21/28),102,1,118.098752542021,118.51550434917,2.69501899999887
477,20,4,2,1,2,27.5,65,781.868663886224,676.586207165379,3,782,677,2.41447955687622,-0.585520443123777,0.585520443123777,valid,,,Shared Pattern Plane,Region-SIFT(21/28),102,1,145.54483805611,148.380303688952,2.69278049999775
478,20,4,2,1,3,30,65,798.311244547144,677.446733478965,3,798,677,2.50901416146378,-0.490985838536219,0.490985838536219,valid,,,Shared Pattern Plane,Region-SIFT(21/28),102,1,138.572764349741,141.422945194422,2.86259889999928
479,20,4,2,1,4,32.5,65,814.807356614557,678.310061371259,3,815,678,3.16708250305495,0.167082503054949,0.167082503054949,valid,,,Shared Pattern Plane,Region-SIFT(21/28),102,1,102.137573866869,103.409888961306,2.60876400000052
480,20,4,2,1,5,35,65,831.357261934567,679.176204546039,3,831,679,2.69812967870023,-0.301870321299772,0.301870321299772,valid,,,Shared Pattern Plane,Region-SIFT(21/28),102,1,125.891077935759,128.89428660711,2.76981189999788
481,20,4,2,2,1,25,67.5,764.728288748822,692.753295353694,3,765,693,2.83300136141071,-0.166998638589293,0.166998638589293,valid,,,Shared Pattern Plane,Region-SIFT(21/28),102,1,175.69726770946,180.335681930225,2.6918536000012
482,20,4,2,2,2,27.5,67.5,781.124161362295,693.639077682568,3,781,694,2.36573293222328,-0.634267067776717,0.634267067776717,valid,,,Shared Pattern Plane,Region-SIFT(21/28),102,1,209.78057227715,212.478522629412,2.66076949999842
483,20,4,2,2,3,30,67.5,797.57335191268,694.527740497735,3,798,695,1.89985396527808,-1.10014603472192,1.10014603472192,valid,,,Shared Pattern Plane,Region-SIFT(21/28),102,1,238.531112460989,245.103186649241,2.64073650000137
484,20,4,2,2,4,32.5,67.5,814.076120901408,695.419297872711,3,814,695,2.55786763186795,-0.442132368132046,0.442132368132046,valid,,,Shared Pattern Plane,Region-SIFT(21/28),102,1,195.082076126179,199.500549840691,2.8610891999997
485,20,4,2,2,5,35,67.5,830.632730529693,696.31376397284,3,831,696,2.65404937354651,-0.345950626453492,0.345950626453492,valid,,,Shared Pattern Plane,Region-SIFT(21/28),102,1,233.432021425641,241.114450642095,2.70622029999868
486,20,4,2,3,1,25,70,763.976510549738,709.794271746264,3,764,710,3.34080616964628,0.340806169646278,0.340806169646278,valid,,,Shared Pattern Plane,Region-SIFT(21/28),102,1,343.255882345936,354.578881064357,2.75245989999894
487,20,4,2,3,2,27.5,70,780.378951451732,710.708150928829,3,780,711,2.31773926226913,-0.682260737730866,0.682260737730866,valid,,,Shared Pattern Plane,Region-SIFT(21/28),102,1,268.598467961064,276.963597818102,2.72387940000044
488,20,4,2,3,3,30,70,796.834757031435,711.625003380332,3,797,712,1.28806256003871,-1.71193743996129,1.71193743996129,valid,,,Shared Pattern Plane,Region-SIFT(21/28),102,1,253.350892868244,258.618928968481,2.69557220000206
489,20,4,2,3,4,32.5,70,813.344188142915,712.544843634532,3,813,713,2.50663389421558,-0.493366105784418,0.493366105784418,valid,,,Shared Pattern Plane,Region-SIFT(21/28),102,1,255.445932964547,264.139424960359,2.67985559999943
490,20,4,2,3,5,35,70,829.907507343136,713.467686320063,3,830,713,2.04386558774915,-0.956134412250851,0.956134412250851,valid,,,Shared Pattern Plane,Region-SIFT(21/28),102,1,222.992804040858,227.269544695566,2.93105849999847
491,20,4,2,4,1,25,72.5,763.224018870859,726.851420983909,3,763,727,2.17614720460863,-0.823852795391368,0.823852795391368,valid,,,Shared Pattern Plane,Region-SIFT(21/28),102,1,290.451657507155,299.495407735497,2.73169640000197
492,20,4,2,4,2,27.5,72.5,779.633033145874,727.793450007593,3,780,728,2.27437576245972,-0.725624237540282,0.725624237540282,valid,,,Shared Pattern Plane,Region-SIFT(21/28),102,1,227.380930493875,233.235914319533,2.70124950000172
493,20,4,2,4,3,30,72.5,796.095458900448,728.738545343678,3,796,729,2.36622737048131,-0.633772629518691,0.633772629518691,valid,,,Shared Pattern Plane,Region-SIFT(21/28),102,1,239.641568819682,246.494815088687,2.67680459999974
494,20,4,2,4,4,32.5,72.5,812.611557341922,729.686721987876,3,813,730,2.46379109955727,-0.536208900442734,0.536208900442734,valid,,,Shared Pattern Plane,Region-SIFT(21/28),102,1,283.476077050507,291.422957008607,2.68432290000055
495,20,4,2,4,5,35,72.5,829.181591383652,730.637995033845,3,829,731,3.11338768194948,0.113387681949475,0.113387681949475,valid,,,Shared Pattern Plane,Region-SIFT(21/28),102,1,306.096567656502,311.767185767282,2.62045080000098
496,20,4,2,5,1,25,75,762.470812696004,743.924766100971,3,762,744,2.12762432060524,-0.872375679394764,0.872375679394764,valid,,,Shared Pattern Plane,Region-SIFT(21/28),102,1,226.956832461887,231.174131929795,3.09229159999813
497,20,4,2,5,2,27.5,75,778.88640543414,744.894998066237,3,779,745,2.22572932644541,-0.774270673554587,0.774270673554587,valid,,,Shared Pattern Plane,Region-SIFT(21/28),102,1,210.682301838184,217.618495305583,2.77391030000217
498,20,4,2,5,3,30,75,795.355456514847,745.868389648922,3,795,746,2.31768300763362,-0.682316992366376,0.682316992366376,valid,,,Shared Pattern Plane,Region-SIFT(21/28),102,1,202.248372517944,207.030580666175,2.82974739999918
499,20,4,2,5,4,32.5,75,811.878227499372,746.844956308419,3,812,747,2.41450326590618,-0.585496734093818,0.585496734093818,valid,,,Shared Pattern Plane,Region-SIFT(21/28),102,1,264.929633595704,272.207233196801,2.71801490000144
500,20,4,2,5,5,35,75,828.454981658106,747.824713605138,3,828,748,1.9459682002574,-1.0540317997426,1.0540317997426,valid,,,Shared Pattern Plane,Region-SIFT(21/28),102,1,323.294217397296,333.42222114117,2.95805029999974
501,21,4,3,1,1,45,65,898.100112826063,682.669207294226,2.5,898,683,1.3782436233748,-1.1217563766252,1.1217563766252,valid,,,Shared Pattern Plane,Region-SIFT(21/28),102,1,112.512133913192,113.450260213574,2.84663509999882
502,21,4,3,1,2,47.5,65,914.922972461813,683.54963559711,2.5,915,684,2.04373232815005,-0.456267671849948,0.456267671849948,valid,,,Shared Pattern Plane,Region-SIFT(21/28),102,1,121.573618711239,123.284159473585,2.86205890000201
503,21,4,3,1,3,50,65,931.801232842469,684.432963310966,2.5,932,684,1.56982397102845,-0.930176028971552,0.930176028971552,valid,,,Shared Pattern Plane,Region-SIFT(21/28),102,1,133.982729519233,138.730342563794,2.77451010000004
504,21,4,3,1,4,52.5,65,948.735168086529,685.319204781851,2.5,949,685,2.23653546336999,-0.263464536630013,0.263464536630013,valid,,,Shared Pattern Plane,Region-SIFT(21/28),102,1,140.414419516811,143.050773747345,2.80245469999863
505,21,4,3,1,5,55,65,965.725054123897,686.20837445062,2.5,966,686,1.76098184434445,-0.739018155655547,0.739018155655547,valid,,,Shared Pattern Plane,Region-SIFT(21/28),102,1,117.778894689096,121.715221417103,2.74065319999863
506,21,4,3,2,1,45,67.5,897.402879736607,699.921002188095,2.5,897,700,1.33041343157511,-1.16958656842489,1.16958656842489,valid,,,Shared Pattern Plane,Region-SIFT(21/28),102,1,136.588746476552,138.684356058211,3.02718650000315
507,21,4,3,2,2,47.5,67.5,914.232686053059,700.830227661171,2.5,914,701,1.99622667426126,-0.503773325738744,0.503773325738744,valid,,,Shared Pattern Plane,Region-SIFT(21/28),102,1,136.512285156351,139.182196625222,2.89184880000175
508,21,4,3,2,3,50,67.5,931.117942699087,701.742448822444,2.5,931,702,1.52130654931979,-0.97869345068021,0.97869345068021,valid,,,Shared Pattern Plane,Region-SIFT(21/28),102,1,139.149296528448,141.349477973993,2.84867830000076
509,21,4,3,2,4,52.5,67.5,948.058924170959,702.657680501497,2.5,948,703,2.18653260180365,-0.313467398196348,0.313467398196348,valid,,,Shared Pattern Plane,Region-SIFT(21/28),102,1,148.896768113293,153.516218276823,2.70822910000061
510,21,4,3,2,5,55,67.5,965.055906779727,703.575937625955,2.5,965,704,1.71165751016069,-0.788342489839314,0.788342489839314,valid,,,Shared Pattern Plane,Region-SIFT(21/28),102,1,173.544010971211,178.352420043794,2.67559389999951
511,21,4,3,3,1,45,70,896.704976555399,717.189377312635,2.5,897,717,1.85896955852249,-0.641030441477506,0.641030441477506,valid,,,Shared Pattern Plane,Region-SIFT(21/28),102,1,229.767668749794,234.871552742065,2.70001819999743
512,21,4,3,3,2,47.5,70,913.541735137191,718.127454959841,2.5,914,718,1.95450876567338,-0.545491234326621,0.545491234326621,valid,,,Shared Pattern Plane,Region-SIFT(21/28),102,1,167.145350587936,168.678093899176,2.62418120000075
513,21,4,3,3,3,50,70,930.433993699448,719.068624846616,2.5,930,719,1.47545740699747,-1.02454259300253,1.02454259300253,valid,,,Shared Pattern Plane,Region-SIFT(21/28),102,1,190.665113860842,193.071276062358,3.76787440000044
514,21,4,3,3,4,52.5,70,947.382027116905,720.012902287893,2.5,947,720,1.57010058589989,-0.929899414100114,0.929899414100114,valid,,,Shared Pattern Plane,Region-SIFT(21/28),102,1,211.699590987251,217.108381239391,2.85554110000157
515,21,4,3,3,5,55,70,964.386112082457,720.960302699908,2.5,964,721,1.66470963598157,-0.835290364018427,0.835290364018427,valid,,,Shared Pattern Plane,Region-SIFT(21/28),102,1,198.302669976754,203.830224364019,2.91519419999895
516,21,4,3,4,1,45,72.5,896.006402315966,734.474356581552,2.5,896,734,1.81154810808763,-0.688451891912366,0.688451891912366,valid,,,Shared Pattern Plane,Region-SIFT(21/28),102,1,313.500316246477,317.05964644805,2.63235129999885
517,21,4,3,4,2,47.5,72.5,912.850118754211,735.441341525656,2.5,913,735,2.47225330786509,-0.0277466921349085,0.0277466921349085,valid,,,Shared Pattern Plane,Region-SIFT(21/28),102,1,296.475031964741,303.695344447669,3.12707049999881
518,21,4,3,4,3,50,72.5,929.749384890151,736.411515535636,2.5,930,736,2.56810238692606,0.0681023869260562,0.0681023869260562,valid,,,Shared Pattern Plane,Region-SIFT(21/28),102,1,244.974018417843,249.528343977865,2.94104289999814
519,21,4,3,4,4,52.5,72.5,946.704475977676,737.384894413609,2.5,947,737,2.0982264576588,-0.401773542341197,0.401773542341197,valid,,,Shared Pattern Plane,Region-SIFT(21/28),102,1,264.033177667446,271.658370322037,2.67683009999746
520,21,4,3,4,5,55,72.5,963.715669092232,738.361494066265,2.5,964,738,1.62432053318097,-0.875679466819027,0.875679466819027,valid,,,Shared Pattern Plane,Region-SIFT(21/28),102,1,205.4117420797,212.349574991981,2.82248579999941
521,21,4,3,5,1,45,75,895.307156049972,751.775963954558,2.5,895,752,2.32570442884894,-0.174295571151055,0.174295571151055,valid,,,Shared Pattern Plane,Region-SIFT(21/28),102,1,279.80147802363,286.634614434197,2.65102869999828
522,21,4,3,5,2,47.5,75,912.157835942272,752.771911437464,2.5,912,753,1.85836812325321,-0.641631876746793,0.641631876746793,valid,,,Shared Pattern Plane,Region-SIFT(21/28),102,1,275.618968786007,282.257348792238,2.75724769999943
523,21,4,3,5,3,50,75,929.064115315949,753.771145088281,2.5,929,754,1.9516119906844,-0.548388009315597,0.548388009315597,valid,,,Shared Pattern Plane,Region-SIFT(21/28),102,1,309.768248510613,318.825846517359,2.68919839999944
524,21,4,3,5,4,52.5,75,946.02626980475,754.773681198145,2.5,946,755,2.04860408176368,-0.451395918236316,0.451395918236316,valid,,,Shared Pattern Plane,Region-SIFT(21/28),102,1,293.293691310176,301.700868779096,2.85477750000064
525,21,4,3,5,5,55,75,963.044576867372,755.779536166057,2.5,963,756,2.14322814392762,-0.35677185607238,0.35677185607238,valid,,,Shared Pattern Plane,Region-SIFT(21/28),102,1,284.963728002518,294.028748932755,2.67876969999998
526,22,4,4,1,1,65,65,1034.2496890474,689.794627283832,2,1034,690,0.983836556617442,-1.01616344338256,1.01616344338256,valid,,,Shared Pattern Plane,Region-SIFT(21/28),102,1,134.779038367196,138.568411418078,2.7984335000001
527,22,4,4,1,2,67.5,65,1051.52353245675,690.698657928233,2,1052,691,1.08228799956736,-0.917712000432644,0.917712000432644,valid,,,Shared Pattern Plane,Region-SIFT(21/28),102,1,97.2328881960067,97.353929914087,2.69737010000244
528,22,4,4,1,3,70,65,1068.85502112827,691.605705450944,2,1069,692,1.17465504251638,-0.825344957483615,0.825344957483615,valid,,,Shared Pattern Plane,Region-SIFT(21/28),102,1,141.769614034481,143.446634805454,2.59729760000118
529,22,4,4,1,4,72.5,65,1086.24444409985,692.51578497883,2,1086,693,1.26806735006948,-0.731932649930515,0.731932649930515,valid,,,Shared Pattern Plane,Region-SIFT(21/28),102,1,161.361577524458,164.782843913179,2.71142409999811
530,22,4,4,1,5,75,65,1103.69209234495,693.428911740056,2,1104,693,1.36779426797528,-0.632205732024721,0.632205732024721,valid,,,Shared Pattern Plane,Region-SIFT(21/28),102,1,153.017256690333,154.293379438837,2.63379409999834
531,22,4,4,2,1,65,67.5,1033.60943916764,707.279522607532,2,1034,707,1.52172358929967,-0.478276410700329,0.478276410700329,valid,,,Shared Pattern Plane,Region-SIFT(21/28),102,1,112.612931849465,114.724709422729,2.6630722000009
532,22,4,4,2,2,67.5,67.5,1050.89063670406,708.213134362173,2,1051,708,1.03733327675269,-0.962666723247307,0.962666723247307,valid,,,Shared Pattern Plane,Region-SIFT(21/28),102,1,127.614455045973,129.836612495922,2.83400859999892
533,22,4,4,2,3,70,67.5,1068.22953220594,709.149863232897,2,1068,709,1.13049419848412,-0.869505801515881,0.869505801515881,valid,,,Shared Pattern Plane,Region-SIFT(21/28),102,1,154.74000705386,157.589723641865,2.69597950000025
534,22,4,4,2,4,72.5,67.5,1085.62641511695,710.089724856816,2,1086,710,1.22809537430685,-0.771904625693155,0.771904625693155,valid,,,Shared Pattern Plane,Region-SIFT(21/28),102,1,106.933393428944,107.596111262554,2.66375600000174
535,22,4,4,2,5,75,67.5,1103.08157681998,711.032734975806,2,1103,711,1.31936197889984,-0.680638021100163,0.680638021100163,valid,,,Shared Pattern Plane,Region-SIFT(21/28),102,1,110.555783144128,111.646414862039,2.67147199999818
536,22,4,4,3,1,65,70,1032.96856576677,724.781445972781,2,1033,725,1.47319381613983,-0.526806183860165,0.526806183860165,valid,,,Shared Pattern Plane,Region-SIFT(21/28),102,1,156.306771172418,157.957197844614,2.68775289999758
537,22,4,4,3,2,67.5,70,1050.25712356449,725.744696086732,2,1050,726,0.990261383078175,-1.00973861692182,1.00973861692182,valid,,,Shared Pattern Plane,Region-SIFT(21/28),102,1,157.270162402259,159.985808132267,2.70196829999986
538,22,4,4,3,3,70,70,1067.60343210298,726.71116384372,2,1068,727,1.0882517647051,-0.911748235294895,0.911748235294895,valid,,,Shared Pattern Plane,Region-SIFT(21/28),102,1,167.508295364985,170.880723071932,2.91593319999811
539,22,4,4,3,4,72.5,70,1085.00778123239,727.680865393051,2,1085,728,1.18029262078715,-0.81970737921285,0.81970737921285,valid,,,Shared Pattern Plane,Region-SIFT(21/28),102,1,168.263482551474,171.890712243528,2.63512679999985
540,22,4,4,3,5,75,70,1102.47046274585,728.653816992283,2,1102,729,0.692763378672865,-1.30723662132714,1.30723662132714,valid,,,Shared Pattern Plane,Region-SIFT(21/28),102,1,164.59925650642,168.499498427766,2.68635709999944
541,22,4,4,4,1,65,72.5,1032.32706793348,742.300422266384,2,1032,742,1.42709991734508,-0.572900082654919,0.572900082654919,valid,,,Shared Pattern Plane,Region-SIFT(21/28),102,1,198.810539824874,204.935569484711,2.61644470000101
542,22,4,4,4,2,67.5,72.5,1049.62299213423,743.293368114042,2,1050,743,0.951130893608416,-1.04886910639158,1.04886910639158,valid,,,Shared Pattern Plane,Region-SIFT(21/28),102,1,194.792217389364,198.454014520368,2.65982860000076
543,22,4,4,4,3,70,72.5,1066.97671992313,744.289632421713,2,1067,744,1.04281454591358,-0.957185454086422,0.957185454086422,valid,,,Shared Pattern Plane,Region-SIFT(21/28),102,1,193.080205734697,199.336041995855,2.65211880000061
544,22,4,4,4,4,72.5,72.5,1084.38854155766,745.289231852857,2,1084,745,0.557187136605364,-1.44281286339464,1.44281286339464,valid,,,Shared Pattern Plane,Region-SIFT(21/28),102,1,125.786006779645,126.012889405588,2.98164090000137
545,22,4,4,4,5,75,72.5,1101.8587492419,746.292183182688,2,1102,746,0.654137349778033,-1.34586265022197,1.34586265022197,valid,,,Shared Pattern Plane,Region-SIFT(21/28),102,1,156.260101390516,158.153185270814,2.73999159999948
546,22,4,4,5,1,65,75,1031.68494475472,759.836476423667,2,1032,760,1.38302866834424,-0.616971331655759,0.616971331655759,valid,,,Shared Pattern Plane,Region-SIFT(21/28),102,1,224.886182259252,228.609185349838,2.78768520000085
547,22,4,4,5,2,67.5,75,1048.98824150766,760.859175505083,2,1049,761,0.902891647638994,-1.09710835236101,1.09710835236101,valid,,,Shared Pattern Plane,Region-SIFT(21/28),102,1,250.76971207977,258.471415019538,2.73382449999917
548,22,4,4,5,3,70,75,1066.34939476842,761.885294154355,2,1066,762,0.419012612660452,-1.58098738733955,1.58098738733955,valid,,,Shared Pattern Plane,Region-SIFT(21/28),102,1,206.830026481265,211.384725959066,2.6095779999996
549,22,4,4,5,4,72.5,75,1083.76869520251,762.914849551064,2,1084,763,1.09419766752181,-0.905802332478193,0.905802332478193,valid,,,Shared Pattern Plane,Region-SIFT(21/28),102,1,153.324986920029,156.142294064211,2.64411529999779
550,22,4,4,5,5,75,75,1101.24643542575,763.947858990059,2,1101,764,1.76221981144194,-0.23778018855806,0.23778018855806,valid,,,Shared Pattern Plane,Region-SIFT(21/28),102,1,203.223708455525,208.21584614905,2.78833099999974
551,23,4,5,1,1,85,65,1174.07082618869,697.112199274922,1.5,1174,697,1.16002699345146,-0.339973006548536,0.339973006548536,valid,,,Shared Pattern Plane,Region-SIFT(21/28),102,1,140.767982940068,142.716629566874,2.68879770000058
552,23,4,5,1,2,87.5,65,1191.81403429401,698.040794230721,1.5,1192,698,1.25632954537916,-0.243670454620837,0.243670454620837,valid,,,Shared Pattern Plane,Region-SIFT(21/28),102,1,133.546591864944,134.709123734639,3.51754459999938
553,23,4,5,1,3,90,65,1209.61725508125,698.972529964298,1.5,1210,699,0.764970636943785,-0.735029363056215,0.735029363056215,valid,,,Shared Pattern Plane,Region-SIFT(21/28),102,1,112.833720780428,113.377758073745,3.36791909999738
554,23,4,5,1,4,92.5,65,1227.48079353665,699.907422437179,1.5,1227,700,0.854180746688735,-0.645819253311265,0.645819253311265,valid,,,Shared Pattern Plane,Region-SIFT(21/28),102,1,100.828892790073,101.365984132386,2.60291350000261
555,23,4,5,1,5,95,65,1245.40495671659,700.845487719231,1.5,1245,701,0.358973966766725,-1.14102603323327,1.14102603323327,valid,,,Shared Pattern Plane,Region-SIFT(21/28),102,1,119.289275071987,120.272860175468,2.63882459999877
556,23,4,5,2,1,85,67.5,1173.49090799967,714.836578956367,1.5,1173,715,0.529114456859851,-0.970885543140149,0.970885543140149,valid,,,Shared Pattern Plane,Region-SIFT(21/28),102,1,168.885840912471,172.66635753014,2.80335720000221
557,23,4,5,2,2,87.5,67.5,1191.24190342802,715.795571407762,1.5,1191,716,0.6242348377856,-0.8757651622144,0.8757651622144,valid,,,Shared Pattern Plane,Region-SIFT(21/28),102,1,135.860908876147,137.066414939252,3.00809990000198
558,23,4,5,2,3,90,67.5,1209.05296759261,716.757809055453,1.5,1209,717,0.719223895169782,-0.780776104830218,0.780776104830218,valid,,,Shared Pattern Plane,Region-SIFT(21/28),102,1,118.547508302063,120.389625850818,2.56717209999988
559,23,4,5,2,4,92.5,67.5,1226.9244059159,717.723308399802,1.5,1227,718,1.39873046717223,-0.101269532827766,0.101269532827766,valid,,,Shared Pattern Plane,Region-SIFT(21/28),102,1,181.240803522786,183.899902466625,2.57670950000102
560,23,4,5,2,5,95,67.5,1244.85652589447,718.692086053222,1.5,1245,719,0.90779290677143,-0.59220709322857,0.59220709322857,valid,,,Shared Pattern Plane,Region-SIFT(21/28),102,1,204.835693048548,207.088255498926,2.62426779999805
561,23,4,5,3,1,85,70,1172.91041742227,732.578452879361,1.5,1173,733,1.07241481541296,-0.427585184587035,0.427585184587035,valid,,,Shared Pattern Plane,Region-SIFT(21/28),102,1,166.130490005836,169.538851850541,2.67547899999772
562,23,4,5,3,2,87.5,70,1190.66920690554,733.567902444416,1.5,1191,734,0.584034980208939,-0.915965019791061,0.915965019791061,valid,,,Shared Pattern Plane,Region-SIFT(21/28),102,1,216.760750948184,219.029913250084,2.69451409999965
563,23,4,5,3,3,90,70,1208.48812125768,734.560701929544,1.5,1208,735,1.25748931006009,-0.242510689939907,0.242510689939907,valid,,,Shared Pattern Plane,Region-SIFT(21/28),102,1,235.072832348738,239.900078798967,5.28154449999784
564,23,4,5,3,4,92.5,70,1226.36746633819,735.556868376027,1.5,1226,736,0.181096814742322,-1.31890318525768,1.31890318525768,valid,,,Shared Pattern Plane,Region-SIFT(21/28),102,1,262.866678607275,268.492899881844,3.96791500000108
565,23,4,5,3,5,95,70,1244.30755008468,736.556418940931,1.5,1244,737,0.275062190042227,-1.22493780995777,1.22493780995777,valid,,,Shared Pattern Plane,Region-SIFT(21/28),102,1,347.086958268584,356.355717396137,3.03664010000284
566,23,4,5,4,1,85,72.5,1172.32935360864,750.33784695733,1.5,1172,750,1.60788716249668,0.107887162496677,0.107887162496677,valid,,,Shared Pattern Plane,Region-SIFT(21/28),102,1,277.329143839034,284.674483852567,2.74428239999907
567,23,4,5,4,2,87.5,72.5,1190.09594388728,751.357813386384,1.5,1190,751,-0.0484877464510581,-1.54848774645106,1.54848774645106,valid,,,Shared Pattern Plane,Region-SIFT(21/28),102,1,342.843364548052,354.900402026017,3.06370919999972
568,23,4,5,4,3,90,72.5,1207.92271524585,752.381234765445,1.5,1208,752,0.635551589459989,-0.864448410540011,0.864448410540011,valid,,,Shared Pattern Plane,Region-SIFT(21/28),102,1,330.522655141921,341.752575473277,2.66894069999762
569,23,4,5,4,4,92.5,72.5,1225.80997398176,753.408128678812,1.5,1226,753,1.31487320028084,-0.185126799719161,0.185126799719161,valid,,,Shared Pattern Plane,Region-SIFT(21/28),102,1,359.432471056338,374.209365333239,2.71708429999853
570,23,4,5,4,5,95,72.5,1243.75802847448,754.438512830318,1.5,1244,754,1.98728328236576,0.487283282365764,0.487283282365764,valid,,,Shared Pattern Plane,Region-SIFT(21/28),102,1,413.518327983473,429.776578124646,2.76702410000144
571,23,4,5,5,1,85,75,1171.74771570925,768.114787154906,1.5,1172,768,0.405345054996552,-1.09465494500345,1.09465494500345,valid,,,Shared Pattern Plane,Region-SIFT(21/28),102,1,256.447146722501,262.516506176626,2.61957899999834
572,23,4,5,5,2,87.5,75,1189.52211353227,769.165330330917,1.5,1190,769,1.66372152890199,0.163721528901991,0.163721528901991,valid,,,Shared Pattern Plane,Region-SIFT(21/28),102,1,279.113665459648,288.098982323821,2.72357360000024
573,23,4,5,5,3,90,75,1207.35674872489,770.219433793933,1.5,1207,770,0.590026491686465,-0.909973508313535,0.909973508313535,valid,,,Shared Pattern Plane,Region-SIFT(21/28),102,1,280.641262109948,287.54837005259,2.82875469999999
574,23,4,5,5,4,92.5,75,1225.25192802323,771.277115673374,1.5,1225,771,1.26712875422444,-0.232871245775557,0.232871245775557,valid,,,Shared Pattern Plane,Region-SIFT(21/28),102,1,376.109251999224,390.344452058548,2.96364969999922
575,23,4,5,5,5,95,75,1243.2079602495,772.338394221958,1.5,1243,772,0.776681780492,-0.723318219508,0.723318219508,valid,,,Shared Pattern Plane,Region-SIFT(21/28),102,1,400.186087108794,414.475399777198,3.00200249999762
576,24,4,6,1,1,105,65,1317.71407125272,704.62980218018,1,1318,705,0.142649191250491,-0.857350808749509,0.857350808749509,valid,,,Shared Pattern Plane,Region-SIFT(21/28),102,1,165.710396663222,166.903557140783,2.71636030000082
577,24,4,6,1,2,107.5,65,1335.94603759601,705.583976412945,1,1336,706,0.829442266249089,-0.170557733750911,0.170557733750911,valid,,,Shared Pattern Plane,Region-SIFT(21/28),102,1,221.948734376292,226.575010745739,2.90400690000024
578,24,4,6,1,3,110,65,1354.24051547212,706.541422201435,1,1354,707,0.920357133896919,-0.0796428661030807,0.0796428661030807,valid,,,Shared Pattern Plane,Region-SIFT(21/28),102,1,213.123084588026,215.396330281692,2.80349639999986
579,24,4,6,1,4,112.5,65,1372.597826931,707.50215640021,1,1373,708,0.422563294559787,-0.577436705440213,0.577436705440213,valid,,,Shared Pattern Plane,Region-SIFT(21/28),102,1,259.036010990446,263.813319890499,3.09022889999687
580,24,4,6,1,5,115,65,1391.01829623857,708.466195979802,1,1391,708,0.515207644749657,-0.484792355250343,0.484792355250343,valid,,,Shared Pattern Plane,Region-SIFT(21/28),102,1,227.053557342449,230.117993004618,2.84714339999846
581,24,4,6,2,1,105,67.5,1317.19804587864,722.600315981357,1,1317,723,0.0983830974862977,-0.901616902513702,0.901616902513702,valid,,,Shared Pattern Plane,Region-SIFT(21/28),102,1,237.177208118842,240.610182492137,2.7231391000023
582,24,4,6,2,2,107.5,67.5,1335.43826042,723.58573835542,1,1335,724,0.783868581903288,-0.216131418096712,0.216131418096712,valid,,,Shared Pattern Plane,Region-SIFT(21/28),102,1,296.976129846724,304.726705059457,2.70149739999761
583,24,4,6,2,3,110,67.5,1353.74104615238,724.574541120183,1,1354,725,0.287178817238572,-0.712821182761428,0.712821182761428,valid,,,Shared Pattern Plane,Region-SIFT(21/28),102,1,274.052444795074,282.706623017454,2.76733330000206
584,24,4,6,2,4,112.5,67.5,1372.10672559507,725.566741699659,1,1372,726,0.378708202354443,-0.621291797645557,0.621291797645557,valid,,,Shared Pattern Plane,Region-SIFT(21/28),102,1,349.246519417738,360.272076543527,2.78542190000007
585,24,4,6,2,5,115,67.5,1390.53562348772,726.562357637814,1,1391,727,1.0693243673984,0.0693243673984036,0.0693243673984036,valid,,,Shared Pattern Plane,Region-SIFT(21/28),102,1,266.539957565227,272.386364607539,3.05300770000031
586,24,4,6,3,1,105,70,1316.68150421106,740.588809633953,1,1317,741,0.0596067077784037,-0.940393292221596,0.940393292221596,valid,,,Shared Pattern Plane,Region-SIFT(21/28),102,1,381.752986005753,401.389943005186,2.66906139999992
587,24,4,6,3,2,107.5,70,1334.92997433263,741.605542268896,1,1335,742,0.745078606171309,-0.254921393828691,0.254921393828691,valid,,,Shared Pattern Plane,Region-SIFT(21/28),102,1,356.340374567143,367.085356050679,2.69721920000302
588,24,4,6,3,3,110,70,1353.24107538865,742.62576445198,1,1353,743,0.835969569638877,-0.164030430361123,0.164030430361123,valid,,,Shared Pattern Plane,Region-SIFT(21/28),102,1,355.525387120121,368.684119421291,2.75382579999859
589,24,4,6,3,4,112.5,70,1371.61513036868,743.649494178909,1,1372,744,-0.256278103265348,-1.25627810326535,1.25627810326535,valid,,,Shared Pattern Plane,Region-SIFT(21/28),102,1,350.636105606039,365.576200267298,2.68191039999874
590,24,4,6,3,5,115,70,1390.052464487,744.676749569336,1,1390,745,1.02374608480664,0.0237460848066422,0.0237460848066422,valid,,,Shared Pattern Plane,Region-SIFT(21/28),102,1,294.787010276633,303.740953379276,2.80133339999884
591,24,4,6,4,1,105,72.5,1316.16444547474,758.595310135264,1,1316,759,1.19208561997864,0.192085619978641,0.192085619978641,valid,,,Shared Pattern Plane,Region-SIFT(21/28),102,1,395.259686071406,408.654192355651,2.79704479999782
592,24,4,6,4,2,107.5,72.5,1334.42117856846,759.643415290375,1,1334,760,2.45653831854031,1.45653831854031,1.45653831854031,valid,,,Shared Pattern Plane,Region-SIFT(21/28),102,1,417.563613160956,429.025560420878,2.66587390000132
593,24,4,6,4,3,110,72.5,1352.74060242543,760.695119474502,1,1353,761,1.38679807946413,0.386798079464132,0.386798079464132,valid,,,Shared Pattern Plane,Region-SIFT(21/28),102,1,378.40801185729,388.569723937972,2.73495719999846
594,24,4,6,4,4,112.5,72.5,1371.12304050642,761.750441257282,1,1371,762,0.889459405962931,-0.110540594037069,0.110540594037069,valid,,,Shared Pattern Plane,Region-SIFT(21/28),102,1,282.183710688636,290.183518046165,2.84591300000102
595,24,4,6,4,5,115,72.5,1389.56881850126,762.80939933632,1,1390,763,0.985892287171929,-0.0141077128280707,0.0141077128280707,valid,,,Shared Pattern Plane,Region-SIFT(21/28),102,1,254.812650649257,260.100934867123,2.68408690000069
596,24,4,6,5,1,105,75,1315.6468688929,776.619844536663,1,1316,777,1.1525868848133,0.152586884813295,0.152586884813295,valid,,,Shared Pattern Plane,Region-SIFT(21/28),102,1,479.621166096036,497.432520249484,2.85283829999753
597,24,4,6,5,2,107.5,75,1333.91187236048,777.699384611312,1,1334,778,2.41049392532872,1.41049392532872,1.41049392532872,valid,,,Shared Pattern Plane,Region-SIFT(21/28),102,1,502.088970749466,519.297676894849,2.94381970000177
598,24,4,6,5,3,110,75,1352.23962650568,778.782633520253,1,1352,779,0.162449009862991,-0.837550990137009,0.837550990137009,valid,,,Shared Pattern Plane,Region-SIFT(21/28),102,1,401.787153544754,412.725611162169,2.78259849999813
599,24,4,6,5,4,112.5,75,1370.63045526137,779.869610409307,1,1371,780,0.256336908428491,-0.743663091571509,0.743663091571509,valid,,,Shared Pattern Plane,Region-SIFT(21/28),102,1,308.665770656848,318.349501783433,3.40737120000267
600,24,4,6,5,5,115,75,1389.08468479386,780.960334556306,1,1389,781,0.347084302093652,-0.652915697906348,0.652915697906348,valid,,,Shared Pattern Plane,Region-SIFT(21/28),102,1,252.771206113018,257.556712716278,2.79104300000108
