sample_id,block_id,row,column,sample_row,sample_column,model_x_mm,model_y_mm,u,v,true_height_mm,measured_u,measured_v,wound_height_mm,error_mm,abs_error_mm,status,failure_reason,measurement_warning,height_reference_source,method,candidate_frame,fused_count,group_score,objective_score,elapsed_seconds
1,1,1,1,1,1,5,5,756.818041591172,331.53500281703,12.5,757,332,15.2466135052829,2.74661350528287,2.74661350528287,valid,,,Shared Pattern Plane,Grad-SIFT+Top2Geo+MidGradInterp+極線對齊,81,1,,,1.57141430000775
2,1,1,1,1,2,7.5,5,773.751484541155,331.391959090305,12.5,774,331,14.5631032902414,2.06310329024135,2.06310329024135,valid,,,Shared Pattern Plane,Grad-SIFT+Top2Geo+MidGradInterp+極線對齊,81,1,,,2.16638090000197
3,1,1,1,1,3,10,5,790.749198039609,331.248372443939,12.5,791,331,15.3228275519503,2.82282755195028,2.82282755195028,valid,,,Shared Pattern Plane,Grad-SIFT+Top2Geo+MidGradInterp+極線對齊,81,1,,,1.86255339998752
4,1,1,1,1,4,12.5,5,807.811548688647,331.104239781094,12.5,808,331,16.2638989748294,3.7638989748294,3.7638989748294,valid,,,Shared Pattern Plane,Grad-SIFT+Top2Geo+HighGrad+極線對齊,81,1,,,1.84056680000504
5,1,1,1,1,5,15,5,824.938905883845,330.959557981334,12.5,825,331,,,,failed,Top2-Geo: HIGH/MID 均未通過支援點與 RANSAC 門檻,,,,81,,,,1.67254699999467
6,1,1,1,2,1,5,7.5,757.727779067588,349.314539512244,12.5,758,349,15.7855472003924,3.28554720039235,3.28554720039235,valid,,,Shared Pattern Plane,Grad-SIFT+Top2Geo+MidGrad+極線對齊,81,1,,,1.90765509998892
7,1,1,1,2,2,7.5,7.5,774.633808126216,349.205360981691,12.5,775,349,14.2693180814893,1.7693180814893,1.7693180814893,valid,,,Shared Pattern Plane,Grad-SIFT+Top2Geo+MidGrad+極線對齊,81,1,,,2.02476209998713
8,1,1,1,2,3,10,7.5,791.603893076392,349.095768780483,12.5,792,349,15.5894933077213,3.08949330772132,3.08949330772132,valid,,,Shared Pattern Plane,Grad-SIFT+Top2Geo+MidGrad+極線對齊,81,1,,,1.80258679999679
9,1,1,1,2,4,12.5,7.5,808.638398664794,348.985760553099,12.5,809,349,14.3222737810201,1.82227378102013,1.82227378102013,valid,,,Shared Pattern Plane,Grad-SIFT+Top2Geo+MidGrad+極線對齊,81,1,,,1.80387649999466
10,1,1,1,2,5,15,7.5,825.737692412621,348.8753339261,12.5,826,349,14.2886314756568,1.78863147565685,1.78863147565685,valid,,,Shared Pattern Plane,Grad-SIFT+Top2Geo+MidGrad+極線對齊,81,1,,,1.95266619999893
11,1,1,1,3,1,5,10,758.634397389678,367.033116732609,12.5,759,367,14.3549428273311,1.85494282733114,1.85494282733114,valid,,,Shared Pattern Plane,Grad-SIFT+Top2Geo+MidGrad+極線對齊,81,1,,,1.97802870000305
12,1,1,1,3,2,7.5,10,775.513100838659,366.957571998303,12.5,776,367,13.0436455321614,0.54364553216139,0.54364553216139,valid,,,Shared Pattern Plane,Grad-SIFT+Top2Geo+MidGrad+極線對齊,81,1,,,1.96965620000265
13,1,1,1,3,3,10,10,792.455646594948,366.881741522253,12.5,792,367,14.5236585108267,2.02365851082668,2.02365851082668,valid,,,Shared Pattern Plane,Grad-SIFT+Top2Geo+MidGrad+極線對齊,81,1,,,1.93414009999833
14,1,1,1,3,4,12.5,10,809.462397562285,366.805623680197,12.5,809,367,14.8873152360897,2.38731523608971,2.38731523608971,valid,,,Shared Pattern Plane,Grad-SIFT+Top2Geo+MidGrad+極線對齊,81,1,,,1.90382880000107
15,1,1,1,3,5,15,10,826.53371940014,366.729216835537,12.5,827,367,14.897157823137,2.39715782313699,2.39715782313699,valid,,,Shared Pattern Plane,Grad-SIFT+Top2Geo+MidGrad+極線對齊,81,1,,,1.86020550000831
16,1,1,1,4,1,5,12.5,759.537912571632,384.691047452926,12.5,760,385,12.2900920928872,-0.209907907112816,0.209907907112816,valid,,,Shared Pattern Plane,Grad-SIFT+Top2Geo+MidGrad+極線對齊,81,1,,,1.65696999999636
17,1,1,1,4,2,7.5,12.5,776.38937826875,384.648906894992,12.5,776,385,12.3170100187604,-0.18298998123964,0.18298998123964,valid,,,Shared Pattern Plane,Grad-SIFT+Top2Geo+MidGrad+極線對齊,81,1,,,1.73129190001055
18,1,1,1,4,3,10,12.5,793.304473754487,384.606607217676,12.5,793,385,14.0768326949569,1.57683269495687,1.57683269495687,valid,,,Shared Pattern Plane,Grad-SIFT+Top2Geo+MidGrad+極線對齊,81,1,,,1.9824066000001
19,1,1,1,4,4,12.5,12.5,810.283560102036,384.564147518042,12.5,810,385,14.6809076733166,2.18090767331663,2.18090767331663,valid,,,Shared Pattern Plane,Grad-SIFT+Top2Geo+MidGrad+極線對齊,81,1,,,2.01996989999316
20,1,1,1,4,5,15,12.5,827.327001121689,384.521526886306,12.5,827,385,13.6009743849248,1.10097438492478,1.10097438492478,valid,,,Shared Pattern Plane,Grad-SIFT+Top2Geo+MidGradInterp+極線對齊,81,1,,,1.83887610000966
21,1,1,1,5,1,5,15,760.438340518205,402.288642509179,12.5,760,402,12.6502465232559,0.150246523255905,0.150246523255905,valid,,,Shared Pattern Plane,Grad-SIFT+Top2Geo+MidGrad+極線對齊,81,1,,,1.69149399999878
22,1,1,1,5,2,7.5,15,777.262655900009,402.279678271581,12.5,777,402,11.5739995734043,-0.926000426595737,0.926000426595737,valid,,,Shared Pattern Plane,Grad-SIFT+Top2Geo+MidGrad+極線對齊,81,1,,,1.72460489999503
23,1,1,1,5,3,10,15,794.150389610228,402.270680243785,12.5,794,402,11.9435287586708,-0.556471241329154,0.556471241329154,valid,,,Shared Pattern Plane,Grad-SIFT+Top2Geo+MidGrad+極線對齊,81,1,,,2.03496239999367
24,1,1,1,5,4,12.5,15,811.101900903791,402.261648234374,12.5,811,402,12.5247975574908,0.0247975574907642,0.0247975574907642,valid,,,Shared Pattern Plane,Grad-SIFT+Top2Geo+MidGrad+極線對齊,81,1,,,1.81966150000517
25,1,1,1,5,5,15,15,828.117551754259,402.252582050483,12.5,828,402,12.5729391820968,0.0729391820968459,0.0729391820968459,valid,,,Shared Pattern Plane,Grad-SIFT+Top2Geo+MidGradInterp+極線對齊,81,1,,,1.71549800000503
26,2,1,2,1,1,25,5,894.10588731051,330.37527616583,12,894,330,,,,failed,Top2-Geo: HIGH/MID 均未通過支援點與 RANSAC 門檻,,,,81,,,,1.82294290000573
27,2,1,2,1,2,27.5,5,911.56391782475,330.227801033135,12,912,330,,,,failed,Top2-Geo: HIGH/MID 均未通過支援點與 RANSAC 門檻,,,,81,,,,2.03291370000807
28,2,1,2,1,3,30,5,929.089231435871,330.079757532569,12,929,330,15.3356642899553,3.33566428995525,3.33566428995525,valid,,,Shared Pattern Plane,Grad-SIFT+Top2Geo+MidGrad+極線對齊,81,1,,,2.00273829999787
29,2,1,2,1,4,32.5,5,946.682217857549,329.931142372061,12,947,330,14.5262266074098,2.52622660740982,2.52622660740982,valid,,,Shared Pattern Plane,Grad-SIFT+Top2Geo+MidGrad+極線對齊,81,1,,,1.8197116000083
30,2,1,2,1,5,35,5,964.343269818988,329.781952234066,12,964,330,14.4472925528878,2.44729255288777,2.44729255288777,valid,,,Shared Pattern Plane,Grad-SIFT+Top2Geo+MidGrad+極線對齊,81,1,,,1.8043217999948
31,2,1,2,2,1,25,7.5,894.790198018857,348.429395316451,12,895,348,,,,failed,Top2-Geo: HIGH/MID 均未通過支援點與 RANSAC 門檻,,,,81,,,,1.8113880000019
32,2,1,2,2,2,27.5,7.5,912.219044357116,348.316840450619,12,912,348,,,,failed,Top2-Geo: HIGH/MID 均未通過支援點與 RANSAC 門檻,,,,81,,,,1.70919039999717
33,2,1,2,2,3,30,7.5,929.714943748418,348.20385255857,12,930,348,14.5948191898273,2.59481918982732,2.59481918982732,valid,,,Shared Pattern Plane,Grad-SIFT+Top2Geo+MidGrad+極線對齊,81,1,,,1.74457320000511
34,2,1,2,2,4,32.5,7.5,947.278283892903,348.090429136551,12,947,348,14.1045606654076,2.10456066540756,2.10456066540756,valid,,,Shared Pattern Plane,Grad-SIFT+Top2Geo+MidGrad+極線對齊,81,1,,,1.89037560000725
35,2,1,2,2,5,35,7.5,964.909455485383,347.976567661469,12,965,348,13.6490103706707,1.64901037067073,1.64901037067073,valid,,,Shared Pattern Plane,Grad-SIFT+Top2Geo+MidGrad+極線對齊,81,1,,,1.93895589999738
36,2,1,2,3,1,25,10,895.472126572731,366.420666260601,12,895,366,14.3760463107252,2.37604631072525,2.37604631072525,valid,,,Shared Pattern Plane,Grad-SIFT+Top2Geo+MidGrad+極線對齊,81,1,,,1.91068719999748
37,2,1,2,3,2,27.5,10,912.871885957182,366.342789413977,12,913,366,13.4031399397723,1.40313993977231,1.40313993977231,valid,,,Shared Pattern Plane,Grad-SIFT+Top2Geo+MidGrad+極線對齊,81,1,,,1.72718519999762
38,2,1,2,3,3,30,10,930.338469528105,366.264613479487,12,930,366,12.8608694578569,0.860869457856895,0.860869457856895,valid,,,Shared Pattern Plane,Grad-SIFT+Top2Geo+MidGrad+極線對齊,81,1,,,1.69501939999464
39,2,1,2,3,4,32.5,10,947.872262985945,366.186136730834,12,948,366,12.3394084525629,0.339408452562914,0.339408452562914,valid,,,Shared Pattern Plane,Grad-SIFT+Top2Geo+MidGrad+極線對齊,81,1,,,1.90763719999813
40,2,1,2,3,5,35,10,965.473655005148,366.107357428411,12,965,366,12.3761348998611,0.376134899861103,0.376134899861103,valid,,,Shared Pattern Plane,Grad-SIFT+Top2Geo+MidGrad+極線對齊,81,1,,,2.03416530000686
41,2,1,2,4,1,25,12.5,896.151685389299,384.349416599474,12,896,384,13.4949372780516,1.49493727805161,1.49493727805161,valid,,,Shared Pattern Plane,Grad-SIFT+Top2Geo+MidGrad+極線對齊,81,1,,,1.71820040000603
42,2,1,2,4,2,27.5,12.5,913.522454558124,384.305977416338,12,914,384,12.6378293559227,0.63782935592269,0.63782935592269,valid,,,Shared Pattern Plane,Grad-SIFT+Top2Geo+MidGrad+極線對齊,81,1,,,1.92952210000658
43,2,1,2,4,3,30,12.5,930.9598202161,384.262371694976,12,931,384,12.6782364822306,0.678236482230629,0.678236482230629,valid,,,Shared Pattern Plane,Grad-SIFT+Top2Geo+MidGrad+極線對齊,81,1,,,2.01735959999496
44,2,1,2,4,4,32.5,12.5,948.464166077702,384.218598475831,12,948,384,12.4665643383496,0.466564338349624,0.466564338349624,valid,,,Shared Pattern Plane,Grad-SIFT+Top2Geo+MidGrad+極線對齊,81,1,,,1.91500850000011
45,2,1,2,4,5,35,12.5,966.035878810917,384.17465679196,12,966,384,10.962325063851,-1.03767493614903,1.03767493614903,valid,,,Shared Pattern Plane,Grad-SIFT+Top2Geo+MidGrad+極線對齊,81,1,,,1.8009871999966
46,2,1,2,5,1,25,15,896.828886799576,402.215971661353,12,897,402,12.8223581212032,0.822358121203182,0.822358121203182,valid,,,Shared Pattern Plane,Grad-SIFT+Top2Geo+MidGrad+極線對齊,81,1,,,1.75896230000944
47,2,1,2,5,2,27.5,15,914.170762010167,402.206731660423,12,914,402,12.2559125034917,0.255912503491711,0.255912503491711,valid,,,Shared Pattern Plane,Grad-SIFT+Top2Geo+MidGrad+極線對齊,81,1,,,1.75857570000517
48,2,1,2,5,3,30,15,931.57900717389,402.197456296626,12,932,402,11.6812699453159,-0.318730054684133,0.318730054684133,valid,,,Shared Pattern Plane,Grad-SIFT+Top2Geo+MidGrad+極線對齊,81,1,,,2.26059219999297
49,2,1,2,5,4,32.5,15,949.054004032859,402.188145366565,12,949,402,11.938943938244,-0.061056061755993,0.061056061755993,valid,,,Shared Pattern Plane,Grad-SIFT+Top2Geo+MidGrad+極線對齊,81,1,,,2.4268194000033
50,2,1,2,5,5,35,15,966.596137262385,402.178798665278,12,967,402,11.4832549448565,-0.51674505514351,0.51674505514351,valid,,,Shared Pattern Plane,Grad-SIFT+Top2Geo+MidGrad+極線對齊,81,1,,,2.40438719998929
51,3,1,3,1,1,45,5,1035.67609483603,329.179374650856,11.5,1036,329,12.4580423577754,0.958042357775417,0.958042357775417,valid,,,Shared Pattern Plane,Grad-SIFT+Top2Geo+MidGrad+極線對齊,81,1,,,2.33192360000976
52,3,1,3,1,2,47.5,5,1053.68347304268,329.02725895325,11.5,1054,329,13.0995244539103,1.59952445391035,1.59952445391035,valid,,,Shared Pattern Plane,Grad-SIFT+Top2Geo+MidGrad+極線對齊,81,1,,,2.21876350000093
53,3,1,3,1,3,50,5,1071.76133815101,328.874547823921,11.5,1072,329,13.148320150556,1.64832015055603,1.64832015055603,valid,,,Shared Pattern Plane,Grad-SIFT+Top2Geo+MidGrad+極線對齊,81,1,,,2.74840860000404
54,3,1,3,1,4,52.5,5,1089.9101048366,328.721237759935,11.5,1090,329,14.1068045564729,2.60680455647291,2.60680455647291,valid,,,Shared Pattern Plane,Grad-SIFT+Top2Geo+MidGrad+極線對齊,81,1,,,2.52082109999901
55,3,1,3,1,5,55,5,1108.1301910341,328.567325230828,11.5,1108,329,11.9812224874851,0.48122248748505,0.48122248748505,valid,,,Shared Pattern Plane,Grad-SIFT+Top2Geo+MidGrad+極線對齊,81,1,,,2.34041740000248
56,3,1,3,2,1,45,7.5,1036.12037667703,347.516690081224,11.5,1036,348,,,,failed,Top2-Geo: HIGH/MID 均未通過支援點與 RANSAC 門檻,,,,81,,,,2.49358070000017
57,3,1,3,2,2,47.5,7.5,1054.09667279231,347.400599804326,11.5,1054,347,13.4162420969922,1.91624209699217,1.91624209699217,valid,,,Shared Pattern Plane,Grad-SIFT+Top2Geo+MidGrad+極線對齊,81,1,,,2.35903379999218
58,3,1,3,2,3,50,7.5,1072.14320905885,347.284055919046,11.5,1072,347,12.4226501477379,0.92265014773794,0.92265014773794,valid,,,Shared Pattern Plane,Grad-SIFT+Top2Geo+MidGrad+極線對齊,81,1,,,2.46471010000096
59,3,1,3,2,4,52.5,7.5,1090.26039796458,347.16705576155,11.5,1090,347,12.2551922834328,0.755192283432827,0.755192283432827,valid,,,Shared Pattern Plane,Grad-SIFT+Top2Geo+MidGrad+極線對齊,81,1,,,2.17567820000113
60,3,1,3,2,5,55,7.5,1108.44865523355,347.049596647109,11.5,1108,347,11.9007732760985,0.400773276098496,0.400773276098496,valid,,,Shared Pattern Plane,Grad-SIFT+Top2Geo+MidGrad+極線對齊,81,1,,,2.35445199999958
61,3,1,3,3,1,45,10,1036.56308789243,365.789179415764,11.5,1037,366,,,,failed,Top2-Geo: HIGH/MID 均未通過支援點與 RANSAC 門檻,,,,81,,,,2.32160120000481
62,3,1,3,3,2,47.5,10,1054.50840895454,365.708860775427,11.5,1055,366,12.2132332099329,0.713233209932946,0.713233209932946,valid,,,Shared Pattern Plane,Grad-SIFT+Top2Geo+MidGrad+極線對齊,81,1,,,2.2111076000001
63,3,1,3,3,3,50,10,1072.52372471071,365.628228856846,11.5,1073,366,11.9448362434954,0.444836243495432,0.444836243495432,valid,,,Shared Pattern Plane,Grad-SIFT+Top2Geo+MidGrad+極線對齊,81,1,,,2.37139820000448
64,3,1,3,3,4,52.5,10,1090.60944547659,365.547281823555,11.5,1091,366,11.1657645918601,-0.334235408139916,0.334235408139916,valid,,,Shared Pattern Plane,Grad-SIFT+Top2Geo+MidGrad+極線對齊,81,1,,,2.23496460000752
65,3,1,3,3,5,55,10,1108.76598478115,365.466017824704,11.5,1109,365,11.3257445679755,-0.174255432024468,0.174255432024468,valid,,,Shared Pattern Plane,Grad-SIFT+Top2Geo+MidGradInterp+極線對齊,81,1,,,2.28242889999819
66,3,1,3,4,1,45,12.5,1037.00423679623,383.997185807837,11.5,1037,384,9.99740671801895,-1.50259328198105,1.50259328198105,valid,,,Shared Pattern Plane,Grad-SIFT+Top2Geo+MidGrad+極線對齊,81,1,,,2.2729612000112
67,3,1,3,4,2,47.5,12.5,1054.91868929185,383.952387032656,11.5,1055,384,11.3405639014212,-0.15943609857883,0.15943609857883,valid,,,Shared Pattern Plane,Grad-SIFT+Top2Geo+MidGrad+極線對齊,81,1,,,2.25758810000843
68,3,1,3,4,3,50,12.5,1072.90289230851,383.907413831942,11.5,1073,384,11.0367482913435,-0.463251708656468,0.463251708656468,valid,,,Shared Pattern Plane,Grad-SIFT+Top2Geo+MidGrad+極線對齊,81,1,,,2.22042510000756
69,3,1,3,4,4,52.5,12.5,1090.95725400479,383.862265185011,11.5,1091,384,10.4116916768175,-1.08830832318248,1.08830832318248,valid,,,Shared Pattern Plane,Grad-SIFT+Top2Geo+MidGrad+極線對齊,81,1,,,2.19815579999704
70,3,1,3,4,5,55,12.5,1109.08218573006,383.8169400632,11.5,1109,384,10.8647365520426,-0.635263447957369,0.635263447957369,valid,,,Shared Pattern Plane,Grad-SIFT+Top2Geo+MidGradInterp+極線對齊,81,1,,,2.50129230000312
71,3,1,3,5,1,45,15,1037.44383164389,402.141049993118,11.5,1037,402,10.8896114517923,-0.610388548207734,0.610388548207734,valid,,,Shared Pattern Plane,Grad-SIFT+Top2Geo+MidGrad+極線對齊,81,1,,,2.23503470000287
72,3,1,3,5,2,47.5,15,1055.3275215119,402.131521305534,11.5,1055,402,10.513391431383,-0.986608568616999,0.986608568616999,valid,,,Shared Pattern Plane,Grad-SIFT+Top2Geo+MidGrad+極線對齊,81,1,,,2.4971019999939
73,3,1,3,5,3,50,15,1073.2807190032,402.121955583287,11.5,1073,402,11.372403693989,-0.127596306011014,0.127596306011014,valid,,,Shared Pattern Plane,Grad-SIFT+Top2Geo+MidGrad+極線對齊,81,1,,,2.27853179999511
74,3,1,3,5,4,52.5,15,1091.30383013438,402.112352610045,11.5,1091,402,9.67481175919541,-1.82518824080459,1.82518824080459,valid,,,Shared Pattern Plane,Grad-SIFT+Top2Geo+MidGradInterp+極線對齊,81,1,,,2.23923739999009
75,3,1,3,5,5,55,15,1109.39726409048,402.102712167789,11.5,1109,402,10.9711999693233,-0.528800030676674,0.528800030676674,valid,,,Shared Pattern Plane,Grad-SIFT+Top2Geo+MidGradInterp+極線對齊,81,1,,,2.33543179999106
76,4,1,4,1,1,65,5,1181.73220551295,327.945578875017,11,1182,328,11.5928190611891,0.592819061189106,0.592819061189106,valid,,,Shared Pattern Plane,Grad-SIFT+Top2Geo+MidGradInterp+極線對齊,81,1,,,2.10569669998949
77,4,1,4,1,2,67.5,5,1200.31527462624,327.78860008058,11,1200,328,12.5179796392965,1.51797963929648,1.51797963929648,valid,,,Shared Pattern Plane,Grad-SIFT+Top2Geo+MidGrad+極線對齊,81,1,,,2.23772940000345
78,4,1,4,1,3,70,5,1218.97224112433,327.630997044674,11,1219,328,11.3026795374182,0.302679537418229,0.302679537418229,valid,,,Shared Pattern Plane,Grad-SIFT+Top2Geo+MidGrad+極線對齊,81,1,,,2.18656919999921
79,4,1,4,1,4,72.5,5,1237.7035466756,327.472766036345,11,1238,327,,,,failed,Top2-Geo: HIGH/MID 均未通過支援點與 RANSAC 門檻,,,,81,,,,2.30576229999133
80,4,1,4,1,5,75,5,1256.50963647516,327.313903294846,11,1257,327,,,,failed,Top2-Geo: HIGH/MID 均未通過支援點與 RANSAC 門檻,,,,81,,,,2.31908419998945
81,4,1,4,2,1,65,7.5,1181.92079747879,346.575116182234,11,1182,347,10.9293309564302,-0.0706690435697759,0.0706690435697759,valid,,,Shared Pattern Plane,Grad-SIFT+Top2Geo+MidGrad+極線對齊,81,1,,,2.27747319999617
82,4,1,4,2,2,67.5,7.5,1200.4707479365,346.455321266125,11,1200,346,10.2053404199785,-0.794659580021539,0.794659580021539,valid,,,Shared Pattern Plane,Grad-SIFT+Top2Geo+MidGrad+極線對齊,81,1,,,2.20502579999447
83,4,1,4,2,3,70,7.5,1219.0943308679,346.335050834137,11,1219,346,,,,failed,Top2-Geo: HIGH/MID 均未通過支援點與 RANSAC 門檻,,,,81,,,,2.16993989999173
84,4,1,4,2,4,72.5,7.5,1237.79198556173,346.214302049359,11,1238,346,15.7251370394939,4.72513703949393,4.72513703949393,valid,,,Shared Pattern Plane,Grad-SIFT+Top2Geo+MidGrad+極線對齊,81,1,,,2.29165739999735
85,4,1,4,2,5,75,7.5,1256.56415480811,346.093072052267,11,1257,346,,,,failed,Top2-Geo: HIGH/MID 均未通過支援點與 RANSAC 門檻,,,,81,,,,2.15096529999573
86,4,1,4,3,1,65,10,1182.10871220911,365.13775464539,11,1182,365,11.8501839690392,0.850183969039204,0.850183969039204,valid,,,Shared Pattern Plane,Grad-SIFT+Top2Geo+MidGrad+極線對齊,81,1,,,2.18705979999504
87,4,1,4,3,2,67.5,10,1200.62566183675,365.054877542655,11,1201,365,11.6420616817407,0.642061681740653,0.642061681740653,valid,,,Shared Pattern Plane,Grad-SIFT+Top2Geo+MidGrad+極線對齊,81,1,,,2.25739980000071
88,4,1,4,3,3,70,10,1219.21598044889,364.97167205922,11,1219,365,12.6377357786834,1.63773577868344,1.63773577868344,valid,,,Shared Pattern Plane,Grad-SIFT+Top2Geo+MidGrad+極線對齊,81,1,,,2.24313780000375
89,4,1,4,3,4,72.5,10,1237.88010497171,364.888136239517,11,1238,365,,,,failed,Top2-Geo: HIGH/MID 均未通過支援點與 RANSAC 門檻,,,,81,,,,2.2934288999968
90,4,1,4,3,5,75,10,1256.61847580761,364.804268112418,11,1257,365,,,,failed,Top2-Geo: HIGH/MID 均未通過支援點與 RANSAC 門檻,,,,81,,,,2.14482640000642
91,4,1,4,4,1,65,12.5,1182.29595334529,383.633853970202,11,1182,384,10.7239440930606,-0.27605590693943,0.27605590693943,valid,,,Shared Pattern Plane,Grad-SIFT+Top2Geo+MidGrad+極線對齊,81,1,,,2.34870619999128
92,4,1,4,4,2,67.5,12.5,1200.7800193408,383.58763075924,11,1201,384,10.5714213168634,-0.428578683136589,0.428578683136589,valid,,,Shared Pattern Plane,Grad-SIFT+Top2Geo+MidGrad+極線對齊,81,1,,,2.32680449998588
93,4,1,4,4,3,70,12.5,1219.33719224337,383.541224729412,11,1219,384,10.1700957274773,-0.829904272522683,0.829904272522683,valid,,,Shared Pattern Plane,Grad-SIFT+Top2Geo+MidGrad+極線對齊,81,1,,,2.32562580000376
94,4,1,4,4,4,72.5,12.5,1237.96790663353,383.494634793959,11,1238,383,,,,failed,Top2-Geo: HIGH/MID 均未通過支援點與 RANSAC 門檻,,,,81,,,,2.36478829999396
95,4,1,4,4,5,75,12.5,1256.67260054312,383.447859857493,11,1257,383,,,,failed,Top2-Geo: HIGH/MID 均未通過支援點與 RANSAC 門檻,,,,81,,,,2.34884830001101
96,4,1,4,5,1,65,15,1182.4825245027,402.063771288216,11,1182,402,10.3956507293148,-0.604349270685201,0.604349270685201,valid,,,Shared Pattern Plane,Grad-SIFT+Top2Geo+MidGradInterp+極線對齊,81,1,,,2.42167860000336
97,4,1,4,5,2,67.5,15,1200.93382344083,402.053940170342,11,1201,402,9.8921693306383,-1.1078306693617,1.1078306693617,valid,,,Shared Pattern Plane,Grad-SIFT+Top2Geo+MidGradInterp+極線對齊,81,1,,,2.31619710000814
98,4,1,4,5,3,70,15,1219.4579686103,402.044070238947,11,1219,402,12.8239664573963,1.82396645739628,1.82396645739628,valid,,,Shared Pattern Plane,Grad-SIFT+Top2Geo+MidGrad+極線對齊,81,1,,,2.38275230000727
99,4,1,4,5,4,72.5,15,1238.05539226274,402.034161263721,11,1238,402,,,,failed,Top2-Geo: HIGH/MID 均未通過支援點與 RANSAC 門檻,,,,81,,,,2.25285079999594
100,4,1,4,5,5,75,15,1256.72653007639,402.024213012528,11,1257,402,,,,failed,Top2-Geo: HIGH/MID 均未通過支援點與 RANSAC 門檻,,,,81,,,,3.23015529999975
101,5,1,5,1,1,85,5,1332.49086747964,326.672058722771,10.5,1332,327,,,,failed,Top2-Geo: HIGH/MID 均未通過支援點與 RANSAC 門檻,,,,81,,,,2.30345819999638
102,5,1,5,1,2,87.5,5,1351.67768237437,326.509979840489,10.5,1352,327,,,,failed,Top2-Geo: HIGH/MID 均未通過支援點與 RANSAC 門檻,,,,81,,,,2.37785540000186
103,5,1,5,1,3,90,5,1370.94202875382,326.347246018007,10.5,1371,326,,,,failed,Top2-Geo: HIGH/MID 均未通過支援點與 RANSAC 門檻,,,,81,,,,2.33273900000495
104,5,1,5,1,4,92.5,5,1390.28437751175,326.183853277493,10.5,1390,326,,,,failed,Top2-Geo: HIGH/MID 均未通過支援點與 RANSAC 門檻,,,,81,,,,2.30303789999743
105,5,1,5,1,5,95,5,1409.705203363,326.019797608836,10.5,1410,326,,,,failed,Top2-Geo: HIGH/MID 均未通過支援點與 RANSAC 門檻,,,,81,,,,2.30332710000221
106,5,1,5,2,1,85,7.5,1332.40695763701,345.603281946194,10.5,1332,346,,,,failed,Top2-Geo: HIGH/MID 均未通過支援點與 RANSAC 門檻,,,,81,,,,2.22198630000639
107,5,1,5,2,2,87.5,7.5,1351.55846651481,345.47960218734,10.5,1352,345,,,,failed,Top2-Geo: HIGH/MID 均未通過支援點與 RANSAC 門檻,,,,81,,,,2.30693150000297
108,5,1,5,2,3,90,7.5,1370.78722220095,345.355423571362,10.5,1371,345,,,,failed,Top2-Geo: HIGH/MID 均未通過支援點與 RANSAC 門檻,,,,81,,,,2.25989950000076
109,5,1,5,2,4,92.5,7.5,1390.09369299752,345.230743073983,10.5,1390,345,,,,failed,Top2-Geo: HIGH/MID 均未通過支援點與 RANSAC 門檻,,,,81,,,,2.24562260000675
110,5,1,5,2,5,95,7.5,1409.47835099965,345.105557646429,10.5,1409,345,,,,failed,Top2-Geo: HIGH/MID 均未通過支援點與 RANSAC 門檻,,,,81,,,,2.24653049999324
111,5,1,5,3,1,85,10,1332.3233539485,364.465432554216,10.5,1332,364,12.0132295903037,1.51322959030374,1.51322959030374,valid,,,Shared Pattern Plane,Grad-SIFT+Top2Geo+MidGrad+極線對齊,81,1,,,2.33369869999296
112,5,1,5,3,2,87.5,10,1351.43968650106,364.37987276771,10.5,1351,364,11.2429850752608,0.74298507526083,0.74298507526083,valid,,,Shared Pattern Plane,Grad-SIFT+Top2Geo+MidGrad+極線對齊,81,1,,,2.37039959999674
113,5,1,5,3,3,90,10,1370.63298275057,364.293968511497,10.5,1371,364,11.7347051234169,1.23470512341694,1.23470512341694,valid,,,Shared Pattern Plane,Grad-SIFT+Top2Geo+MidGrad+極線對齊,81,1,,,2.24047600000631
114,5,1,5,3,4,92.5,10,1389.90370842644,364.207717701091,10.5,1390,364,11.6518514999072,1.15185149990721,1.15185149990721,valid,,,Shared Pattern Plane,Grad-SIFT+Top2Geo+MidGrad+極線對齊,81,1,,,2.28712159999122
115,5,1,5,3,5,95,10,1409.25233302335,364.121118235155,10.5,1409,364,,,,failed,Top2-Geo: HIGH/MID 均未通過支援點與 RANSAC 門檻,,,,81,,,,2.25253210001392
116,5,1,5,4,1,85,12.5,1332.24005474163,383.258887886816,10.5,1332,383,,,,failed,Top2-Geo: HIGH/MID 均未通過支援點與 RANSAC 門檻,,,,81,,,,2.23460909999267
117,5,1,5,4,2,87.5,12.5,1351.32133994734,383.211171206313,10.5,1351,383,11.0515119981084,0.551511998108447,0.551511998108447,valid,,,Shared Pattern Plane,Grad-SIFT+Top2Geo+MidGrad+極線對齊,81,1,,,2.46426400000928
118,5,1,5,4,3,90,12.5,1370.47930729217,383.163262766341,10.5,1370,383,11.6541521883683,1.15415218836826,1.15415218836826,valid,,,Shared Pattern Plane,Grad-SIFT+Top2Geo+MidGrad+極線對齊,81,1,,,2.22726500000863
119,5,1,5,4,4,92.5,12.5,1389.71441995166,383.115161408633,10.5,1390,383,10.8647914290174,0.364791429017393,0.364791429017393,valid,,,Shared Pattern Plane,Grad-SIFT+Top2Geo+MidGrad+極線對齊,81,1,,,2.13710189999256
120,5,1,5,4,5,95,12.5,1409.02714483909,383.066865965577,10.5,1409,383,,,,failed,Top2-Geo: HIGH/MID 均未通過支援點與 RANSAC 門檻,,,,81,,,,2.11135520000244
121,5,1,5,5,1,85,15,1332.15705835605,401.98402254045,10.5,1332,402,,,,failed,Top2-Geo: HIGH/MID 均未通過支援點與 RANSAC 門檻,,,,81,,,,2.19336859999748
122,5,1,5,5,2,87.5,15,1351.20342448526,401.973874362205,10.5,1351,402,11.3073106236939,0.807310623693937,0.807310623693937,valid,,,Shared Pattern Plane,Grad-SIFT+Top2Geo+MidGrad+極線對齊,81,1,,,2.36403229999996
123,5,1,5,5,3,90,15,1370.32619273797,401.963685475808,10.5,1370,402,11.6250203890821,1.12502038908211,1.12502038908211,valid,,,Shared Pattern Plane,Grad-SIFT+Top2Geo+MidGradInterp+極線對齊,81,1,,,2.21241609999561
124,5,1,5,5,4,92.5,15,1389.52582375448,401.953455635823,10.5,1390,402,10.7369550288961,0.2369550288961,0.2369550288961,valid,,,Shared Pattern Plane,Grad-SIFT+Top2Geo+MidGradInterp+極線對齊,81,1,,,2.32923759998812
125,5,1,5,5,5,95,15,1408.80278188556,401.943184594837,10.5,1409,402,,,,failed,Top2-Geo: HIGH/MID 均未通過支援點與 RANSAC 門檻,,,,81,,,,2.40935380000155
126,6,1,6,1,1,105,5,1488.18290792395,325.356864302341,10,1488,325,,,,failed,Top2-Geo: HIGH/MID 均未通過支援點與 RANSAC 門檻,,,,81,,,,3.05145120000816
127,6,1,6,1,2,107.5,5,1508.00337644757,325.189432688379,10,1508,325,,,,failed,Top2-Geo: HIGH/MID 均未通過支援點與 RANSAC 門檻,,,,81,,,,2.45523490000051
128,6,1,6,1,3,110,5,1527.90525280475,325.021313389111,10,1528,325,,,,failed,Top2-Geo: HIGH/MID 均未通過支援點與 RANSAC 門檻,,,,81,,,,2.39317370000936
129,6,1,6,1,4,112.5,5,1547.8890395724,324.852502159065,10,1548,325,,,,failed,Top2-Geo: HIGH/MID 均未通過支援點與 RANSAC 門檻,,,,81,,,,2.08453799999552
130,6,1,6,1,5,115,5,1567.95524347288,324.682994717748,10,1568,325,,,,failed,Top2-Geo: HIGH/MID 均未通過支援點與 RANSAC 門檻,,,,81,,,,2.0259081999975
131,6,1,6,2,1,105,7.5,1487.80843189149,344.599704787652,10,1488,345,,,,failed,Top2-Geo: HIGH/MID 均未通過支援點與 RANSAC 門檻,,,,81,,,,2.50447340001119
132,6,1,6,2,2,107.5,7.5,1507.59124282545,344.471948102714,10,1508,344,,,,failed,Top2-Geo: HIGH/MID 均未通過支援點與 RANSAC 門檻,,,,81,,,,2.28842029999942
133,6,1,6,2,3,110,7.5,1527.45515537805,344.343667666427,10,1527,344,,,,failed,Top2-Geo: HIGH/MID 均未通過支援點與 RANSAC 門檻,,,,81,,,,2.25908049999271
134,6,1,6,2,4,112.5,7.5,1547.40066930002,344.214860251417,10,1547,344,,,,failed,Top2-Geo: HIGH/MID 均未通過支援點與 RANSAC 門檻,,,,81,,,,2.16358480000054
135,6,1,6,2,5,115,7.5,1567.42828845651,344.085522603741,10,1567,344,,,,failed,Top2-Geo: HIGH/MID 均未通過支援點與 RANSAC 門檻,,,,81,,,,0.0642943999991985
136,6,1,6,3,1,105,10,1487.4353444479,363.771191189918,10,1487,364,,,,failed,Top2-Geo: HIGH/MID 均未通過支援點與 RANSAC 門檻,,,,81,,,,2.06983159999072
137,6,1,6,3,2,107.5,10,1507.18064055007,363.682816324375,10,1507,364,,,,failed,Top2-Geo: HIGH/MID 均未通過支援點與 RANSAC 門檻,,,,81,,,,2.1103679999942
138,6,1,6,3,3,110,10,1527.00673378025,363.594079831674,10,1527,364,,,,failed,Top2-Geo: HIGH/MID 均未通過支援點與 RANSAC 門檻,,,,81,,,,2.39083179998852
139,6,1,6,3,4,112.5,10,1546.91412108412,363.504979487613,10,1547,364,,,,failed,Top2-Geo: HIGH/MID 均未通過支援點與 RANSAC 門檻,,,,81,,,,2.05876610000269
140,6,1,6,3,5,115,10,1566.90330349105,363.415513049714,10,1567,363,,,,failed,Top2-Geo: HIGH/MID 均未通過支援點與 RANSAC 門檻,,,,81,,,,2.1657669999986
141,6,1,6,4,1,105,12.5,1487.06363788394,382.871719655147,10,1487,383,,,,failed,Top2-Geo: HIGH/MID 均未通過支援點與 RANSAC 門檻,,,,81,,,,2.11997919999703
142,6,1,6,4,2,107.5,12.5,1506.77156110231,382.822435937335,10,1507,383,,,,failed,Top2-Geo: HIGH/MID 均未通過支援點與 RANSAC 門檻,,,,81,,,,2.28872950001096
143,6,1,6,4,3,110,12.5,1526.55997866941,382.772950926838,10,1527,383,,,,failed,Top2-Geo: HIGH/MID 均未通過支援點與 RANSAC 門檻,,,,81,,,,2.36478720000014
144,6,1,6,4,4,112.5,12.5,1546.42938474683,382.723263387904,10,1546,383,,,,failed,Top2-Geo: HIGH/MID 均未通過支援點與 RANSAC 門檻,,,,81,,,,2.5691278000013
145,6,1,6,4,5,115,12.5,1566.38027754941,382.673372074644,10,1566,383,,,,failed,Top2-Geo: HIGH/MID 均未通過支援點與 RANSAC 門檻,,,,81,,,,2.5002542000002
146,6,1,6,5,1,105,15,1486.69330454738,401.901683402315,10,1487,402,,,,failed,Top2-Geo: HIGH/MID 均未通過支援點與 RANSAC 門檻,,,,81,,,,2.52315449999878
147,6,1,6,5,2,107.5,15,1506.36399602614,401.89120257453,10,1506,402,,,,failed,Top2-Geo: HIGH/MID 均未通過支援點與 RANSAC 門檻,,,,81,,,,2.33964760000526
148,6,1,6,5,3,110,15,1526.11488077291,401.880679018617,10,1526,402,,,,failed,Top2-Geo: HIGH/MID 均未通過支援點與 RANSAC 門檻,,,,81,,,,2.34483709999768
149,6,1,6,5,4,112.5,15,1545.94645018596,401.870112472751,10,1546,402,,,,failed,Top2-Geo: HIGH/MID 均未通過支援點與 RANSAC 門檻,,,,81,,,,2.26265260000946
150,6,1,6,5,5,115,15,1565.85919968662,401.859502672965,10,1566,402,,,,failed,Top2-Geo: HIGH/MID 均未通過支援點與 RANSAC 門檻,,,,81,,,,2.23403930000495
151,7,2,1,1,1,5,25,764.009494267394,472.081808970843,9.5,764,472,9.15495431854737,-0.345045681452632,0.345045681452632,valid,,,Shared Pattern Plane,Grad-SIFT+Top2Geo+MidGradInterp+極線對齊,81,1,,,2.42374369999743
152,7,2,1,1,2,7.5,25,780.72607442202,472.203306173254,9.5,781,472,9.43002140232742,-0.0699785976725771,0.0699785976725771,valid,,,Shared Pattern Plane,Grad-SIFT+Top2Geo+MidGradInterp+極線對齊,81,1,,,2.41356250000536
153,7,2,1,1,3,10,25,797.505237509709,472.325258232532,9.5,798,472,10.3864326703866,0.886432670386576,0.886432670386576,valid,,,Shared Pattern Plane,Grad-SIFT+Top2Geo+MidGradInterp+極線對齊,81,1,,,2.42272650000814
154,7,2,1,1,4,12.5,25,814.347335633165,472.447667707784,9.5,814,472,10.9567042177392,1.45670421773921,1.45670421773921,valid,,,Shared Pattern Plane,Grad-SIFT+Top2Geo+MidGrad+極線對齊,81,1,,,2.54716950000147
155,7,2,1,1,5,15,25,831.252723541378,472.570537177347,9.5,831,473,8.99458370450806,-0.505416295491935,0.505416295491935,valid,,,Shared Pattern Plane,Grad-SIFT+Top2Geo+MidGradInterp+極線對齊,81,1,,,2.51737790000334
156,7,2,1,2,1,5,27.5,764.894720842812,489.38231465432,9.5,765,489,12.6246252444873,3.12462524448725,3.12462524448725,valid,,,Shared Pattern Plane,Grad-SIFT+Top2Geo+MidGradInterp+極線對齊,81,1,,,2.40339409999433
157,7,2,1,2,2,7.5,27.5,781.584581639309,489.53587479907,9.5,782,490,10.5426417296266,1.04264172962656,1.04264172962656,valid,,,Shared Pattern Plane,Grad-SIFT+Top2Geo+MidGrad+極線對齊,81,1,,,2.73591239999223
158,7,2,1,2,3,10,27.5,798.336819097061,489.690008859279,9.5,798,490,10.8502941458334,1.35029414583336,1.35029414583336,valid,,,Shared Pattern Plane,Grad-SIFT+Top2Geo+MidGrad+極線對齊,81,1,,,2.34524319999036
159,7,2,1,2,4,12.5,27.5,815.151783560416,489.844720058397,9.5,815,490,12.253925125862,2.75392512586202,2.75392512586202,valid,,,Shared Pattern Plane,Grad-SIFT+Top2Geo+MidGrad+極線對齊,81,1,,,2.33747010001389
160,7,2,1,2,5,15,27.5,832.029828002305,490.00001164406,9.5,832,490,10.3594012775184,0.859401277518421,0.859401277518421,valid,,,Shared Pattern Plane,Grad-SIFT+Top2Geo+MidGradInterp+極線對齊,81,1,,,2.54365439999674
161,7,2,1,3,1,5,30,765.776953364764,506.624305782958,9.5,766,507,9.98033120425212,0.480331204252122,0.480331204252122,valid,,,Shared Pattern Plane,Grad-SIFT+Top2Geo+MidGrad+極線對齊,81,1,,,2.59854150000319
162,7,2,1,3,2,7.5,30,782.440179767747,506.809711266143,9.5,782,507,9.63061463484542,0.130614634845422,0.130614634845422,valid,,,Shared Pattern Plane,Grad-SIFT+Top2Geo+MidGrad+極線對齊,81,1,,,2.3574660000013
163,7,2,1,3,3,10,30,799.165577577446,506.9958085073,9.5,799,507,11.1867360930149,1.68673609301486,1.68673609301486,valid,,,Shared Pattern Plane,Grad-SIFT+Top2Geo+MidGrad+極線對齊,81,1,,,2.51221380000061
164,7,2,1,3,4,12.5,30,815.953495391544,507.182601385146,9.5,816,507,11.4475390447648,1.94753904476475,1.94753904476475,valid,,,Shared Pattern Plane,Grad-SIFT+Top2Geo+MidGrad+極線對齊,81,1,,,2.3421185999905
165,7,2,1,3,5,15,30,832.80428441874,507.370093807446,9.5,833,507,9.58126736208566,0.0812673620856579,0.0812673620856579,valid,,,Shared Pattern Plane,Grad-SIFT+Top2Geo+MidGrad+極線對齊,81,1,,,2.29033939998772
166,7,2,1,4,1,5,32.5,766.656206997541,523.808078721439,9.5,767,524,8.99206100600998,-0.507938993990019,0.507938993990019,valid,,,Shared Pattern Plane,Grad-SIFT+Top2Geo+MidGrad+極線對齊,81,1,,,2.46672199999739
167,7,2,1,4,2,7.5,32.5,783.292883568683,524.025113594241,9.5,783,524,7.82949318351867,-1.67050681648133,1.67050681648133,valid,,,Shared Pattern Plane,Grad-SIFT+Top2Geo+MidGrad+極線對齊,81,1,,,2.44405890000053
168,7,2,1,4,3,10,32.5,799.991527302603,524.242956863793,9.5,800,524,5.9553546725523,-3.5446453274477,3.5446453274477,valid,,,Shared Pattern Plane,Grad-SIFT+Top2Geo+MidGrad+極線對齊,81,1,,,2.42530989999068
169,7,2,1,4,4,12.5,32.5,816.752485061905,524.461613055116,9.5,817,524,7.58102193347917,-1.91897806652083,1.91897806652083,valid,,,Shared Pattern Plane,Grad-SIFT+Top2Geo+MidGrad+極線對齊,81,1,,,2.36266550001164
170,7,2,1,4,5,15,32.5,833.576106302791,524.681086727064,9.5,834,525,8.11104370236186,-1.38895629763814,1.38895629763814,valid,,,Shared Pattern Plane,Grad-SIFT+Top2Geo+HighGrad+極線對齊,81,1,,,2.36497880000388
171,7,2,1,5,1,5,35,767.532496803202,540.933927836447,9.5,768,541,7.94214145870825,-1.55785854129175,1.55785854129175,valid,,,Shared Pattern Plane,Grad-SIFT+Top2Geo+MidGrad+極線對齊,81,1,,,2.39480540000659
172,7,2,1,5,2,7.5,35,784.142707703767,541.182377790242,9.5,784,541,8.42736456510197,-1.07263543489803,1.07263543489803,valid,,,Shared Pattern Plane,Grad-SIFT+Top2Geo+MidGrad+極線對齊,81,1,,,2.44610100000864
173,7,2,1,5,3,10,35,800.814682527156,541.431751588041,9.5,801,541,5.45148099199151,-4.04851900800849,4.04851900800849,valid,,,Shared Pattern Plane,Grad-SIFT+Top2Geo+MidGrad+極線對齊,81,1,,,2.34736640000483
174,7,2,1,5,4,12.5,35,817.548766412382,541.68205439232,9.5,818,542,,,,failed,Top2-Geo: HIGH/MID 均未通過支援點與 RANSAC 門檻,,,,81,,,,2.31834529999469
175,7,2,1,5,5,15,35,834.34530707479,541.933291404087,9.5,834,542,7.16613018238376,-2.33386981761624,2.33386981761624,valid,,,Shared Pattern Plane,Grad-SIFT+Top2Geo+MidGradInterp+極線對齊,81,1,,,2.52459390000149
176,8,2,2,1,1,25,25,899.514362024363,473.066667248865,9,900,473,8.83502343055586,-0.164976569444137,0.164976569444137,valid,,,Shared Pattern Plane,Grad-SIFT+Top2Geo+MidGradInterp+極線對齊,81,1,,,2.38185679999879
177,8,2,2,1,2,27.5,25,916.741614470643,473.19187605103,9,917,473,9.72659164291129,0.726591642911286,0.726591642911286,valid,,,Shared Pattern Plane,Grad-SIFT+Top2Geo+MidGradInterp+極線對齊,81,1,,,2.31314030000067
178,8,2,2,1,3,30,25,934.034342182389,473.317560731724,9,934,473,8.92644122546855,-0.0735587745314525,0.0735587745314525,valid,,,Shared Pattern Plane,Grad-SIFT+Top2Geo+MidGradInterp+極線對齊,81,1,,,2.40451369999209
179,8,2,2,1,4,32.5,25,951.392919146055,473.443724009105,9,951,473,7.99065837949082,-1.00934162050918,1.00934162050918,valid,,,Shared Pattern Plane,Grad-SIFT+Top2Geo+MidGradInterp+極線對齊,81,1,,,2.47067330000573
180,8,2,2,1,5,35,25,968.817722201743,473.570368622073,9,969,474,8.51439066683428,-0.485609333165716,0.485609333165716,valid,,,Shared Pattern Plane,Grad-SIFT+Top2Geo+MidGradInterp+極線對齊,81,1,,,2.50110749999294
181,8,2,2,2,1,25,27.5,900.179958404921,490.627047664127,9,900,491,9.45320499487226,0.453204994872255,0.453204994872255,valid,,,Shared Pattern Plane,Grad-SIFT+Top2Geo+MidGrad+極線對齊,81,1,,,2.37984149999102
182,8,2,2,2,2,27.5,27.5,917.378791078226,490.785290759563,9,917,491,8.33245621879079,-0.667543781209215,0.667543781209215,valid,,,Shared Pattern Plane,Grad-SIFT+Top2Geo+MidGrad+極線對齊,81,1,,,2.52711909999198
183,8,2,2,2,3,30,27.5,934.64287817061,490.944134248146,9,935,491,8.63701979433473,-0.362980205665268,0.362980205665268,valid,,,Shared Pattern Plane,Grad-SIFT+Top2Geo+MidGrad+極線對齊,81,1,,,2.40238050000335
184,8,2,2,2,4,32.5,27.5,951.972591762487,491.103581553314,9,952,491,7.31400129522439,-1.68599870477561,1.68599870477561,valid,,,Shared Pattern Plane,Grad-SIFT+Top2Geo+MidGrad+極線對齊,81,1,,,2.43465399999695
185,8,2,2,2,5,35,27.5,969.368306768456,491.263636124584,9,969,491,9.02724777927293,0.0272477792729262,0.0272477792729262,valid,,,Shared Pattern Plane,Grad-SIFT+Top2Geo+MidGrad+極線對齊,81,1,,,2.37385649999487
186,8,2,2,3,1,25,30,900.843269597344,508.127138128719,9,901,508,8.22302435989036,-0.776975640109642,0.776975640109642,valid,,,Shared Pattern Plane,Grad-SIFT+Top2Geo+MidGrad+極線對齊,81,1,,,2.33852760000445
187,8,2,2,3,2,27.5,30,918.013775936061,508.318187925876,9,918,508,8.98963458947925,-0.0103654105207518,0.0103654105207518,valid,,,Shared Pattern Plane,Grad-SIFT+Top2Geo+MidGrad+極線對齊,81,1,,,2.43479830000433
188,8,2,2,3,3,30,30,935.249316962477,508.50996133966,9,935,509,6.2178557486577,-2.7821442513423,2.7821442513423,valid,,,Shared Pattern Plane,Grad-SIFT+Top2Geo+MidGrad+極線對齊,81,1,,,2.45814350000001
189,8,2,2,3,4,32.5,30,952.550262863894,508.702462489008,9,953,509,6.32190854187472,-2.67809145812528,2.67809145812528,valid,,,Shared Pattern Plane,Grad-SIFT+Top2Geo+MidGrad+極線對齊,81,1,,,2.59045909999986
190,8,2,2,3,5,35,30,969.916986642504,508.895695524174,9,970,509,6.30988770871309,-2.69011229128691,2.69011229128691,valid,,,Shared Pattern Plane,Grad-SIFT+Top2Geo+MidGradInterp+極線對齊,81,1,,,2.39191690000007
191,8,2,2,4,1,25,32.5,901.504307350051,525.567248600252,9,902,526,6.76879124787236,-2.23120875212764,2.23120875212764,valid,,,Shared Pattern Plane,Grad-SIFT+Top2Geo+MidGrad+極線對齊,81,1,,,2.37579140000162
192,8,2,2,4,2,27.5,32.5,918.64658033345,525.79087926474,9,919,526,2.20208951715064,-6.79791048284936,6.79791048284936,valid,,,Shared Pattern Plane,Grad-SIFT+Top2Geo+MidGradInterp+極線對齊,81,1,,,2.1381767999992
193,8,2,2,4,3,30,32.5,935.853669380686,526.015355491508,9,936,526,7.09964809313387,-1.90035190686613,1.90035190686613,valid,,,Shared Pattern Plane,Grad-SIFT+Top2Geo+MidGrad+極線對齊,81,1,,,2.5970215999987
194,8,2,2,4,4,32.5,32.5,953.125942798768,526.24068208533,9,953,526,6.62281443854257,-2.37718556145743,2.37718556145743,valid,,,Shared Pattern Plane,Grad-SIFT+Top2Geo+MidGrad+極線對齊,81,1,,,2.52303630000097
195,8,2,2,4,5,35,32.5,970.463771690464,526.46686388745,9,970,526,6.32431937381404,-2.67568062618596,2.67568062618596,valid,,,Shared Pattern Plane,Grad-SIFT+Top2Geo+MidGradInterp+極線對齊,81,1,,,2.52782279999519
196,8,2,2,5,1,25,35,902.163083331061,542.947686915268,9,902,543,6.4362344862725,-2.5637655137275,2.5637655137275,valid,,,Shared Pattern Plane,Grad-SIFT+Top2Geo+MidGrad+極線對齊,81,1,,,2.60576319998654
197,8,2,2,5,2,27.5,35,919.277215482294,543.203674353818,9,919,543,2.19784403228289,-6.80215596771711,6.80215596771711,valid,,,Shared Pattern Plane,Grad-SIFT+Top2Geo+MidGradInterp+極線對齊,81,1,,,2.42493019999529
198,8,2,2,5,3,30,35,936.455946173593,543.460628035625,9,936,543,2.90929482838353,-6.09070517161647,6.09070517161647,valid,,,Shared Pattern Plane,Grad-SIFT+Top2Geo+MidGradInterp+極線對齊,81,1,,,2.37318290000258
199,8,2,2,5,4,32.5,35,953.699641844385,543.718553441768,9,954,544,4.45853562450753,-4.54146437549247,4.54146437549247,valid,,,Shared Pattern Plane,Grad-SIFT+Top2Geo+MidGrad+極線對齊,81,1,,,2.41026140000031
200,8,2,2,5,5,35,35,971.008671710883,543.977456094859,9,971,544,4.92596155752713,-4.07403844247287,4.07403844247287,valid,,,Shared Pattern Plane,Grad-SIFT+Top2Geo+MidGradInterp+極線對齊,81,1,,,2.45978220000688
201,9,2,3,1,1,45,25,1039.18683356048,474.081815944858,8.5,1039,474,5.95573447764117,-2.54426552235883,2.54426552235883,valid,,,Shared Pattern Plane,Grad-SIFT+Top2Geo+MidGrad+極線對齊,81,1,,,2.2218947000074
202,9,2,3,1,2,47.5,25,1056.94852148217,474.210909059156,8.5,1057,474,8.89224999270423,0.392249992704233,0.392249992704233,valid,,,Shared Pattern Plane,Grad-SIFT+Top2Geo+MidGrad+極線對齊,81,1,,,2.37420109999948
203,9,2,3,1,3,50,25,1074.77875801245,474.340500389244,8.5,1075,474,8.99950078299855,0.499500782998554,0.499500782998554,valid,,,Shared Pattern Plane,Grad-SIFT+Top2Geo+MidGrad+極線對齊,81,1,,,2.43370860000141
204,9,2,3,1,4,52.5,25,1092.67794074841,474.470592824882,8.5,1093,474,7.3165711547108,-1.1834288452892,1.1834288452892,valid,,,Shared Pattern Plane,Grad-SIFT+Top2Geo+MidGrad+極線對齊,81,1,,,2.45105329999933
205,9,2,3,1,5,55,25,1110.64647036792,474.601189278224,8.5,1111,475,7.82445172145792,-0.675548278542082,0.675548278542082,valid,,,Shared Pattern Plane,Grad-SIFT+Top2Geo+MidGradInterp+極線對齊,81,1,,,2.54351610000595
206,9,2,3,2,1,45,27.5,1039.61877994464,491.909996987696,8.5,1040,492,10.4145327946077,1.91453279460775,1.91453279460775,valid,,,Shared Pattern Plane,Grad-SIFT+Top2Geo+MidGrad+極線對齊,81,1,,,2.35088430000178
207,9,2,3,2,2,47.5,27.5,1057.35022684674,492.073140562475,8.5,1057,492,9.24486209591914,0.744862095919144,0.744862095919144,valid,,,Shared Pattern Plane,Grad-SIFT+Top2Geo+MidGrad+極線對齊,81,1,,,2.27920420000737
208,9,2,3,2,3,50,27.5,1075.14998570449,492.236912662196,8.5,1075,492,6.38252007146564,-2.11747992853436,2.11747992853436,valid,,,Shared Pattern Plane,Grad-SIFT+Top2Geo+MidGrad+極線對齊,81,1,,,2.4515870000032
209,9,2,3,2,4,52.5,27.5,1093.01845204652,492.401316926041,8.5,1093,492,5.99718852024251,-2.50281147975749,2.50281147975749,valid,,,Shared Pattern Plane,Grad-SIFT+Top2Geo+MidGrad+極線對齊,81,1,,,2.53839760000119
210,9,2,3,2,5,55,27.5,1110.95602446083,492.566357021341,8.5,1111,493,5.30458588132779,-3.19541411867221,3.19541411867221,valid,,,Shared Pattern Plane,Grad-SIFT+Top2Geo+MidGrad+極線對齊,81,1,,,2.6301669000095
211,9,2,3,3,1,45,30,1040.04922060368,509.676030641154,8.5,1040,510,6.73759553555478,-1.76240446444522,1.76240446444522,valid,,,Shared Pattern Plane,Grad-SIFT+Top2Geo+MidGrad+極線對齊,81,1,,,2.28729610001028
212,9,2,3,3,2,47.5,30,1057.75052921606,509.872986476532,8.5,1058,510,7.69667956952241,-0.80332043047759,0.80332043047759,valid,,,Shared Pattern Plane,Grad-SIFT+Top2Geo+MidGrad+極線對齊,81,1,,,2.45121359999757
213,9,2,3,3,3,50,30,1075.51991435437,510.070699773933,8.5,1076,510,7.6900833281069,-0.809916671893099,0.809916671893099,valid,,,Shared Pattern Plane,Grad-SIFT+Top2Geo+MidGrad+極線對齊,81,1,,,2.41352950000146
214,9,2,3,3,4,52.5,30,1093.35776949308,510.2691749114,8.5,1093,510,6.76680325742514,-1.73319674257486,1.73319674257486,valid,,,Shared Pattern Plane,Grad-SIFT+Top2Geo+MidGrad+極線對齊,81,1,,,2.43134730000747
215,9,2,3,3,5,55,30,1111.26449114486,510.468416300781,8.5,1111,510,6.17869846015665,-2.32130153984335,2.32130153984335,valid,,,Shared Pattern Plane,Grad-SIFT+Top2Geo+MidGrad+極線對齊,81,1,,,2.4261955999973
216,9,2,3,4,1,45,32.5,1040.47816339712,527.3802412999,8.5,1040,527,9.28294846773341,0.782948467733414,0.782948467733414,valid,,,Shared Pattern Plane,Grad-SIFT+Top2Geo+MidGrad+極線對齊,81,1,,,2.40133350000542
217,9,2,3,4,2,47.5,32.5,1058.14943592748,527.610773063228,8.5,1058,528,5.75963505011771,-2.74036494988229,2.74036494988229,valid,,,Shared Pattern Plane,Grad-SIFT+Top2Geo+MidGrad+極線對齊,81,1,,,2.40943719999632
218,9,2,3,4,3,50,32.5,1075.88855076881,527.842189867945,8.5,1076,528,8.44575780216794,-0.0542421978320551,0.0542421978320551,valid,,,Shared Pattern Plane,Grad-SIFT+Top2Geo+MidGrad+極線對齊,81,1,,,2.43671120000363
219,9,2,3,4,4,52.5,32.5,1093.69589935568,528.074496820536,8.5,1094,528,6.4580990335906,-2.0419009664094,2.0419009664094,valid,,,Shared Pattern Plane,Grad-SIFT+Top2Geo+MidGrad+極線對齊,81,1,,,2.28903929999797
220,9,2,3,4,5,55,32.5,1111.57187613975,528.307699066846,8.5,1112,528,12.3876224065788,3.88762240657884,3.88762240657884,valid,,,Shared Pattern Plane,Grad-SIFT+Top2Geo+MidGrad+極線對齊,81,1,,,2.75580900000932
221,9,2,3,5,1,45,35,1040.9056161299,545.02295110484,8.5,1041,545,11.0951075439953,2.59510754399528,2.59510754399528,valid,,,Shared Pattern Plane,Grad-SIFT+Top2Geo+MidGrad+極線對齊,81,1,,,2.5031283999997
222,9,2,3,5,2,47.5,35,1058.54695426724,545.286824313394,8.5,1059,545,12.875068759264,4.37506875926397,4.37506875926397,valid,,,Shared Pattern Plane,Grad-SIFT+Top2Geo+MidGrad+極線對齊,81,1,,,2.46416719999979
223,9,2,3,5,3,50,35,1076.25590170707,545.551708799179,8.5,1076,546,8.4073552917994,-0.0926447082006003,0.0926447082006003,valid,,,Shared Pattern Plane,Grad-SIFT+Top2Geo+MidGrad+極線對齊,81,1,,,2.46904159999394
224,9,2,3,5,4,52.5,35,1094.03284785809,545.817610386838,8.5,1094,546,6.69156017149854,-1.80843982850146,1.80843982850146,valid,,,Shared Pattern Plane,Grad-SIFT+Top2Geo+MidGrad+極線對齊,81,1,,,2.38365699999849
225,9,2,3,5,5,55,35,1111.87818512523,546.084534945834,8.5,1112,546,10.2023889446641,1.70238894466407,1.70238894466407,valid,,,Shared Pattern Plane,Grad-SIFT+Top2Geo+MidGrad+極線對齊,81,1,,,2.4127121999918
226,10,2,4,1,1,65,25,1183.22218075219,475.128674307644,8,1183,475,8.36710727572964,0.367107275729644,0.367107275729644,valid,,,Shared Pattern Plane,Grad-SIFT+Top2Geo+MidGradInterp+極線對齊,81,1,,,2.48570089999703
227,10,2,4,1,2,67.5,25,1201.54356489916,475.261835330865,8,1202,475,7.77107360753534,-0.228926392464664,0.228926392464664,valid,,,Shared Pattern Plane,Grad-SIFT+Top2Geo+MidGradInterp+極線對齊,81,1,,,2.35666150000179
228,10,2,4,1,3,70,25,1219.93676639331,475.395518327282,8,1220,475,8.62470642822241,0.624706428222408,0.624706428222408,valid,,,Shared Pattern Plane,Grad-SIFT+Top2Geo+MidGradInterp+極線對齊,81,1,,,2.25920700001006
229,10,2,4,1,4,72.5,25,1238.40220833531,475.529726372018,8,1238,476,9.8794958947274,1.8794958947274,1.8794958947274,valid,,,Shared Pattern Plane,Grad-SIFT+Top2Geo+HighGrad+極線對齊,81,1,,,2.37364690001414
230,10,2,4,1,5,75,25,1256.94031715587,475.6644625644,8,1257,476,,,,failed,Top2-Geo: HIGH/MID 均未通過支援點與 RANSAC 門檻,,,,81,,,,2.57305079999787
231,10,2,4,2,1,65,27.5,1183.40545534987,493.232950064266,8,1183,493,7.27252846476422,-0.727471535235776,0.727471535235776,valid,,,Shared Pattern Plane,Grad-SIFT+Top2Geo+MidGradInterp+極線對齊,81,1,,,2.4373282000015
232,10,2,4,2,2,67.5,27.5,1201.69464611913,493.401225331275,8,1202,493,7.43898966816522,-0.561010331834776,0.561010331834776,valid,,,Shared Pattern Plane,Grad-SIFT+Top2Geo+MidGradInterp+極線對齊,81,1,,,2.52442649999284
233,10,2,4,2,3,70,27.5,1220.05540042041,493.570159040345,8,1220,494,,,,failed,Top2-Geo: HIGH/MID 均未通過支援點與 RANSAC 門檻,,,,81,,,,2.28050920000533
234,10,2,4,2,4,72.5,27.5,1238.48813910709,493.739755063665,8,1238,494,9.56577586384777,1.56577586384777,1.56577586384777,valid,,,Shared Pattern Plane,Grad-SIFT+Top2Geo+HighGrad+極線對齊,81,1,,,2.36849620001158
235,10,2,4,2,5,75,27.5,1256.99328633896,493.910017303847,8,1257,494,,,,failed,Top2-Geo: HIGH/MID 均未通過支援點與 RANSAC 門檻,,,,81,,,,2.48653710000508
236,10,2,4,3,1,65,30,1183.58808112644,511.273133815981,8,1184,511,8.41131909565001,0.411319095650013,0.411319095650013,valid,,,Shared Pattern Plane,Grad-SIFT+Top2Geo+MidGradInterp+極線對齊,81,1,,,2.56143580000207
237,10,2,4,3,2,67.5,30,1201.84519144513,511.47627384891,8,1202,511,8.60836172747644,0.60836172747644,0.60836172747644,valid,,,Shared Pattern Plane,Grad-SIFT+Top2Geo+MidGradInterp+極線對齊,81,1,,,2.3427423999965
238,10,2,4,3,3,70,30,1220.17361282384,511.680207333312,8,1220,512,5.15032064742271,-2.84967935257729,2.84967935257729,valid,,,Shared Pattern Plane,Grad-SIFT+Top2Geo+MidGrad+極線對齊,81,1,,,2.40322119998746
239,10,2,4,3,4,72.5,30,1238.5737638845,511.884938927037,8,1239,512,9.0081564929166,1.0081564929166,1.0081564929166,valid,,,Shared Pattern Plane,Grad-SIFT+Top2Geo+MidGradInterp+極線對齊,81,1,,,2.25680070000817
240,10,2,4,3,5,75,30,1257.04606653213,512.090473324464,8,1257,512,10.8184962786648,2.81849627866482,2.81849627866482,valid,,,Shared Pattern Plane,Grad-SIFT+Top2Geo+MidGrad+極線對齊,81,1,,,2.36473220000335
241,10,2,4,4,1,65,32.5,1183.7700615212,529.249565305199,8,1184,529,8.60672425175373,0.606724251753727,0.606724251753727,valid,,,Shared Pattern Plane,Grad-SIFT+Top2Geo+MidGrad+極線對齊,81,1,,,2.38554669999576
242,10,2,4,4,2,67.5,32.5,1201.99520372338,529.487322612238,8,1202,529,12.1687188504201,4.16871885042013,4.16871885042013,valid,,,Shared Pattern Plane,Grad-SIFT+Top2Geo+MidGrad+極線對齊,81,1,,,2.41630530000839
243,10,2,4,4,3,70,32.5,1220.29140584726,529.72600693622,8,1220,530,10.6417252695437,2.6417252695437,2.6417252695437,valid,,,Shared Pattern Plane,Grad-SIFT+Top2Geo+MidGrad+極線對齊,81,1,,,2.66814700000396
244,10,2,4,4,4,72.5,32.5,1238.65908429909,529.965623709403,8,1239,530,10.8261574153658,2.82615741536578,2.82615741536578,valid,,,Shared Pattern Plane,Grad-SIFT+Top2Geo+MidGrad+極線對齊,81,1,,,2.89981740000076
245,10,2,4,4,5,75,32.5,1257.09865874502,530.206178406566,8,1257,530,9.8231817580076,1.8231817580076,1.8231817580076,valid,,,Shared Pattern Plane,Grad-SIFT+Top2Geo+MidGrad+極線對齊,81,1,,,2.37172419999843
246,10,2,4,5,1,65,35,1183.95139994919,547.162581877328,8,1184,547,10.6101508288314,2.61015082883143,2.61015082883143,valid,,,Shared Pattern Plane,Grad-SIFT+Top2Geo+MidGradInterp+極線對齊,81,1,,,2.15214520000154
247,10,2,4,5,2,67.5,35,1202.14468577999,547.434710934032,8,1202,547,10.129128826876,2.12912882687601,2.12912882687601,valid,,,Shared Pattern Plane,Grad-SIFT+Top2Geo+MidGrad+極線對齊,81,1,,,2.37092729999858
248,10,2,4,5,3,70,35,1220.40878171846,547.707899144536,8,1220,548,11.9070846644118,3.90708466441177,3.90708466441177,valid,,,Shared Pattern Plane,Grad-SIFT+Top2Geo+MidGrad+極線對齊,81,1,,,2.37194149999414
249,10,2,4,5,4,72.5,35,1238.74410197081,547.982152704395,8,1239,548,10.6423598541384,2.64235985413835,2.64235985413835,valid,,,Shared Pattern Plane,Grad-SIFT+Top2Geo+MidGrad+極線對齊,81,1,,,2.2500621000072
250,10,2,4,5,5,75,35,1257.15106398012,548.257477857584,8,1257,548,12.0591565088893,4.05915650888928,4.05915650888928,valid,,,Shared Pattern Plane,Grad-SIFT+Top2Geo+MidGrad+極線對齊,81,1,,,2.59026650000305
251,11,2,5,1,1,85,25,1331.82806823921,476.208751657462,7.5,1332,476,,,,failed,Top2-Geo: HIGH/MID 均未通過支援點與 RANSAC 門檻,,,,81,,,,2.45750600000611
252,11,2,5,1,2,87.5,25,1350.73602678495,476.346175941936,7.5,1351,476,9.22091793892605,1.72091793892605,1.72091793892605,valid,,,Shared Pattern Plane,Grad-SIFT+Top2Geo+MidGrad+極線對齊,81,1,,,2.62966730000335
253,11,2,5,1,3,90,25,1369.71928259044,476.484147491839,7.5,1370,476,8.68391755045966,1.18391755045966,1.18391755045966,valid,,,Shared Pattern Plane,Grad-SIFT+Top2Geo+MidGrad+極線對齊,81,1,,,2.41588060000504
254,11,2,5,1,4,92.5,25,1388.77828633804,476.62266958276,7.5,1389,477,9.65737464875506,2.15737464875506,2.15737464875506,valid,,,Shared Pattern Plane,Grad-SIFT+Top2Geo+MidGradInterp+極線對齊,81,1,,,2.26991849999467
255,11,2,5,1,5,95,25,1407.91349231397,476.761745516481,7.5,1408,477,9.03551189702974,1.53551189702974,1.53551189702974,valid,,,Shared Pattern Plane,Grad-SIFT+Top2Geo+MidGradInterp+極線對齊,81,1,,,2.3437883000006
256,11,2,5,2,1,85,27.5,1331.74656147287,494.59780756705,7.5,1332,495,,,,failed,Top2-Geo: HIGH/MID 均未通過支援點與 RANSAC 門檻,,,,81,,,,2.43970839999383
257,11,2,5,2,2,87.5,27.5,1350.6202318525,494.771460516634,7.5,1351,495,5.14727554238192,-2.35272445761808,2.35272445761808,valid,,,Shared Pattern Plane,Grad-SIFT+Top2Geo+MidGrad+極線對齊,81,1,,,2.47986920000403
258,11,2,5,2,3,90,27.5,1369.56892702067,494.945803754622,7.5,1370,495,9.54037370145079,2.04037370145079,2.04037370145079,valid,,,Shared Pattern Plane,Grad-SIFT+Top2Geo+MidGrad+極線對齊,81,1,,,2.45902400001069
259,11,2,5,2,4,92.5,27.5,1388.59309521519,495.120841405164,7.5,1389,495,4.97626558278755,-2.52373441721245,2.52373441721245,valid,,,Shared Pattern Plane,Grad-SIFT+Top2Geo+MidGrad+極線對齊,81,1,,,2.35819349999656
260,11,2,5,2,5,95,27.5,1407.69318825169,495.296577625326,7.5,1408,495,8.1955344856753,0.695534485675305,0.695534485675305,valid,,,Shared Pattern Plane,Grad-SIFT+Top2Geo+MidGrad+極線對齊,81,1,,,2.36861910000152
261,11,2,5,3,1,85,30,1331.66534781504,512.920734137503,7.5,1332,513,8.73289031577352,1.23289031577352,1.23289031577352,valid,,,Shared Pattern Plane,Grad-SIFT+Top2Geo+MidGrad+極線對齊,81,1,,,2.29463369998848
262,11,2,5,3,2,87.5,30,1350.50485415758,513.130354273,7.5,1351,513,7.00708229194055,-0.492917708059455,0.492917708059455,valid,,,Shared Pattern Plane,Grad-SIFT+Top2Geo+MidGrad+極線對齊,81,1,,,2.14850609999849
263,11,2,5,3,3,90,30,1369.41911429373,513.340806165978,7.5,1369,513,8.41440511215261,0.914405112152608,0.914405112152608,valid,,,Shared Pattern Plane,Grad-SIFT+Top2Geo+MidGrad+極線對齊,81,1,,,2.19205899999361
264,11,2,5,3,4,92.5,30,1388.40857403438,513.552094776809,7.5,1388,514,8.27140456275142,0.771404562751425,0.771404562751425,valid,,,Shared Pattern Plane,Grad-SIFT+Top2Geo+MidGrad+極線對齊,81,1,,,2.4346962999989
265,11,2,5,3,5,95,30,1407.47368274245,513.764225105384,7.5,1407,514,7.51070838212542,0.010708382125423,0.010708382125423,valid,,,Shared Pattern Plane,Grad-SIFT+Top2Geo+MidGrad+極線對齊,81,1,,,2.40432970000256
266,11,2,5,4,1,85,32.5,1331.58442568746,531.177887442607,7.5,1332,531,10.0730213097407,2.57302130974066,2.57302130974066,valid,,,Shared Pattern Plane,Grad-SIFT+Top2Geo+MidGrad+極線對齊,81,1,,,2.76188060001004
267,11,2,5,4,2,87.5,32.5,1350.38989144915,531.423215399312,7.5,1350,531,8.54207687249315,1.04207687249315,1.04207687249315,valid,,,Shared Pattern Plane,Grad-SIFT+Top2Geo+MidGrad+極線對齊,81,1,,,2.56712189999234
268,11,2,5,4,3,90,32.5,1369.2698414751,531.669515045449,7.5,1369,532,7.14780701947896,-0.352192980521036,0.352192980521036,valid,,,Shared Pattern Plane,Grad-SIFT+Top2Geo+MidGrad+極線對齊,81,1,,,2.32319100000313
269,11,2,5,4,4,92.5,32.5,1388.22471916684,531.916792165444,7.5,1388,532,8.38230591895944,0.882305918959444,0.882305918959444,valid,,,Shared Pattern Plane,Grad-SIFT+Top2Geo+MidGrad+極線對齊,81,1,,,2.35668470000383
270,11,2,5,4,5,95,32.5,1407.25497145224,532.165052589722,7.5,1407,532,8.51627018177449,1.01627018177449,1.01627018177449,valid,,,Shared Pattern Plane,Grad-SIFT+Top2Geo+MidGrad+極線對齊,81,1,,,2.31426239998837
271,11,2,5,5,1,85,35,1331.50379352321,549.369621004354,7.5,1332,549,8.49886168481027,0.998861684810265,0.998861684810265,valid,,,Shared Pattern Plane,Grad-SIFT+Top2Geo+MidGradInterp+極線對齊,81,1,,,2.44404700001178
272,11,2,5,5,2,87.5,35,1350.27534149229,549.650399511833,7.5,1350,550,7.77528935531774,0.275289355317742,0.275289355317742,valid,,,Shared Pattern Plane,Grad-SIFT+Top2Geo+MidGradInterp+極線對齊,81,1,,,2.35390970000299
273,11,2,5,5,3,90,35,1369.1211056514,549.932288120146,7.5,1369,550,8.32265912841445,0.822659128414445,0.822659128414445,valid,,,Shared Pattern Plane,Grad-SIFT+Top2Geo+MidGradInterp+極線對齊,81,1,,,2.57143409999844
274,11,2,5,5,4,92.5,35,1388.04152700994,550.215293425764,7.5,1388,550,7.93709121107539,0.437091211075391,0.437091211075391,valid,,,Shared Pattern Plane,Grad-SIFT+Top2Geo+MidGradInterp+極線對齊,81,1,,,2.38592000000062
275,11,2,5,5,5,95,35,1407.03705007837,550.499422077525,7.5,1407,550,7.21712778983088,-0.282872210169121,0.282872210169121,valid,,,Shared Pattern Plane,Grad-SIFT+Top2Geo+MidGrad+極線對齊,81,1,,,2.34816479998699
276,12,2,6,1,1,105,25,1485.22555239442,477.323654646548,7,1485,477,8.0246262590679,1.0246262590679,1.0246262590679,valid,,,Shared Pattern Plane,Grad-SIFT+Top2Geo+MidGradInterp+極線對齊,81,1,,,2.39249399999972
277,12,2,6,1,2,107.5,25,1504.74871249181,477.465550256303,7,1505,477,8.62338229067465,1.62338229067465,1.62338229067465,valid,,,Shared Pattern Plane,Grad-SIFT+Top2Geo+MidGrad+極線對齊,81,1,,,2.29220619999978
278,12,2,6,1,3,110,25,1524.35087826809,477.60802008452,7,1524,478,7.46544090177544,0.465440901775443,0.465440901775443,valid,,,Shared Pattern Plane,Grad-SIFT+Top2Geo+MidGrad+極線對齊,81,1,,,2.38867579998623
279,12,2,6,1,4,112.5,25,1544.03253027195,477.751067623859,7,1544,478,10.1362126084077,3.13621260840768,3.13621260840768,valid,,,Shared Pattern Plane,Grad-SIFT+Top2Geo+MidGrad+極線對齊,81,1,,,2.38494840000931
280,12,2,6,1,5,115,25,1563.79415295722,477.894696395363,7,1564,478,,,,failed,Top2-Geo: HIGH/MID 均未通過支援點與 RANSAC 門檻,,,,81,,,,2.3005104999902
281,12,2,6,2,1,105,27.5,1484.86197236825,496.006592514219,7,1485,496,9.88576849218337,2.88576849218337,2.88576849218337,valid,,,Shared Pattern Plane,Grad-SIFT+Top2Geo+MidGrad+極線對齊,81,1,,,3.37601639999775
282,12,2,6,2,2,107.5,27.5,1504.34859460022,496.185885113906,7,1504,496,,,,failed,Top2-Geo: HIGH/MID 均未通過支援點與 RANSAC 門檻,,,,81,,,,2.41209470000467
283,12,2,6,2,3,110,27.5,1523.91392973531,496.365901935619,7,1524,496,,,,failed,Top2-Geo: HIGH/MID 均未通過支援點與 RANSAC 門檻,,,,81,,,,2.30565490000299
284,12,2,6,2,4,112.5,27.5,1543.55845565979,496.546647376295,7,1544,497,8.17457538052073,1.17457538052073,1.17457538052073,valid,,,Shared Pattern Plane,Grad-SIFT+Top2Geo+MidGrad+極線對齊,81,1,,,2.38127280000481
285,12,2,6,2,5,115,27.5,1563.2826541363,496.72812586854,7,1563,497,,,,failed,Top2-Geo: HIGH/MID 均未通過支援點與 RANSAC 門檻,,,,81,,,,2.28648320000502
286,12,2,6,3,1,105,30,1484.49972082314,514.621265000469,7,1484,515,8.57744161253023,1.57744161253023,1.57744161253023,valid,,,Shared Pattern Plane,Grad-SIFT+Top2Geo+MidGrad+極線對齊,81,1,,,2.3404903000046
287,12,2,6,3,2,107.5,30,1503.94994163638,514.837680327293,7,1504,515,5.73613616872593,-1.26386383127407,1.26386383127407,valid,,,Shared Pattern Plane,Grad-SIFT+Top2Geo+MidGrad+極線對齊,81,1,,,2.2553642999992
288,12,2,6,3,3,110,30,1523.47858420117,515.054968223593,7,1523,515,,,,failed,Top2-Geo: HIGH/MID 均未通過支援點與 RANSAC 門檻,,,,81,,,,2.4090109999961
289,12,2,6,3,4,112.5,30,1543.08612376105,515.273133977227,7,1543,515,,,,failed,Top2-Geo: HIGH/MID 均未通過支援點與 RANSAC 門檻,,,,81,,,,2.29614749999018
290,12,2,6,3,5,115,30,1562.77303940732,515.492182918863,7,1563,515,,,,failed,Top2-Geo: HIGH/MID 均未通過支援點與 RANSAC 門檻,,,,81,,,,2.40808439999819
291,12,2,6,4,1,105,32.5,1484.13879049118,533.168045574183,7,1484,533,7.44122846664131,0.441228466641308,0.441228466641308,valid,,,Shared Pattern Plane,Grad-SIFT+Top2Geo+MidGrad+極線對齊,81,1,,,2.34419640000851
292,12,2,6,4,2,107.5,32.5,1503.5527455698,533.421311618819,7,1504,533,9.54657041759367,2.54657041759367,2.54657041759367,valid,,,Shared Pattern Plane,Grad-SIFT+Top2Geo+MidGrad+極線對齊,81,1,,,2.47095129999798
293,12,2,6,4,3,110,32.5,1523.04483286065,533.675596942436,7,1523,534,8.90873398013674,1.90873398013674,1.90873398013674,valid,,,Shared Pattern Plane,Grad-SIFT+Top2Geo+MidGrad+極線對齊,81,1,,,2.56903320000856
294,12,2,6,4,4,112.5,32.5,1542.61552498394,533.930907710632,7,1543,534,,,,failed,Top2-Geo: HIGH/MID 均未通過支援點與 RANSAC 門檻,,,,81,,,,2.38814139999158
295,12,2,6,4,5,115,32.5,1562.2652983794,534.187250138834,7,1562,534,,,,failed,Top2-Geo: HIGH/MID 均未通過支援點與 RANSAC 門檻,,,,81,,,,2.48241189999681
296,12,2,6,5,1,105,35,1483.7791741574,551.647304984952,7,1484,552,9.49162812800792,2.49162812800792,2.49162812800792,valid,,,Shared Pattern Plane,Grad-SIFT+Top2Geo+MidGrad+極線對齊,81,1,,,2.3466674000083
297,12,2,6,5,2,107.5,35,1503.1569984286,551.937151969655,7,1503,552,6.77128181231571,-0.228718187684289,0.228718187684289,valid,,,Shared Pattern Plane,Grad-SIFT+Top2Geo+MidGrad+極線對齊,81,1,,,2.33588800000143
298,12,2,6,5,3,110,35,1522.61266697307,552.228163322843,7,1523,552,9.10791601257241,2.10791601257241,2.10791601257241,valid,,,Shared Pattern Plane,Grad-SIFT+Top2Geo+MidGrad+極線對齊,81,1,,,2.41424330000882
299,12,2,6,5,4,112.5,35,1542.14664980697,552.52034607486,7,1542,553,,,,failed,Top2-Geo: HIGH/MID 均未通過支援點與 RANSAC 門檻,,,,81,,,,2.64293040000484
300,12,2,6,5,5,115,35,1561.75942073795,552.81370731276,7,1562,553,,,,failed,Top2-Geo: HIGH/MID 均未通過支援點與 RANSAC 門檻,,,,81,,,,2.4046371000004
301,13,3,1,1,1,5,45,771.00831546559,608.863904402057,6.5,771,609,7.43563737135994,0.935637371359939,0.935637371359939,valid,,,Shared Pattern Plane,Grad-SIFT+Top2Geo+MidGradInterp+極線對齊,81,1,,,2.3115439999965
302,13,3,1,1,2,7.5,45,787.513497375849,609.235903885209,6.5,788,609,8.33522340482089,1.83522340482089,1.83522340482089,valid,,,Shared Pattern Plane,Grad-SIFT+Top2Geo+MidGrad+極線對齊,81,1,,,2.35669619998953
303,13,3,1,1,3,10,45,804.079640158461,609.60927732553,6.5,804,610,8.76248919970805,2.26248919970805,2.26248919970805,valid,,,Shared Pattern Plane,Grad-SIFT+Top2Geo+MidGrad+極線對齊,81,1,,,2.4716131999885
304,13,3,1,1,4,12.5,45,820.707082171116,609.984032349043,6.5,821,610,8.81466433639514,2.31466433639514,2.31466433639514,valid,,,Shared Pattern Plane,Grad-SIFT+Top2Geo+MidGrad+極線對齊,81,1,,,2.3561645999871
305,13,3,1,1,5,15,45,837.396164280176,610.36017663831,6.5,837,610,9.65599009405612,3.15599009405612,3.15599009405612,valid,,,Shared Pattern Plane,Grad-SIFT+Top2Geo+MidGradInterp+極線對齊,81,1,,,2.24839819999761
306,13,3,1,2,1,5,47.5,771.870008548097,625.704481137212,6.5,772,626,12.8587028630724,6.35870286307243,6.35870286307243,valid,,,Shared Pattern Plane,Grad-SIFT+Top2Geo+MidGradInterp+極線對齊,81,1,,,3.09684940001171
307,13,3,1,2,2,7.5,47.5,788.349139675223,626.106848251016,6.5,788,626,8.88040767320487,2.38040767320487,2.38040767320487,valid,,,Shared Pattern Plane,Grad-SIFT+Top2Geo+MidGrad+極線對齊,81,1,,,2.41393049999897
308,13,3,1,2,3,10,47.5,804.889033357266,626.510698989999,6.5,805,627,11.5184290570596,5.01842905705958,5.01842905705958,valid,,,Shared Pattern Plane,Grad-SIFT+Top2Geo+MidGradInterp+極線對齊,81,1,,,2.31630140000198
309,13,3,1,2,4,12.5,47.5,821.490026284379,626.916041575045,6.5,821,627,13.4159012684287,6.9159012684287,6.9159012684287,valid,,,Shared Pattern Plane,Grad-SIFT+Top2Geo+MidGradInterp+極線對齊,81,1,,,2.28663689999667
310,13,3,1,2,5,15,47.5,838.152457638823,627.322884287888,6.5,838,627,11.7328593259606,5.23285932596056,5.23285932596056,valid,,,Shared Pattern Plane,Grad-SIFT+Top2Geo+MidGradInterp+極線對齊,81,1,,,2.23049000000174
311,13,3,1,3,1,5,50,772.728826076503,642.488859220586,6.5,773,642,6.68135486806182,0.181354868061823,0.181354868061823,valid,,,Shared Pattern Plane,Grad-SIFT+Top2Geo+MidGrad+極線對齊,81,1,,,1.7811772999994
312,13,3,1,3,2,7.5,50,789.181988231388,642.92138919362,6.5,789,643,9.90147820822882,3.40147820822882,3.40147820822882,valid,,,Shared Pattern Plane,Grad-SIFT+Top2Geo+MidGrad+極線對齊,81,1,,,1.88715480000246
313,13,3,1,3,3,10,50,805.695715589146,643.355511338744,6.5,806,643,11.3317562879346,4.83175628793463,4.83175628793463,valid,,,Shared Pattern Plane,Grad-SIFT+Top2Geo+MidGrad+極線對齊,81,1,,,1.69609620000119
314,13,3,1,3,4,12.5,50,822.270343183329,643.791234463507,6.5,822,644,11.4644256582051,4.96442565820506,4.96442565820506,valid,,,Shared Pattern Plane,Grad-SIFT+Top2Geo+MidGrad+極線對齊,81,1,,,1.72426119999727
315,13,3,1,3,5,15,50,838.906208523167,644.228567440543,6.5,839,644,9.63433508560963,3.13433508560963,3.13433508560963,valid,,,Shared Pattern Plane,Grad-SIFT+Top2Geo+MidGradInterp+極線對齊,81,1,,,1.79633109999122
316,13,3,1,4,1,5,52.5,773.584782420839,659.217319494179,6.5,774,659,3.33775540601058,-3.16224459398942,3.16224459398942,valid,,,Shared Pattern Plane,Grad-SIFT+Top2Geo+MidGrad+極線對齊,81,1,,,1.70805339999788
317,13,3,1,4,2,7.5,52.5,790.012057031146,659.679809095291,6.5,790,660,8.02027030251706,1.52027030251706,1.52027030251706,valid,,,Shared Pattern Plane,Grad-SIFT+Top2Geo+MidGrad+極線對齊,81,1,,,1.74437860000762
318,13,3,1,4,3,10,52.5,806.499700451423,660.14399830559,6.5,806,660,12.2630411282775,5.76304112827749,5.76304112827749,valid,,,Shared Pattern Plane,Grad-SIFT+Top2Geo+MidGrad+極線對齊,81,1,,,1.67658629998914
319,13,3,1,4,4,12.5,52.5,823.048046069469,660.609896511197,6.5,823,661,8.19489903707847,1.69489903707847,1.69489903707847,valid,,,Shared Pattern Plane,Grad-SIFT+Top2Geo+MidGrad+極線對齊,81,1,,,1.76672470000631
320,13,3,1,4,5,15,52.5,839.657429732466,661.077513167474,6.5,840,661,5.84800862452033,-0.65199137547967,0.65199137547967,valid,,,Shared Pattern Plane,Grad-SIFT+Top2Geo+MidGradInterp+極線對齊,81,1,,,1.86019099999976
321,13,3,1,5,1,5,55,774.437891855548,675.890140931828,6.5,774,676,4.78820805356697,-1.71179194643303,1.71179194643303,valid,,,Shared Pattern Plane,Grad-SIFT+Top2Geo+MidGradInterp+極線對齊,81,1,,,1.76779899999383
322,13,3,1,5,2,7.5,55,790.83935996809,676.382388456452,6.5,791,676,1.59498113950202,-4.90501886049798,4.90501886049798,valid,,,Shared Pattern Plane,Grad-SIFT+Top2Geo+MidGradInterp+極線對齊,81,1,,,1.67729370000598
323,13,3,1,5,3,10,55,807.301001450641,676.876441928705,6.5,807,677,3.46742496113803,-3.03257503886197,3.03257503886197,valid,,,Shared Pattern Plane,Grad-SIFT+Top2Geo+MidGrad+極線對齊,81,1,,,1.77014769999369
324,13,3,1,5,4,12.5,55,823.823148056005,677.372311305286,6.5,824,677,7.93610881182528,1.43610881182528,1.43610881182528,valid,,,Shared Pattern Plane,Grad-SIFT+Top2Geo+MidGrad+極線對齊,81,1,,,1.68226800000411
325,13,3,1,5,5,15,55,840.406133980206,677.870006616221,6.5,840,678,6.85157775295914,0.351577752959137,0.351577752959137,valid,,,Shared Pattern Plane,Grad-SIFT+Top2Geo+MidGradInterp+極線對齊,81,1,,,1.6900852000108
326,14,3,2,1,1,25,45,904.775800122966,611.878802112709,6,905,612,9.43748377813802,3.43748377813802,3.43748377813802,valid,,,Shared Pattern Plane,Grad-SIFT+Top2Geo+MidGradInterp+極線對齊,81,1,,,1.72669350000797
327,14,3,2,1,2,27.5,45,921.77828515819,612.262009985231,6,922,612,9.25048907024118,3.25048907024118,3.25048907024118,valid,,,Shared Pattern Plane,Grad-SIFT+Top2Geo+MidGrad+極線對齊,81,1,,,1.7089444000012
328,14,3,2,1,3,30,45,938.844509492915,612.64665443607,6,939,613,8.12788207480463,2.12788207480463,2.12788207480463,valid,,,Shared Pattern Plane,Grad-SIFT+Top2Geo+MidGradInterp+極線對齊,81,1,,,2.0494161999959
329,14,3,2,1,4,32.5,45,955.974832221219,613.032743558614,6,956,613,9.17804133506769,3.17804133506769,3.17804133506769,valid,,,Shared Pattern Plane,Grad-SIFT+Top2Geo+MidGradInterp+極線對齊,81,1,,,1.89183580000827
330,14,3,2,1,5,35,45,973.169615139668,613.420285507158,6,973,613,9.25645937203067,3.25645937203067,3.25645937203067,valid,,,Shared Pattern Plane,Grad-SIFT+Top2Geo+MidGrad+極線對齊,81,1,,,1.74159250000957
331,14,3,2,2,1,25,47.5,905.423439499634,628.965424213406,6,905,629,10.959936078317,4.959936078317,4.959936078317,valid,,,Shared Pattern Plane,Grad-SIFT+Top2Geo+MidGradInterp+極線對齊,81,1,,,1.73931689999881
332,14,3,2,2,2,27.5,47.5,922.398239579844,629.379893960809,6,922,629,9.51748371767169,3.51748371767169,3.51748371767169,valid,,,Shared Pattern Plane,Grad-SIFT+Top2Geo+MidGrad+極線對齊,81,1,,,1.6669838999951
333,14,3,2,2,3,30,47.5,939.436566826984,629.795914836279,6,939,630,9.48233114504882,3.48233114504882,3.48233114504882,valid,,,Shared Pattern Plane,Grad-SIFT+Top2Geo+MidGrad+極線對齊,81,1,,,1.72106749999512
334,14,3,2,2,4,32.5,47.5,956.538778529511,630.213495563645,6,957,630,9.48400727874741,3.48400727874741,3.48400727874741,valid,,,Shared Pattern Plane,Grad-SIFT+Top2Geo+MidGrad+極線對齊,81,1,,,1.65872789999412
335,14,3,2,2,5,35,47.5,973.705234660191,630.632644932278,6,974,631,8.33523415964066,2.33523415964066,2.33523415964066,valid,,,Shared Pattern Plane,Grad-SIFT+Top2Geo+MidGradInterp+極線對齊,81,1,,,1.73055259999819
336,14,3,2,3,1,25,50,906.068885462383,645.994177635833,6,906,646,10.1055265080522,4.10552650805215,4.10552650805215,valid,,,Shared Pattern Plane,Grad-SIFT+Top2Geo+MidGrad+極線對齊,81,1,,,1.84348580001097
337,14,3,2,3,2,27.5,50,923.016090435594,646.439695284117,6,923,646,9.69841258176825,3.69841258176825,3.69841258176825,valid,,,Shared Pattern Plane,Grad-SIFT+Top2Geo+MidGrad+極線對齊,81,1,,,1.76994830000331
338,14,3,2,3,3,30,50,940.02661149997,646.886877421387,6,940,647,10.8740779004233,4.87407790042331,4.87407790042331,valid,,,Shared Pattern Plane,Grad-SIFT+Top2Geo+MidGrad+極線對齊,81,1,,,1.69551230000798
339,14,3,2,3,4,32.5,50,957.100804150437,647.335733393094,6,957,647,7.15731670857454,1.15731670857454,1.15731670857454,valid,,,Shared Pattern Plane,Grad-SIFT+Top2Geo+MidGradInterp+極線對齊,81,1,,,1.7579534999968
340,14,3,2,3,5,35,50,974.239026548195,647.786272614781,6,974,648,8.8303896141568,2.8303896141568,2.8303896141568,valid,,,Shared Pattern Plane,Grad-SIFT+Top2Geo+MidGradInterp+極線對齊,81,1,,,1.75850159999391
341,14,3,2,4,1,25,52.5,906.712149135302,662.965355865973,6,907,663,7.4218349043209,1.4218349043209,1.4218349043209,valid,,,Shared Pattern Plane,Grad-SIFT+Top2Geo+MidGrad+極線對齊,81,1,,,1.66770209999231
342,14,3,2,4,2,27.5,52.5,923.631848413713,663.441709074636,6,924,663,11.5372167336158,5.53721673361585,5.53721673361585,valid,,,Shared Pattern Plane,Grad-SIFT+Top2Geo+MidGrad+極線對齊,81,1,,,2.84785929998907
343,14,3,2,4,3,30,52.5,940.61465375733,663.919838956522,6,941,664,9.30821194887328,3.30821194887328,3.30821194887328,valid,,,Shared Pattern Plane,Grad-SIFT+Top2Geo+MidGrad+極線對齊,81,1,,,2.03068249998614
344,14,3,2,4,4,32.5,52.5,957.660918879528,664.399755469993,6,958,664,7.57126682060446,1.57126682060446,1.57126682060446,valid,,,Shared Pattern Plane,Grad-SIFT+Top2Geo+MidGradInterp+極線對齊,81,1,,,1.83006940000632
345,14,3,2,4,5,35,52.5,974.771000142076,664.881468647975,6,975,665,7.94152287014527,1.94152287014527,1.94152287014527,valid,,,Shared Pattern Plane,Grad-SIFT+Top2Geo+MidGradInterp+極線對齊,81,1,,,1.7009684000077
346,14,3,2,5,1,25,55,907.353241567383,679.879250408571,6,907,680,7.6206603290962,1.6206603290962,1.6206603290962,valid,,,Shared Pattern Plane,Grad-SIFT+Top2Geo+MidGrad+極線對齊,81,1,,,1.65890910000599
347,14,3,2,5,2,27.5,55,924.245524130186,680.386228455886,6,924,680,6.25847894468271,0.258478944682714,0.258478944682714,valid,,,Shared Pattern Plane,Grad-SIFT+Top2Geo+MidGrad+極線對齊,81,1,,,1.62762549999752
348,14,3,2,5,3,30,55,941.200703775095,680.895094195983,6,941,681,7.06402529339551,1.06402529339551,1.06402529339551,valid,,,Shared Pattern Plane,Grad-SIFT+Top2Geo+MidGrad+極線對齊,81,1,,,1.60621500000707
349,14,3,2,5,4,32.5,55,958.219132445816,681.40585819154,6,958,681,6.22501802364522,0.225018023645216,0.225018023645216,valid,,,Shared Pattern Plane,Grad-SIFT+Top2Geo+MidGradInterp+極線對齊,81,1,,,1.70179039999493
350,14,3,2,5,5,35,55,975.301164716719,681.918531084186,6,975,682,5.97526581722917,-0.0247341827708283,0.0247341827708283,valid,,,Shared Pattern Plane,Grad-SIFT+Top2Geo+MidGradInterp+極線對齊,81,1,,,1.59674550000636
351,15,3,3,1,1,45,45,1042.60068066795,614.985146811425,5.5,1043,615,8.01455370831856,2.51455370831856,2.51455370831856,valid,,,Shared Pattern Plane,Grad-SIFT+Top2Geo+MidGradInterp+極線對齊,81,1,,,1.65723090000392
352,15,3,3,1,2,47.5,45,1060.12328787207,615.380077376799,5.5,1060,615,8.06560306653602,2.56560306653602,2.56560306653602,valid,,,Shared Pattern Plane,Grad-SIFT+Top2Geo+MidGradInterp+極線對齊,81,1,,,1.6325141999987
353,15,3,3,1,3,50,45,1077.71258424485,615.776511005659,5.5,1078,616,8.1049438047046,2.6049438047046,2.6049438047046,valid,,,Shared Pattern Plane,Grad-SIFT+Top2Geo+MidGradInterp+極線對齊,81,1,,,1.66890769999009
354,15,3,3,1,4,52.5,45,1095.36895122993,616.174456295115,5.5,1095,616,8.98827181053991,3.48827181053991,3.48827181053991,valid,,,Shared Pattern Plane,Grad-SIFT+Top2Geo+MidGradInterp+極線對齊,81,1,,,1.59254849998979
355,15,3,3,1,5,55,45,1113.0927731855,616.573921907963,5.5,1113,617,10.0358740878536,4.5358740878536,4.5358740878536,valid,,,Shared Pattern Plane,Grad-SIFT+Top2Geo+MidGradInterp+極線對齊,81,1,,,1.64247849999811
356,15,3,3,2,1,45,47.5,1043.02079829291,632.325106935614,5.5,1043,632,8.61526867813028,3.11526867813028,3.11526867813028,valid,,,Shared Pattern Plane,Grad-SIFT+Top2Geo+MidGradInterp+極線對齊,81,1,,,1.64471980000963
357,15,3,3,2,2,47.5,47.5,1060.51397189066,632.752233688688,5.5,1061,633,7.64786180615654,2.14786180615654,2.14786180615654,valid,,,Shared Pattern Plane,Grad-SIFT+Top2Geo+MidGradInterp+極線對齊,81,1,,,1.58095909999975
358,15,3,3,2,3,50,47.5,1078.07360755817,633.180983230669,5.5,1078,633,7.30548431334918,1.80548431334918,1.80548431334918,valid,,,Shared Pattern Plane,Grad-SIFT+Top2Geo+MidGradInterp+極線對齊,81,1,,,1.63071290000516
359,15,3,3,2,4,52.5,47.5,1095.70008478181,633.611364827388,5.5,1096,634,6.9404042116775,1.4404042116775,1.4404042116775,valid,,,Shared Pattern Plane,Grad-SIFT+Top2Geo+MidGradInterp+極線對齊,81,1,,,1.59677420000662
360,15,3,3,2,5,55,47.5,1113.39378594252,634.04338781535,5.5,1113,634,7.96923873956463,2.46923873956463,2.46923873956463,valid,,,Shared Pattern Plane,Grad-SIFT+Top2Geo+MidGradInterp+極線對齊,81,1,,,1.64866779999284
361,15,3,3,3,1,45,50,1043.43947156622,649.605452802507,5.5,1043,650,7.04882586768354,1.54882586768354,1.54882586768354,valid,,,Shared Pattern Plane,Grad-SIFT+Top2Geo+MidGradInterp+極線對齊,81,1,,,1.58577059999516
362,15,3,3,3,2,47.5,50,1060.90331020711,650.064552006983,5.5,1061,650,7.5805705014076,2.0805705014076,2.0805705014076,valid,,,Shared Pattern Plane,Grad-SIFT+Top2Geo+MidGradInterp+極線對齊,81,1,,,1.6613389000122
363,15,3,3,3,3,50,50,1078.43338497675,650.525392464034,5.5,1078,651,6.94622353320214,1.44622353320214,1.44622353320214,valid,,,Shared Pattern Plane,Grad-SIFT+Top2Geo+MidGradInterp+極線對齊,81,1,,,1.68915220000781
364,15,3,3,3,4,52.5,50,1096.0300734176,650.98798409871,5.5,1096,651,7.21791428357115,1.71791428357115,1.71791428357115,valid,,,Shared Pattern Plane,Grad-SIFT+Top2Geo+MidGradInterp+極線對齊,81,1,,,1.66579379999894
365,15,3,3,3,5,55,50,1113.69375594688,651.452336911632,5.5,1114,651,6.17115219100281,0.671152191002806,0.671152191002806,valid,,,Shared Pattern Plane,Grad-SIFT+Top2Geo+MidGradInterp+極線對齊,81,1,,,1.58891789999325
366,15,3,3,4,1,45,52.5,1043.85670792354,666.82649131256,5.5,1044,667,6.26327060708876,0.763270607088764,0.763270607088764,valid,,,Shared Pattern Plane,Grad-SIFT+Top2Geo+MidGradInterp+極線對齊,81,1,,,1.65392569999676
367,15,3,3,4,2,47.5,52.5,1061.29130976234,667.317340966033,5.5,1061,667,6.12884681224377,0.628846812243768,0.628846812243768,valid,,,Shared Pattern Plane,Grad-SIFT+Top2Geo+MidGradInterp+極線對齊,81,1,,,1.60631889999786
368,15,3,3,4,3,50,52.5,1078.79192293889,667.810049087084,5.5,1079,668,6.44648004657365,0.946480046573648,0.946480046573648,valid,,,Shared Pattern Plane,Grad-SIFT+Top2Geo+MidGradInterp+極線對齊,81,1,,,1.73420419999456
369,15,3,3,4,4,52.5,52.5,1096.35892306499,668.3046262506,5.5,1096,668,5.35017734601974,-0.149822653980265,0.149822653980265,valid,,,Shared Pattern Plane,Grad-SIFT+Top2Geo+MidGradInterp+極線對齊,81,1,,,1.62294929999916
370,15,3,3,4,5,55,52.5,1113.99268860757,668.801083111848,5.5,1114,669,5.44405949075832,-0.0559405092416831,0.0559405092416831,valid,,,Shared Pattern Plane,Grad-SIFT+Top2Geo+MidGradInterp+極線對齊,81,1,,,1.64475859999948
371,15,3,3,5,1,45,55,1044.2725147496,683.988527263231,5.5,1044,684,5.02125901408406,-0.478740985915938,0.478740985915938,valid,,,Shared Pattern Plane,Grad-SIFT+Top2Geo+MidGradInterp+極線對齊,81,1,,,1.57848539999395
372,15,3,3,5,2,47.5,55,1061.6779774496,684.510907081319,5.5,1062,685,5.11141988158834,-0.388580118411664,0.388580118411664,valid,,,Shared Pattern Plane,Grad-SIFT+Top2Geo+MidGradInterp+極線對齊,81,1,,,1.60138559999177
373,15,3,3,5,3,50,55,1079.14922783857,685.035261346258,5.5,1079,685,5.25071457265242,-0.249285427347582,0.249285427347582,valid,,,Shared Pattern Plane,Grad-SIFT+Top2Geo+MidGradInterp+極線對齊,81,1,,,1.64340609998908
374,15,3,3,5,4,52.5,55,1096.68663961081,685.561601273512,5.5,1097,686,4.68994222744165,-0.810057772558348,0.810057772558348,valid,,,Shared Pattern Plane,Grad-SIFT+Top2Geo+MidGradInterp+極線對齊,81,1,,,1.57543869999063
375,15,3,3,5,5,55,55,1114.29058929627,686.08993816365,5.5,1114,686,4.6412644128003,-0.858735587199697,0.858735587199697,valid,,,Shared Pattern Plane,Grad-SIFT+Top2Geo+MidGradInterp+極線對齊,81,1,,,1.64214120000543
376,16,3,4,1,1,65,45,1184.67040145689,618.187163183764,5,1185,618,9.19036191835162,4.19036191835162,4.19036191835162,valid,,,Shared Pattern Plane,Grad-SIFT+Top2Geo+MidGradInterp+極線對齊,81,1,,,1.67719019998913
377,16,3,4,1,2,67.5,45,1202.73736761775,618.594362699075,5,1203,619,8.87331511305779,3.87331511305779,3.87331511305779,valid,,,Shared Pattern Plane,Grad-SIFT+Top2Geo+MidGradInterp+極線對齊,81,1,,,1.73456889999215
378,16,3,4,1,3,70,45,1220.87415768856,619.003135929753,5,1221,619,9.21894571249188,4.21894571249188,4.21894571249188,valid,,,Shared Pattern Plane,Grad-SIFT+Top2Geo+MidGrad+極線對齊,81,1,,,1.61784689998603
379,16,3,4,1,4,72.5,45,1239.08117722864,619.413492016434,5,1239,619,8.5495201333086,3.5495201333086,3.5495201333086,valid,,,Shared Pattern Plane,Grad-SIFT+Top2Geo+MidGrad+極線對齊,81,1,,,1.63137740000093
380,16,3,4,1,5,75,45,1257.35883494423,619.825440170681,5,1257,620,7.84536610676567,2.84536610676567,2.84536610676567,valid,,,Shared Pattern Plane,Grad-SIFT+Top2Geo+MidGrad+極線對齊,81,1,,,1.63496809999924
381,16,3,4,2,1,65,47.5,1184.84858044218,635.788082921454,5,1185,636,7.06918727091277,2.06918727091277,2.06918727091277,valid,,,Shared Pattern Plane,Grad-SIFT+Top2Geo+MidGradInterp+極線對齊,81,1,,,1.60107639999478
382,16,3,4,2,2,67.5,47.5,1202.8842402658,636.228455434593,5,1203,636,6.86853884614444,1.86853884614444,1.86853884614444,valid,,,Shared Pattern Plane,Grad-SIFT+Top2Geo+MidGradInterp+極線對齊,81,1,,,1.59898670000257
383,16,3,4,2,3,70,47.5,1220.98948066908,636.670526880569,5,1221,637,7.16432398023368,2.16432398023368,2.16432398023368,valid,,,Shared Pattern Plane,Grad-SIFT+Top2Geo+MidGradInterp+極線對齊,81,1,,,1.6490163999988
384,16,3,4,2,4,72.5,47.5,1239.16470508727,637.114307109969,5,1239,637,7.0124705830847,2.0124705830847,2.0124705830847,valid,,,Shared Pattern Plane,Grad-SIFT+Top2Geo+MidGradInterp+極線對齊,81,1,,,1.72443770000245
385,16,3,4,2,5,75,47.5,1257.41032008056,637.559806049677,5,1257,638,5.95619678249637,0.95619678249637,0.95619678249637,valid,,,Shared Pattern Plane,Grad-SIFT+Top2Geo+MidGradInterp+極線對齊,81,1,,,1.64709360001143
386,16,3,4,3,1,65,50,1185.02613745319,653.327562643862,5,1185,653,5.60391881335479,0.603918813354788,0.603918813354788,valid,,,Shared Pattern Plane,Grad-SIFT+Top2Geo+MidGradInterp+極線對齊,81,1,,,1.58603150000272
387,16,3,4,3,2,67.5,50,1203.03059923613,653.800874053314,5,1203,654,5.60404321098277,0.60404321098277,0.60404321098277,valid,,,Shared Pattern Plane,Grad-SIFT+Top2Geo+MidGradInterp+極線對齊,81,1,,,1.62167449999833
388,16,3,4,3,3,70,50,1221.10439953815,654.276008272722,5,1221,654,5.25689117409666,0.256891174096658,0.256891174096658,valid,,,Shared Pattern Plane,Grad-SIFT+Top2Geo+MidGradInterp+極線對齊,81,1,,,1.65589829999954
389,16,3,4,3,4,72.5,50,1239.2479396853,654.752975852371,5,1239,655,5.94676673731413,0.946766737314126,0.946766737314126,valid,,,Shared Pattern Plane,Grad-SIFT+Top2Geo+MidGradInterp+極線對齊,81,1,,,1.64910700000473
390,16,3,4,3,5,75,50,1257.46162410669,655.231787424121,5,1257,655,5.37900797251369,0.379007972513694,0.379007972513694,valid,,,Shared Pattern Plane,Grad-SIFT+Top2Geo+MidGradInterp+極線對齊,81,1,,,1.63520309999876
391,16,3,4,4,1,65,52.5,1185.20307574094,670.805923496003,5,1185,671,5.27753272655831,0.277532726558312,0.277532726558312,valid,,,Shared Pattern Plane,Grad-SIFT+Top2Geo+MidGradInterp+極線對齊,81,1,,,1.61937109999417
392,16,3,4,4,2,67.5,52.5,1203.17644721884,671.311941542371,5,1203,671,5.19638674157081,0.196386741570805,0.196386741570805,valid,,,Shared Pattern Plane,Grad-SIFT+Top2Geo+MidGradInterp+極線對齊,81,1,,,1.61312980001094
393,16,3,4,4,3,70,52.5,1221.21891641619,671.819904949577,5,1221,672,4.64192576923952,-0.358074230760483,0.358074230760483,valid,,,Shared Pattern Plane,Grad-SIFT+Top2Geo+MidGradInterp+極線對齊,81,1,,,1.59208409998973
394,16,3,4,4,4,72.5,52.5,1239.33088256444,672.329824957489,5,1239,672,4.47762289790105,-0.522377102098951,0.522377102098951,valid,,,Shared Pattern Plane,Grad-SIFT+Top2Geo+MidGradInterp+極線對齊,81,1,,,1.64065329999721
395,16,3,4,4,5,75,52.5,1257.51274797656,672.841712892731,5,1258,673,4.65971057622141,-0.340289423778589,0.340289423778589,valid,,,Shared Pattern Plane,Grad-SIFT+Top2Geo+MidGradInterp+極線對齊,81,1,,,1.60239770000044
396,16,3,4,5,1,65,55,1185.37939853387,688.223484388633,5,1185,688,4.70776137221955,-0.29223862778045,0.29223862778045,valid,,,Shared Pattern Plane,Grad-SIFT+Top2Geo+MidGradInterp+極線對齊,81,1,,,1.66268100000161
397,16,3,4,5,2,67.5,55,1203.32178688532,688.761978637517,5,1203,689,4.84507219841652,-0.154927801583478,0.154927801583478,valid,,,Shared Pattern Plane,Grad-SIFT+Top2Geo+MidGradInterp+極線對齊,81,1,,,1.58447180000076
398,16,3,4,5,3,70,55,1221.33303340877,689.302539485834,5,1221,689,4.14383295496941,-0.856167045030591,0.856167045030591,valid,,,Shared Pattern Plane,Grad-SIFT+Top2Geo+MidGradInterp+極線對齊,81,1,,,1.64654070000688
399,16,3,4,5,4,72.5,55,1239.41353525565,689.845178853056,5,1239,690,4.19077596114028,-0.809224038859724,0.809224038859724,valid,,,Shared Pattern Plane,Grad-SIFT+Top2Geo+MidGradInterp+極線對齊,81,1,,,1.59861580000143
400,16,3,4,5,5,75,55,1257.56369263747,690.389908750492,5,1258,690,3.81472544667725,-1.18527455332275,1.18527455332275,valid,,,Shared Pattern Plane,Grad-SIFT+Top2Geo+MidGradInterp+極線對齊,81,1,,,1.66855740000028
401,17,3,5,1,1,85,45,1331.18413355096,621.489340215805,4.5,1331,621,6.75801179631743,2.25801179631743,2.25801179631743,valid,,,Shared Pattern Plane,Grad-SIFT+Top2Geo+MidGradInterp+極線對齊,81,1,,,1.59616129999631
402,17,3,5,1,2,87.5,45,1349.82122504048,621.909389412431,4.5,1350,622,6.84396186459962,2.34396186459962,2.34396186459962,valid,,,Shared Pattern Plane,Grad-SIFT+Top2Geo+MidGradInterp+極線對齊,81,1,,,1.67270779999672
403,17,3,5,1,3,90,45,1368.53147476601,622.331087474615,4.5,1369,622,6.25207284724448,1.75207284724448,1.75207284724448,valid,,,Shared Pattern Plane,Grad-SIFT+Top2Geo+MidGradInterp+極線對齊,81,1,,,1.61526700000104
404,17,3,5,1,4,92.5,45,1387.31531433885,622.754444130161,4.5,1387,623,6.25585801253953,1.75585801253953,1.75585801253953,valid,,,Shared Pattern Plane,Grad-SIFT+Top2Geo+MidGradInterp+極線對齊,81,1,,,1.64322749999701
405,17,3,5,1,5,95,45,1406.17317877213,623.179469183547,4.5,1406,623,6.78898687454639,2.28898687454639,2.28898687454639,valid,,,Shared Pattern Plane,Grad-SIFT+Top2Geo+MidGradInterp+極線對齊,81,1,,,1.59516409999924
406,17,3,5,2,1,85,47.5,1331.10492808815,639.359190161511,4.5,1331,639,6.21480789652434,1.71480789652434,1.71480789652434,valid,,,Shared Pattern Plane,Grad-SIFT+Top2Geo+MidGradInterp+極線對齊,81,1,,,1.65904959999898
407,17,3,5,2,2,87.5,47.5,1349.70870587382,639.813434278858,4.5,1350,640,6.38527165261945,1.88527165261945,1.88527165261945,valid,,,Shared Pattern Plane,Grad-SIFT+Top2Geo+MidGradInterp+極線對齊,81,1,,,1.60966550000012
408,17,3,5,2,3,90,47.5,1368.38538094162,640.269458312196,4.5,1368,640,6.26744130600505,1.76744130600505,1.76744130600505,valid,,,Shared Pattern Plane,Grad-SIFT+Top2Geo+MidGradInterp+極線對齊,81,1,,,1.60887130000629
409,17,3,5,2,4,92.5,47.5,1387.13538259512,640.727272743731,4.5,1387,641,6.13997299526027,1.63997299526027,1.63997299526027,valid,,,Shared Pattern Plane,Grad-SIFT+Top2Geo+MidGradInterp+極線對齊,81,1,,,1.64219569999841
410,17,3,5,2,5,95,47.5,1405.9591435155,641.186888138139,4.5,1406,641,6.61987820805533,2.11987820805533,2.11987820805533,valid,,,Shared Pattern Plane,Grad-SIFT+Top2Geo+MidGradInterp+極線對齊,81,1,,,1.60849299999245
411,17,3,5,3,1,85,50,1331.02600341899,657.165689169008,4.5,1331,657,6.58903739321479,2.08903739321479,2.08903739321479,valid,,,Shared Pattern Plane,Grad-SIFT+Top2Geo+MidGradInterp+極線對齊,81,1,,,1.60588550000102
412,17,3,5,3,2,87.5,50,1349.59658638081,657.653883090158,4.5,1350,658,5.05154063099944,0.551540630999437,0.551540630999437,valid,,,Shared Pattern Plane,Grad-SIFT+Top2Geo+MidGradInterp+極線對齊,81,1,,,1.64723639999283
413,17,3,5,3,3,90,50,1368.23980706462,658.143986552564,4.5,1368,658,6.09940625007441,1.59940625007441,1.59940625007441,valid,,,Shared Pattern Plane,Grad-SIFT+Top2Geo+MidGradInterp+極線對齊,81,1,,,1.65716769998835
414,17,3,5,3,4,92.5,50,1386.95609248268,658.636010781765,4.5,1387,659,4.8624749728968,0.362474972896798,0.362474972896798,valid,,,Shared Pattern Plane,Grad-SIFT+Top2Geo+MidGradInterp+極線對齊,81,1,,,1.66730870000902
415,17,3,5,3,5,95,50,1405.74587300082,659.129967091459,4.5,1406,659,4.60052945422837,0.10052945422837,0.10052945422837,valid,,,Shared Pattern Plane,Grad-SIFT+Top2Geo+MidGradInterp+極線對齊,81,1,,,1.74829049999244
416,17,3,5,4,1,85,52.5,1330.94735805295,674.90917352316,4.5,1331,675,5.51714306682265,1.01714306682265,1.01714306682265,valid,,,Shared Pattern Plane,Grad-SIFT+Top2Geo+MidGrad+極線對齊,81,1,,,1.59835770000063
417,17,3,5,4,2,87.5,52.5,1349.48486443575,675.431074090112,4.5,1349,675,4.52517191808862,0.0251719180886232,0.0251719180886232,valid,,,Shared Pattern Plane,Grad-SIFT+Top2Geo+MidGradInterp+極線對齊,81,1,,,1.6612063000066
418,17,3,5,4,3,90,52.5,1368.09475036421,675.95501241366,4.5,1368,676,4.74543313317399,0.24543313317399,0.24543313317399,valid,,,Shared Pattern Plane,Grad-SIFT+Top2Geo+MidGradInterp+極線對齊,81,1,,,1.59578790000523
419,17,3,5,4,4,92.5,52.5,1386.77744057556,676.481000451757,4.5,1387,676,5.22001121565127,0.720011215651265,0.720011215651265,valid,,,Shared Pattern Plane,Grad-SIFT+Top2Geo+MidGradInterp+極線對齊,81,1,,,1.65021089999937
420,17,3,5,4,5,95,52.5,1405.5333631368,677.009050256098,4.5,1406,677,3.77231067330409,-0.727689326695911,0.727689326695911,valid,,,Shared Pattern Plane,Grad-SIFT+Top2Geo+MidGradInterp+極線對齊,81,1,,,1.5746719000017
421,17,3,5,5,1,85,55,1330.86899051002,692.589977132908,4.5,1331,693,5.53323215979636,1.03323215979636,1.03323215979636,valid,,,Shared Pattern Plane,Grad-SIFT+Top2Geo+MidGrad+極線對齊,81,1,,,1.70511680000345
422,17,3,5,5,2,87.5,55,1349.37353792796,693.145343128091,4.5,1349,693,3.04907217939199,-1.45092782060801,1.45092782060801,valid,,,Shared Pattern Plane,Grad-SIFT+Top2Geo+MidGradInterp+極線對齊,81,1,,,1.65854789999139
423,17,3,5,5,3,90,55,1367.95020808924,693.702873700348,4.5,1368,694,5.07568790409001,0.575687904090011,0.575687904090011,valid,,,Shared Pattern Plane,Grad-SIFT+Top2Geo+MidGradInterp+極線對齊,81,1,,,1.61391079999157
424,17,3,5,5,4,92.5,55,1386.59942347218,694.262581529272,4.5,1387,694,5.59728869150004,1.09728869150004,1.09728869150004,valid,,,Shared Pattern Plane,Grad-SIFT+Top2Geo+MidGradInterp+極線對齊,81,1,,,1.69737140000507
425,17,3,5,5,5,95,55,1405.32160986127,694.82447939368,4.5,1405,695,4.30188168570766,-0.198118314292337,0.198118314292337,valid,,,Shared Pattern Plane,Grad-SIFT+Top2Geo+MidGradInterp+極線對齊,81,1,,,1.67789570000605
426,18,3,6,1,1,105,45,1482.35370632964,624.896452191171,4,1482,625,6.96439278494887,2.96439278494887,2.96439278494887,valid,,,Shared Pattern Plane,Grad-SIFT+Top2Geo+MidGrad+極線對齊,81,1,,,1.71088350001082
427,18,3,6,1,2,107.5,45,1501.58834170068,625.329969037914,4,1502,625,6.60744413126671,2.60744413126671,2.60744413126671,valid,,,Shared Pattern Plane,Grad-SIFT+Top2Geo+MidGrad+極線對齊,81,1,,,1.6028432000021
428,18,3,6,1,3,110,45,1520.89968535889,625.765214762493,4,1521,626,7.73733951740549,3.73733951740549,3.73733951740549,valid,,,Shared Pattern Plane,Grad-SIFT+Top2Geo+MidGrad+極線對齊,81,1,,,1.66589210000529
429,18,3,6,1,4,112.5,45,1540.28819709341,626.202199727793,4,1540,626,6.46499931670493,2.46499931670493,2.46499931670493,valid,,,Shared Pattern Plane,Grad-SIFT+Top2Geo+MidGradInterp+極線對齊,81,1,,,1.6321345000033
430,18,3,6,1,5,115,45,1559.7543403754,626.640934379689,4,1560,627,7.16651243371698,3.16651243371698,3.16651243371698,valid,,,Shared Pattern Plane,Grad-SIFT+Top2Geo+MidGradInterp+極線對齊,81,1,,,1.6340765000059
431,18,3,6,2,1,105,47.5,1482.00055358072,643.04357357025,4,1482,643,6.32422795953517,2.32422795953517,2.32422795953517,valid,,,Shared Pattern Plane,Grad-SIFT+Top2Geo+MidGrad+極線對齊,81,1,,,1.56376970000565
432,18,3,6,2,2,107.5,47.5,1501.19972162162,643.512355193048,4,1501,644,7.53211372528554,3.53211372528554,3.53211372528554,valid,,,Shared Pattern Plane,Grad-SIFT+Top2Geo+MidGrad+極線對齊,81,1,,,1.64718560001347
433,18,3,6,2,3,110,47.5,1520.47531783807,643.983002944841,4,1520,644,7.98598447775128,3.98598447775128,3.98598447775128,valid,,,Shared Pattern Plane,Grad-SIFT+Top2Geo+MidGrad+極線對齊,81,1,,,1.58075360000657
434,18,3,6,2,4,112.5,47.5,1539.82779950893,644.4555279909,4,1540,644,8.00427899352635,4.00427899352635,4.00427899352635,valid,,,Shared Pattern Plane,Grad-SIFT+Top2Geo+MidGrad+極線對齊,81,1,,,1.80443390000437
435,18,3,6,2,5,115,47.5,1559.25762756827,644.929941585746,4,1559,645,10.5878280350216,6.58782803502165,6.58782803502165,valid,,,Shared Pattern Plane,Grad-SIFT+Top2Geo+MidGrad+極線對齊,81,1,,,1.73542270000326
436,18,3,6,3,1,105,50,1481.64867262478,661.125342543638,4,1482,661,3.71353961452293,-0.286460385477071,0.286460385477071,valid,,,Shared Pattern Plane,Grad-SIFT+Top2Geo+MidGradInterp+極線對齊,81,1,,,1.67628929999773
437,18,3,6,3,2,107.5,50,1500.81250383749,661.629132108199,4,1501,662,9.01247585691263,5.01247585691263,5.01247585691263,valid,,,Shared Pattern Plane,Grad-SIFT+Top2Geo+MidGrad+極線對齊,81,1,,,1.73720540000068
438,18,3,6,3,3,110,50,1520.05248464547,662.134923536115,4,1520,662,9.75856438254817,5.75856438254817,5.75856438254817,valid,,,Shared Pattern Plane,Grad-SIFT+Top2Geo+MidGrad+極線對齊,81,1,,,1.65276610000001
439,18,3,6,3,4,112.5,50,1539.3690698355,662.642728783077,4,1539,663,5.73108461740984,1.73108461740984,1.73108461740984,valid,,,Shared Pattern Plane,Grad-SIFT+Top2Geo+MidGrad+極線對齊,81,1,,,1.63679210000555
440,18,3,6,3,5,115,50,1558.76271782307,663.152559900168,4,1559,663,,,,failed,Top2-Geo: HIGH/MID 均未通過支援點與 RANSAC 門檻,,,,81,,,,1.62224929999502
441,18,3,6,4,1,105,52.5,1481.2980566041,679.142111502794,4,1481,679,5.8708471507838,1.8708471507838,1.8708471507838,valid,,,Shared Pattern Plane,Grad-SIFT+Top2Geo+MidGradInterp+極線對齊,81,1,,,1.65055029999348
442,18,3,6,4,2,107.5,52.5,1500.42668077192,679.68065425995,4,1500,680,8.26817289073784,4.26817289073784,4.26817289073784,valid,,,Shared Pattern Plane,Grad-SIFT+Top2Geo+MidGrad+極線對齊,81,1,,,1.70889389999502
443,18,3,6,4,3,110,52.5,1519.6311774749,680.221333114503,4,1520,680,8.20465139630358,4.20465139630358,4.20465139630358,valid,,,Shared Pattern Plane,Grad-SIFT+Top2Geo+MidGrad+極線對齊,81,1,,,1.62799810001161
444,18,3,6,4,4,112.5,52.5,1538.91199902583,680.764160800759,4,1539,681,5.61609697813456,1.61609697813456,1.61609697813456,valid,,,Shared Pattern Plane,Grad-SIFT+Top2Geo+MidGrad+極線對齊,81,1,,,1.58823319998919
445,18,3,6,4,5,115,52.5,1558.26960133995,681.309150154448,4,1558,681,,,,failed,Top2-Geo: HIGH/MID 均未通過支援點與 RANSAC 門檻,,,,81,,,,1.6163169000065
446,18,3,6,5,1,105,55,1480.94869871017,697.094230310182,4,1481,697,5.29613916354616,1.29613916354616,1.29613916354616,valid,,,Shared Pattern Plane,Grad-SIFT+Top2Geo+MidGradInterp+極線對齊,81,1,,,1.57361269999819
447,18,3,6,5,2,107.5,55,1500.04224490299,697.667273575896,4,1500,698,6.5123465918568,2.5123465918568,2.5123465918568,valid,,,Shared Pattern Plane,Grad-SIFT+Top2Geo+MidGrad+極線對齊,81,1,,,1.6476021999988
448,18,3,6,5,3,110,55,1519.21138808002,698.242585689014,4,1519,698,5.02920410431474,1.02920410431474,1.02920410431474,valid,,,Shared Pattern Plane,Grad-SIFT+Top2Geo+MidGrad+極線對齊,81,1,,,1.58572980000463
449,18,3,6,5,4,112.5,55,1538.45657809797,698.820180150818,4,1538,699,5.96716743808218,1.96716743808218,1.96716743808218,valid,,,Shared Pattern Plane,Grad-SIFT+Top2Geo+MidGrad+極線對齊,81,1,,,1.65721999999369
450,18,3,6,5,5,115,55,1557.77826838995,699.400070569927,4,1558,699,,,,failed,Top2-Geo: HIGH/MID 均未通過支援點與 RANSAC 門檻,,,,81,,,,1.58999009999388
451,19,4,1,1,1,5,65,777.822142685515,742.030553278283,3.5,778,742,3.44691598494908,-0.0530840150509175,0.0530840150509175,valid,,,Shared Pattern Plane,Grad-SIFT+Top2Geo+MidGradInterp+極線對齊,81,1,,,1.65220969999791
452,19,4,1,1,2,7.5,65,794.121187740385,742.639845511949,3.5,794,743,5.64856467808776,2.14856467808776,2.14856467808776,valid,,,Shared Pattern Plane,Grad-SIFT+Top2Geo+MidGradInterp+極線對齊,81,1,,,1.58770190000359
453,19,4,1,1,3,10,65,810.47963381258,743.251358279298,3.5,810,743,5.68994218881457,2.18994218881457,2.18994218881457,valid,,,Shared Pattern Plane,Grad-SIFT+Top2Geo+MidGradInterp+極線對齊,81,1,,,1.6902984999906
454,19,4,1,1,4,12.5,65,826.897806220756,743.865103741417,3.5,827,744,6.48337666374141,2.98337666374141,2.98337666374141,valid,,,Shared Pattern Plane,Grad-SIFT+Top2Geo+MidGrad+極線對齊,81,1,,,1.6713613000029
455,19,4,1,1,5,15,65,843.376032663455,744.48109414836,3.5,843,744,6.71394254952206,3.21394254952206,3.21394254952206,valid,,,Shared Pattern Plane,Grad-SIFT+Top2Geo+MidGradInterp+極線對齊,81,1,,,1.58534440000949
456,19,4,1,2,1,5,67.5,778.661228398181,758.429300835147,3.5,779,758,2.44628978462721,-1.05371021537279,1.05371021537279,valid,,,Shared Pattern Plane,Grad-SIFT+Top2Geo+MidGradInterp+極線對齊,81,1,,,1.65586260000418
457,19,4,1,2,2,7.5,67.5,794.9348665586,759.06736489916,3.5,795,759,4.8727568733987,1.3727568733987,1.3727568733987,valid,,,Shared Pattern Plane,Grad-SIFT+Top2Geo+MidGrad+極線對齊,81,1,,,1.69279990000359
458,19,4,1,2,3,10,67.5,811.267714969826,759.707750505098,3.5,811,760,6.41339058893337,2.91339058893337,2.91339058893337,valid,,,Shared Pattern Plane,Grad-SIFT+Top2Geo+MidGradInterp+極線對齊,81,1,,,1.74756660001003
459,19,4,1,2,4,12.5,67.5,827.660097368008,760.350470346152,3.5,828,760,5.72695262333299,2.22695262333299,2.22695262333299,valid,,,Shared Pattern Plane,Grad-SIFT+Top2Geo+MidGrad+極線對齊,81,1,,,1.64627080000355
460,19,4,1,2,5,15,67.5,844.112339853672,760.995537208217,3.5,844,761,6.45302893870548,2.95302893870548,2.95302893870548,valid,,,Shared Pattern Plane,Grad-SIFT+Top2Geo+MidGradInterp+極線對齊,81,1,,,1.72341360000428
461,19,4,1,3,1,5,70,779.49755088438,774.774045025481,3.5,779,775,3.09056884175471,-0.409431158245293,0.409431158245293,valid,,,Shared Pattern Plane,Grad-SIFT+Top2Geo+MidGradInterp+極線對齊,81,1,,,1.68182540000998
462,19,4,1,3,2,7.5,70,795.745860961006,775.440688095243,3.5,796,775,1.92729134382013,-1.57270865617987,1.57270865617987,valid,,,Shared Pattern Plane,Grad-SIFT+Top2Geo+MidGrad+極線對齊,81,1,,,1.68627140000171
463,19,4,1,3,3,10,70,812.053191438696,776.109752680913,3.5,812,776,6.87381933519009,3.37381933519009,3.37381933519009,valid,,,Shared Pattern Plane,Grad-SIFT+Top2Geo+MidGrad+極線對齊,81,1,,,1.61781369999517
464,19,4,1,3,4,12.5,70,828.419864481338,776.78125200038,3.5,828,777,4.81592740253117,1.31592740253117,1.31592740253117,valid,,,Shared Pattern Plane,Grad-SIFT+Top2Geo+MidGrad+極線對齊,81,1,,,1.64880779999658
465,19,4,1,3,5,15,70,844.846204601807,777.455199367904,3.5,845,777,4.71089504273572,1.21089504273572,1.21089504273572,valid,,,Shared Pattern Plane,Grad-SIFT+Top2Geo+MidGradInterp+極線對齊,81,1,,,1.62444320000941
466,19,4,1,4,1,5,72.5,780.331123771208,791.06505217171,3.5,780,791,2.98046324518748,-0.519536754812515,0.519536754812515,valid,,,Shared Pattern Plane,Grad-SIFT+Top2Geo+MidGrad+極線對齊,81,1,,,1.64409280000837
467,19,4,1,4,2,7.5,72.5,796.55418421,791.7600828573,3.5,797,792,0.862843180351808,-2.63715681964819,2.63715681964819,valid,,,Shared Pattern Plane,Grad-SIFT+Top2Geo+MidGrad+極線對齊,81,1,,,1.60323390000849
468,19,4,1,4,3,10,72.5,812.836076111027,792.457634008845,3.5,813,792,7.91388861057517,4.41388861057517,4.41388861057517,valid,,,Shared Pattern Plane,Grad-SIFT+Top2Geo+MidGrad+極線對齊,81,1,,,1.62709669998731
469,19,4,1,4,4,12.5,72.5,829.177120076075,793.157719361614,3.5,829,793,4.96851978330046,1.46851978330046,1.46851978330046,valid,,,Shared Pattern Plane,Grad-SIFT+Top2Geo+MidGrad+極線對齊,81,1,,,1.70497119998618
470,19,4,1,4,5,15,72.5,845.577639040662,793.860352750855,3.5,846,794,5.47608503509487,1.97608503509487,1.97608503509487,valid,,,Shared Pattern Plane,Grad-SIFT+Top2Geo+MidGradInterp+極線對齊,81,1,,,1.60455489999731
471,19,4,1,5,1,5,75,781.161960596307,807.302586847946,3.5,781,807,2.27492508331782,-1.22507491668218,1.22507491668218,valid,,,Shared Pattern Plane,Grad-SIFT+Top2Geo+MidGradInterp+極線對齊,81,1,,,1.66535060000024
472,19,4,1,5,2,7.5,75,797.359849480758,808.025815181524,3.5,797,808,1.88040422883811,-1.61959577116189,1.61959577116189,valid,,,Shared Pattern Plane,Grad-SIFT+Top2Geo+MidGradInterp+極線對齊,81,1,,,1.61052139999811
473,19,4,1,5,3,10,75,813.616381793716,808.751661917375,3.5,814,809,2.46097877672495,-1.03902122327505,1.03902122327505,valid,,,Shared Pattern Plane,Grad-SIFT+Top2Geo+MidGrad+極線對齊,81,1,,,1.65699699999823
474,19,4,1,5,4,12.5,75,829.931876584947,809.480141300925,3.5,830,809,1.92166653062434,-1.57833346937566,1.57833346937566,valid,,,Shared Pattern Plane,Grad-SIFT+Top2Geo+MidGrad+極線對齊,81,1,,,1.58958479999274
475,19,4,1,5,5,15,75,846.306655222808,810.211267681124,3.5,846,810,4.07411911568149,0.574119115681492,0.574119115681492,valid,,,Shared Pattern Plane,Grad-SIFT+Top2Geo+MidGradInterp+極線對齊,81,1,,,1.67762349999975
476,20,4,2,1,1,25,65,909.896117274073,746.967753385122,3,910,747,6.70707363552427,3.70707363552427,3.70707363552427,valid,,,Shared Pattern Plane,Grad-SIFT+Top2Geo+MidGrad+極線對齊,81,1,,,1.60134069999913
477,20,4,2,1,2,27.5,65,926.679614203286,747.595155438329,3,927,748,4.60578156588646,1.60578156588646,1.60578156588646,valid,,,Shared Pattern Plane,Grad-SIFT+Top2Geo+MidGrad+極線對齊,81,1,,,1.63099099999818
478,20,4,2,1,3,30,65,943.525182573834,748.224877851226,3,944,748,5.9576000309654,2.9576000309654,2.9576000309654,valid,,,Shared Pattern Plane,Grad-SIFT+Top2Geo+MidGradInterp+極線對齊,81,1,,,1.6045715000073
479,20,4,2,1,4,32.5,65,960.433167367607,748.856933519955,3,960,749,5.34592677238137,2.34592677238137,2.34592677238137,valid,,,Shared Pattern Plane,Grad-SIFT+Top2Geo+MidGradInterp+極線對齊,81,1,,,1.66494779998902
480,20,4,2,1,5,35,65,977.403916127703,749.491335436401,3,977,749,5.66483373186973,2.66483373186973,2.66483373186973,valid,,,Shared Pattern Plane,Grad-SIFT+Top2Geo+MidGradInterp+極線對齊,81,1,,,1.61085699999239
481,20,4,2,2,1,25,67.5,910.526516652431,763.599533876851,3,911,764,5.71751064780749,2.71751064780749,2.71751064780749,valid,,,Shared Pattern Plane,Grad-SIFT+Top2Geo+MidGrad+極線對齊,81,1,,,1.6502146999992
482,20,4,2,2,2,27.5,67.5,927.28303536363,764.256530936892,3,927,764,5.42674286926605,2.42674286926605,2.42674286926605,valid,,,Shared Pattern Plane,Grad-SIFT+Top2Geo+MidGrad+極線對齊,81,1,,,1.58499580000353
483,20,4,2,2,3,30,67.5,944.101421645132,764.915953728227,3,944,765,6.54841828552814,3.54841828552814,3.54841828552814,valid,,,Shared Pattern Plane,Grad-SIFT+Top2Geo+MidGrad+極線對齊,81,1,,,1.69000289999531
484,20,4,2,2,4,32.5,67.5,960.982018767107,765.577815709945,3,961,766,5.71676035912629,2.71676035912629,2.71676035912629,valid,,,Shared Pattern Plane,Grad-SIFT+Top2Geo+MidGrad+極線對齊,81,1,,,1.71024380000017
485,20,4,2,2,5,35,67.5,977.925172543927,766.24213044089,3,978,766,5.30270990976692,2.30270990976692,2.30270990976692,valid,,,Shared Pattern Plane,Grad-SIFT+Top2Geo+MidGrad+極線對齊,81,1,,,1.65933389999554
486,20,4,2,3,1,25,70,911.154809541884,780.175739026516,3,911,780,5.68849702700608,2.68849702700608,2.68849702700608,valid,,,Shared Pattern Plane,Grad-SIFT+Top2Geo+MidGradInterp+極線對齊,81,1,,,1.60258049999538
487,20,4,2,3,2,27.5,70,927.884436473949,780.862129783546,3,928,781,4.96985541641154,1.96985541641154,1.96985541641154,valid,,,Shared Pattern Plane,Grad-SIFT+Top2Geo+MidGrad+極線對齊,81,1,,,1.62485940000624
488,20,4,2,3,3,30,70,944.675728107643,781.551050548054,3,945,782,5.45479304549679,2.45479304549679,2.45479304549679,valid,,,Shared Pattern Plane,Grad-SIFT+Top2Geo+MidGrad+極線對齊,81,1,,,1.65217729999858
489,20,4,2,3,4,32.5,70,961.52902601272,782.242515334119,3,962,782,4.97852588375469,1.97852588375469,1.97852588375469,valid,,,Shared Pattern Plane,Grad-SIFT+Top2Geo+MidGrad+極線對齊,81,1,,,1.61787589998858
490,20,4,2,3,5,35,70,978.444674286273,782.936538259513,3,978,783,5.02939520234313,2.02939520234313,2.02939520234313,valid,,,Shared Pattern Plane,Grad-SIFT+Top2Geo+MidGrad+極線對齊,81,1,,,1.66398029999982
491,20,4,2,4,1,25,72.5,911.781006483116,796.696646928238,3,912,797,6.5814613388788,3.5814613388788,3.5814613388788,valid,,,Shared Pattern Plane,Grad-SIFT+Top2Geo+MidGrad+極線對齊,81,1,,,1.59287259999837
492,20,4,2,4,2,27.5,72.5,928.483827660956,797.412231592322,3,928,797,7.8738107845821,4.8738107845821,4.8738107845821,valid,,,Shared Pattern Plane,Grad-SIFT+Top2Geo+MidGrad+極線對齊,81,1,,,1.64224090000789
493,20,4,2,4,3,30,72.5,945.248111667556,798.130449455745,3,945,798,4.00157091750741,1.00157091750741,1.00157091750741,valid,,,Shared Pattern Plane,Grad-SIFT+Top2Geo+MidGrad+極線對齊,81,1,,,1.6125258999964
494,20,4,2,4,4,32.5,72.5,962.074198383461,798.851315079717,3,962,799,3.90303509854792,0.903035098547924,0.903035098547924,valid,,,Shared Pattern Plane,Grad-SIFT+Top2Geo+MidGrad+極線對齊,81,1,,,1.64520009999978
495,20,4,2,4,5,35,72.5,978.962430199832,799.574843133009,3,979,800,3.18662647433713,0.186626474337134,0.186626474337134,valid,,,Shared Pattern Plane,Grad-SIFT+Top2Geo+MidGrad+極線對齊,81,1,,,1.61950760000036
496,20,4,2,5,1,25,75,912.405117946604,813.162533823817,3,912,813,2.15159136373639,-0.848408636263609,0.848408636263609,valid,,,Shared Pattern Plane,Grad-SIFT+Top2Geo+MidGradInterp+極線對齊,81,1,,,1.78405919999932
497,20,4,2,5,2,27.5,75,929.081218983795,813.907114111392,3,929,814,5.07944029058534,2.07944029058534,2.07944029058534,valid,,,Shared Pattern Plane,Grad-SIFT+Top2Geo+MidGrad+極線對齊,81,1,,,1.6059954000084
498,20,4,2,5,3,30,75,945.818581966173,814.654429716813,3,946,815,4.68862123490219,1.68862123490219,1.68862123490219,valid,,,Shared Pattern Plane,Grad-SIFT+Top2Geo+MidGrad+極線對齊,81,1,,,1.7945192999905
499,20,4,2,5,4,32.5,75,962.617545096194,815.404495740665,3,963,815,0.715829186399068,-2.28417081360093,2.28417081360093,valid,,,Shared Pattern Plane,Grad-SIFT+Top2Geo+MidGrad+極線對齊,81,1,,,1.66030489999685
500,20,4,2,5,5,35,75,979.478449070346,816.157327394891,3,979,816,2.97159224570329,-0.0284077542967092,0.0284077542967092,valid,,,Shared Pattern Plane,Grad-SIFT+Top2Geo+MidGrad+極線對齊,81,1,,,1.61337659999845
501,21,4,3,1,1,45,65,1045.92159267658,752.052668818176,2.5,1046,752,6.65200325978946,4.15200325978946,4.15200325978946,valid,,,Shared Pattern Plane,Grad-SIFT+Top2Geo+MidGradInterp+極線對齊,81,1,,,1.61383039999055
502,21,4,3,1,2,47.5,65,1063.21146573895,752.699000265357,2.5,1063,753,5.6932363245109,3.1932363245109,3.1932363245109,valid,,,Shared Pattern Plane,Grad-SIFT+Top2Geo+MidGrad+極線對齊,81,1,,,1.63434009999037
503,21,4,3,1,3,50,65,1080.56624316394,753.347757972724,2.5,1081,753,5.39748925234338,2.89748925234338,2.89748925234338,valid,,,Shared Pattern Plane,Grad-SIFT+Top2Geo+MidGradInterp+極線對齊,81,1,,,1.62492220000422
504,21,4,3,1,4,52.5,65,1097.98629110503,753.998955627855,2.5,1098,754,3.49336192454041,0.99336192454041,0.99336192454041,valid,,,Shared Pattern Plane,Grad-SIFT+Top2Geo+MidGradInterp+極線對齊,81,1,,,1.59064290000242
505,21,4,3,1,5,55,65,1115.47197847503,754.652607021479,2.5,1115,755,4.1669618306024,1.6669618306024,1.6669618306024,valid,,,Shared Pattern Plane,Grad-SIFT+Top2Geo+MidGradInterp+極線對齊,81,1,,,1.64981849999458
506,21,4,3,2,1,45,67.5,1046.33036086407,768.924191577364,2.5,1046,769,5.25224857842383,2.75224857842383,2.75224857842383,valid,,,Shared Pattern Plane,Grad-SIFT+Top2Geo+MidGradInterp+極線對齊,81,1,,,1.60865280000144
507,21,4,3,2,2,47.5,67.5,1063.59157584571,769.600976993902,2.5,1064,770,3.44155720886924,0.941557208869237,0.941557208869237,valid,,,Shared Pattern Plane,Grad-SIFT+Top2Geo+MidGrad+極線對齊,81,1,,,1.66349170000467
508,21,4,3,2,3,50,67.5,1080.91747713776,770.280298660153,2.5,1081,770,4.56538647825258,2.06538647825258,2.06538647825258,valid,,,Shared Pattern Plane,Grad-SIFT+Top2Geo+MidGrad+極線對齊,81,1,,,1.58024550000846
509,21,4,3,2,4,52.5,67.5,1098.30842904024,770.962170859753,2.5,1098,771,3.66574768777597,1.16574768777597,1.16574768777597,valid,,,Shared Pattern Plane,Grad-SIFT+Top2Geo+MidGrad+極線對齊,81,1,,,1.64521460000833
510,21,4,3,2,5,55,67.5,1115.76479859383,771.646607983799,2.5,1116,772,3.89669332148478,1.39669332148478,1.39669332148478,valid,,,Shared Pattern Plane,Grad-SIFT+Top2Geo+MidGradInterp+極線對齊,81,1,,,1.61380540000391
511,21,4,3,3,1,45,70,1046.73774278272,785.738497393185,2.5,1047,786,3.66159716290685,1.16159716290685,1.16159716290685,valid,,,Shared Pattern Plane,Grad-SIFT+Top2Geo+MidGrad+極線對齊,81,1,,,1.78523130000394
512,21,4,3,3,2,47.5,70,1063.97039446592,786.44552647892,2.5,1064,786,1.43525988484435,-1.06474011515565,1.06474011515565,valid,,,Shared Pattern Plane,Grad-SIFT+Top2Geo+MidGrad+極線對齊,81,1,,,1.78459629999998
513,21,4,3,3,3,50,70,1081.26751550416,787.155200642731,2.5,1081,787,3.8646074556314,1.3646074556314,1.3646074556314,valid,,,Shared Pattern Plane,Grad-SIFT+Top2Geo+MidGrad+極線對齊,81,1,,,1.70532979999552
514,21,4,3,3,4,52.5,70,1098.62946835648,787.867534755753,2.5,1099,788,3.89891631409384,1.39891631409384,1.39891631409384,valid,,,Shared Pattern Plane,Grad-SIFT+Top2Geo+MidGrad+極線對齊,81,1,,,1.69129839999368
515,21,4,3,3,5,55,70,1116.05661820412,788.582543800807,2.5,1116,789,3.62899234620596,1.12899234620596,1.12899234620596,valid,,,Shared Pattern Plane,Grad-SIFT+Top2Geo+MidGradInterp+極線對齊,81,1,,,1.63651520000712
516,21,4,3,4,1,45,72.5,1047.14374547255,802.495876835447,2.5,1047,802,3.53407566732255,1.03407566732255,1.03407566732255,valid,,,Shared Pattern Plane,Grad-SIFT+Top2Geo+MidGrad+極線對齊,81,1,,,1.67183789999399
517,21,4,3,4,2,47.5,72.5,1064.34792817047,803.23294090179,2.5,1064,803,4.16583884069863,1.66583884069863,1.66583884069863,valid,,,Shared Pattern Plane,Grad-SIFT+Top2Geo+MidGrad+極線對齊,81,1,,,1.62897150000208
518,21,4,3,4,3,50,72.5,1081.61636435756,803.972757725345,2.5,1082,804,3.83811998826804,1.33811998826804,1.33811998826804,valid,,,Shared Pattern Plane,Grad-SIFT+Top2Geo+MidGrad+極線對齊,81,1,,,1.65669909999997
519,21,4,3,4,4,52.5,72.5,1098.9494146643,804.715342756296,2.5,1099,805,4.02930787905959,1.52930787905959,1.52930787905959,valid,,,Shared Pattern Plane,Grad-SIFT+Top2Geo+MidGrad+極線對齊,81,1,,,1.62622239999473
520,21,4,3,4,5,55,72.5,1116.34744242496,805.46071156066,2.5,1116,805,3.84928167051236,1.34928167051236,1.34928167051236,valid,,,Shared Pattern Plane,Grad-SIFT+Top2Geo+MidGrad+極線對齊,81,1,,,1.65996679999807
521,21,4,3,5,1,45,75,1047.54837592598,819.196618509784,2.5,1048,819,3.02406710399827,0.524067103998274,0.524067103998274,valid,,,Shared Pattern Plane,Grad-SIFT+Top2Geo+MidGrad+極線對齊,81,1,,,1.59764510000241
522,21,4,3,5,2,47.5,75,1064.72418348575,819.963510465145,2.5,1065,820,2.86996827165701,0.36996827165701,0.36996827165701,valid,,,Shared Pattern Plane,Grad-SIFT+Top2Geo+MidGrad+極線對齊,81,1,,,1.7537408000062
523,21,4,3,5,3,50,75,1081.96402975106,820.733261719431,2.5,1082,821,4.25249642141922,1.75249642141922,1.75249642141922,valid,,,Shared Pattern Plane,Grad-SIFT+Top2Geo+MidGrad+極線對齊,81,1,,,1.64893500000471
524,21,4,3,5,4,52.5,75,1099.26827353606,821.505888293531,2.5,1099,822,3.41100789051722,0.911007890517224,0.911007890517224,valid,,,Shared Pattern Plane,Grad-SIFT+Top2Geo+MidGrad+極線對齊,81,1,,,1.66173599999456
525,21,4,3,5,5,55,75,1116.63727634054,822.281406328245,2.5,1117,822,2.76380912810261,0.263809128102613,0.263809128102613,valid,,,Shared Pattern Plane,Grad-SIFT+Top2Geo+MidGradInterp+極線對齊,81,1,,,1.66005009999208
526,22,4,4,1,1,65,65,1186.07859854501,757.292029460602,2,1186,757,3.04988851906033,1.04988851906033,1.04988851906033,valid,,,Shared Pattern Plane,Grad-SIFT+Top2Geo+MidGradInterp+極線對齊,81,1,,,1.69028559999424
527,22,4,4,1,2,67.5,65,1203.89811516925,757.958160086678,2,1204,758,2.9067690902135,0.906769090213501,0.906769090213501,valid,,,Shared Pattern Plane,Grad-SIFT+Top2Geo+MidGradInterp+極線對齊,81,1,,,1.65121930000896
528,22,4,4,1,3,70,65,1221.78554412523,758.626829417086,2,1222,759,2.54135050740465,0.541350507404654,0.541350507404654,valid,,,Shared Pattern Plane,Grad-SIFT+Top2Geo+MidGradInterp+極線對齊,81,1,,,2.76122579998628
529,22,4,4,1,4,72.5,65,1239.74127438732,759.2980519925,2,1240,759,3.00756108466812,1.00756108466812,1.00756108466812,valid,,,Shared Pattern Plane,Grad-SIFT+Top2Geo+MidGradInterp+極線對齊,81,1,,,1.69665460000397
530,22,4,4,1,5,75,65,1257.7656979061,759.971842464846,2,1258,760,2.94231451743993,0.94231451743993,0.94231451743993,valid,,,Shared Pattern Plane,Grad-SIFT+Top2Geo+MidGradInterp+極線對齊,81,1,,,1.59795440000016
531,22,4,4,2,1,65,67.5,1186.25189151212,774.410297364412,2,1186,774,4.02789082461356,2.02789082461356,2.02789082461356,valid,,,Shared Pattern Plane,Grad-SIFT+Top2Geo+MidGradInterp+極線對齊,81,1,,,1.74903469999845
532,22,4,4,2,2,67.5,67.5,1204.04095268025,775.107778809681,2,1204,775,3.72455545943974,1.72455545943974,1.72455545943974,valid,,,Shared Pattern Plane,Grad-SIFT+Top2Geo+MidGradInterp+極線對齊,81,1,,,1.77024150000943
533,22,4,4,2,3,70,67.5,1221.89769276504,775.807913840103,2,1222,776,3.15610152548633,1.15610152548633,1.15610152548633,valid,,,Shared Pattern Plane,Grad-SIFT+Top2Geo+MidGradInterp+極線對齊,81,1,,,1.6581170999998
534,22,4,4,2,4,72.5,67.5,1239.82249873175,776.510717627985,2,1240,777,3.11836205913198,1.11836205913198,1.11836205913198,valid,,,Shared Pattern Plane,Grad-SIFT+Top2Geo+MidGradInterp+極線對齊,81,1,,,1.63815499999328
535,22,4,4,2,5,75,67.5,1257.81576050129,777.216205461519,2,1258,777,3.29125173328864,1.29125173328864,1.29125173328864,valid,,,Shared Pattern Plane,Grad-SIFT+Top2Geo+MidGradInterp+極線對齊,81,1,,,1.66407429998799
536,22,4,4,3,1,65,70,1186.4245878908,791.46963292599,2,1186,791,3.12348380023731,1.12348380023731,1.12348380023731,valid,,,Shared Pattern Plane,Grad-SIFT+Top2Geo+MidGradInterp+極線對齊,81,1,,,1.70589100000507
537,22,4,4,3,2,67.5,70,1204.18329751851,792.198245356784,2,1204,792,3.18004909169051,1.18004909169051,1.18004909169051,valid,,,Shared Pattern Plane,Grad-SIFT+Top2Geo+MidGrad+極線對齊,81,1,,,1.60760299999674
538,22,4,4,3,3,70,70,1222.00945384909,792.929625021637,2,1222,793,3.39642216785755,1.39642216785755,1.39642216785755,valid,,,Shared Pattern Plane,Grad-SIFT+Top2Geo+MidGrad+極線對齊,81,1,,,1.67368759999226
539,22,4,4,3,4,72.5,70,1239.90344185248,793.663787715272,2,1240,794,3.81972778533972,1.81972778533972,1.81972778533972,valid,,,Shared Pattern Plane,Grad-SIFT+Top2Geo+MidGradInterp+極線對齊,81,1,,,1.64783560000069
540,22,4,4,3,5,75,70,1257.86564943394,794.400749352841,2,1258,794,3.3069145600402,1.3069145600402,1.3069145600402,valid,,,Shared Pattern Plane,Grad-SIFT+Top2Geo+MidGradInterp+極線對齊,81,1,,,1.66071620000002
541,22,4,4,4,1,65,72.5,1186.59669075654,808.470339948243,2,1187,808,3.42954521355834,1.42954521355834,1.42954521355834,valid,,,Shared Pattern Plane,Grad-SIFT+Top2Geo+MidGrad+極線對齊,81,1,,,1.57561060000444
542,22,4,4,4,2,67.5,72.5,1204.32515222862,809.229865241135,2,1204,809,2.9625537368345,0.962553736834504,0.962553736834504,valid,,,Shared Pattern Plane,Grad-SIFT+Top2Geo+MidGrad+極線對齊,81,1,,,1.66115819998959
543,22,4,4,4,3,70,72.5,1222.12082938285,809.992270197937,2,1222,810,2.48258548353769,0.48258548353769,0.48258548353769,valid,,,Shared Pattern Plane,Grad-SIFT+Top2Geo+MidGrad+極線對齊,81,1,,,1.64301929999783
544,22,4,4,4,4,72.5,72.5,1239.98410520753,810.757571226689,2,1240,811,2.18195560479707,0.181955604797075,0.181955604797075,valid,,,Shared Pattern Plane,Grad-SIFT+Top2Geo+MidGrad+極線對齊,81,1,,,1.75182750000386
545,22,4,4,4,5,75,72.5,1257.91536560614,811.525784860321,2,1258,812,1.92525220814994,-0.0747477918500616,0.0747477918500616,valid,,,Shared Pattern Plane,Grad-SIFT+Top2Geo+MidGrad+極線對齊,81,1,,,1.69839639999554
546,22,4,4,5,1,65,75,1186.76820316372,825.412720149472,2,1187,825,3.13235198575961,1.13235198575961,1.13235198575961,valid,,,Shared Pattern Plane,Grad-SIFT+Top2Geo+MidGrad+極線對齊,81,1,,,1.71976530000393
547,22,4,4,5,2,67.5,75,1204.46651933769,826.202941875583,2,1204,826,2.50608162658173,0.506081626581731,0.506081626581731,valid,,,Shared Pattern Plane,Grad-SIFT+Top2Geo+MidGrad+極線對齊,81,1,,,1.63281650000135
548,22,4,4,5,3,70,75,1222.23182135797,826.996154489109,2,1222,827,2.17065465602055,0.170654656020554,0.170654656020554,valid,,,Shared Pattern Plane,Grad-SIFT+Top2Geo+MidGrad+極線對齊,81,1,,,1.74552359999507
549,22,4,4,5,4,72.5,75,1240.06449024483,827.79237500243,2,1240,828,2.07137601899373,0.0713760189937349,0.0713760189937349,valid,,,Shared Pattern Plane,Grad-SIFT+Top2Geo+MidGrad+極線對齊,81,1,,,1.69319569999061
550,22,4,4,5,5,75,75,1257.9649099137,828.591620557193,2,1258,829,1.85040348369282,-0.149596516307182,0.149596516307182,valid,,,Shared Pattern Plane,Grad-SIFT+Top2Geo+MidGrad+極線對齊,81,1,,,1.64266670000507
551,23,4,5,1,1,85,65,1330.55826933283,762.69298031615,1.5,1331,763,2.1365875766783,0.636587576678304,0.636587576678304,valid,,,Shared Pattern Plane,Grad-SIFT+Top2Geo+MidGradInterp+極線對齊,81,1,,,1.71547389999614
552,23,4,5,1,2,87.5,65,1348.93214457548,763.379834021384,1.5,1349,763,2.28037998106924,0.780379981069242,0.780379981069242,valid,,,Shared Pattern Plane,Grad-SIFT+Top2Geo+MidGradInterp+極線對齊,81,1,,,1.69480840000324
553,23,4,5,1,3,90,65,1367.37712889879,764.069345932079,1.5,1367,764,2.16288498227679,0.662884982276791,0.662884982276791,valid,,,Shared Pattern Plane,Grad-SIFT+Top2Geo+MidGradInterp+極線對齊,81,1,,,1.70132949999243
554,23,4,5,1,4,92.5,65,1385.89363590398,764.761531509512,1.5,1386,765,3.35772419019562,1.85772419019562,1.85772419019562,valid,,,Shared Pattern Plane,Grad-SIFT+Top2Geo+MidGradInterp+極線對齊,81,1,,,1.6207793999929
555,23,4,5,1,5,95,65,1404.4820824061,765.456406335094,1.5,1404,765,2.63219116642375,1.13219116642375,1.13219116642375,valid,,,Shared Pattern Plane,Grad-SIFT+Top2Geo+MidGradInterp+極線對齊,81,1,,,1.67143409998971
556,23,4,5,2,1,85,67.5,1330.48126906758,780.065307134564,1.5,1330,780,4.40508136574293,2.90508136574293,2.90508136574293,valid,,,Shared Pattern Plane,Grad-SIFT+Top2Geo+MidGradInterp+極線對齊,81,1,,,1.60738560000027
557,23,4,5,2,2,87.5,67.5,1348.82276411151,780.784448653653,1.5,1349,781,2.52240918987817,1.02240918987817,1.02240918987817,valid,,,Shared Pattern Plane,Grad-SIFT+Top2Geo+MidGrad+極線對齊,81,1,,,1.66356309999537
558,23,4,5,2,3,90,67.5,1367.23511815947,781.506368444181,1.5,1367,782,2.4682156637733,0.968215663773301,0.968215663773301,valid,,,Shared Pattern Plane,Grad-SIFT+Top2Geo+MidGrad+極線對齊,81,1,,,1.63750440000149
559,23,4,5,2,4,92.5,67.5,1385.71874263236,782.231082637319,1.5,1386,782,2.939558405788,1.439558405788,1.439558405788,valid,,,Shared Pattern Plane,Grad-SIFT+Top2Geo+MidGrad+極線對齊,81,1,,,1.68404959999316
560,23,4,5,2,5,95,67.5,1404.27405214229,782.958607489366,1.5,1404,783,1.20064489114386,-0.299355108856144,0.299355108856144,valid,,,Shared Pattern Plane,Grad-SIFT+Top2Geo+MidGrad+極線對齊,81,1,,,1.64024509998853
561,23,4,5,3,1,85,70,1330.40453796146,797.376907925458,1.5,1330,797,1.25115489910936,-0.248845100890643,0.248845100890643,valid,,,Shared Pattern Plane,Grad-SIFT+Top2Geo+MidGrad+極線對齊,81,1,,,1.64229920000071
562,23,4,5,3,2,87.5,70,1348.71376672946,798.128107306398,1.5,1349,798,2.14272339980222,0.642723399802215,0.642723399802215,valid,,,Shared Pattern Plane,Grad-SIFT+Top2Geo+MidGrad+極線對齊,81,1,,,1.64957449999929
563,23,4,5,3,3,90,70,1367.09360574176,798.882203716615,1.5,1367,799,2.19936811378952,0.699368113789519,0.699368113789519,valid,,,Shared Pattern Plane,Grad-SIFT+Top2Geo+MidGrad+極線對齊,81,1,,,1.64873159999843
564,23,4,5,3,4,92.5,70,1385.54446425421,799.639213947247,1.5,1386,800,1.76251722949796,0.262517229497963,0.262517229497963,valid,,,Shared Pattern Plane,Grad-SIFT+Top2Geo+MidGrad+極線對齊,81,1,,,2.25303690000146
565,23,4,5,3,5,95,70,1404.06675469148,800.39915491944,1.5,1404,800,0.703806181802474,-0.796193818197526,0.796193818197526,valid,,,Shared Pattern Plane,Grad-SIFT+Top2Geo+MidGrad+極線對齊,81,1,,,1.58965249999892
566,23,4,5,4,1,85,72.5,1330.32807460563,814.628100540596,1.5,1330,815,1.57214102519683,0.0721410251968304,0.0721410251968304,valid,,,Shared Pattern Plane,Grad-SIFT+Top2Geo+MidGrad+極線對齊,81,1,,,1.64255669999693
567,23,4,5,4,2,87.5,72.5,1348.60515042036,815.411129647959,1.5,1349,815,1.23988043700986,-0.26011956299014,0.26011956299014,valid,,,Shared Pattern Plane,Grad-SIFT+Top2Geo+MidGrad+極線對齊,81,1,,,1.66920360000222
568,23,4,5,4,3,90,72.5,1366.95258902731,816.197173248174,1.5,1367,816,1.27293808662835,-0.227061913371652,0.227061913371652,valid,,,Shared Pattern Plane,Grad-SIFT+Top2Geo+MidGrad+極線對齊,81,1,,,1.73089670001355
569,23,4,5,4,4,92.5,72.5,1385.37079753243,816.986248782531,1.5,1385,817,0.282773651656888,-1.21722634834311,1.21722634834311,valid,,,Shared Pattern Plane,Grad-SIFT+Top2Geo+MidGrad+極線對齊,81,1,,,1.61876449998817
570,23,4,5,4,5,95,72.5,1403.86018618833,817.778373827132,1.5,1404,818,4.22697501658018,2.72697501658018,2.72697501658018,valid,,,Shared Pattern Plane,Grad-SIFT+Top2Geo+MidGrad+極線對齊,81,1,,,1.61677939999208
571,23,4,5,5,1,85,75,1330.25187760107,831.819200617339,1.5,1330,832,1.58098863614262,0.0809886361426242,0.0809886361426242,valid,,,Shared Pattern Plane,Grad-SIFT+Top2Geo+MidGrad+極線對齊,81,1,,,1.65757779999694
572,23,4,5,5,2,87.5,75,1348.49691318926,832.633833115354,1.5,1348,833,0.847226727392673,-0.652773272607327,0.652773272607327,valid,,,Shared Pattern Plane,Grad-SIFT+Top2Geo+MidGrad+極線對齊,81,1,,,1.62804309999046
573,23,4,5,5,3,90,75,1366.81206541608,833.45159628923,1.5,1367,833,0.919473445055792,-0.580526554944208,0.580526554944208,valid,,,Shared Pattern Plane,Grad-SIFT+Top2Geo+MidGrad+極線對齊,81,1,,,1.65242309999303
574,23,4,5,5,4,92.5,75,1385.19773925262,834.272508220739,1.5,1385,834,1.08956242308477,-0.410437576915228,0.410437576915228,valid,,,Shared Pattern Plane,Grad-SIFT+Top2Geo+MidGrad+極線對齊,81,1,,,1.68409759999486
575,23,4,5,5,5,95,75,1403.65434279466,835.096587131172,1.5,1404,835,3.14940175929562,1.64940175929562,1.64940175929562,valid,,,Shared Pattern Plane,Grad-SIFT+Top2Geo+MidGrad+極線對齊,81,1,,,1.66890910000075
576,24,4,6,1,1,105,65,1479.56371392971,768.263114017927,1,1480,768,4.34952977496845,3.34952977496845,3.34952977496845,valid,,,Shared Pattern Plane,Grad-SIFT+Top2Geo+MidGradInterp+極線對齊,81,1,,,1.62480859999778
577,24,4,6,1,2,107.5,65,1498.51822483536,768.971673092946,1,1499,769,4.77937679711829,3.77937679711829,3.77937679711829,valid,,,Shared Pattern Plane,Grad-SIFT+Top2Geo+MidGrad+極線對齊,81,1,,,1.68210540000291
578,24,4,6,1,3,110,65,1517.54724539555,769.683017493957,1,1518,770,4.98399046897944,3.98399046897944,3.98399046897944,valid,,,Shared Pattern Plane,Grad-SIFT+Top2Geo+MidGrad+極線對齊,81,1,,,1.58531769999536
579,24,4,6,1,4,112.5,65,1536.65121581856,770.397163676862,1,1537,770,4.56814444939712,3.56814444939712,3.56814444939712,valid,,,Shared Pattern Plane,Grad-SIFT+Top2Geo+MidGradInterp+極線對齊,81,1,,,1.74360470000829
580,24,4,6,1,5,115,65,1555.83057978724,771.11412822745,1,1556,771,3.84554416531082,2.84554416531082,2.84554416531082,valid,,,Shared Pattern Plane,Grad-SIFT+Top2Geo+MidGradInterp+極線對齊,81,1,,,1.89767350000329
581,24,4,6,2,1,105,67.5,1479.2205462338,785.89714306034,1,1479,786,3.95467053566177,2.95467053566177,2.95467053566177,valid,,,Shared Pattern Plane,Grad-SIFT+Top2Geo+MidGradInterp+極線對齊,81,1,,,1.65352939999138
582,24,4,6,2,2,107.5,67.5,1498.14061399405,786.638969516569,1,1498,787,4.40680471754107,3.40680471754107,3.40680471754107,valid,,,Shared Pattern Plane,Grad-SIFT+Top2Geo+MidGrad+極線對齊,81,1,,,1.61392220000562
583,24,4,6,2,3,110,67.5,1517.13492324149,787.383706866144,1,1517,787,3.17314249122845,2.17314249122845,2.17314249122845,valid,,,Shared Pattern Plane,Grad-SIFT+Top2Geo+MidGrad+極線對齊,81,1,,,1.60871059999045
584,24,4,6,2,4,112.5,67.5,1536.20391181547,788.131372276066,1,1536,788,5.56318841157896,4.56318841157896,4.56318841157896,valid,,,Shared Pattern Plane,Grad-SIFT+Top2Geo+MidGradInterp+極線對齊,81,1,,,1.63308410000172
585,24,4,6,2,5,115,67.5,1555.34802100504,788.881983048592,1,1555,789,4.28648382470617,3.28648382470617,3.28648382470617,valid,,,Shared Pattern Plane,Grad-SIFT+Top2Geo+MidGradInterp+極線對齊,81,1,,,1.60600069999055
586,24,4,6,3,1,105,70,1478.87859682275,803.468569268239,1,1479,803,3.14472762510993,2.14472762510993,2.14472762510993,valid,,,Shared Pattern Plane,Grad-SIFT+Top2Geo+MidGradInterp+極線對齊,81,1,,,1.68479909999587
587,24,4,6,3,2,107.5,70,1497.76434633507,804.243422404981,1,1498,804,4.06382140380944,3.06382140380944,3.06382140380944,valid,,,Shared Pattern Plane,Grad-SIFT+Top2Geo+MidGrad+極線對齊,81,1,,,1.61121380000259
588,24,4,6,3,3,110,70,1516.72407061218,805.021310612083,1,1517,805,2.29651155672188,1.29651155672188,1.29651155672188,valid,,,Shared Pattern Plane,Grad-SIFT+Top2Geo+MidGrad+極線對齊,81,1,,,1.69186539998918
589,24,4,6,3,4,112.5,70,1535.75820514152,805.802251756919,1,1536,806,2.71722294975774,1.71722294975774,1.71722294975774,valid,,,Shared Pattern Plane,Grad-SIFT+Top2Geo+MidGrad+極線對齊,81,1,,,1.57992530000047
590,24,4,6,3,5,115,70,1554.86718883549,806.586263847389,1,1555,807,1.47591852777299,0.475918527772995,0.475918527772995,valid,,,Shared Pattern Plane,Grad-SIFT+Top2Geo+MidGrad+極線對齊,81,1,,,1.64600939999218
591,24,4,6,4,1,105,72.5,1478.53785922047,820.977725421831,1,1479,821,2.24532085917045,1.24532085917045,1.24532085917045,valid,,,Shared Pattern Plane,Grad-SIFT+Top2Geo+MidGradInterp+極線對齊,81,1,,,1.63966610000352
592,24,4,6,4,2,107.5,72.5,1497.38941470447,821.785366469703,1,1497,822,1.05680423872051,0.0568042387205103,0.0568042387205103,valid,,,Shared Pattern Plane,Grad-SIFT+Top2Geo+MidGrad+極線對齊,81,1,,,1.62214240001049
593,24,4,6,4,3,110,72.5,1516.31467966549,822.596165389577,1,1516,823,1.72019197964887,0.720191979648866,0.720191979648866,valid,,,Shared Pattern Plane,Grad-SIFT+Top2Geo+MidGrad+極線對齊,81,1,,,1.60615490000055
594,24,4,6,4,4,112.5,72.5,1535.31408725583,823.410140738626,1,1535,823,3.48784091509553,2.48784091509553,2.48784091509553,valid,,,Shared Pattern Plane,Grad-SIFT+Top2Geo+MidGrad+極線對齊,81,1,,,1.63399399998889
595,24,4,6,4,5,115,72.5,1554.38807402831,824.227311219709,1,1554,824,3.52651504038099,2.52651504038099,2.52651504038099,valid,,,Shared Pattern Plane,Grad-SIFT+Top2Geo+MidGrad+極線對齊,81,1,,,1.63436199999705
596,24,4,6,5,1,105,75,1478.1983269967,838.424941946868,1,1478,838,2.0296337427199,1.0296337427199,1.0296337427199,valid,,,Shared Pattern Plane,Grad-SIFT+Top2Geo+MidGradInterp+極線對齊,81,1,,,1.63404920000175
597,24,4,6,5,2,107.5,75,1497.01581199903,839.26513404952,1,1497,839,1.94450839110526,0.944508391105262,0.944508391105262,valid,,,Shared Pattern Plane,Grad-SIFT+Top2Geo+MidGrad+極線對齊,81,1,,,1.62027719999605
598,24,4,6,5,3,110,75,1515.90674261496,840.108605465243,1,1516,840,1.15301577411371,0.153015774113711,0.153015774113711,valid,,,Shared Pattern Plane,Grad-SIFT+Top2Geo+MidGrad+極線對齊,81,1,,,1.62759619999269
599,24,4,6,5,4,112.5,75,1534.87154967831,840.95537543057,1,1535,841,0.891700173523445,-0.108299826476555,0.108299826476555,valid,,,Shared Pattern Plane,Grad-SIFT+Top2Geo+MidGrad+極線對齊,81,1,,,1.58612779999385
600,24,4,6,5,5,115,75,1553.91066739918,841.805463332782,1,1554,842,1.27501627060338,0.275016270603381,0.275016270603381,valid,,,Shared Pattern Plane,Grad-SIFT+Top2Geo+MidGrad+極線對齊,81,1,,,1.66133250000712
