sample_id,block_id,row,column,sample_row,sample_column,model_x_mm,model_y_mm,u,v,true_height_mm,measured_u,measured_v,wound_height_mm,error_mm,abs_error_mm,status,failure_reason,measurement_warning,height_reference_source,method,candidate_frame,fused_count,group_score,objective_score,elapsed_seconds
1,1,1,1,1,1,5.0,5.0,913.390264022238,457.8570923445918,12.5,913.0,458.0,12.156245410407005,-0.34375458959299543,0.34375458959299543,valid,,,Shared Pattern Plane,Region-SIFT(21/28),124,1,164.4774175532911,167.09722975521464,2.686647499999708
2,1,1,1,1,2,7.5,5.0,925.6840942612272,453.8334931127217,12.5,926.0,454.0,12.603309801771214,0.10330980177121418,0.10330980177121418,valid,,,Shared Pattern Plane,Region-SIFT(21/28),124,1,180.05965784012324,181.95166825367087,2.5412486999994144
3,1,1,1,1,3,10.0,5.0,938.0408696220495,449.7892928200812,12.5,938.0,450.0,12.49908966768351,-0.0009103323164900701,0.0009103323164900701,valid,,,Shared Pattern Plane,Region-SIFT(21/28),124,1,188.43040212802785,192.31929656248732,3.042198300000564
4,1,1,1,1,4,12.5,5.0,950.4610747694568,445.72433284265406,12.5,950.0,446.0,12.990733866802609,0.4907338668026089,0.4907338668026089,valid,,,Shared Pattern Plane,Region-SIFT(21/28),124,1,191.57894824093609,194.60308559800845,2.311435999999958
5,1,1,1,1,5,15.0,5.0,962.945199356766,441.6384529237367,12.5,963.0,442.0,12.356187297715943,-0.14381270228405718,0.14381270228405718,valid,,,Shared Pattern Plane,Region-SIFT(21/28),124,1,164.2691126929389,167.25573844113964,3.4925859000004493
6,1,1,1,2,1,5.0,7.5,918.0183430530456,470.82976150393256,12.5,918.0,471.0,12.69809378466272,0.19809378466272065,0.19809378466272065,valid,,,Shared Pattern Plane,Region-SIFT(21/28),124,1,170.4170679834154,171.56871704134474,2.6796447999995507
7,1,1,1,2,2,7.5,7.5,930.312119278542,466.8431376553626,12.5,930.0,467.0,12.617123982622328,0.11712398262232782,0.11712398262232782,valid,,,Shared Pattern Plane,Region-SIFT(21/28),124,1,210.4137923260845,217.10546806351954,2.6888897999997425
8,1,1,1,2,3,10.0,7.5,942.668779468473,462.83612180455464,12.5,943.0,463.0,12.55423214913302,0.05423214913301955,0.05423214913301955,valid,,,Shared Pattern Plane,Region-SIFT(21/28),124,1,218.85549844711545,223.71803803515013,2.738095799999428
9,1,1,1,2,4,12.5,7.5,955.0888073471725,458.8085570894561,12.5,955.0,459.0,12.473493050322816,-0.026506949677184366,0.026506949677184366,valid,,,Shared Pattern Plane,Region-SIFT(21/28),124,1,173.28264919563577,177.25656291350094,3.606757900000048
10,1,1,1,2,5,15.0,7.5,967.5726916130208,454.7602850350323,12.5,968.0,455.0,12.409756324988827,-0.09024367501117325,0.09024367501117325,valid,,,Shared Pattern Plane,Region-SIFT(21/28),124,1,169.39075835999986,171.41462592185027,2.6654082000004564
11,1,1,1,3,1,5.0,10.0,922.6375235642897,483.7774877983099,12.5,923.0,484.0,12.195053406857499,-0.3049465931425015,0.3049465931425015,valid,,,Shared Pattern Plane,Region-SIFT(21/28),124,1,164.64223754620426,165.1686975493118,2.4409555000002
12,1,1,1,3,2,7.5,10.0,934.9312232019137,479.82770448975833,12.5,935.0,480.0,12.092293822749973,-0.4077061772500272,0.4077061772500272,valid,,,Shared Pattern Plane,Region-SIFT(21/28),124,1,188.84634930948732,192.89597754166206,2.533172200000081
13,1,1,1,3,3,10.0,10.0,947.287745649404,475.857737144414,12.5,947.0,476.0,12.591461506467246,0.09146150646724571,0.09146150646724571,valid,,,Shared Pattern Plane,Region-SIFT(21/28),124,1,200.7548507962908,204.51704263225375,2.464046099999905
14,1,1,1,3,4,12.5,10.0,959.7075736925219,471.86743065037416,12.5,960.0,472.0,12.505370664173617,0.005370664173616646,0.005370664173616646,valid,,,Shared Pattern Plane,Region-SIFT(21/28),124,1,175.39718857618865,177.52495580689356,2.600112199999785
15,1,1,1,3,5,15.0,10.0,972.1911950766006,467.85662830229904,12.5,972.0,468.0,12.424885421107927,-0.07511457889207307,0.07511457889207307,valid,,,Shared Pattern Plane,Region-SIFT(21/28),124,1,177.35594435293206,179.97785247047756,2.619219900000644
16,1,1,1,4,1,5.0,12.5,927.2478311954198,496.70034309600743,12.5,927.0,497.0,12.2319025741199,-0.2680974258801001,0.2680974258801001,valid,,,Shared Pattern Plane,Region-SIFT(21/28),124,1,114.52553738790846,114.72842191406788,2.558048500000041
17,1,1,1,4,2,7.5,12.5,939.5414318012819,492.787266056693,12.5,940.0,493.0,12.681924982783208,0.18192498278320812,0.18192498278320812,valid,,,Shared Pattern Plane,Region-SIFT(21/28),124,1,136.69490219701532,137.97681950435864,2.469984899999872
18,1,1,1,4,3,10.0,12.5,951.8977940659312,488.8542118590322,12.5,952.0,489.0,12.068086395042032,-0.43191360495796793,0.43191360495796793,valid,,,Shared Pattern Plane,Region-SIFT(21/28),124,1,185.21077542784354,189.0549582889906,2.473880399999871
19,1,1,1,4,4,12.5,12.5,964.3173998383993,484.90102712953893,12.5,964.0,485.0,12.52074872833789,0.020748728337890654,0.020748728337890654,valid,,,Shared Pattern Plane,Region-SIFT(21/28),124,1,149.6833788059376,151.43865926080525,2.527442699999483
20,1,1,1,4,5,15.0,12.5,976.8007359128637,480.9275569206776,12.5,977.0,481.0,12.45673774070064,-0.04326225929935923,0.04326225929935923,valid,,,Shared Pattern Plane,Region-SIFT(21/28),124,1,206.8520115756484,211.19517978446189,2.428053099999488
21,1,1,1,5,1,5.0,15.0,931.8492914874798,509.59839898947354,12.5,932.0,510.0,12.80091819146173,0.3009181914617294,0.3009181914617294,valid,,,Shared Pattern Plane,Region-SIFT(21/28),124,1,155.91890938975826,159.05679388691786,2.4877118000003975
22,1,1,1,5,2,7.5,15.0,944.1427707474285,505.72189451821066,12.5,944.0,506.0,12.719629363427524,0.21962936342752393,0.21962936342752393,valid,,,Shared Pattern Plane,Region-SIFT(21/28),124,1,156.21582261998816,159.7508246482832,2.5531416000003446
23,1,1,1,5,3,10.0,15.0,956.4989505192264,501.82561868609923,12.5,956.0,502.0,12.638747094347837,0.1387470943478366,0.1387470943478366,valid,,,Shared Pattern Plane,Region-SIFT(21/28),124,1,178.28586146339538,180.96921177104008,2.4457414999997127
24,1,1,1,5,4,12.5,15.0,968.9183117170177,497.9094198464172,12.5,969.0,498.0,12.553011347705432,0.053011347705432144,0.053011347705432144,valid,,,Shared Pattern Plane,Region-SIFT(21/28),124,1,180.2522336990114,182.5521953485139,2.515292500000214
25,1,1,1,5,5,15.0,15.0,981.4013401857144,493.9731447976231,12.5,981.0,494.0,12.47287977809199,-0.027120221908010222,0.027120221908010222,valid,,,Shared Pattern Plane,Region-SIFT(21/28),124,1,229.4013175106553,236.21189750330163,2.5531008000007205
26,2,1,2,1,1,25.0,5.0,1013.5308634027568,425.0824703664396,12.0,1014.0,425.0,12.517700497680087,0.517700497680087,0.517700497680087,valid,,,Shared Pattern Plane,Region-SIFT(21/28),124,1,127.22063741583042,129.04133766938386,2.4376005000003715
27,2,1,2,1,2,27.5,5.0,1026.3421091499324,420.8895282527481,12.0,1026.0,421.0,11.402760019006037,-0.5972399809939635,0.5972399809939635,valid,,,Shared Pattern Plane,Region-SIFT(21/28),124,1,141.4442710568665,144.57607558745866,2.46945869999945
28,2,1,2,1,3,30.0,5.0,1039.2203206912227,416.6746691683059,12.0,1039.0,417.0,11.857964868022409,-0.14203513197759143,0.14203513197759143,valid,,,Shared Pattern Plane,Region-SIFT(21/28),124,1,125.86738546916418,126.55457121696811,2.545342299999902
29,2,1,2,1,4,32.5,5.0,1052.1660244588716,412.43772081917933,12.0,1052.0,412.0,12.24816918113183,0.24816918113183029,0.24816918113183029,valid,,,Shared Pattern Plane,Region-SIFT(21/28),124,1,136.05944404047003,137.45523812552497,2.666496499999994
30,2,1,2,1,5,35.0,5.0,1065.1797524174804,408.17850910077124,12.0,1065.0,408.0,12.182894145998832,0.1828941459988318,0.1828941459988318,valid,,,Shared Pattern Plane,Region-SIFT(21/28),124,1,156.57340337107422,159.21353595045065,2.5003460999996605
31,2,1,2,2,1,25.0,7.5,1018.1567442245652,438.3568962959185,12.0,1018.0,438.0,11.514817876309747,-0.4851821236902527,0.4851821236902527,valid,,,Shared Pattern Plane,Region-SIFT(21/28),124,1,160.44172683090127,162.6817744134408,2.7599418999998306
32,2,1,2,2,2,27.5,7.5,1030.9674195364944,434.2026524917321,12.0,1031.0,434.0,11.953232589451929,-0.0467674105480711,0.0467674105480711,valid,,,Shared Pattern Plane,Region-SIFT(21/28),124,1,178.28490368575646,183.32226648638985,2.7853026999991926
33,2,1,2,2,3,30.0,7.5,1043.8449915409071,430.0267154384778,12.0,1044.0,430.0,11.870687111940335,-0.12931288805966545,0.12931288805966545,valid,,,Shared Pattern Plane,Region-SIFT(21/28),124,1,197.387290608946,203.00465085433711,2.708545999999842
34,2,1,2,2,4,32.5,7.5,1056.7899856061958,425.82891476977466,12.0,1057.0,426.0,11.806453627538335,-0.19354637246166462,0.19354637246166462,valid,,,Shared Pattern Plane,Region-SIFT(21/28),124,1,168.04224789533663,172.5931543828334,2.5788149999998495
35,2,1,2,2,5,35.0,7.5,1069.8029326164508,421.6090783306123,12.0,1070.0,422.0,11.706893989272642,-0.2931060107273584,0.2931060107273584,valid,,,Shared Pattern Plane,Region-SIFT(21/28),124,1,155.70427723435498,160.3052143998085,2.387383199999931
36,2,1,2,3,1,25.0,10.0,1022.7735461176529,451.6052693348323,12.0,1023.0,452.0,11.56941334274032,-0.4305866572596795,0.4305866572596795,valid,,,Shared Pattern Plane,Region-SIFT(21/28),124,1,188.21988745492604,191.31504624419387,2.6215633000001617
37,2,1,2,3,2,27.5,10.0,1035.5836284969487,447.489579912255,12.0,1036.0,447.0,11.483200936352466,-0.5167990636475341,0.5167990636475341,valid,,,Shared Pattern Plane,Region-SIFT(21/28),124,1,219.61998369933437,222.89194989468314,2.4736037000002398
38,2,1,2,3,3,30.0,10.0,1048.460538486061,443.3524197700745,12.0,1048.0,443.0,11.388376632232948,-0.6116233677670522,0.6116233677670522,valid,,,Shared Pattern Plane,Region-SIFT(21/28),124,1,201.9868393474155,207.82006357583293,2.7165901999997004
39,2,1,2,3,4,32.5,10.0,1061.404800391785,439.1936204562962,12.0,1061.0,439.0,11.824972571375213,-0.17502742862478726,0.17502742862478726,valid,,,Shared Pattern Plane,Region-SIFT(21/28),124,1,163.34751706955925,166.6623932955923,2.75123960000019
40,2,1,2,3,5,35.0,10.0,1074.4169440200087,435.01301175214815,12.0,1074.0,435.0,11.743116459677656,-0.2568835403223435,0.2568835403223435,valid,,,Shared Pattern Plane,Region-SIFT(21/28),124,1,169.12824128822047,170.91844730770603,2.56045770000037
41,2,1,2,4,1,25.0,12.5,1027.3812957837913,464.8276661065723,12.0,1027.0,465.0,12.10903723781998,0.10903723781997954,0.10903723781997954,valid,,,Shared Pattern Plane,Region-SIFT(21/28),124,1,210.95851689091438,215.34419051072803,2.5192242000002807
42,2,1,2,4,2,27.5,12.5,1040.1907628688034,460.75038776125865,12.0,1040.0,461.0,12.02588013333713,0.025880133337130573,0.025880133337130573,valid,,,Shared Pattern Plane,Region-SIFT(21/28),124,1,210.78705120389424,213.927052808461,2.3750517000007676
43,2,1,2,4,3,30.0,12.5,1053.0669885005818,456.6518600403629,12.0,1053.0,457.0,11.94309652480325,-0.05690347519674965,0.05690347519674965,valid,,,Shared Pattern Plane,Region-SIFT(21/28),124,1,226.33007217387046,229.23531653304525,2.593007899999975
44,2,1,2,4,4,32.5,12.5,1066.0104959265755,452.5319163932024,12.0,1066.0,453.0,11.878010302871491,-0.12198969712850882,0.12198969712850882,valid,,,Shared Pattern Plane,Region-SIFT(21/28),124,1,201.79029463106994,203.70972918189787,2.6557019000001674
45,2,1,2,4,5,35.0,12.5,1079.0218138767775,448.39038852398915,12.0,1079.0,448.0,11.791199267679087,-0.20880073232091334,0.20880073232091334,valid,,,Shared Pattern Plane,Region-SIFT(21/28),124,1,191.923233116493,193.41453680805378,2.4409148999993704
46,2,1,2,5,1,25.0,15.0,1031.9800198201438,478.0241629343508,12.0,1032.0,478.0,12.140836343171637,0.14083634317163707,0.14083634317163707,valid,,,Shared Pattern Plane,Region-SIFT(21/28),124,1,236.69525506660423,241.99971384030482,2.57657829999971
47,2,1,2,5,2,27.5,15.0,1044.7888493841565,473.98515298227755,12.0,1045.0,474.0,12.05756619104676,0.057566191046760196,0.057566191046760196,valid,,,Shared Pattern Plane,Region-SIFT(21/28),124,1,207.37033078531738,209.88045857663656,2.548496200000045
48,2,1,2,5,3,30.0,15.0,1057.664368452145,469.9251138199308,12.0,1058.0,470.0,11.957190959176538,-0.04280904082346204,0.04280904082346204,valid,,,Shared Pattern Plane,Region-SIFT(21/28),124,1,247.51393395378471,253.48456470839184,2.5066507000001366
49,2,1,2,5,4,32.5,15.0,1070.607099214462,465.8438807849566,12.0,1071.0,466.0,11.373451205270056,-0.6265487947299437,0.6265487947299437,valid,,,Shared Pattern Plane,Region-SIFT(21/28),124,1,226.00393387022473,230.08119090409917,2.6668799999997646
50,2,1,2,5,5,35.0,15.0,1083.6175693275138,461.7412874913891,12.0,1084.0,462.0,11.810197323220546,-0.18980267677945406,0.18980267677945406,valid,,,Shared Pattern Plane,Region-SIFT(21/28),124,1,216.72316860723748,219.1433581838489,2.6425265999996554
51,3,1,3,1,1,45.0,5.0,1117.925743199084,390.9154817230216,11.5,1118.0,391.0,11.844674510908742,0.34467451090874235,0.34467451090874235,valid,,,Shared Pattern Plane,Region-SIFT(21/28),124,1,130.46970469762408,130.87914930458274,2.417154499999924
52,3,1,3,1,2,47.5,5.0,1131.2877703799568,386.5422765252895,11.5,1131.0,387.0,11.763463672872408,0.26346367287240824,0.26346367287240824,valid,,,Shared Pattern Plane,Region-SIFT(21/28),124,1,113.1302728319925,115.52523423442086,2.6469789000002493
53,3,1,3,1,3,50.0,5.0,1144.7211338814834,382.1457239444061,11.5,1145.0,382.0,11.687554460872226,0.18755446087222616,0.18755446087222616,valid,,,Shared Pattern Plane,Region-SIFT(21/28),124,1,99.01307262894969,99.29601768901668,2.284757200000058
54,3,1,3,1,4,52.5,5.0,1158.2264065012266,377.72563651171515,11.5,1158.0,378.0,11.593062847757205,0.09306284775720464,0.09306284775720464,valid,,,Shared Pattern Plane,Region-SIFT(21/28),124,1,109.3791280357926,111.36968952946826,2.656526499999927
55,3,1,3,1,5,55.0,5.0,1171.8041671856045,373.2818247461259,11.5,1172.0,373.0,11.503988798469308,0.003988798469308108,0.003988798469308108,valid,,,Shared Pattern Plane,Region-SIFT(21/28),124,1,164.70293287246946,166.02739246567197,2.5062166999996407
56,3,1,3,2,1,45.0,7.5,1122.54506493485,404.5058678387143,11.5,1123.0,405.0,11.374856615876983,-0.1251433841230174,0.1251433841230174,valid,,,Shared Pattern Plane,Region-SIFT(21/28),124,1,156.51229683709522,159.88486532769377,2.407318999999916
57,3,1,3,2,2,47.5,7.5,1135.9059381258598,400.17320595159373,11.5,1136.0,400.0,11.794984246536607,0.2949842465366075,0.2949842465366075,valid,,,Shared Pattern Plane,Region-SIFT(21/28),124,1,121.75296847277849,124.12223077221087,2.3785026999994443
58,3,1,3,2,3,50.0,7.5,1149.3380695418416,395.81743645832603,11.5,1149.0,396.0,11.714052139029379,0.2140521390293788,0.2140521390293788,valid,,,Shared Pattern Plane,Region-SIFT(21/28),124,1,136.12623317153367,139.98204102550537,2.478459799999655
59,3,1,3,2,4,52.5,7.5,1162.8420307747224,391.4383740031697,11.5,1163.0,391.0,11.624360834823127,0.12436083482312732,0.12436083482312732,valid,,,Shared Pattern Plane,Region-SIFT(21/28),124,1,135.7822804193648,138.61753768555505,2.4907117999991897
60,3,1,3,2,5,55.0,7.5,1176.4183995461215,387.0358312426478,11.5,1176.0,387.0,11.544244950514413,0.044244950514412906,0.044244950514412906,valid,,,Shared Pattern Plane,Region-SIFT(21/28),124,1,170.09593318404342,173.31224163826093,2.2936133000002883
61,3,1,3,3,1,45.0,10.0,1127.155128424025,418.06901550834897,11.5,1127.0,418.0,10.901922846876786,-0.5980771531232136,0.5980771531232136,valid,,,Shared Pattern Plane,Region-SIFT(21/28),124,1,151.69810855754469,152.20222964686792,2.358748999999989
62,3,1,3,3,2,47.5,10.0,1140.5148253458578,413.77674308714296,11.5,1141.0,414.0,11.325946899958842,-0.17405310004115826,0.17405310004115826,valid,,,Shared Pattern Plane,Region-SIFT(21/28),124,1,135.87370808515598,137.18919861969147,2.5498302000005424
63,3,1,3,3,3,50.0,10.0,1153.945702435634,409.46160153398097,11.5,1154.0,409.0,11.745480891677202,0.245480891677202,0.245480891677202,valid,,,Shared Pattern Plane,Region-SIFT(21/28),124,1,130.93227953633303,132.3586947735391,2.5996452999997928
64,3,1,3,3,4,52.5,10.0,1167.4483300823895,405.1234075913274,11.5,1167.0,405.0,11.66484378354658,0.16484378354657991,0.16484378354657991,valid,,,Shared Pattern Plane,Region-SIFT(21/28),124,1,141.28058512400065,142.18208356403946,2.5965979000002335
65,3,1,3,3,5,55.0,10.0,1181.0232847857587,400.76197603840296,11.5,1181.0,401.0,11.579757747220361,0.079757747220361,0.079757747220361,valid,,,Shared Pattern Plane,Region-SIFT(21/28),124,1,174.51701943231006,176.41605219663035,2.635569499999292
66,3,1,3,4,1,45.0,12.5,1131.7559614724182,431.60500653867183,11.5,1132.0,432.0,11.445820028417275,-0.05417997158272492,0.05417997158272492,valid,,,Shared Pattern Plane,Region-SIFT(21/28),124,1,131.97104899492214,133.40390054696311,2.7687544999998863
67,3,1,3,4,2,47.5,12.5,1145.1144599866536,427.3529704190954,11.5,1145.0,427.0,11.361639153336395,-0.13836084666360549,0.13836084666360549,valid,,,Shared Pattern Plane,Region-SIFT(21/28),124,1,183.23609855793143,184.9344087941882,2.475900299999921
68,3,1,3,4,3,50.0,12.5,1158.5440606510897,423.0783023464961,11.5,1159.0,423.0,11.290622527391243,-0.2093774726087574,0.2093774726087574,valid,,,Shared Pattern Plane,Region-SIFT(21/28),124,1,170.6917606010639,171.77050881137373,2.4851756999996724
69,3,1,3,4,4,52.5,12.5,1172.0453326546144,418.7808211469408,11.5,1172.0,419.0,11.19816064874641,-0.30183935125359085,0.30183935125359085,valid,,,Shared Pattern Plane,Region-SIFT(21/28),124,1,160.66497647875832,161.2720478700877,2.840440899999521
70,3,1,3,4,5,55.0,12.5,1185.618851277687,414.46034370753836,11.5,1186.0,414.0,11.611013615426177,0.11101361542617738,0.11101361542617738,valid,,,Shared Pattern Plane,Region-SIFT(21/28),124,1,218.2212742760068,221.92456989068648,2.490261500000088
71,3,1,3,5,1,45.0,15.0,1136.3475917746023,445.1139224091641,11.5,1136.0,445.0,11.481680942874027,-0.01831905712597326,0.01831905712597326,valid,,,Shared Pattern Plane,Region-SIFT(21/28),124,1,203.57681592608256,206.34003151572452,2.5817271999994773
72,3,1,3,5,2,47.5,15.0,1149.7048698828537,440.901970103747,11.5,1150.0,441.0,11.396791020244592,-0.10320897975540788,0.10320897975540788,valid,,,Shared Pattern Plane,Region-SIFT(21/28),124,1,221.1079185606941,225.7362432138541,2.414096999999856
73,3,1,3,5,3,50.0,15.0,1163.133172163475,436.66762173648783,11.5,1163.0,437.0,11.821984852460844,0.32198485246084374,0.32198485246084374,valid,,,Shared Pattern Plane,Region-SIFT(21/28),124,1,170.41356726449635,171.82032317033628,2.568227499999921
74,3,1,3,5,4,52.5,15.0,1176.6330666079457,432.41069820255683,11.5,1177.0,432.0,11.216395627258438,-0.28360437274156247,0.28360437274156247,valid,,,Shared Pattern Plane,Region-SIFT(21/28),124,1,123.25334658092922,124.49020526423286,2.339071000000331
75,3,1,3,5,5,55.0,15.0,1190.205127280357,428.13101848224716,11.5,1190.0,428.0,11.138065122650938,-0.3619348773490625,0.3619348773490625,valid,,,Shared Pattern Plane,Region-SIFT(21/28),124,1,165.08809353611457,168.26668146080294,2.530836900000395
76,4,1,4,1,1,65.0,5.0,1226.8518893783885,355.26547276912936,11.0,1227.0,355.0,10.66317692126291,-0.3368230787370905,0.3368230787370905,valid,,,Shared Pattern Plane,Region-SIFT(21/28),124,1,159.03835512090612,159.8943466735102,3.080944499999532
77,4,1,4,1,2,67.5,5.0,1240.8009956590079,350.7001247673349,11.0,1241.0,351.0,11.082661644796184,0.08266164479618432,0.08266164479618432,valid,,,Shared Pattern Plane,Region-SIFT(21/28),124,1,167.51418212910806,170.46963184397492,2.713812500000131
78,4,1,4,1,3,70.0,5.0,1254.8261975368289,346.10987173753045,11.0,1255.0,346.0,10.986601545412535,-0.013398454587465025,0.013398454587465025,valid,,,Shared Pattern Plane,Region-SIFT(21/28),124,1,159.01775613461854,160.92947344551726,2.6962366999996448
79,4,1,4,1,4,72.5,5.0,1268.9281193935176,341.4945093283023,11.0,1269.0,341.0,10.424066630772488,-0.5759333692275117,0.5759333692275117,valid,,,Shared Pattern Plane,Region-SIFT(21/28),124,1,142.76393848701758,143.4833660556329,2.703600599999845
80,4,1,4,1,5,75.0,5.0,1283.1073924603993,336.8538309464386,11.0,1283.0,337.0,10.828867677530837,-0.17113232246916255,0.17113232246916255,valid,,,Shared Pattern Plane,Region-SIFT(21/28),124,1,166.80453408458249,170.82451092200716,2.318787899999734
81,4,1,4,2,1,65.0,7.5,1231.4597236397915,369.1870391982954,11.0,1231.0,369.0,10.712803184302327,-0.28719681569767275,0.28719681569767275,valid,,,Shared Pattern Plane,Region-SIFT(21/28),124,1,136.46579437659534,137.2644153084432,2.390980600000148
82,4,1,4,2,2,67.5,7.5,1245.4070163098352,364.6642132934231,11.0,1245.0,365.0,11.122194391144655,0.1221943911446548,0.1221943911446548,valid,,,Shared Pattern Plane,Region-SIFT(21/28),124,1,155.52542337891919,157.9078478187388,2.353106200000184
83,4,1,4,2,3,70.0,7.5,1259.4303162801139,360.1167397530135,11.0,1259.0,360.0,11.035615963423444,0.035615963423444086,0.035615963423444086,valid,,,Shared Pattern Plane,Region-SIFT(21/28),124,1,129.68292770209135,131.99077886867002,2.481996400000753
84,4,1,4,2,4,72.5,7.5,1273.5302465633865,355.54441654658575,11.0,1274.0,356.0,10.453019320112679,-0.5469806798873211,0.5469806798873211,valid,,,Shared Pattern Plane,Region-SIFT(21/28),124,1,170.1236243586061,172.3341315261308,2.5271951000004265
85,4,1,4,2,5,75.0,7.5,1287.7074369999732,350.9470394296185,11.0,1288.0,351.0,10.369643860426434,-0.630356139573566,0.630356139573566,valid,,,Shared Pattern Plane,Region-SIFT(21/28),124,1,179.54196027422708,182.39415586848747,2.4111623000007967
86,4,1,4,3,1,65.0,10.0,1236.0581226609904,383.0800991066479,11.0,1236.0,383.0,10.747014548070618,-0.2529854519293817,0.2529854519293817,valid,,,Shared Pattern Plane,Region-SIFT(21/28),124,1,135.50721034902745,135.79280437673503,2.517766400000255
87,4,1,4,3,2,67.5,10.0,1250.0035798311783,378.59963060777903,11.0,1250.0,379.0,10.675443081882296,-0.32455691811770393,0.32455691811770393,valid,,,Shared Pattern Plane,Region-SIFT(21/28),124,1,159.88740033548345,161.86024969568706,2.762141100000008
88,4,1,4,3,3,70.0,10.0,1264.0249560672544,374.09477043934896,11.0,1264.0,374.0,11.070377963446361,0.07037796344636149,0.07037796344636149,valid,,,Shared Pattern Plane,Region-SIFT(21/28),124,1,165.68191031350028,169.2732031199827,2.3463050999998813
89,4,1,4,3,4,72.5,10.0,1278.1228730164107,369.5653188753376,11.0,1278.0,370.0,10.50031015279003,-0.4996898472099698,0.4996898472099698,valid,,,Shared Pattern Plane,Region-SIFT(21/28),124,1,183.4633438473656,187.3015458639903,2.565188599999601
90,4,1,4,3,5,75.0,10.0,1292.2979591313822,365.0110740032044,11.0,1292.0,365.0,10.416207258052797,-0.5837927419472031,0.5837927419472031,valid,,,Shared Pattern Plane,Region-SIFT(21/28),124,1,187.48214398742354,192.2963478072772,2.6533760000002076
91,4,1,4,4,1,65.0,12.5,1240.6471153924747,396.9447399617789,11.0,1241.0,397.0,10.781249427868268,-0.2187505721317322,0.2187505721317322,valid,,,Shared Pattern Plane,Region-SIFT(21/28),124,1,189.56490590887725,194.24910998115243,2.4780369000000064
92,4,1,4,4,2,67.5,12.5,1254.5907153193816,392.5064649218895,11.0,1255.0,393.0,10.699837970214501,-0.3001620297854988,0.3001620297854988,valid,,,Shared Pattern Plane,Region-SIFT(21/28),124,1,141.87962435616387,145.19067436522252,2.4541995999998107
93,4,1,4,4,3,70.0,12.5,1268.6101461410506,388.0440527603644,11.0,1269.0,388.0,11.10515857134497,0.10515857134497075,0.10515857134497075,valid,,,Shared Pattern Plane,Region-SIFT(21/28),124,1,200.8567521776472,205.7023802515969,2.370827400000053
94,4,1,4,4,4,72.5,12.5,1282.7060281424388,383.55730603929254,11.0,1283.0,384.0,10.53419712775509,-0.46580287224490924,0.46580287224490924,valid,,,Shared Pattern Plane,Region-SIFT(21/28),124,1,193.91486227903414,199.88063235373102,2.605871300000217
95,4,1,4,4,5,75.0,12.5,1296.8789883921127,379.04602516152664,11.0,1297.0,379.0,10.936979363284525,-0.06302063671547486,0.06302063671547486,valid,,,Shared Pattern Plane,Region-SIFT(21/28),124,1,136.33364906613787,138.310807750365,2.6625056000002587
96,4,1,4,5,1,65.0,15.0,1245.226730666416,410.7810488738062,11.0,1245.0,411.0,10.82989630666667,-0.17010369333332953,0.17010369333332953,valid,,,Shared Pattern Plane,Region-SIFT(21/28),124,1,150.63671454676876,153.1634146268341,2.569078499999705
97,4,1,4,5,2,67.5,15.0,1259.168451751552,406.38480408574975,11.0,1259.0,406.0,10.7345495546459,-0.2654504453540998,0.2654504453540998,valid,,,Shared Pattern Plane,Region-SIFT(21/28),124,1,160.20640589825058,162.81330684124214,2.382144199999857
98,4,1,4,5,3,70.0,15.0,1273.1859156241374,401.96467531432245,11.0,1273.0,402.0,10.66201948950303,-0.33798051049697087,0.33798051049697087,valid,,,Shared Pattern Plane,Region-SIFT(21/28),124,1,214.81510389015156,221.48398808009014,2.5765195000003587
99,4,1,4,5,4,72.5,15.0,1287.2797412102225,397.52046739348964,11.0,1287.0,398.0,10.572764591439203,-0.4272354085607972,0.4272354085607972,valid,,,Shared Pattern Plane,Region-SIFT(21/28),124,1,135.0157172051687,138.7233641376425,2.6915314999996554
100,4,1,4,5,5,75.0,15.0,1301.4505541976146,393.0519830250308,11.0,1301.0,393.0,10.976238410004843,-0.023761589995157095,0.023761589995157095,valid,,,Shared Pattern Plane,Region-SIFT(21/28),124,1,117.75591078813746,117.97614950278853,2.3822533000002295
101,5,1,5,1,1,85.0,5.0,1340.6108665127597,318.03374562484805,10.5,1341.0,318.0,10.492407116634629,-0.007592883365370895,0.007592883365370895,valid,,,Shared Pattern Plane,Region-SIFT(21/28),124,1,136.07444022698377,137.45215227247803,2.536988100000599
102,5,1,5,1,2,87.5,5.0,1355.186610519747,313.2633078320396,10.5,1355.0,313.0,10.402739773232318,-0.09726022676768231,0.09726022676768231,valid,,,Shared Pattern Plane,Region-SIFT(21/28),124,1,138.30455531518925,142.80635511204585,2.3876124999997046
103,5,1,5,1,3,90.0,5.0,1369.843642352979,308.46626566704765,10.5,1370.0,308.0,10.31536451596985,-0.1846354840301494,0.1846354840301494,valid,,,Shared Pattern Plane,Region-SIFT(21/28),124,1,135.07614389702127,136.89772712348528,2.3418462999998155
104,5,1,5,1,4,92.5,5.0,1384.582643918048,303.6423959516791,10.5,1385.0,304.0,10.70311674167463,0.20311674167463067,0.20311674167463067,valid,,,Shared Pattern Plane,Region-SIFT(21/28),124,1,164.84368603923335,168.69762525051328,2.3580567999997584
105,5,1,5,1,5,95.0,5.0,1399.4043047690748,298.7914730044846,10.5,1399.0,299.0,10.154605232170894,-0.34539476782910583,0.34539476782910583,valid,,,Shared Pattern Plane,Region-SIFT(21/28),124,1,205.05578196893924,207.774753649971,2.4078968000003442
106,5,1,5,2,1,85.0,7.5,1345.2016413460892,332.30282775725925,10.5,1345.0,332.0,10.524542878294785,0.024542878294784742,0.024542878294784742,valid,,,Shared Pattern Plane,Region-SIFT(21/28),124,1,170.04121150062198,173.0100590848281,2.4500290000005407
107,5,1,5,2,2,87.5,7.5,1359.774825771284,327.5770377710549,10.5,1360.0,328.0,10.440587156448148,-0.05941284355185239,0.05941284355185239,valid,,,Shared Pattern Plane,Region-SIFT(21/28),124,1,139.59677620034998,141.22357355889358,2.689970600000379
108,5,1,5,2,3,90.0,7.5,1374.429198132671,322.8249201734882,10.5,1374.0,323.0,10.35259287547393,-0.14740712452607063,0.14740712452607063,valid,,,Shared Pattern Plane,Region-SIFT(21/28),124,1,163.58619275673357,165.75362266892407,2.3601982000000135
109,5,1,5,2,4,92.5,7.5,1389.1654387784306,318.04625434135676,10.5,1389.0,318.0,10.741951488442115,0.24195148844211545,0.24195148844211545,valid,,,Shared Pattern Plane,Region-SIFT(21/28),124,1,193.2186323332408,196.40437872430786,2.4136819000004834
110,5,1,5,2,5,95.0,7.5,1403.9842356797185,313.2408171794807,10.5,1404.0,313.0,10.653589430029912,0.15358943002991232,0.15358943002991232,valid,,,Shared Pattern Plane,Region-SIFT(21/28),124,1,174.42158201913986,176.78190355329616,2.5525893000003634
111,5,1,5,3,1,85.0,10.0,1349.7828077711888,346.54204496029195,10.5,1350.0,347.0,10.56260418964171,0.06260418964171066,0.06260418964171066,valid,,,Shared Pattern Plane,Region-SIFT(21/28),124,1,160.95243095266756,162.637142539982,2.555287400000452
112,5,1,5,3,2,87.5,10.0,1364.353411324509,341.8607262029755,10.5,1364.0,342.0,10.478985236680412,-0.02101476331958807,0.02101476331958807,valid,,,Shared Pattern Plane,Region-SIFT(21/28),124,1,159.65400232436164,162.38621614219173,2.478480199999467
113,5,1,5,3,3,90.0,10.0,1379.005103015717,337.15335502995066,10.5,1379.0,337.0,10.39130979593397,-0.10869020406602914,0.10869020406602914,valid,,,Shared Pattern Plane,Region-SIFT(21/28),124,1,150.23937180635158,153.5390198505026,2.409726199999568
114,5,1,5,3,4,92.5,10.0,1393.7385616396364,332.41971335451126,10.5,1394.0,332.0,10.304098585475053,-0.19590141452494692,0.19590141452494692,valid,,,Shared Pattern Plane,Region-SIFT(21/28),124,1,211.24401234924477,213.5059287415938,2.5904180999996242
115,5,1,5,3,5,95.0,10.0,1408.5544735886124,327.6595806489796,10.5,1409.0,328.0,10.221320215283248,-0.27867978471675237,0.27867978471675237,valid,,,Shared Pattern Plane,Region-SIFT(21/28),124,1,175.55644627172478,179.11345295275305,2.517670999999609
116,5,1,5,4,1,85.0,12.5,1354.3543959218596,360.7514908960609,10.5,1354.0,361.0,10.12095880803898,-0.3790411919610204,0.3790411919610204,valid,,,Shared Pattern Plane,Region-SIFT(21/28),124,1,193.0891689169344,197.10363560209,2.8420373999997537
117,5,1,5,4,2,87.5,12.5,1368.9223974637073,356.1144676048602,10.5,1369.0,356.0,10.512883917383213,0.012883917383213372,0.012883917383213372,valid,,,Shared Pattern Plane,Region-SIFT(21/28),124,1,162.58207177661714,165.5354783299155,2.5788093000001027
118,5,1,5,4,3,90.0,12.5,1383.571387437434,351.45166553790466,10.5,1384.0,351.0,10.425086441570754,-0.07491355842924641,0.07491355842924641,valid,,,Shared Pattern Plane,Region-SIFT(21/28),124,1,153.88662443463764,156.72484606376818,2.5855323999994653
119,5,1,5,4,4,92.5,12.5,1398.3020430885535,346.76286912662744,10.5,1398.0,347.0,10.346226370771245,-0.15377362922875548,0.15377362922875548,valid,,,Shared Pattern Plane,Region-SIFT(21/28),124,1,130.56404032076478,132.17848039954575,2.536445600000661
120,5,1,5,4,5,95.0,12.5,1413.115049234746,342.04786039222535,10.5,1413.0,342.0,10.259293129731416,-0.24070687026858373,0.24070687026858373,valid,,,Shared Pattern Plane,Region-SIFT(21/28),124,1,135.25953151965268,137.49813283878512,2.5847413000001325
121,5,1,5,5,1,85.0,15.0,1358.9164358060268,374.9312588354329,10.5,1359.0,375.0,10.630119385175671,0.13011938517567145,0.13011938517567145,valid,,,Shared Pattern Plane,Region-SIFT(21/28),124,1,179.7688999882451,181.7812022776261,2.4966098999993847
122,5,1,5,5,2,87.5,15.0,1373.4818143463099,370.3383560580235,10.5,1373.0,370.0,10.551411286486058,0.05141128648605786,0.05141128648605786,valid,,,Shared Pattern Plane,Region-SIFT(21/28),124,1,175.76124826057878,179.43574863174842,2.3850270999992063
123,5,1,5,5,3,90.0,15.0,1388.1280817052989,365.719946598514,10.5,1388.0,366.0,10.467442937318177,-0.03255706268182301,0.03255706268182301,valid,,,Shared Pattern Plane,Region-SIFT(21/28),124,1,159.66395730215407,162.80658743366817,2.4049377000001186
124,5,1,5,5,4,92.5,15.0,1402.8559135832343,361.0758173882564,10.5,1403.0,361.0,10.37991931126405,-0.12008068873594979,0.12008068873594979,valid,,,Shared Pattern Plane,Region-SIFT(21/28),124,1,125.71297119029614,127.47691291235853,2.4781683999999586
125,5,1,5,5,5,95.0,15.0,1417.66599322727,356.4057529788335,10.5,1418.0,356.0,10.29288895759373,-0.20711104240626987,0.20711104240626987,valid,,,Shared Pattern Plane,Region-SIFT(21/28),124,1,152.33640717955495,154.3917183683111,2.7426068000004307
126,6,1,6,1,1,105.0,5.0,1459.5316058869694,279.1126456667596,10.0,1460.0,279.0,11.187391860840204,1.1873918608402043,1.1873918608402043,valid,,,Shared Pattern Plane,Region-SIFT(21/28),124,1,280.04991077746035,285.9154687664466,2.4440401000001657
127,6,1,6,1,2,107.5,5.0,1474.7771818085964,274.122981227346,10.0,1475.0,274.0,9.719185435361405,-0.2808145646385949,0.2808145646385949,valid,,,Shared Pattern Plane,Region-SIFT(21/28),124,1,234.33073751358756,240.1839094063687,2.6411301999996795
128,6,1,6,1,3,110.0,5.0,1490.1097211114968,269.1048548857188,10.0,1490.0,269.0,10.094630044702775,0.09463004470277525,0.09463004470277525,valid,,,Shared Pattern Plane,Region-SIFT(21/28),124,1,187.39852194710383,189.0170085791864,2.6852020000005723
129,6,1,6,1,4,112.5,5.0,1505.5299700049989,264.0580224179688,10.0,1506.0,264.0,9.090068885518393,-0.9099311144816067,0.9099311144816067,valid,,,Shared Pattern Plane,Region-SIFT(21/28),124,1,182.26148983990703,185.016337722992,2.6277154999997947
130,6,1,6,1,5,115.0,5.0,1521.0386832602812,258.9822367980125,10.0,1521.0,259.0,9.921906470046265,-0.07809352995373509,0.07809352995373509,valid,,,Shared Pattern Plane,Region-SIFT(21/28),124,1,153.0683547272253,153.950166537118,2.49877749999996
131,6,1,6,2,1,105.0,7.5,1464.0990181139716,293.7468048509538,10.0,1464.0,294.0,9.379516144419304,-0.6204838555806962,0.6204838555806962,valid,,,Shared Pattern Plane,Region-SIFT(21/28),124,1,292.26019573413504,297.42099668914796,2.453119699999661
132,6,1,6,2,2,107.5,7.5,1479.3411902612336,288.80407562994674,10.0,1479.0,289.0,9.298594745698253,-0.701405254301747,0.701405254301747,valid,,,Shared Pattern Plane,Region-SIFT(21/28),124,1,295.9271342444042,303.3103592700341,2.5882818999998563
133,6,1,6,2,3,110.0,7.5,1494.6702126977511,283.8331826106042,10.0,1495.0,284.0,9.672845758870162,-0.32715424112983804,0.32715424112983804,valid,,,Shared Pattern Plane,Region-SIFT(21/28),124,1,211.04068719167557,215.18668583938813,2.5719398000001092
134,6,1,6,2,4,112.5,7.5,1510.0868298571995,278.83388438808845,10.0,1510.0,279.0,10.04770460577624,0.04770460577623936,0.04770460577623936,valid,,,Shared Pattern Plane,Region-SIFT(21/28),124,1,184.71267836686795,187.0267218609942,2.7309689000003345
135,6,1,6,2,5,115.0,7.5,1525.5917947054784,273.805936790735,10.0,1526.0,274.0,9.959280320985867,-0.04071967901413309,0.04071967901413309,valid,,,Shared Pattern Plane,Region-SIFT(21/28),124,1,195.50911163148425,197.99277034701007,2.803546400000414
136,6,1,6,3,1,105.0,10.0,1468.6566544152129,308.3496416042731,10.0,1469.0,308.0,8.947779063342818,-1.0522209366571822,1.0522209366571822,valid,,,Shared Pattern Plane,Region-SIFT(21/28),124,1,276.7250940393518,280.9181740782827,4.461309899999833
137,6,1,6,3,2,107.5,10.0,1483.8954023512943,303.453657969131,10.0,1484.0,303.0,9.330749604235896,-0.6692503957641041,0.6692503957641041,valid,,,Shared Pattern Plane,Region-SIFT(21/28),124,1,234.66667784837188,239.41773494260914,2.3943916999996873
138,6,1,6,3,3,110.0,10.0,1499.2208876117234,298.5298069184806,10.0,1499.0,299.0,9.714628381907135,-0.2853716180928654,0.2853716180928654,valid,,,Shared Pattern Plane,Region-SIFT(21/28),124,1,231.59716681778116,235.7932281218073,2.772868500000186
139,6,1,6,3,4,112.5,10.0,1514.633852859448,293.57784984573453,10.0,1515.0,294.0,9.626436265446854,-0.3735637345531462,0.3735637345531462,valid,,,Shared Pattern Plane,Region-SIFT(21/28),124,1,221.99400834280348,225.93753745412738,2.421996300000501
140,6,1,6,3,5,115.0,10.0,1530.135049260127,288.59754541251067,10.0,1530.0,289.0,10.454433421668018,0.4544334216680177,0.4544334216680177,valid,,,Shared Pattern Plane,Region-SIFT(21/28),124,1,258.4835024869001,263.9030207865905,2.7965847999994367
141,6,1,6,4,1,105.0,12.5,1473.2045461432028,322.9212563813287,10.0,1473.0,323.0,9.919121023303708,-0.08087897669629207,0.08087897669629207,valid,,,Shared Pattern Plane,Region-SIFT(21/28),124,1,259.8605040817664,265.31890749851215,2.506579099999726
142,6,1,6,4,2,107.5,12.5,1488.439849585896,318.07182959417884,10.0,1488.0,318.0,9.370964294044908,-0.6290357059550917,0.6290357059550917,valid,,,Shared Pattern Plane,Region-SIFT(21/28),124,1,230.40000755269693,234.5663251940117,2.54997800000001
143,6,1,6,4,3,110.0,12.5,1503.7617775156104,313.19483006393483,10.0,1504.0,313.0,9.747113560983992,-0.2528864390160077,0.2528864390160077,valid,,,Shared Pattern Plane,Region-SIFT(21/28),124,1,213.01055516641605,216.5978575471097,2.576594400000431
144,6,1,6,4,4,112.5,12.5,1519.1710708294734,308.2900219615968,10.0,1519.0,308.0,9.663354845784923,-0.336645154215077,0.336645154215077,valid,,,Shared Pattern Plane,Region-SIFT(21/28),124,1,228.69028203550468,233.13413364765128,2.4672276999999667
145,6,1,6,4,5,115.0,12.5,1534.668478897936,303.3571667610894,10.0,1535.0,303.0,9.115554478064425,-0.8844455219355751,0.8844455219355751,valid,,,Shared Pattern Plane,Region-SIFT(21/28),124,1,253.4632848113933,259.05702851621953,2.6499880000001212
146,6,1,6,5,1,105.0,15.0,1477.7427245165272,337.46174920763156,10.0,1478.0,337.0,9.953281803522554,-0.04671819647744613,0.04671819647744613,valid,,,Shared Pattern Plane,Region-SIFT(21/28),124,1,264.00749006725493,269.2706005105137,2.475399599999946
147,6,1,6,5,2,107.5,15.0,1492.9745633371895,332.65869142022217,10.0,1493.0,333.0,9.407005069744617,-0.592994930255383,0.592994930255383,valid,,,Shared Pattern Plane,Region-SIFT(21/28),124,1,209.11521937153327,214.18433136204058,2.4632851000005758
148,6,1,6,5,3,110.0,15.0,1508.2929139355895,327.82835386228356,10.0,1508.0,328.0,10.249992568813225,0.24999256881322474,0.24999256881322474,valid,,,Shared Pattern Plane,Region-SIFT(21/28),124,1,164.05250389058753,165.62137636282412,2.5449273000003814
149,6,1,6,5,4,112.5,15.0,1523.6985154479314,322.970503461897,10.0,1524.0,323.0,9.699919976441198,-0.30008002355880237,0.30008002355880237,valid,,,Shared Pattern Plane,Region-SIFT(21/28),124,1,172.54198471957415,174.16577771218618,2.605634900000041
150,6,1,6,5,5,115.0,15.0,1539.1921154544734,318.0849044844786,10.0,1539.0,318.0,9.615182871423144,-0.3848171285768558,0.3848171285768558,valid,,,Shared Pattern Plane,Region-SIFT(21/28),124,1,202.593570452897,205.32678939182125,2.567116199999873
151,7,2,1,1,1,5.0,25.0,950.1671666680166,560.9440507895752,9.5,950.0,561.0,10.1874859059424,0.6874859059424008,0.6874859059424008,valid,,,Shared Pattern Plane,Region-SIFT(21/28),124,1,230.5414077768881,234.74063577606324,2.551985699999932
152,7,2,1,1,2,7.5,25.0,962.4599399714972,557.2125108698889,9.5,962.0,557.0,9.563471598618008,0.06347159861800833,0.06347159861800833,valid,,,Shared Pattern Plane,Region-SIFT(21/28),124,1,230.95606817820715,232.97694068972424,2.3150036000006367
153,7,2,1,1,3,10.0,25.0,974.8151692532905,553.462012089533,9.5,975.0,553.0,10.563413713413473,1.063413713413473,1.063413713413473,valid,,,Shared Pattern Plane,Region-SIFT(21/28),124,1,241.00954484889115,243.51515179116512,2.4582600000003367
154,7,2,1,1,4,12.5,25.0,987.2333317064174,549.6924095939046,9.5,987.0,550.0,10.536077264910542,1.036077264910542,1.036077264910542,valid,,,Shared Pattern Plane,Region-SIFT(21/28),124,1,207.2704024330018,209.6827371845111,2.4696678999998767
155,7,2,1,1,5,15.0,25.0,999.7149093976154,545.9035570489553,9.5,1000.0,546.0,9.913933891957994,0.4139338919579938,0.4139338919579938,valid,,,Shared Pattern Plane,Region-SIFT(21/28),124,1,201.68854174891476,204.61886541148112,2.371274299999641
156,7,2,1,2,1,5.0,27.5,954.7247699690353,573.7191739864911,9.5,955.0,574.0,9.707827177180775,0.20782717718077492,0.20782717718077492,valid,,,Shared Pattern Plane,Region-SIFT(21/28),124,1,175.20603514575453,176.34180551273445,2.4325794999995196
157,7,2,1,2,2,7.5,27.5,967.0173122759186,570.0235465724137,9.5,967.0,570.0,9.635666341596375,0.1356663415963748,0.1356663415963748,valid,,,Shared Pattern Plane,Region-SIFT(21/28),124,1,195.73422934264732,199.52949323391226,2.4538822000004075
158,7,2,1,2,3,10.0,27.5,979.3722494444343,566.3091607798502,9.5,979.0,566.0,8.96782223586346,-0.5321777641365397,0.5321777641365397,valid,,,Shared Pattern Plane,Region-SIFT(21/28),124,1,244.02607606857543,248.92562277279953,2.508380500000385
159,7,2,1,2,4,12.5,27.5,991.7900577419246,562.5758734238841,9.5,992.0,563.0,9.470669377210747,-0.029330622789252914,0.029330622789252914,valid,,,Shared Pattern Plane,Region-SIFT(21/28),124,1,157.70890969170466,162.18142150267957,2.453790399999889
160,7,2,1,2,5,15.0,27.5,1004.2712182953031,558.8235398586185,9.5,1004.0,559.0,9.94692110038912,0.4469211003891207,0.4469211003891207,valid,,,Shared Pattern Plane,Region-SIFT(21/28),124,1,146.81232348043454,150.18604684879972,2.3531474999999773
161,7,2,1,3,1,5.0,30.0,959.2736771369438,586.4699216148292,9.5,959.0,586.0,9.179103281448187,-0.320896718551813,0.320896718551813,valid,,,Shared Pattern Plane,Region-SIFT(21/28),124,1,166.2062907178566,166.92262775686112,2.3948331999999937
162,7,2,1,3,2,7.5,30.0,971.5659668959743,582.8100763627168,9.5,972.0,583.0,9.641246840999688,0.14124684099968832,0.14124684099968832,valid,,,Shared Pattern Plane,Region-SIFT(21/28),124,1,207.13163587378443,212.56501887806292,3.032134400000359
163,7,2,1,3,3,10.0,30.0,983.9205904078755,579.131672168864,9.5,984.0,579.0,8.994907236932503,-0.5050927630674966,0.5050927630674966,valid,,,Shared Pattern Plane,Region-SIFT(21/28),124,1,226.2347082773844,230.68311390712557,2.8074369999994815
164,7,2,1,3,4,12.5,30.0,996.3380230161524,575.434567506859,9.5,996.0,575.0,9.498918633154492,-0.0010813668455078584,0.0010813668455078584,valid,,,Shared Pattern Plane,Region-SIFT(21/28),124,1,158.61505334389904,161.48051773572345,2.5610962999999174
165,7,2,1,3,5,15.0,30.0,1008.8187449097794,571.7186194076231,9.5,1009.0,572.0,9.427575686626245,-0.07242431337375521,0.07242431337375521,valid,,,Shared Pattern Plane,Region-SIFT(21/28),124,1,134.77593210210244,135.7504837399491,2.5819151999994574
166,7,2,1,4,1,5.0,32.5,963.8139130370004,599.196363372786,9.5,964.0,599.0,9.741494648046503,0.241494648046503,0.241494648046503,valid,,,Shared Pattern Plane,Region-SIFT(21/28),124,1,225.23953615723462,230.94783617715058,2.48440010000013
167,7,2,1,4,2,7.5,32.5,976.105928821526,595.5721704887374,9.5,976.0,596.0,9.673638746423379,0.17363874642337862,0.17363874642337862,valid,,,Shared Pattern Plane,Region-SIFT(21/28),124,1,200.32008045236898,204.11175857564166,2.6375167000005604
168,7,2,1,4,3,10.0,32.5,988.4602172586888,591.9296170600458,9.5,988.0,592.0,9.602217900627414,0.10221790062741398,0.10221790062741398,valid,,,Shared Pattern Plane,Region-SIFT(21/28),124,1,204.23750536782404,208.38125158379793,2.6754989000000933
169,7,2,1,4,4,12.5,32.5,1000.8772527699953,588.2685632076976,9.5,1001.0,588.0,9.526509591399183,0.026509591399182852,0.026509591399182852,valid,,,Shared Pattern Plane,Region-SIFT(21/28),124,1,114.1041494066753,114.37049468351009,2.981828100000712
170,7,2,1,4,5,15.0,32.5,1013.357514608367,584.588867628179,9.5,1013.0,585.0,9.459679633265822,-0.04032036673417849,0.04032036673417849,valid,,,Shared Pattern Plane,Region-SIFT(21/28),124,1,144.43673411374368,147.38179144399498,2.682327799999257
171,7,2,1,5,1,5.0,35.0,968.345502439755,611.8985686930896,9.5,968.0,612.0,9.773994721036349,0.2739947210363489,0.2739947210363489,valid,,,Shared Pattern Plane,Region-SIFT(21/28),124,1,258.7699889258733,263.07146559978287,2.4499955999999656
172,7,2,1,5,2,7.5,35.0,980.637222947013,608.309898930176,9.5,981.0,608.0,10.252103124650715,0.7521031246507146,0.7521031246507146,valid,,,Shared Pattern Plane,Region-SIFT(21/28),124,1,220.90920249141715,224.93180380008602,2.788965900000221
173,7,2,1,5,3,10.0,35.0,992.9911550158051,604.7030659858225,9.5,993.0,605.0,9.629918493397003,0.12991849339700323,0.12991849339700323,valid,,,Shared Pattern Plane,Region-SIFT(21/28),124,1,192.4179229120729,194.85008324504517,2.454856800000016
174,7,2,1,5,4,12.5,35.0,1005.4077721474778,601.0779316173832,9.5,1005.0,601.0,10.10996448612198,0.6099644861219797,0.6099644861219797,valid,,,Shared Pattern Plane,Region-SIFT(21/28),124,1,132.51598031281162,135.11865210304083,2.599105499999496
175,7,2,1,5,5,15.0,35.0,1017.8875526607845,597.4343561757307,9.5,1018.0,597.0,9.502775137149966,0.0027751371499658006,0.0027751371499658006,valid,,,Shared Pattern Plane,Region-SIFT(21/28),124,1,168.2886410132918,170.1876582090094,2.665518200000406
176,8,2,2,1,1,25.0,25.0,1050.2851879783234,530.5526668458347,9.0,1050.0,531.0,9.102641454033042,0.10264145403304248,0.10264145403304248,valid,,,Shared Pattern Plane,Region-SIFT(21/28),124,1,163.24942424965917,163.89507039669087,2.486284099999466
177,8,2,2,1,2,27.5,25.0,1063.0912478619598,526.6653159210313,9.0,1063.0,527.0,8.993380868214151,-0.006619131785848609,0.006619131785848609,valid,,,Shared Pattern Plane,Region-SIFT(21/28),124,1,177.6645851861863,178.6007610827412,2.4751667000000452
178,8,2,2,1,3,30.0,25.0,1075.9637212936775,522.7578047931754,9.0,1076.0,523.0,8.95535362235825,-0.04464637764174917,0.04464637764174917,valid,,,Shared Pattern Plane,Region-SIFT(21/28),124,1,169.7691499952286,171.55148716257858,2.627102200000081
179,8,2,2,1,4,32.5,25.0,1088.9031262579076,518.8299762252033,9.0,1089.0,519.0,9.399305105533287,0.399305105533287,0.399305105533287,valid,,,Shared Pattern Plane,Region-SIFT(21/28),124,1,149.1126958947964,151.73813412915524,2.4667887000005067
180,8,2,2,1,5,35.0,25.0,1101.9099861397317,514.8816713406535,9.0,1102.0,515.0,8.79353712222433,-0.20646287777566918,0.20646287777566918,valid,,,Shared Pattern Plane,Region-SIFT(21/28),124,1,100.09367756767878,100.2411218036899,2.4942572999998447
181,8,2,2,2,1,25.0,27.5,1054.8391791976358,543.6207983980491,9.0,1055.0,544.0,8.006402148229895,-0.9935978517701045,0.9935978517701045,valid,,,Shared Pattern Plane,Region-SIFT(21/28),124,1,133.34172615626503,135.04891714862936,2.489465399999972
182,8,2,2,2,2,27.5,27.5,1067.6444924228852,539.7710116395701,9.0,1068.0,540.0,9.055556510130726,0.05555651013072627,0.05555651013072627,valid,,,Shared Pattern Plane,Region-SIFT(21/28),124,1,93.6689684910749,94.65026082628492,4.297537100000227
183,8,2,2,2,3,30.0,27.5,1080.516150264166,535.9012790492479,9.0,1081.0,536.0,8.965177461808008,-0.034822538191992436,0.034822538191992436,valid,,,Shared Pattern Plane,Region-SIFT(21/28),124,1,87.74891154324567,89.86371079443741,2.804098499999782
184,8,2,2,2,4,32.5,27.5,1093.4546696600366,532.0114452147792,9.0,1093.0,532.0,8.896998992307301,-0.10300100769269882,0.10300100769269882,valid,,,Shared Pattern Plane,Region-SIFT(21/28),124,1,88.21681693697732,89.90813587218193,2.5688042000001587
185,8,2,2,2,5,35.0,27.5,1106.4605729334928,528.1013531050852,9.0,1106.0,528.0,8.824759237122647,-0.1752407628773529,0.1752407628773529,valid,,,Shared Pattern Plane,Region-SIFT(21/28),124,1,88.72167646922762,88.90682255147625,2.538170799999534
186,8,2,2,3,1,25.0,30.0,1059.384302201859,556.6634817234594,9.0,1059.0,557.0,8.59995498059929,-0.4000450194007108,0.4000450194007108,valid,,,Shared Pattern Plane,Region-SIFT(21/28),124,1,90.92564450773611,91.11663131732017,2.4620916999992914
187,8,2,2,3,2,27.5,30.0,1072.1888473349964,552.8511201025055,9.0,1072.0,553.0,9.069702777624576,0.06970277762457577,0.06970277762457577,valid,,,Shared Pattern Plane,Region-SIFT(21/28),124,1,86.02835873699692,87.11934973784417,2.4141357999997126
188,8,2,2,3,3,30.0,30.0,1085.0596681761044,549.0190258816943,9.0,1085.0,549.0,9.533846261274512,0.5338462612745118,0.5338462612745118,valid,,,Shared Pattern Plane,Region-SIFT(21/28),124,1,79.01784594954637,79.87213613921661,2.482111899999836
189,8,2,2,3,4,32.5,30.0,1097.9972806201079,545.1670454610347,9.0,1098.0,545.0,9.475201435138235,0.475201435138235,0.475201435138235,valid,,,Shared Pattern Plane,Region-SIFT(21/28),124,1,75.66348715635834,76.7564444219326,2.3664072000001397
190,8,2,2,3,5,35.0,30.0,1111.0022059302128,541.2950236422115,9.0,1111.0,541.0,8.85162249668363,-0.1483775033163699,0.1483775033163699,valid,,,Shared Pattern Plane,Region-SIFT(21/28),124,1,92.9801313137882,94.11825002244241,2.436268100000234
191,8,2,2,4,1,25.0,32.5,1063.920582870075,569.6807910846672,9.0,1064.0,570.0,8.626339556838326,-0.3736604431616737,0.3736604431616737,valid,,,Shared Pattern Plane,Region-SIFT(21/28),124,1,108.74937762280621,111.78685884654355,2.478859200000443
192,8,2,2,4,2,27.5,32.5,1076.724338606819,565.9057161707034,9.0,1077.0,566.0,8.554642567007273,-0.44535743299272745,0.44535743299272745,valid,,,Shared Pattern Plane,Region-SIFT(21/28),124,1,117.94774219876244,119.3202923605293,2.5137336000007053
193,8,2,2,4,3,30.0,32.5,1089.5943011680624,562.1111207560805,9.0,1090.0,562.0,9.039945136438691,0.03994513643869091,0.03994513643869091,valid,,,Shared Pattern Plane,Region-SIFT(21/28),124,1,95.71260844462763,96.04632929575475,2.3274375000000873
194,8,2,2,4,4,32.5,32.5,1102.5309854073337,558.2968530407577,9.0,1103.0,558.0,8.95094842582876,-0.04905157417124073,0.04905157417124073,valid,,,Shared Pattern Plane,Region-SIFT(21/28),124,1,81.79645463802197,82.35927978861527,2.632988899999873
195,8,2,2,4,5,35.0,32.5,1115.53491153034,554.4627596466516,9.0,1116.0,554.0,8.893620318894618,-0.10637968110538232,0.10637968110538232,valid,,,Shared Pattern Plane,Region-SIFT(21/28),124,1,92.02497360214355,93.0990138410033,2.305855700000393
196,8,2,2,5,1,25.0,35.0,1068.4480469807684,582.6728004556055,9.0,1068.0,583.0,9.21921300313307,0.21921300313307057,0.21921300313307057,valid,,,Shared Pattern Plane,Region-SIFT(21/28),124,1,125.70498323339635,127.33060821024925,2.5974887000002127
197,8,2,2,5,2,27.5,35.0,1081.2509921455212,578.9348744132861,9.0,1081.0,579.0,8.585303574989013,-0.41469642501098747,0.41469642501098747,valid,,,Shared Pattern Plane,Region-SIFT(21/28),124,1,126.41213023927476,126.94991026878722,2.3978135999996084
198,8,2,2,5,3,30.0,35.0,1094.1200752764823,575.1776388431124,9.0,1094.0,575.0,8.497882117972061,-0.5021178820279388,0.5021178820279388,valid,,,Shared Pattern Plane,Region-SIFT(21/28),124,1,119.55556828836914,120.18835254105524,2.4026113999998415
199,8,2,2,5,4,32.5,35.0,1107.0558101880201,571.4009437327175,9.0,1107.0,571.0,8.982394047510889,-0.017605952489111232,0.017605952489111232,valid,,,Shared Pattern Plane,Region-SIFT(21/28),124,1,90.68039126875539,90.93548207372386,2.7316682999999102
200,8,2,2,5,5,35.0,35.0,1120.058716030634,567.6046375118065,9.0,1120.0,568.0,8.913624345481832,-0.08637565451816798,0.08637565451816798,valid,,,Shared Pattern Plane,Region-SIFT(21/28),124,1,118.2252933946236,118.48548275809576,2.6730704999999944
201,9,2,3,1,1,45.0,25.0,1154.622635550461,498.88045251943885,8.5,1155.0,499.0,8.504243080578595,0.0042430805785951264,0.0042430805785951264,valid,,,Shared Pattern Plane,Region-SIFT(21/28),124,1,155.8746264962292,159.2475889467502,2.645069700000022
202,9,2,3,1,2,47.5,25.0,1167.9748148217982,494.8273240076082,8.5,1168.0,495.0,8.433926734264768,-0.06607326573523231,0.06607326573523231,valid,,,Shared Pattern Plane,Region-SIFT(21/28),124,1,143.10432073098642,145.22875071371175,2.8079132000002573
203,9,2,3,1,3,50.0,25.0,1181.397706765585,490.7527302695379,8.5,1181.0,491.0,8.363933639970316,-0.13606636002968386,0.13606636002968386,valid,,,Shared Pattern Plane,Region-SIFT(21/28),124,1,137.54924101148333,138.96104387207944,2.576019900000574
204,9,2,3,1,4,52.5,25.0,1194.891874610986,486.65650033387254,8.5,1195.0,487.0,8.809537034634609,0.3095370346346087,0.3095370346346087,valid,,,Shared Pattern Plane,Region-SIFT(21/28),124,1,144.80802242793732,146.00695622487294,2.525488299999779
205,9,2,3,1,5,55.0,25.0,1208.4578875846128,482.5384614086983,8.5,1208.0,483.0,8.220746944611495,-0.2792530553885051,0.2792530553885051,valid,,,Shared Pattern Plane,Region-SIFT(21/28),124,1,115.72346290103974,116.75267265235834,2.4130516999994143
206,9,2,3,2,1,45.0,27.5,1159.1686636856346,512.2552034426002,8.5,1159.0,512.0,8.53506152713611,0.03506152713610966,0.03506152713610966,valid,,,Shared Pattern Plane,Region-SIFT(21/28),124,1,87.30985557187802,88.45068776754268,2.425647900000513
207,9,2,3,2,2,47.5,27.5,1172.519514629857,508.241406335463,8.5,1173.0,508.0,8.460356764839636,-0.03964323516036394,0.03964323516036394,valid,,,Shared Pattern Plane,Region-SIFT(21/28),124,1,83.45072045401922,85.57365432585956,2.7541993999993792
208,9,2,3,2,3,50.0,27.5,1185.941000477407,504.2063735653838,8.5,1186.0,504.0,8.390283547813786,-0.1097164521862144,0.1097164521862144,valid,,,Shared Pattern Plane,Region-SIFT(21/28),124,1,87.8581229691783,88.31526138171965,2.6121829000003345
209,9,2,3,2,4,52.5,27.5,1199.433683273685,500.1499361591483,8.5,1199.0,500.0,8.3205803259298,-0.17941967407019987,0.17941967407019987,valid,,,Shared Pattern Plane,Region-SIFT(21/28),124,1,91.00283931045936,92.37902913552936,2.394018099999812
210,9,2,3,2,5,55.0,27.5,1212.9981310429123,496.07192334606975,8.5,1213.0,496.0,8.246983694456164,-0.25301630554383614,0.25301630554383614,valid,,,Shared Pattern Plane,Region-SIFT(21/28),124,1,114.95500480788094,117.3990558002414,2.444892599999548
211,9,2,3,3,1,45.0,30.0,1163.7056529369613,525.6033613011163,8.5,1164.0,526.0,8.56533164175214,0.0653316417521399,0.0653316417521399,valid,,,Shared Pattern Plane,Region-SIFT(21/28),124,1,89.52950695431421,90.74160821400069,2.4117229000003135
212,9,2,3,3,2,47.5,30.0,1177.0551543781423,521.6287470977956,8.5,1177.0,522.0,8.494814535417829,-0.005185464582170951,0.005185464582170951,valid,,,Shared Pattern Plane,Region-SIFT(21/28),124,1,79.9337609669519,81.05488812049494,2.428092799999831
213,9,2,3,3,3,50.0,30.0,1190.4752129970525,517.6331255510933,8.5,1190.0,518.0,8.42464301615169,-0.07535698384831058,0.07535698384831058,valid,,,Shared Pattern Plane,Region-SIFT(21/28),124,1,78.11733688803577,78.5873433765146,2.4361423999998806
214,9,2,3,3,4,52.5,30.0,1203.966389658045,513.6163296720448,8.5,1204.0,514.0,8.350580692236694,-0.14941930776330636,0.14941930776330636,valid,,,Shared Pattern Plane,Region-SIFT(21/28),124,1,77.70079564871611,78.3904304476406,2.5109733999997843
215,9,2,3,3,5,55.0,30.0,1217.5292511857378,509.5781906971058,8.5,1218.0,510.0,8.276873457347303,-0.2231265426526967,0.2231265426526967,valid,,,Shared Pattern Plane,Region-SIFT(21/28),124,1,89.20124035133887,90.34797352650808,2.611463699999149
216,9,2,3,4,1,45.0,32.5,1168.2336302357342,538.9250053288429,8.5,1168.0,539.0,8.596230571057529,0.09623057105752864,0.09623057105752864,valid,,,Shared Pattern Plane,Region-SIFT(21/28),124,1,76.3156002708213,77.49781160986028,2.827376300000651
217,9,2,3,4,2,47.5,32.5,1181.58176113212,534.9894261807152,8.5,1182.0,535.0,8.521331995364129,0.021331995364128886,0.021331995364128886,valid,,,Shared Pattern Plane,Region-SIFT(21/28),124,1,72.75816328033568,73.16184332374071,2.543633100000079
218,9,2,3,4,3,50.0,32.5,1195.0003715247376,531.0330667721979,8.5,1195.0,531.0,8.451072438839073,-0.04892756116092656,0.04892756116092656,valid,,,Shared Pattern Plane,Region-SIFT(21/28),124,1,73.61900485810779,73.85003867570606,2.5670405999999275
219,9,2,3,4,4,52.5,32.5,1208.4900210996082,527.0557620847841,8.5,1208.0,527.0,8.381155724463483,-0.11884427553651733,0.11884427553651733,valid,,,Shared Pattern Plane,Region-SIFT(21/28),124,1,97.59222251044379,98.84895878650397,2.4394806999998764
220,9,2,3,4,5,55.0,32.5,1222.051275484526,523.0573453480866,8.5,1222.0,523.0,8.30736823128343,-0.19263176871656995,0.19263176871656995,valid,,,Shared Pattern Plane,Region-SIFT(21/28),124,1,80.7411351567223,81.93761321563107,2.443584099999498
221,9,2,3,5,1,45.0,35.0,1172.7526224063638,552.2202144451802,8.5,1173.0,552.0,8.62288100983522,0.12288100983522021,0.12288100983522021,valid,,,Shared Pattern Plane,Region-SIFT(21/28),124,1,101.7767175507924,104.63748801159004,2.4871619999994437
222,9,2,3,5,2,47.5,35.0,1186.099361849558,548.3235231524521,8.5,1186.0,548.0,8.552160056205189,0.05216005620518871,0.05216005620518871,valid,,,Shared Pattern Plane,Region-SIFT(21/28),124,1,92.59533807386165,93.00263427189452,2.2726353000007293
223,9,2,3,5,3,50.0,35.0,1199.5165031521594,544.4062774528812,8.5,1200.0,544.0,8.477516127185229,-0.022483872814770933,0.022483872814770933,valid,,,Shared Pattern Plane,Region-SIFT(21/28),124,1,106.24843466370194,108.7212836481803,2.710463299999901
224,9,2,3,5,4,52.5,35.0,1213.004604824568,540.4683142847229,8.5,1213.0,540.0,8.407509224310392,-0.09249077568960828,0.09249077568960828,valid,,,Shared Pattern Plane,Region-SIFT(21/28),124,1,95.14366273173579,97.53252165050742,2.4582432999995945
225,9,2,3,5,5,55.0,35.0,1226.5642313005317,536.5094688568626,8.5,1227.0,537.0,8.337294241446923,-0.16270575855307712,0.16270575855307712,valid,,,Shared Pattern Plane,Region-SIFT(21/28),124,1,91.9496884598303,93.1467344704892,2.3038307999995595
226,10,2,4,1,1,65.0,25.0,1263.4519897227244,465.84469488348464,8.0,1263.0,466.0,7.931102068094143,-0.06889793190585713,0.06889793190585713,valid,,,Shared Pattern Plane,Region-SIFT(21/28),124,1,127.63635057519983,129.86524607657861,2.3303986999999324
227,10,2,4,1,2,67.5,25.0,1277.3859823228247,461.61495368967525,8.0,1277.0,462.0,7.859497466920954,-0.14050253307904637,0.14050253307904637,valid,,,Shared Pattern Plane,Region-SIFT(21/28),124,1,117.14385301801894,117.41817260527596,2.4044223999999303
228,10,2,4,1,3,70.0,25.0,1291.3953659308486,457.36232713479194,8.0,1291.0,457.0,7.7847477487513785,-0.21525225124862146,0.21525225124862146,valid,,,Shared Pattern Plane,Region-SIFT(21/28),124,1,117.46994893866241,117.81370528299195,2.3760645000002114
229,10,2,4,1,4,72.5,25.0,1305.4807540703873,453.0866289803254,8.0,1305.0,453.0,7.713882035762785,-0.28611796423721536,0.28611796423721536,valid,,,Shared Pattern Plane,Region-SIFT(21/28),124,1,129.11404889020972,129.46848362562886,2.363741600001049
230,10,2,4,1,5,75.0,25.0,1319.6427669401892,448.78767096148516,8.0,1320.0,449.0,7.6393612427232505,-0.36063875727674954,0.36063875727674954,valid,,,Shared Pattern Plane,Region-SIFT(21/28),124,1,114.25809117927753,116.34456072148298,2.4220893000001524
231,10,2,4,2,1,65.0,27.5,1267.9851460924212,479.54063834724025,8.0,1268.0,480.0,7.960576520263212,-0.03942347973678828,0.03942347973678828,valid,,,Shared Pattern Plane,Region-SIFT(21/28),124,1,113.02045633729803,114.47668185468834,2.848648000001049
232,10,2,4,2,2,67.5,27.5,1281.9171540006507,475.3521223288764,8.0,1282.0,475.0,7.885338423635372,-0.11466157636462793,0.11466157636462793,valid,,,Shared Pattern Plane,Region-SIFT(21/28),124,1,124.1965272822708,126.62115003592275,2.341038300000946
233,10,2,4,2,3,70.0,27.5,1295.9244651371882,471.14096716329976,8.0,1296.0,471.0,7.814035973304797,-0.18596402669520273,0.18596402669520273,valid,,,Shared Pattern Plane,Region-SIFT(21/28),124,1,101.79495713294499,102.93457689891561,2.4540539999998146
234,10,2,4,2,4,72.5,27.5,1310.0076916832759,466.9069888044665,8.0,1310.0,467.0,7.743080200594042,-0.2569197994059582,0.2569197994059582,valid,,,Shared Pattern Plane,Region-SIFT(21/28),124,1,79.77962361391259,80.03849806098404,2.4548801999990246
235,10,2,4,2,5,75.0,27.5,1324.1674524738623,462.65000120596403,8.0,1324.0,463.0,7.672497647351661,-0.32750235264833893,0.32750235264833893,valid,,,Shared Pattern Plane,Region-SIFT(21/28),124,1,66.73117125097406,66.83938782161815,2.528968000000532
236,10,2,4,3,1,65.0,30.0,1272.5090955464648,493.2087651230245,8.0,1273.0,493.0,7.9865235865152195,-0.013476413484780458,0.013476413484780458,valid,,,Shared Pattern Plane,Region-SIFT(21/28),124,1,107.87296841737455,109.09658548171659,2.2933649999995396
237,10,2,4,3,2,67.5,30.0,1286.4390980150195,489.06131542928443,8.0,1286.0,489.0,7.918863046559201,-0.08113695344079908,0.08113695344079908,valid,,,Shared Pattern Plane,Region-SIFT(21/28),124,1,88.0824141472105,89.10474459182653,2.416741799999727
238,10,2,4,3,3,70.0,30.0,1300.444315999484,484.891471441708,8.0,1300.0,485.0,7.847430248455635,-0.15256975154436514,0.15256975154436514,valid,,,Shared Pattern Plane,Region-SIFT(21/28),124,1,73.24701041494097,74.4107931874228,2.408567200000107
239,10,2,4,3,4,72.5,30.0,1314.525360342043,480.6990512911788,8.0,1315.0,481.0,7.772293505610651,-0.22770649438934942,0.22770649438934942,valid,,,Shared Pattern Plane,Region-SIFT(21/28),124,1,72.43216808788361,72.49506765801418,2.46494900000107
240,10,2,4,3,5,75.0,30.0,1328.6828485172211,476.48387113390197,8.0,1329.0,476.0,7.698103300110304,-0.3018966998896957,0.3018966998896957,valid,,,Shared Pattern Plane,Region-SIFT(21/28),124,1,90.32027621243996,92.00490746816429,2.353356299998268
241,10,2,4,4,1,65.0,32.5,1277.0238661054973,506.849159869097,8.0,1277.0,507.0,8.020186266462138,0.02018626646213839,0.02018626646213839,valid,,,Shared Pattern Plane,Region-SIFT(21/28),124,1,87.62213292853542,87.80401578477901,2.592126100000314
242,10,2,4,4,2,67.5,32.5,1290.9518425252568,502.74261836162185,8.0,1291.0,503.0,7.948291791293145,-0.051708208706855,0.051708208706855,valid,,,Shared Pattern Plane,Region-SIFT(21/28),124,1,75.5282889742069,75.8947235294511,2.396206600000369
243,10,2,4,4,3,70.0,32.5,1304.9549468162859,498.61392606120756,8.0,1305.0,499.0,7.876771777095726,-0.12322822290427382,0.12322822290427382,valid,,,Shared Pattern Plane,Region-SIFT(21/28),124,1,82.77694074287618,83.92835020270131,2.504396899999847
244,10,2,4,4,4,72.5,32.5,1319.0337884850023,494.46290326024047,8.0,1319.0,494.0,7.802054567117528,-0.1979454328824719,0.1979454328824719,valid,,,Shared Pattern Plane,Region-SIFT(21/28),124,1,85.72272024053746,85.8537653988692,2.5134096999991016
245,10,2,4,4,5,75.0,32.5,1333.188983648872,490.2893683018975,8.0,1333.0,490.0,7.7313002357536496,-0.26869976424635045,0.26869976424635045,valid,,,Shared Pattern Plane,Region-SIFT(21/28),124,1,81.2444110305221,81.52011610068752,2.376950300000317
246,10,2,4,5,1,65.0,35.0,1281.5294856765709,520.4619069005298,8.0,1282.0,520.0,8.046180635585594,0.04618063558559449,0.04618063558559449,valid,,,Shared Pattern Plane,Region-SIFT(21/28),124,1,94.65617971521206,95.08941438335273,2.5705422000010003
247,10,2,4,5,2,67.5,35.0,1295.455415576229,516.3961161496052,8.0,1295.0,516.0,7.978311135203102,-0.021688864796898244,0.021688864796898244,valid,,,Shared Pattern Plane,Region-SIFT(21/28),124,1,86.53516618536894,87.91176284379279,2.6459749000005104
248,10,2,4,5,3,70.0,35.0,1309.4563857708101,512.3084167621126,8.0,1309.0,512.0,7.906662612193962,-0.09333738780603795,0.09333738780603795,valid,,,Shared Pattern Plane,Region-SIFT(21/28),124,1,82.53849483419347,83.88289333438487,2.535281099999338
249,10,2,4,5,4,72.5,35.0,1323.5330044342484,508.1986311766269,8.0,1324.0,508.0,7.831360915072453,-0.16863908492754742,0.16863908492754742,valid,,,Shared Pattern Plane,Region-SIFT(21/28),124,1,98.39229688694866,100.01400462063681,2.4726424000000407
250,10,2,4,5,5,75.0,35.0,1337.6858863303137,504.0665799077661,8.0,1338.0,504.0,7.760480434786161,-0.23951956521383888,0.23951956521383888,valid,,,Shared Pattern Plane,Region-SIFT(21/28),124,1,95.61283154210085,95.94863013430954,2.615551899998536
251,11,2,5,1,1,85.0,25.0,1377.0697084671738,431.3554024665659,7.5,1377.0,431.0,7.3502744254908965,-0.1497255745091035,0.1497255745091035,valid,,,Shared Pattern Plane,Region-SIFT(21/28),124,1,94.56983562651135,94.65188499475644,2.485584000000017
252,11,2,5,1,2,87.5,25.0,1391.6243880565187,426.9372482742559,7.5,1392.0,427.0,7.7720056904114445,0.2720056904114445,0.2720056904114445,valid,,,Shared Pattern Plane,Region-SIFT(21/28),124,1,123.9024399242704,124.16828308242842,2.4502809000005072
253,11,2,5,1,3,90.0,25.0,1406.2595589507496,422.4946604972736,7.5,1406.0,422.0,7.695284605387352,0.19528460538735182,0.19528460538735182,valid,,,Shared Pattern Plane,Region-SIFT(21/28),124,1,128.25545802293,128.38935838931735,2.3457980000002863
254,11,2,5,1,4,92.5,25.0,1420.9758907092366,418.0274358871364,7.5,1421.0,418.0,7.622300049112729,0.12230004911272907,0.12230004911272907,valid,,,Shared Pattern Plane,Region-SIFT(21/28),124,1,144.0598437546422,144.56374736550643,2.428490000000238
255,11,2,5,1,5,95.0,25.0,1435.774060338221,413.5353689348229,7.5,1436.0,414.0,7.551815818887134,0.0518158188871336,0.0518158188871336,valid,,,Shared Pattern Plane,Region-SIFT(21/28),124,1,102.65150348294978,103.94763414328646,2.54950800000006
256,11,2,5,2,1,85.0,27.5,1381.5844527777886,445.38816593544664,7.5,1382.0,445.0,7.378972705031049,-0.12102729496895126,0.12102729496895126,valid,,,Shared Pattern Plane,Region-SIFT(21/28),124,1,98.33148688664511,98.57459971346242,2.3922911999998178
257,11,2,5,2,2,87.5,27.5,1396.1364066239157,441.01326949665014,7.5,1396.0,441.0,7.805470097873604,0.305470097873604,0.305470097873604,valid,,,Shared Pattern Plane,Region-SIFT(21/28),124,1,88.84704963038207,89.94656531480939,2.6649250999998912
258,11,2,5,2,3,90.0,27.5,1410.7687526337581,436.61420397413735,7.5,1411.0,437.0,7.235066665974432,-0.2649333340255682,0.2649333340255682,valid,,,Shared Pattern Plane,Region-SIFT(21/28),124,1,87.45187559329644,87.60547619693652,2.503516999999192
259,11,2,5,2,4,92.5,27.5,1425.4821588414811,432.19076853025285,7.5,1425.0,432.0,7.655796940253784,0.15579694025378377,0.15579694025378377,valid,,,Shared Pattern Plane,Region-SIFT(21/28),124,1,116.90418649451443,118.76640583474827,2.435736600000382
260,11,2,5,2,5,95.0,27.5,1440.2773007033518,427.74276009596184,7.5,1440.0,428.0,7.5848737204481465,0.08487372044814645,0.08487372044814645,valid,,,Shared Pattern Plane,Region-SIFT(21/28),124,1,80.59718452231593,80.88176429053958,2.4377914999986388
261,11,2,5,3,1,85.0,30.0,1386.0898262625474,459.3918029303349,7.5,1386.0,459.0,7.4116611175395875,-0.08833888246041255,0.08833888246041255,valid,,,Shared Pattern Plane,Region-SIFT(21/28),124,1,81.15982407892822,83.0536196180549,2.4421678999988217
262,11,2,5,3,2,87.5,30.0,1400.639034252227,455.0599940625925,7.5,1401.0,455.0,7.338935810136645,-0.1610641898633549,0.1610641898633549,valid,,,Shared Pattern Plane,Region-SIFT(21/28),124,1,96.42032660782021,97.62625687888044,2.586996200001522
263,11,2,5,3,3,90.0,30.0,1415.2685353603651,450.70427912086996,7.5,1415.0,451.0,7.270471927339314,-0.22952807266068564,0.22952807266068564,valid,,,Shared Pattern Plane,Region-SIFT(21/28),124,1,101.19366430933513,102.74360625593138,2.4484661999995296
264,11,2,5,3,4,92.5,30.0,1429.9789960999094,446.3244596609147,7.5,1430.0,446.0,7.68539557292966,0.1853955729296599,0.1853955729296599,valid,,,Shared Pattern Plane,Region-SIFT(21/28),124,1,105.28101801897483,106.46943890128773,2.477047799999127
265,11,2,5,3,5,95.0,30.0,1444.7710903812401,441.92033503600044,7.5,1445.0,442.0,7.614051928280653,0.11405192828065314,0.11405192828065314,valid,,,Shared Pattern Plane,Region-SIFT(21/28),124,1,91.10791197226791,92.29193106472916,2.419503799999802
266,11,2,5,4,1,85.0,32.5,1390.5858580664028,473.3664040398,7.5,1391.0,473.0,7.4404371472844595,-0.059562852715540515,0.059562852715540515,valid,,,Shared Pattern Plane,Region-SIFT(21/28),124,1,92.47135593449629,93.07784868289828,2.772684000001391
267,11,2,5,4,2,87.5,32.5,1405.132300229249,469.07751334042536,7.5,1405.0,469.0,7.371537257395689,-0.12846274260431123,0.12846274260431123,valid,,,Shared Pattern Plane,Region-SIFT(21/28),124,1,97.11965301150367,98.35110563448707,2.3227249999999913
268,11,2,5,4,3,90.0,32.5,1419.7589365616993,464.764978094549,7.5,1420.0,465.0,7.299036402687543,-0.20096359731245705,0.20096359731245705,valid,,,Shared Pattern Plane,Region-SIFT(21/28),124,1,82.3746550829953,83.59630826748399,2.58364100000108
269,11,2,5,4,4,92.5,32.5,1434.4664320594634,460.42860223402647,7.5,1434.0,460.0,7.718961610414402,0.21896161041440187,0.21896161041440187,valid,,,Shared Pattern Plane,Region-SIFT(21/28),124,1,80.50934706617285,80.71647945077817,2.430233600000065
270,11,2,5,4,5,95.0,32.5,1449.2554590911084,456.068187516892,7.5,1449.0,456.0,7.647222197921661,0.14722219792166058,0.14722219792166058,valid,,,Shared Pattern Plane,Region-SIFT(21/28),124,1,110.47433843965885,112.01719943201262,2.911092700000154
271,11,2,5,5,1,85.0,35.0,1395.072577213572,487.3120594771383,7.5,1395.0,487.0,7.4731816270205895,-0.026818372979410476,0.026818372979410476,valid,,,Shared Pattern Plane,Region-SIFT(21/28),124,1,74.8506492372543,75.21922872330087,2.389494700000796
272,11,2,5,5,2,87.5,35.0,1409.6162337211192,483.06591831894804,7.5,1410.0,483.0,7.40023766851519,-0.0997623314848104,0.0997623314848104,valid,,,Shared Pattern Plane,Region-SIFT(21/28),124,1,84.87222308633189,86.0786464725483,2.567717800000537
273,11,2,5,5,3,90.0,35.0,1424.239985546297,478.7963926683784,7.5,1424.0,479.0,7.3315522197452445,-0.16844778025475549,0.16844778025475549,valid,,,Shared Pattern Plane,Region-SIFT(21/28),124,1,84.88987342390435,85.02087959752686,2.3979553999997734
274,11,2,5,5,4,92.5,35.0,1438.9444961715508,474.50328881622625,7.5,1439.0,475.0,7.2593441364239855,-0.24065586357601454,0.24065586357601454,valid,,,Shared Pattern Plane,Region-SIFT(21/28),124,1,78.69215383453974,79.92198620106521,2.359824299999673
275,11,2,5,5,5,95.0,35.0,1453.7304364276993,470.1864109078685,7.5,1454.0,470.0,7.676444095118321,0.17644409511832126,0.17644409511832126,valid,,,Shared Pattern Plane,Region-SIFT(21/28),124,1,126.86532248542422,130.6974328257528,2.600139500000296
276,12,2,6,1,1,105.0,25.0,1495.7989241873624,395.31448662477453,7.0,1496.0,395.0,6.7712067341636155,-0.22879326583638449,0.22879326583638449,valid,,,Shared Pattern Plane,Region-SIFT(21/28),124,1,195.23170062372924,200.38826580679117,2.5252194999993662
277,12,2,6,1,2,107.5,25.0,1511.0167062687858,390.69504397143584,7.0,1511.0,391.0,6.702451959390634,-0.29754804060936557,0.29754804060936557,valid,,,Shared Pattern Plane,Region-SIFT(21/28),124,1,136.22274422014831,137.59072280682298,2.527257899999313
278,12,2,6,1,3,110.0,25.0,1526.3205505801795,386.049476648034,7.0,1526.0,386.0,6.629408958543906,-0.3705910414560938,0.3705910414560938,valid,,,Shared Pattern Plane,Region-SIFT(21/28),124,1,174.97826268736014,175.66020998647448,2.5370209999982762
279,12,2,6,1,4,112.5,25.0,1541.7111892627947,381.37756240900796,7.0,1542.0,381.0,6.553730256531012,-0.44626974346898773,0.44626974346898773,valid,,,Shared Pattern Plane,Region-SIFT(21/28),124,1,177.28942624753114,178.8970004644708,2.680910600000061
280,12,2,6,1,5,115.0,25.0,1557.1893627860427,376.6790764807362,7.0,1557.0,377.0,6.959719110500591,-0.040280889499409334,0.040280889499409334,valid,,,Shared Pattern Plane,Region-SIFT(21/28),124,1,156.95803319840206,157.9772609394889,2.589947700000266
281,12,2,6,2,1,105.0,27.5,1500.2889994285051,409.7008552208533,7.0,1500.0,410.0,6.806267137400977,-0.19373286259902311,0.19373286259902311,valid,,,Shared Pattern Plane,Region-SIFT(21/28),124,1,142.35659250128208,143.53715689301885,2.5979741999999533
282,12,2,6,2,2,107.5,27.5,1515.5032185122607,405.12685549597774,7.0,1516.0,405.0,7.210198015481777,0.21019801548177686,0.21019801548177686,valid,,,Shared Pattern Plane,Region-SIFT(21/28),124,1,126.3069191698044,128.7398816495717,2.6568400000014663
283,12,2,6,2,3,110.0,27.5,1530.8033877635585,400.5270157302476,7.0,1531.0,401.0,6.660463610890453,-0.3395363891095471,0.3395363891095471,valid,,,Shared Pattern Plane,Region-SIFT(21/28),124,1,134.79373139880954,137.47324495937843,2.573748399998294
284,12,2,6,2,4,112.5,27.5,1546.1902375870338,395.90111633496235,7.0,1546.0,396.0,6.588370332939669,-0.411629667060331,0.411629667060331,valid,,,Shared Pattern Plane,Region-SIFT(21/28),124,1,134.22837207582262,134.4048392804264,2.636396500000046
285,12,2,6,2,5,115.0,27.5,1561.6645066868064,391.24893522626616,7.0,1562.0,391.0,6.990743558322588,-0.009256441677411686,0.009256441677411686,valid,,,Shared Pattern Plane,Region-SIFT(21/28),124,1,158.29254427309388,165.48690987280617,2.9263346000007004
286,12,2,6,3,1,105.0,30.0,1504.7695458537519,424.0566931352849,7.0,1505.0,424.0,6.8342304348889735,-0.16576956511102647,0.16576956511102647,valid,,,Shared Pattern Plane,Region-SIFT(21/28),124,1,176.53060537620826,178.57452625444577,2.5101670999993075
287,12,2,6,3,2,107.5,30.0,1519.980182711145,419.52795372420485,7.0,1520.0,420.0,6.764580171155818,-0.235419828844182,0.235419828844182,valid,,,Shared Pattern Plane,Region-SIFT(21/28),124,1,132.724226841094,137.45260840871256,2.5789679999998043
288,12,2,6,3,3,110.0,30.0,1535.2766578042988,414.97365726348164,7.0,1535.0,415.0,6.691972838086056,-0.30802716191394364,0.30802716191394364,valid,,,Shared Pattern Plane,Region-SIFT(21/28),124,1,163.63954053253093,164.34698912277165,2.4568015999993804
289,12,2,6,3,4,112.5,30.0,1550.6596998060609,410.3935868016839,7.0,1551.0,410.0,6.616057516118103,-0.38394248388189656,0.38394248388189656,valid,,,Shared Pattern Plane,Region-SIFT(21/28),124,1,124.87946283401004,127.23333228108373,2.4932155999995302
290,12,2,6,3,5,115.0,30.0,1566.130045660198,405.7875229248373,7.0,1566.0,406.0,6.547529892768332,-0.4524701072316679,0.4524701072316679,valid,,,Shared Pattern Plane,Region-SIFT(21/28),124,1,125.78165263322293,127.60413305234918,2.437722999999096
291,12,2,6,4,1,105.0,32.5,1509.2405937639612,438.382097453149,7.0,1509.0,438.0,6.866013014211355,-0.13398698578864465,0.13398698578864465,valid,,,Shared Pattern Plane,Region-SIFT(21/28),124,1,155.32941424405132,156.75878661865383,2.4494627000003675
292,12,2,6,4,2,107.5,32.5,1524.4476293127825,433.89843659640826,7.0,1524.0,434.0,6.796234437615256,-0.20376556238474386,0.20376556238474386,valid,,,Shared Pattern Plane,Region-SIFT(21/28),124,1,151.4866204892517,151.93158190837352,2.669126900000265
293,12,2,6,4,3,110.0,32.5,1539.7403912966379,429.3895000532974,7.0,1540.0,429.0,6.719769340160676,-0.28023065983932405,0.28023065983932405,valid,,,Shared Pattern Plane,Region-SIFT(21/28),124,1,140.06424852906082,143.00435822769438,4.025201299999026
294,12,2,6,4,4,112.5,32.5,1555.1196066614002,424.8550734902112,7.0,1555.0,425.0,6.650767156101726,-0.3492328438982737,0.3492328438982737,valid,,,Shared Pattern Plane,Region-SIFT(21/28),124,1,141.55148130043472,143.2643575976776,2.8769675999992614
295,12,2,6,4,5,115.0,32.5,1570.5860105954143,420.29494014332386,7.0,1571.0,420.0,6.57518443861203,-0.4248155613879696,0.4248155613879696,valid,,,Shared Pattern Plane,Region-SIFT(21/28),124,1,133.4706756879413,137.28842786431773,2.581568100000368
296,12,2,6,5,1,105.0,35.0,1513.7021733316546,452.67716484833136,7.0,1514.0,453.0,6.897388582842532,-0.10261141715746813,0.10261141715746813,valid,,,Shared Pattern Plane,Region-SIFT(21/28),124,1,174.23424475836376,176.11430277902076,2.6700151000004553
297,12,2,6,5,2,107.5,35.0,1528.9055886351969,448.2384016368978,7.0,1529.0,448.0,6.826049682024502,-0.17395031797549798,0.17395031797549798,valid,,,Shared Pattern Plane,Region-SIFT(21/28),124,1,148.67736692731344,149.18741644250736,2.8769756000001507
298,12,2,6,5,3,110.0,35.0,1544.194618704502,443.7746424844182,7.0,1544.0,444.0,6.754662241711165,-0.24533775828883542,0.24533775828883542,valid,,,Shared Pattern Plane,Region-SIFT(21/28),124,1,145.34468301238203,146.16388792872522,2.6292701000002126
299,12,2,6,5,4,112.5,35.0,1559.569988763271,439.28567565581744,7.0,1560.0,439.0,6.678516278104432,-0.32148372189556795,0.32148372189556795,valid,,,Shared Pattern Plane,Region-SIFT(21/28),124,1,136.61890494129645,137.14311362415935,2.6780048000000534
300,12,2,6,5,5,115.0,35.0,1575.032432249343,434.7712870178346,7.0,1575.0,435.0,6.6097750550038885,-0.3902249449961115,0.3902249449961115,valid,,,Shared Pattern Plane,Region-SIFT(21/28),124,1,147.10470187676646,148.61676460827974,2.8262658000003285
301,13,3,1,1,1,5.0,45.0,986.3858871991478,662.4664050314354,6.5,986.0,662.0,6.493961877883107,-0.006038122116892808,0.006038122116892808,valid,,,Shared Pattern Plane,Region-SIFT(21/28),124,1,180.79584918097845,183.11466491240967,2.560469699999885
302,13,3,1,1,2,7.5,45.0,998.6762160227256,659.018546127234,6.5,999.0,659.0,6.984329833074864,0.484329833074864,0.484329833074864,valid,,,Shared Pattern Plane,Region-SIFT(21/28),124,1,205.6688785330959,208.06284608342946,2.6375255000002653
303,13,3,1,1,3,10.0,45.0,1011.028512146575,655.5533032692689,6.5,1011.0,656.0,6.924907701615754,0.4249077016157541,0.4249077016157541,valid,,,Shared Pattern Plane,Region-SIFT(21/28),124,1,238.5623542715002,240.9284773040426,2.4926521999987017
304,13,3,1,1,4,12.5,45.0,1023.4432454097756,652.0705446515583,6.5,1023.0,652.0,6.3119123846710385,-0.18808761532896145,0.18808761532896145,valid,,,Shared Pattern Plane,Region-SIFT(21/28),124,1,192.6972065648074,193.01698873519874,2.7964981000004627
305,13,3,1,1,5,15.0,45.0,1035.920890413232,648.5701371322657,6.5,1036.0,649.0,6.2310683000361,-0.26893169996390043,0.26893169996390043,valid,,,Shared Pattern Plane,Region-SIFT(21/28),124,1,222.8321366779388,224.15560116195883,2.64023300000008
306,13,3,1,2,1,5.0,47.5,990.87461239027,675.0484604509743,6.5,991.0,675.0,6.473694927193794,-0.026305072806206198,0.026305072806206198,valid,,,Shared Pattern Plane,Region-SIFT(21/28),124,1,174.73806434106575,179.45836407672303,2.579736200001207
307,13,3,1,2,2,7.5,47.5,1003.1645412564014,671.6354865420814,6.5,1003.0,672.0,7.011821851756786,0.5118218517567863,0.5118218517567863,valid,,,Shared Pattern Plane,Region-SIFT(21/28),124,1,205.01661461623257,208.61951061320542,2.8785023000000365
308,13,3,1,2,3,10.0,47.5,1015.5163763861866,668.2053209582037,6.5,1016.0,668.0,6.944844369889843,0.444844369889843,0.444844369889843,valid,,,Shared Pattern Plane,Region-SIFT(21/28),124,1,171.14051796191583,175.09179983034528,2.511271299999862
309,13,3,1,2,4,12.5,47.5,1027.9305867077273,664.7578334756934,6.5,1028.0,665.0,6.314487312039905,-0.18551268796009523,0.18551268796009523,valid,,,Shared Pattern Plane,Region-SIFT(21/28),124,1,179.55739584271868,181.41824505343726,2.574499599999399
310,13,3,1,2,5,15.0,47.5,1040.4076458971685,661.2928925523466,6.5,1040.0,661.0,6.254140740498873,-0.24585925950112664,0.24585925950112664,valid,,,Shared Pattern Plane,Region-SIFT(21/28),124,1,197.04933405830747,200.94593583961816,2.453370899998845
311,13,3,1,3,1,5.0,50.0,995.3548377435802,687.606690524595,6.5,995.0,688.0,7.119932684346013,0.6199326843460131,0.6199326843460131,valid,,,Shared Pattern Plane,Region-SIFT(21/28),124,1,217.54453689232074,222.28296923931885,2.442967499999213
312,13,3,1,3,2,7.5,50.0,1007.6443460780775,684.2284755886765,6.5,1008.0,684.0,7.0519545236922605,0.5519545236922605,0.5519545236922605,valid,,,Shared Pattern Plane,Region-SIFT(21/28),124,1,275.55444963041435,283.5930053924345,2.5733392000001913
313,13,3,1,3,3,10.0,50.0,1019.9956996522351,680.8332602564321,6.5,1020.0,681.0,6.991835873039168,0.4918358730391681,0.4918358730391681,valid,,,Shared Pattern Plane,Region-SIFT(21/28),124,1,224.22397899829522,228.28101158675975,2.473926800001209
314,13,3,1,3,4,12.5,50.0,1032.4093664850102,677.420915875959,6.5,1032.0,677.0,6.947728005565884,0.4477280055658843,0.4477280055658843,valid,,,Shared Pattern Plane,Region-SIFT(21/28),124,1,237.5688178158311,243.64337616015382,2.6146678000004613
315,13,3,1,3,5,15.0,50.0,1044.885819329665,673.99131249396,6.5,1045.0,674.0,6.27639762454383,-0.2236023754561698,0.2236023754561698,valid,,,Shared Pattern Plane,Region-SIFT(21/28),124,1,235.652739646952,241.4777929287006,2.45268230000147
316,13,3,1,4,1,5.0,52.5,999.826587379146,700.1411628617002,6.5,1000.0,700.0,7.715362015749355,1.2153620157493554,1.2153620157493554,valid,,,Shared Pattern Plane,Region-SIFT(21/28),124,1,223.8822931400682,229.4364415210306,2.6241317999993043
317,13,3,1,4,2,7.5,52.5,1012.1156547268325,696.7975814044634,6.5,1012.0,697.0,6.482468763855154,-0.017531236144845863,0.017531236144845863,valid,,,Shared Pattern Plane,Region-SIFT(21/28),124,1,219.5009833754686,222.8944651968846,2.469305599999643
318,13,3,1,4,3,10.0,52.5,1024.466506303372,693.4371898349457,6.5,1024.0,693.0,6.44087281231302,-0.05912718768697989,0.05912718768697989,valid,,,Shared Pattern Plane,Region-SIFT(21/28),124,1,211.98887072568218,215.05484950395612,2.4271434000002046
319,13,3,1,4,4,12.5,52.5,1036.8796092204095,690.0598610624746,6.5,1037.0,690.0,5.765264766242002,-0.7347352337579984,0.7347352337579984,valid,,,Shared Pattern Plane,Region-SIFT(21/28),124,1,194.98385023187706,196.2682389527559,2.418592500000159
320,13,3,1,4,5,15.0,52.5,1049.3554353102027,686.6654667120036,6.5,1049.0,687.0,6.302668443641451,-0.1973315563585487,0.1973315563585487,valid,,,Shared Pattern Plane,Region-SIFT(21/28),124,1,189.89973774561807,192.73153856396766,3.7713445000008505
321,13,3,1,5,1,5.0,55.0,1004.28988532586,712.6519448161266,6.5,1004.0,713.0,6.567183889596597,0.06718388959659727,0.06718388959659727,valid,,,Shared Pattern Plane,Region-SIFT(21/28),124,1,196.16374321084805,199.4485261346322,2.8469975000007253
322,13,3,1,5,2,7.5,55.0,1016.5784913498914,709.3428718686788,6.5,1017.0,709.0,6.521390726743756,0.021390726743756083,0.021390726743756083,valid,,,Shared Pattern Plane,Region-SIFT(21/28),124,1,224.74409818296078,230.88118187590365,2.794838699999673
323,13,3,1,5,3,10.0,55.0,1028.9288206057101,706.0171781038542,6.5,1029.0,706.0,6.443830857891135,-0.05616914210886481,0.05616914210886481,valid,,,Shared Pattern Plane,Region-SIFT(21/28),124,1,195.96622598839815,199.47978533039378,2.9477662999997847
324,13,3,1,5,4,12.5,55.0,1041.3413392994817,702.6747379817665,6.5,1041.0,703.0,6.386184041581252,-0.1138159584187477,0.1138159584187477,valid,,,Shared Pattern Plane,Region-SIFT(21/28),124,1,164.1449921915771,167.28323455724322,2.3955676999994466
325,13,3,1,5,5,15.0,55.0,1053.8165183443355,699.3154246950382,6.5,1054.0,699.0,6.8938314818250035,0.3938314818250035,0.3938314818250035,valid,,,Shared Pattern Plane,Region-SIFT(21/28),124,1,176.17681283446217,178.43634386951683,5.513237299999673
326,14,3,2,1,1,25.0,45.0,1086.4702499244631,634.3893074901717,6.0,1086.0,634.0,7.091249429629016,1.0912494296290163,1.0912494296290163,valid,,,Shared Pattern Plane,Region-SIFT(21/28),124,1,188.80488981115752,191.42386371300393,3.7995470999994723
327,14,3,2,1,2,27.5,45.0,1099.2697435924447,630.7986103781662,6.0,1099.0,631.0,5.928722672017505,-0.07127732798249475,0.07127732798249475,valid,,,Shared Pattern Plane,Region-SIFT(21/28),124,1,170.53840870024663,172.20441036638536,8.30267289999938
328,14,3,2,1,3,30.0,45.0,1112.1351000569232,627.1894364920548,6.0,1112.0,627.0,6.4236661927013765,0.4236661927013765,0.4236661927013765,valid,,,Shared Pattern Plane,Region-SIFT(21/28),124,1,126.39085536129261,127.36745383607315,6.059715700001107
329,14,3,2,1,4,32.5,45.0,1125.066828997938,623.5616428491005,6.0,1125.0,624.0,6.363011530392861,0.3630115303928614,0.3630115303928614,valid,,,Shared Pattern Plane,Region-SIFT(21/28),124,1,123.49609264242585,124.65113368034048,4.395516700000371
330,14,3,2,1,5,35.0,45.0,1138.0654453680133,619.915084987452,6.0,1138.0,620.0,6.299331374545823,0.29933137454582326,0.29933137454582326,valid,,,Shared Pattern Plane,Region-SIFT(21/28),124,1,130.56196683702015,132.8267580033197,3.244809499999974
331,14,3,2,2,1,25.0,47.5,1090.9540144380162,647.2559165129958,6.0,1091.0,647.0,6.572235577899841,0.5722355778998409,0.5722355778998409,valid,,,Shared Pattern Plane,Region-SIFT(21/28),124,1,207.41445301651325,209.6057011808933,3.4108409999989817
332,14,3,2,2,2,27.5,47.5,1103.7525935598555,643.7016879174081,6.0,1104.0,644.0,6.510858419684706,0.5108584196847064,0.5108584196847064,valid,,,Shared Pattern Plane,Region-SIFT(21/28),124,1,139.27863275437127,141.63674109128834,3.454541799999788
333,14,3,2,2,3,30.0,47.5,1116.6169667544832,640.1291879830494,6.0,1117.0,640.0,6.446537856096249,0.4465378560962492,0.4465378560962492,valid,,,Shared Pattern Plane,Region-SIFT(21/28),124,1,92.9907823327988,94.1376900556844,4.236454099998809
334,14,3,2,2,4,32.5,47.5,1129.5476426739224,636.5382754547419,6.0,1130.0,637.0,6.385794017897958,0.3857940178979584,0.3857940178979584,valid,,,Shared Pattern Plane,Region-SIFT(21/28),124,1,81.89856774289771,83.71611504060526,3.1092115999999805
335,14,3,2,2,5,35.0,47.5,1142.5451352269079,632.9288076174934,6.0,1143.0,633.0,6.322116655685757,0.32211665568575665,0.32211665568575665,valid,,,Shared Pattern Plane,Region-SIFT(21/28),124,1,102.03831589310258,103.83120408183198,3.0746393999997963
336,14,3,2,3,1,25.0,50.0,1095.429114979606,660.0976634050143,6.0,1095.0,660.0,6.020207120465735,0.02020712046573525,0.02020712046573525,valid,,,Shared Pattern Plane,Region-SIFT(21/28),124,1,259.2957507299999,267.6390762354773,3.6824823999995715
337,14,3,2,3,2,27.5,50.0,1108.226759136034,656.5797689980868,6.0,1108.0,657.0,6.007679031492303,0.007679031492303423,0.007679031492303423,valid,,,Shared Pattern Plane,Region-SIFT(21/28),124,1,228.87976178971547,236.09569119069118,3.5508522000000085
338,14,3,2,3,3,30.0,50.0,1121.0901286701496,653.0438075988492,6.0,1121.0,653.0,5.929087007892103,-0.07091299210789703,0.07091299210789703,valid,,,Shared Pattern Plane,Region-SIFT(21/28),124,1,128.39152691805805,131.02141424458398,2.8800924999995914
339,14,3,2,3,4,32.5,50.0,1134.0197312081843,649.4896396679102,6.0,1134.0,649.0,6.409270396574726,0.4092703965747262,0.4092703965747262,valid,,,Shared Pattern Plane,Region-SIFT(21/28),124,1,90.17623952482113,90.28266619883227,3.34063850000166
340,14,3,2,3,5,35.0,50.0,1147.0160796173586,645.9171242252028,6.0,1147.0,646.0,5.793355962310922,-0.20664403768907835,0.20664403768907835,valid,,,Shared Pattern Plane,Region-SIFT(21/28),124,1,61.16372124480192,61.233587880405835,4.26053949999914
341,14,3,2,4,1,25.0,52.5,1099.8955766370655,672.9146201582631,6.0,1100.0,673.0,5.507880543868321,-0.49211945613167885,0.49211945613167885,valid,,,Shared Pattern Plane,Region-SIFT(21/28),124,1,255.66229721250988,261.91839925669564,3.3918706999993447
342,14,3,2,4,2,27.5,52.5,1112.6922655322862,669.4329261864141,6.0,1113.0,669.0,5.431073108505246,-0.5689268914947538,0.5689268914947538,valid,,,Shared Pattern Plane,Region-SIFT(21/28),124,1,217.03031486026828,222.1423539370456,2.675875200000519
343,14,3,2,4,3,30.0,52.5,1125.5546111392532,665.9333684859577,6.0,1126.0,666.0,5.936172813758343,-0.06382718624165662,0.06382718624165662,valid,,,Shared Pattern Plane,Region-SIFT(21/28),124,1,154.65215695194468,155.93689093248588,2.6125147999991896
344,14,3,2,4,4,32.5,52.5,1138.4831200606259,662.4158092215959,6.0,1138.0,662.0,5.87777315526892,-0.12222684473108014,0.12222684473108014,valid,,,Shared Pattern Plane,Region-SIFT(21/28),124,1,117.36157576444919,118.32127100170179,2.948048700000072
345,14,3,2,4,5,35.0,52.5,1151.4783041243847,658.8801091363374,6.0,1151.0,659.0,6.375461511629928,0.37546151162992825,0.37546151162992825,valid,,,Shared Pattern Plane,Region-SIFT(21/28),124,1,101.1034043400376,103.19241391539931,2.6997495999985404
346,14,3,2,5,1,25.0,55.0,1104.3534244014597,685.7068584870956,6.0,1104.0,686.0,6.08433208981827,0.08433208981827,0.08433208981827,valid,,,Shared Pattern Plane,Region-SIFT(21/28),124,1,217.894476811848,224.42493336931472,2.925497700000051
347,14,3,2,5,2,27.5,55.0,1117.1491378624266,682.2612317679885,6.0,1117.0,682.0,6.0511969979421245,0.05119699794212451,0.05119699794212451,valid,,,Shared Pattern Plane,Region-SIFT(21/28),124,1,188.30109289562893,192.9093901981039,2.5640569999995932
348,14,3,2,5,3,30.0,55.0,1130.0104393989009,678.7979435072948,6.0,1130.0,679.0,5.990585760972793,-0.009414239027207394,0.009414239027207394,valid,,,Shared Pattern Plane,Region-SIFT(21/28),124,1,213.14757833934965,218.78076773541113,2.469019100000878
349,14,3,2,5,4,32.5,55.0,1142.9378345921891,675.3168575621986,6.0,1143.0,675.0,5.899724334973184,-0.10027566502681573,0.10027566502681573,valid,,,Shared Pattern Plane,Region-SIFT(21/28),124,1,172.5208636601766,173.69116581484678,2.4464772999999695
350,14,3,2,5,5,35.0,55.0,1155.9318342333038,671.8178363870162,6.0,1156.0,672.0,6.398224043309791,0.3982240433097912,0.3982240433097912,valid,,,Shared Pattern Plane,Region-SIFT(21/28),124,1,161.6029627078425,162.5757898898646,2.434479499999725
351,15,3,3,1,1,45.0,45.0,1190.7392725843483,605.1382692656625,5.5,1191.0,605.0,6.047563594010217,0.5475635940102173,0.5475635940102173,valid,,,Shared Pattern Plane,Region-SIFT(21/28),124,1,152.342532650882,154.87251254946958,2.4828959000005852
352,15,3,3,1,2,47.5,45.0,1204.0802397697366,601.3956702545964,5.5,1204.0,601.0,5.441397694142849,-0.05860230585715076,0.05860230585715076,valid,,,Shared Pattern Plane,Region-SIFT(21/28),124,1,159.99019080595994,162.17969933213226,2.7794684000000416
353,15,3,3,1,3,50.0,45.0,1217.491298725161,597.6334080972549,5.5,1217.0,598.0,5.384615852191507,-0.11538414780849315,0.11538414780849315,valid,,,Shared Pattern Plane,Region-SIFT(21/28),124,1,152.40549667449224,152.95242261617602,2.645380699999805
354,15,3,3,1,4,52.5,45.0,1230.973003285578,593.8513274239315,5.5,1231.0,594.0,5.321463927145865,-0.17853607285413542,0.17853607285413542,valid,,,Shared Pattern Plane,Region-SIFT(21/28),124,1,164.86417911317614,166.54252370187987,2.7816409999995813
355,15,3,3,1,5,55.0,45.0,1244.5259131362393,590.0492712237103,5.5,1245.0,590.0,5.797154082548274,0.2971540825482739,0.2971540825482739,valid,,,Shared Pattern Plane,Region-SIFT(21/28),124,1,163.58284990472137,165.34910152189434,2.413985099999991
356,15,3,3,2,1,45.0,47.5,1195.2137377764343,618.3024767186407,5.5,1195.0,618.0,4.965826891222673,-0.5341731087773267,0.5341731087773267,valid,,,Shared Pattern Plane,Region-SIFT(21/28),124,1,142.73463937567655,143.87970031503346,2.583155700000134
357,15,3,3,2,2,47.5,47.5,1208.5532109388616,614.5980391781428,5.5,1209.0,615.0,5.466094695110756,-0.03390530488924437,0.03390530488924437,valid,,,Shared Pattern Plane,Region-SIFT(21/28),124,1,134.44625689340015,136.15287165597664,2.3993957999991835
358,15,3,3,2,3,50.0,47.5,1221.9626984662088,610.8741583029177,5.5,1222.0,611.0,5.406188120221632,-0.09381187977836802,0.09381187977836802,valid,,,Shared Pattern Plane,Region-SIFT(21/28),124,1,96.64669897543689,97.87951334316554,2.418333600000551
359,15,3,3,2,4,52.5,47.5,1235.442753031312,607.1306806129905,5.5,1235.0,607.0,5.3466111582257785,-0.15338884177422152,0.15338884177422152,valid,,,Shared Pattern Plane,Region-SIFT(21/28),124,1,129.35107972382238,130.27390547238812,2.768771299999571
360,15,3,3,2,5,55.0,47.5,1248.9939331392025,603.3674510087578,5.5,1249.0,603.0,5.2837286031868995,-0.21627139681310048,0.21627139681310048,valid,,,Shared Pattern Plane,Region-SIFT(21/28),124,1,145.33515026253997,147.00113460990318,2.319301400000768
361,15,3,3,3,1,45.0,50.0,1199.6793765717498,631.4407162596663,5.5,1200.0,631.0,4.998249342554729,-0.501750657445271,0.501750657445271,valid,,,Shared Pattern Plane,Region-SIFT(21/28),124,1,144.9354459676793,146.47471376557309,2.3979674999991403
362,15,3,3,3,2,47.5,50.0,1213.01733558615,627.7742968122229,5.5,1213.0,628.0,5.4913733956571,-0.008626604342899746,0.008626604342899746,valid,,,Shared Pattern Plane,Region-SIFT(21/28),124,1,141.00980148517266,144.1671489517775,2.9339144000005035
363,15,3,3,3,3,50.0,50.0,1226.4252316083207,624.0886526539296,5.5,1226.0,624.0,5.431447224762146,-0.06855277523785386,0.06855277523785386,valid,,,Shared Pattern Plane,Region-SIFT(21/28),124,1,114.65738779855153,117.1920794101489,2.629719800001112
364,15,3,3,3,4,52.5,50.0,1239.9036161516653,620.3836321814208,5.5,1240.0,620.0,5.9103851222511,0.4103851222510997,0.4103851222510997,valid,,,Shared Pattern Plane,Region-SIFT(21/28),124,1,139.4035452716565,140.04956742450736,2.510278699999617
365,15,3,3,3,5,55.0,50.0,1253.4530465437476,616.6590821930997,5.5,1253.0,617.0,5.852368563256917,0.3523685632569169,0.3523685632569169,valid,,,Shared Pattern Plane,Region-SIFT(21/28),124,1,159.68350597815538,162.40811820074137,2.64975400000003
366,15,3,3,4,1,45.0,52.5,1204.136215061185,644.5530646500645,5.5,1204.0,645.0,5.5770175553884345,0.07701755538843447,0.07701755538843447,valid,,,Shared Pattern Plane,Region-SIFT(21/28),124,1,132.48605945324772,135.6541628492367,2.5971441000001505
367,15,3,3,4,2,47.5,52.5,1217.4726399302942,640.924520543617,5.5,1217.0,641.0,5.5167084156606006,0.01670841566060055,0.01670841566060055,valid,,,Shared Pattern Plane,Region-SIFT(21/28),124,1,143.9909365598487,147.65942888560406,2.4426469999998517
368,15,3,3,4,3,50.0,52.5,1230.8789244985167,637.276969169331,5.5,1231.0,637.0,5.443296571661024,-0.05670342833897557,0.05670342833897557,valid,,,Shared Pattern Plane,Region-SIFT(21/28),124,1,129.15466793958473,129.46776920931836,2.450585799999317
369,15,3,3,4,4,52.5,52.5,1244.3556191225098,633.6102607874204,5.5,1244.0,634.0,5.387267340942741,-0.11273265905725882,0.11273265905725882,valid,,,Shared Pattern Plane,Region-SIFT(21/28),124,1,163.32020567838478,165.252126698139,2.7309726999992563
370,15,3,3,4,5,55.0,52.5,1257.903279955119,629.9242440810858,5.5,1258.0,630.0,5.333289610445868,-0.1667103895541322,0.1667103895541322,valid,,,Shared Pattern Plane,Region-SIFT(21/28),124,1,146.3941004354487,146.87504587367718,2.3073531000009098
371,15,3,3,5,1,45.0,55.0,1208.5842792328963,657.6395983489159,5.5,1209.0,658.0,5.598723671060655,0.09872367106065472,0.09872367106065472,valid,,,Shared Pattern Plane,Region-SIFT(21/28),124,1,161.59241055281706,164.24501193705072,2.6389298000012786
372,15,3,3,5,2,47.5,55.0,1221.9191500864804,654.0487874536024,5.5,1222.0,654.0,5.548372019009802,0.04837201900980226,0.04837201900980226,valid,,,Shared Pattern Plane,Region-SIFT(21/28),124,1,114.95257800420126,115.608008658918,2.5386025000007066
373,15,3,3,5,3,50.0,55.0,1235.3238033795344,650.4391855593581,5.5,1235.0,650.0,5.48769228763535,-0.012307712364649781,0.012307712364649781,valid,,,Shared Pattern Plane,Region-SIFT(21/28),124,1,119.92567450306403,120.30387229468339,2.4423111000014615
374,15,3,3,5,4,52.5,55.0,1248.7987883146507,646.810644777038,5.5,1249.0,647.0,5.417886603747095,-0.08211339625290481,0.08211339625290481,valid,,,Shared Pattern Plane,Region-SIFT(21/28),124,1,124.42741286918601,125.04034846132562,2.43565259999923
375,15,3,3,5,5,55.0,55.0,1262.3446598727007,643.163015661523,5.5,1262.0,643.0,4.805391565687029,-0.694608434312971,0.694608434312971,valid,,,Shared Pattern Plane,Region-SIFT(21/28),124,1,128.19498569019257,130.70791408228882,2.5577917999999045
376,16,3,4,1,1,65.0,45.0,1299.4610082787615,574.6380922667296,5.0,1299.0,575.0,5.02081640140546,0.020816401405459928,0.020816401405459928,valid,,,Shared Pattern Plane,Region-SIFT(21/28),124,1,135.5818936221814,135.83380092725523,2.4801973000012367
377,16,3,4,1,2,67.5,45.0,1313.3785501111593,570.7337442854639,5.0,1313.0,571.0,4.959630177765112,-0.040369822234888275,0.040369822234888275,valid,,,Shared Pattern Plane,Region-SIFT(21/28),124,1,172.0328778160943,174.29764662415664,2.3658842999993794
378,16,3,4,1,3,70.0,45.0,1327.3707826265058,566.8084430050668,5.0,1327.0,567.0,4.363283661407238,-0.6367163385927617,0.6367163385927617,valid,,,Shared Pattern Plane,Region-SIFT(21/28),124,1,173.92331275233516,177.19940343211786,2.5941691000007268
379,16,3,4,1,4,72.5,45.0,1341.4383087015103,562.8620192979367,5.0,1341.0,563.0,4.832920359842102,-0.16707964015789756,0.16707964015789756,valid,,,Shared Pattern Plane,Region-SIFT(21/28),124,1,167.269058365292,169.26427103242895,2.623291200001404
380,16,3,4,1,5,75.0,45.0,1355.5817377186615,558.8943022113787,5.0,1356.0,559.0,4.244222006642,-0.7557779933580004,0.7557779933580004,valid,,,Shared Pattern Plane,Region-SIFT(21/28),124,1,172.76264974250995,173.26070031347095,2.4920966000008775
381,16,3,4,2,1,65.0,47.5,1303.9212875802218,588.1138535604971,5.0,1304.0,588.0,5.042078908426793,0.042078908426793404,0.042078908426793404,valid,,,Shared Pattern Plane,Region-SIFT(21/28),124,1,109.18434002260682,110.33494638468152,2.487275800000134
382,16,3,4,2,2,67.5,47.5,1317.836682573203,584.2494796849192,5.0,1318.0,584.0,4.442327784834305,-0.5576722151656952,0.5576722151656952,valid,,,Shared Pattern Plane,Region-SIFT(21/28),124,1,123.79724208084994,124.68035859451085,2.505298500000208
383,16,3,4,2,3,70.0,47.5,1331.826681022053,580.364388061406,5.0,1332.0,580.0,4.919911714836361,-0.0800882851636393,0.0800882851636393,valid,,,Shared Pattern Plane,Region-SIFT(21/28),124,1,139.3938768220326,142.68678496405565,2.488532100000157
384,16,3,4,2,4,72.5,47.5,1345.8918844873228,576.4584116336231,5.0,1346.0,576.0,4.854356240832911,-0.14564375916708894,0.14564375916708894,valid,,,Shared Pattern Plane,Region-SIFT(21/28),124,1,125.97440506036949,126.67080378872356,2.534324000000197
385,16,3,4,2,5,75.0,47.5,1360.032901014525,572.53138154433,5.0,1360.0,573.0,4.802010643282158,-0.19798935671784168,0.19798935671784168,valid,,,Shared Pattern Plane,Region-SIFT(21/28),124,1,97.53016560948085,98.60614540744035,2.4951063000007707
386,16,3,4,3,1,65.0,50.0,1308.3725809826003,601.5624659196695,5.0,1308.0,602.0,5.0698514717677945,0.06985147176779449,0.06985147176779449,valid,,,Shared Pattern Plane,Region-SIFT(21/28),124,1,87.68202178289019,87.96319409438549,2.52496229999997
387,16,3,4,3,2,67.5,50.0,1322.2858094738283,597.7379128930868,5.0,1322.0,598.0,5.008528616633289,0.00852861663328941,0.00852861663328941,valid,,,Shared Pattern Plane,Region-SIFT(21/28),124,1,108.0347071407964,110.56685367030552,2.498327999999674
388,16,3,4,3,3,70.0,50.0,1336.2735542652092,593.8928763718602,5.0,1336.0,594.0,4.9475168480271146,-0.052483151972885445,0.052483151972885445,valid,,,Shared Pattern Plane,Region-SIFT(21/28),124,1,110.8702313466047,113.21721018624922,2.4783941999994568
389,16,3,4,3,4,72.5,50.0,1350.3364156043858,590.0271913562601,5.0,1350.0,590.0,4.886847053842596,-0.11315294615740434,0.11315294615740434,valid,,,Shared Pattern Plane,Region-SIFT(21/28),124,1,77.38951878774733,77.5676857485376,2.4388591999995697
390,16,3,4,3,5,75.0,50.0,1364.4750002032192,586.140691069633,5.0,1364.0,586.0,4.822444222820128,-0.17755577717987236,0.17755577717987236,valid,,,Shared Pattern Plane,Region-SIFT(21/28),124,1,96.77427297824273,98.86644053719233,2.635625099999743
391,16,3,4,4,1,65.0,52.5,1312.8149156137251,614.9840113050632,5.0,1313.0,615.0,5.0911236627154794,0.09112366271547945,0.09112366271547945,valid,,,Shared Pattern Plane,Region-SIFT(21/28),124,1,107.99001413678366,112.17903950056234,2.6761706000015693
392,16,3,4,4,2,67.5,52.5,1326.7259580727582,611.1991265533649,5.0,1327.0,611.0,5.029717000981685,0.029717000981684727,0.029717000981684727,valid,,,Shared Pattern Plane,Region-SIFT(21/28),124,1,80.53700924701792,82.92840407909324,2.4689971999996487
393,16,3,4,4,3,70.0,52.5,1340.7114297480837,607.39399127,5.0,1341.0,607.0,4.968645374820353,-0.031354625179647044,0.031354625179647044,valid,,,Shared Pattern Plane,Region-SIFT(21/28),124,1,79.10737733765254,80.16907983535155,2.758979799998997
394,16,3,4,4,4,72.5,52.5,1354.7719295776774,603.5684424972887,5.0,1355.0,604.0,4.9109129868657355,-0.08908701313426448,0.08908701313426448,valid,,,Shared Pattern Plane,Region-SIFT(21/28),124,1,92.37289724854566,94.45042804600344,2.441275199998927
395,16,3,4,4,5,75.0,52.5,1368.908062943068,599.7223155244029,5.0,1369.0,600.0,4.850500253742031,-0.1494997462579688,0.1494997462579688,valid,,,Shared Pattern Plane,Region-SIFT(21/28),124,1,80.07459442804729,81.43246068074677,2.641929200000959
396,16,3,4,5,1,65.0,55.0,1317.2483184923385,628.3785713479144,5.0,1317.0,628.0,5.115881926122827,0.11588192612282722,0.11588192612282722,valid,,,Shared Pattern Plane,Region-SIFT(21/28),124,1,100.89656023802581,102.9235126384746,2.514540299998771
397,16,3,4,5,2,67.5,55.0,1331.1571555198077,624.6332029759402,5.0,1331.0,625.0,5.0574304311021745,0.057430431102174495,0.057430431102174495,valid,,,Shared Pattern Plane,Region-SIFT(21/28),124,1,66.70280740652134,66.97886867039496,2.3705914999991364
398,16,3,4,5,3,70.0,55.0,1345.140334752047,620.8678157525044,5.0,1345.0,621.0,4.9963085085614205,-0.0036914914385794972,0.0036914914385794972,valid,,,Shared Pattern Plane,Region-SIFT(21/28),124,1,71.06070965635713,71.14208145020369,2.288323099999616
399,16,3,4,5,4,72.5,55.0,1359.1984538206011,617.082248747526,5.0,1359.0,617.0,4.935511860329224,-0.06448813967077616,0.06448813967077616,valid,,,Shared Pattern Plane,Region-SIFT(21/28),124,1,103.6176024956678,104.7764905160375,2.510179100001551
400,16,3,4,5,5,75.0,55.0,1373.3321167799784,613.2763393013478,5.0,1373.0,613.0,4.87158623186811,-0.12841376813188976,0.12841376813188976,valid,,,Shared Pattern Plane,Region-SIFT(21/28),124,1,87.13958449136643,88.45579360860276,2.373502999998891
401,17,3,5,1,1,85.0,45.0,1412.92690352881,542.8070157449564,4.5,1413.0,543.0,4.533619422095996,0.03361942209599622,0.03361942209599622,valid,,,Shared Pattern Plane,Region-SIFT(21/28),124,1,155.38854835046033,157.29885511626327,2.350276400000439
402,17,3,5,1,2,87.5,45.0,1427.4592219368883,538.7302018418279,4.5,1427.0,539.0,4.475052261876693,-0.024947738123307417,0.024947738123307417,valid,,,Shared Pattern Plane,Region-SIFT(21/28),124,1,114.76311729421062,117.00286592092273,2.3508739000008063
403,17,3,5,1,3,90.0,45.0,1442.0712412328885,534.6310291051777,4.5,1442.0,535.0,4.925461578814256,0.4254615788142564,0.4254615788142564,valid,,,Shared Pattern Plane,Region-SIFT(21/28),124,1,139.79348927351532,141.33139009140422,2.525517399999444
404,17,3,5,1,4,92.5,45.0,1456.7636188857336,530.5093130924157,4.5,1457.0,531.0,4.861721887936844,0.36172188793684423,0.36172188793684423,valid,,,Shared Pattern Plane,Region-SIFT(21/28),124,1,168.13486333069977,168.8486100849498,2.335223299998688
405,17,3,5,1,5,95.0,45.0,1471.5370196157473,526.3648673266852,4.5,1472.0,526.0,4.288428008348268,-0.21157199165173157,0.21157199165173157,valid,,,Shared Pattern Plane,Region-SIFT(21/28),124,1,201.67660921742674,203.86098549242323,2.458790599999702
406,17,3,5,2,1,85.0,47.5,1417.3674905735288,556.6092830217552,4.5,1417.0,557.0,4.558698987011915,0.05869898701191456,0.05869898701191456,valid,,,Shared Pattern Plane,Region-SIFT(21/28),124,1,127.78040556831965,128.08818420252246,2.360858299998654
407,17,3,5,2,2,87.5,47.5,1431.8969262808544,552.574387008915,4.5,1432.0,553.0,4.498680551308298,-0.0013194486917020853,0.0013194486917020853,valid,,,Shared Pattern Plane,Region-SIFT(21/28),124,1,100.84883420580908,101.34714086787857,2.4662490999999136
408,17,3,5,2,3,90.0,47.5,1446.505964515502,548.5173849813216,4.5,1447.0,549.0,4.4369706942564395,-0.06302930574356047,0.06302930574356047,valid,,,Shared Pattern Plane,Region-SIFT(21/28),124,1,102.74072146617547,102.89629641833582,2.273356600000625
409,17,3,5,2,4,92.5,47.5,1461.1952612528555,544.4380947713728,4.5,1461.0,544.0,4.3760897581519345,-0.12391024184806554,0.12391024184806554,valid,,,Shared Pattern Plane,Region-SIFT(21/28),124,1,108.15675539995627,108.27753864067395,2.8618962000000465
410,17,3,5,2,5,95.0,47.5,1475.965479695692,540.3363322043839,4.5,1476.0,540.0,3.8042433840984153,-0.6957566159015847,0.6957566159015847,valid,,,Shared Pattern Plane,Region-SIFT(21/28),124,1,158.10325600508028,163.48358049059894,2.560285900000963
411,17,3,5,3,1,85.0,50.0,1421.7989366061051,570.3831381333384,4.5,1422.0,570.0,4.581532031368233,0.08153203136823262,0.08153203136823262,valid,,,Shared Pattern Plane,Region-SIFT(21/28),124,1,119.39477907917487,121.00928922209805,2.479859499999293
412,17,3,5,3,2,87.5,50.0,1436.3254706166683,566.389995948483,4.5,1436.0,566.0,4.5228009558746045,0.02280095587460451,0.02280095587460451,valid,,,Shared Pattern Plane,Region-SIFT(21/28),124,1,115.85602092137412,116.08527882694017,2.3093757999995432
413,17,3,5,3,3,90.0,50.0,1450.9315088935712,562.3749991464443,4.5,1451.0,562.0,4.460555193515512,-0.03944480648448767,0.03944480648448767,valid,,,Shared Pattern Plane,Region-SIFT(21/28),124,1,104.88502080882037,106.40730528960867,2.2584179999994376
414,17,3,5,3,4,92.5,50.0,1465.6177059225809,558.3379678181873,4.5,1466.0,558.0,4.399648291524379,-0.10035170847562114,0.10035170847562114,valid,,,Shared Pattern Plane,Region-SIFT(21/28),124,1,128.26525219710413,130.0918509148828,2.2636130999999295
415,17,3,5,3,5,95.0,50.0,1480.3847233929396,554.2787200745404,4.5,1480.0,554.0,4.343090092935721,-0.15690990706427943,0.15690990706427943,valid,,,Shared Pattern Plane,Region-SIFT(21/28),124,1,181.32581086335358,186.42018432295367,2.4932898999995814
416,17,3,5,4,1,85.0,52.5,1426.2212698228748,584.1286687197763,4.5,1426.0,584.0,4.608656054304926,0.10865605430492575,0.10865605430492575,valid,,,Shared Pattern Plane,Region-SIFT(21/28),124,1,106.82111109072568,106.98083202191968,2.531518600000709
417,17,3,5,4,2,87.5,52.5,1440.74488327629,580.1771170469755,4.5,1441.0,580.0,4.546476388544661,0.04647638854466063,0.04647638854466063,valid,,,Shared Pattern Plane,Region-SIFT(21/28),124,1,127.35328526976247,128.6265707854653,2.6455408000001626
418,17,3,5,4,3,90.0,52.5,1455.3479028351146,576.2039607418518,4.5,1455.0,576.0,3.9707494998722046,-0.5292505001277954,0.5292505001277954,valid,,,Shared Pattern Plane,Region-SIFT(21/28),124,1,129.94778597897323,133.14634286805537,2.3813319000000774
419,17,3,5,4,4,92.5,52.5,1470.030981499409,572.2090221376358,4.5,1470.0,572.0,4.426819203095277,-0.07318079690472334,0.07318079690472334,valid,,,Shared Pattern Plane,Region-SIFT(21/28),124,1,149.29761791077874,150.89887062543406,2.5450500000006286
420,17,3,5,4,5,95.0,52.5,1484.7947794488857,568.1921216141349,4.5,1485.0,568.0,4.876170035214289,0.3761700352142894,0.3761700352142894,valid,,,Shared Pattern Plane,Region-SIFT(21/28),124,1,197.26133096684856,199.80456570907884,2.4870064000006096
421,17,3,5,5,1,85.0,55.0,1430.634518304327,597.845962061064,4.5,1431.0,598.0,4.109561363996126,-0.3904386360038741,0.3904386360038741,valid,,,Shared Pattern Plane,Region-SIFT(21/28),124,1,97.38844943273635,98.15372243489897,2.4332604999999603
422,17,3,5,5,2,87.5,55.0,1445.1551924749585,593.9358383267054,4.5,1445.0,594.0,4.053134607923211,-0.44686539207678866,0.44686539207678866,valid,,,Shared Pattern Plane,Region-SIFT(21/28),124,1,122.32732744317836,122.9437794988246,2.4866507000006095
423,17,3,5,5,3,90.0,55.0,1459.7551746905476,590.0043585406054,4.5,1460.0,590.0,4.511725663723596,0.011725663723596291,0.011725663723596291,valid,,,Shared Pattern Plane,Region-SIFT(21/28),124,1,164.91096709216083,167.44835757171572,2.384136099999523
424,17,3,5,5,4,92.5,55.0,1474.4351164693496,586.0513472620805,4.5,1474.0,586.0,4.967155037148191,0.4671550371481912,0.4671550371481912,valid,,,Shared Pattern Plane,Region-SIFT(21/28),124,1,160.5392468043736,163.5906447258042,2.34887130000061
425,17,3,5,5,5,95.0,55.0,1489.1956764855418,582.0766271235028,4.5,1489.0,582.0,4.393330742491219,-0.10666925750878065,0.10666925750878065,valid,,,Shared Pattern Plane,Region-SIFT(21/28),124,1,146.6316264909411,148.04846309182167,2.243675900001108
426,18,3,6,1,1,105.0,45.0,1531.454407173825,509.55598440955066,4.0,1531.0,510.0,4.051246477867369,0.05124647786736869,0.05124647786736869,valid,,,Shared Pattern Plane,Region-SIFT(21/28),124,1,247.58215987291285,252.44372909754802,2.427554300000338
427,18,3,6,1,2,107.5,45.0,1546.6431550052328,505.29501953172536,4.0,1547.0,505.0,3.988915636454997,-0.011084363545002862,0.011084363545002862,valid,,,Shared Pattern Plane,Region-SIFT(21/28),124,1,205.26065184426687,209.4965144593715,2.5283589999999094
428,18,3,6,1,3,110.0,45.0,1561.9170722476424,501.01016171203463,4.0,1562.0,501.0,4.427207094419718,0.4272070944197184,0.4272070944197184,valid,,,Shared Pattern Plane,Region-SIFT(21/28),124,1,213.42182690453905,215.55451912836978,2.680716200000461
429,18,3,6,1,4,112.5,45.0,1577.27687728384,496.70120941946016,4.0,1577.0,497.0,4.367298930790467,0.3672989307904668,0.3672989307904668,valid,,,Shared Pattern Plane,Region-SIFT(21/28),124,1,244.87454970929988,247.42062323560174,2.5586165000004257
430,18,3,6,1,5,115.0,45.0,1592.7232965985631,492.3679588501078,4.0,1593.0,492.0,6.740885251274771,2.7408852512747712,2.7408852512747712,valid,,,Shared Pattern Plane,Region-SIFT(21/28),124,1,279.04267197664456,285.709106328025,2.717476899999383
431,18,3,6,2,1,105.0,47.5,1535.869093172267,523.7008030592647,4.0,1536.0,524.0,3.573638142314358,-0.42636185768564205,0.42636185768564205,valid,,,Shared Pattern Plane,Region-SIFT(21/28),124,1,193.43576474467284,197.93274126239274,2.639086099999986
432,18,3,6,2,2,107.5,47.5,1551.0541282235008,519.4838438725997,4.0,1551.0,519.0,4.012275882936105,0.012275882936105376,0.012275882936105376,valid,,,Shared Pattern Plane,Region-SIFT(21/28),124,1,157.83654081859285,159.71318016628456,2.302755899998374
433,18,3,6,2,3,110.0,47.5,1566.3242216795068,515.2432635470838,4.0,1566.0,515.0,3.9570625378453896,-0.04293746215461036,0.04293746215461036,valid,,,Shared Pattern Plane,Region-SIFT(21/28),124,1,182.66923173722768,184.4525114406645,2.6428621000013663
434,18,3,6,2,4,112.5,47.5,1581.680090224725,510.97886305590964,4.0,1582.0,511.0,3.8914431696591847,-0.10855683034081531,0.10855683034081531,valid,,,Shared Pattern Plane,Region-SIFT(21/28),124,1,315.08206937275236,326.89804028982115,2.382385900000372
435,18,3,6,2,5,115.0,47.5,1597.122458617786,506.6904411300288,4.0,1597.0,507.0,3.833086208657636,-0.16691379134236417,0.16691379134236417,valid,,,Shared Pattern Plane,Region-SIFT(21/28),124,1,296.0969151633126,304.858680691238,2.4219477999995433
436,18,3,6,3,1,105.0,50.0,1540.2744892059704,537.8158563153513,4.0,1540.0,538.0,3.5993398687230678,-0.40066013127693223,0.40066013127693223,valid,,,Shared Pattern Plane,Region-SIFT(21/28),124,1,167.7454819825591,168.95193818756005,2.453346899999815
437,18,3,6,3,2,107.5,50.0,1555.4557933930992,533.6427269145827,4.0,1555.0,534.0,3.542416447725528,-0.457583552274472,0.457583552274472,valid,,,Shared Pattern Plane,Region-SIFT(21/28),124,1,161.8479390689305,163.80876956706993,2.506081199999244
438,18,3,6,3,3,110.0,50.0,1570.7220451124815,529.4462466185287,4.0,1571.0,529.0,3.4800391037962273,-0.5199608962037727,0.5199608962037727,valid,,,Shared Pattern Plane,Region-SIFT(21/28),124,1,176.79248309766172,180.50132090414343,2.5472370000006777
439,18,3,6,3,4,112.5,50.0,1586.0739593549426,525.2262188861545,4.0,1586.0,525.0,3.423714191729817,-0.5762858082701832,0.5762858082701832,valid,,,Shared Pattern Plane,Region-SIFT(21/28),124,1,230.29330400840314,235.3736163114976,2.41594669999904
440,18,3,6,3,5,115.0,50.0,1601.5122591578456,520.9824449645438,4.0,1602.0,521.0,3.85598873157921,-0.14401126842078993,0.14401126842078993,valid,,,Shared Pattern Plane,Region-SIFT(21/28),124,1,269.81721133983956,272.3195630975584,2.4400619999996707
441,18,3,6,4,1,105.0,52.5,1544.670624567869,551.9012380334619,4.0,1545.0,552.0,3.6220008635368246,-0.3779991364631754,0.3779991364631754,valid,,,Shared Pattern Plane,Region-SIFT(21/28),124,1,181.92356637974893,184.9292398141007,2.5420824000011635
442,18,3,6,4,2,107.5,52.5,1559.848179945782,547.7717633311098,4.0,1560.0,548.0,4.0645031009747505,0.06450310097475054,0.06450310097475054,valid,,,Shared Pattern Plane,Region-SIFT(21/28),124,1,201.37428000414815,207.27847376466062,2.689150399999562
443,18,3,6,4,3,110.0,52.5,1575.1105721174938,543.6192064271055,4.0,1575.0,544.0,3.5083059448887983,-0.4916940551112017,0.4916940551112017,valid,,,Shared Pattern Plane,Region-SIFT(21/28),124,1,194.77895202737636,199.27215055621545,2.494551200001297
444,18,3,6,4,4,112.5,52.5,1590.4585143849315,539.443373247885,4.0,1590.0,539.0,3.9387926469965784,-0.061207353003421616,0.061207353003421616,valid,,,Shared Pattern Plane,Region-SIFT(21/28),124,1,209.04934347647207,214.3361457918134,2.6902660000014293
445,18,3,6,4,5,115.0,52.5,1605.8927280690211,535.2440675380935,4.0,1606.0,535.0,3.3901888846894837,-0.6098111153105163,0.6098111153105163,valid,,,Shared Pattern Plane,Region-SIFT(21/28),124,1,247.527191227706,250.92365694287523,2.4617432999984885
446,18,3,6,5,1,105.0,55.0,1549.057528427871,565.9570416750701,4.0,1549.0,566.0,3.647743999756045,-0.3522560002439552,0.3522560002439552,valid,,,Shared Pattern Plane,Region-SIFT(21/28),124,1,176.67193660181033,179.9051261753814,2.506854999999632
447,18,3,6,5,2,107.5,55.0,1564.2313171893509,561.8710473968977,4.0,1564.0,562.0,4.095012099097289,0.09501209909728914,0.09501209909728914,valid,,,Shared Pattern Plane,Region-SIFT(21/28),124,1,222.28557236282913,228.64797365683148,2.5625631000002613
448,18,3,6,5,3,110.0,55.0,1579.4898321405844,557.762238070224,4.0,1579.0,558.0,4.531964277622207,0.5319642776222073,0.5319642776222073,valid,,,Shared Pattern Plane,Region-SIFT(21/28),124,1,231.64416171987222,237.48642427428703,2.340529399998559
449,18,3,6,5,4,112.5,55.0,1594.8337848993053,553.6304220707926,4.0,1595.0,554.0,4.462568262023477,0.4625682620234768,0.4625682620234768,valid,,,Shared Pattern Plane,Region-SIFT(21/28),124,1,228.82002662678872,235.57806079985224,2.451972900000328
450,18,3,6,5,5,115.0,55.0,1610.2638950748183,549.4754056223782,4.0,1610.0,549.0,4.39867192015588,0.3986719201558797,0.3986719201558797,valid,,,Shared Pattern Plane,Region-SIFT(21/28),124,1,243.10223359304763,248.8626387074056,2.434919600000285
451,19,4,1,1,1,5.0,65.0,1022.0590376349824,762.4595070063401,3.5,1022.0,762.0,4.294214255955534,0.7942142559555343,0.7942142559555343,valid,,,Shared Pattern Plane,Region-SIFT(21/28),124,1,260.06243218517807,267.5096693031439,2.3818351999998413
452,19,4,1,1,2,7.5,65.0,1034.3455973390242,759.2872288255364,3.5,1034.0,759.0,4.224042360456749,0.7240423604567487,0.7240423604567487,valid,,,Shared Pattern Plane,Region-SIFT(21/28),124,1,235.7026484676139,240.94438362564674,2.800582100000611
453,19,4,1,1,3,10.0,65.0,1046.6936364349658,756.0990772238408,3.5,1047.0,756.0,5.349320925315028,1.8493209253150278,1.8493209253150278,valid,,,Shared Pattern Plane,Region-SIFT(21/28),124,1,231.00235194756243,234.74266768750368,2.4086420000003272
454,19,4,1,1,4,12.5,65.0,1059.103617525346,752.8949327614778,3.5,1059.0,753.0,5.313207661700363,1.8132076617003632,1.8132076617003632,valid,,,Shared Pattern Plane,Region-SIFT(21/28),124,1,221.91717959913626,223.61383432632834,2.625952700000198
455,19,4,1,1,5,15.0,65.0,1071.576007865518,749.6746747973561,3.5,1072.0,750.0,4.084461305688031,0.5844613056880306,0.5844613056880306,valid,,,Shared Pattern Plane,Region-SIFT(21/28),124,1,216.75864937595588,220.44800294003736,2.5681419000011374
456,19,4,1,2,1,5.0,67.5,1026.480434409711,774.8528384941831,3.5,1026.0,775.0,3.1164269882134947,-0.38357301178650527,0.38357301178650527,valid,,,Shared Pattern Plane,Region-SIFT(21/28),124,1,206.55188472132204,212.59458295773365,2.4014642000001913
457,19,4,1,2,2,7.5,67.5,1038.76643285736,771.7144517683373,3.5,1039.0,772.0,4.242956638173305,0.7429566381733048,0.7429566381733048,valid,,,Shared Pattern Plane,Region-SIFT(21/28),124,1,278.34152039220095,287.1690596535028,2.5803820000000997
458,19,4,1,2,3,10.0,67.5,1051.1138497767188,768.560376051714,3.5,1051.0,769.0,3.6344935794721644,0.13449357947216445,0.13449357947216445,valid,,,Shared Pattern Plane,Region-SIFT(21/28),124,1,238.95231944694723,245.35797163050947,2.5114401999999245
459,19,4,1,2,4,12.5,67.5,1063.5231468739867,765.3904934041548,3.5,1064.0,765.0,4.171483281176608,0.6714832811766076,0.6714832811766076,valid,,,Shared Pattern Plane,Region-SIFT(21/28),124,1,228.28087728793028,232.01004988212506,2.4880157000006875
460,19,4,1,2,5,15.0,67.5,1075.9947904947514,762.2046847003958,3.5,1076.0,762.0,3.530024525115171,0.030024525115170952,0.030024525115170952,valid,,,Shared Pattern Plane,Region-SIFT(21/28),124,1,195.07384239983938,199.02992979344538,2.36883189999935
461,19,4,1,3,1,5.0,70.0,1030.8935217782102,787.2228784225658,3.5,1031.0,787.0,3.111039959225817,-0.3889600407741831,0.3889600407741831,valid,,,Shared Pattern Plane,Region-SIFT(21/28),124,1,196.8076782140782,203.75529731582478,2.4288732999993954
462,19,4,1,3,2,7.5,70.0,1043.1789393285792,784.1182612805794,3.5,1043.0,784.0,3.6648763156084265,0.16487631560842653,0.16487631560842653,valid,,,Shared Pattern Plane,Region-SIFT(21/28),124,1,226.98918880583744,234.49464831335527,2.592644199999995
463,19,4,1,3,3,10.0,70.0,1055.5257144474383,780.9981386209223,3.5,1056.0,781.0,3.0506990586003373,-0.4493009413996627,0.4493009413996627,valid,,,Shared Pattern Plane,Region-SIFT(21/28),124,1,198.01471786499025,203.51730816074587,2.319620700000087
464,19,4,1,3,4,12.5,70.0,1067.9343079464713,777.8623939930255,3.5,1068.0,778.0,3.5822675498249885,0.08226754982498852,0.08226754982498852,valid,,,Shared Pattern Plane,Region-SIFT(21/28),124,1,242.1121116794606,248.53097892616768,2.6032756000004156
465,19,4,1,3,5,15.0,70.0,1080.4051852633688,774.7109097772949,3.5,1080.0,775.0,2.9391726948362877,-0.5608273051637123,0.5608273051637123,valid,,,Shared Pattern Plane,Region-SIFT(21/28),124,1,255.942401050386,263.5014009800361,2.5634664999997767
466,19,4,1,4,1,5.0,72.5,1035.298323143065,799.569692389764,3.5,1035.0,800.0,3.1501968955005606,-0.3498031044994394,0.3498031044994394,valid,,,Shared Pattern Plane,Region-SIFT(21/28),124,1,187.51139398403268,192.65153999324872,2.615405099999407
467,19,4,1,4,2,7.5,72.5,1047.583140268962,796.4987234678784,3.5,1048.0,796.0,3.096960717981181,-0.4030392820188191,0.4030392820188191,valid,,,Shared Pattern Plane,Region-SIFT(21/28),124,1,165.60677619913898,168.34156403508254,2.3362849000004644
468,19,4,1,4,3,10.0,72.5,1059.9292540776169,793.4124315496605,3.5,1060.0,793.0,3.6492638948132923,0.14926389481329227,0.14926389481329227,valid,,,Shared Pattern Plane,Region-SIFT(21/28),124,1,163.1591734023321,166.08986255081115,2.4379141999997955
469,19,4,1,4,4,12.5,72.5,1072.3371244880234,790.310701664173,3.5,1072.0,790.0,3.020136258066144,-0.47986374193385606,0.47986374193385606,valid,,,Shared Pattern Plane,Region-SIFT(21/28),124,1,189.99100951795225,193.01066058874616,2.540904800000135
470,19,4,1,4,5,15.0,72.5,1084.8072160318413,787.1934176874009,3.5,1085.0,787.0,2.953081309424643,-0.5469186905753571,0.5469186905753571,valid,,,Shared Pattern Plane,Region-SIFT(21/28),124,1,149.98283019797512,151.62538749379303,2.3999544999987847
471,19,4,1,5,1,5.0,75.0,1039.6948618190622,811.8933457479491,3.5,1040.0,812.0,3.768532827993824,0.26853282799382416,0.26853282799382416,valid,,,Shared Pattern Plane,Region-SIFT(21/28),124,1,184.17474095884455,187.93632305313983,2.4853516000002855
472,19,4,1,5,2,7.5,75.0,1051.9790591063424,808.8559041872254,3.5,1052.0,809.0,3.737212698789624,0.23721269878962392,0.23721269878962392,valid,,,Shared Pattern Plane,Region-SIFT(21/28),124,1,177.43617969997348,180.3144288276566,2.318037600000025
473,19,4,1,5,3,10.0,75.0,1064.324492208652,805.8033212049482,3.5,1064.0,806.0,3.670187693050659,0.17018769305065895,0.17018769305065895,valid,,,Shared Pattern Plane,Region-SIFT(21/28),124,1,183.02147327402912,185.53557675386367,2.3102768000007927
474,19,4,1,5,4,12.5,75.0,1076.7316201541155,802.7354832999197,3.5,1077.0,803.0,3.002573393188281,-0.497426606811719,0.497426606811719,valid,,,Shared Pattern Plane,Region-SIFT(21/28),124,1,181.73565184779898,184.10472454113767,2.4470293000013044
475,19,4,1,5,5,15.0,75.0,1089.2009065702277,799.652275833683,3.5,1089.0,800.0,2.9727374879114223,-0.5272625120885777,0.5272625120885777,valid,,,Shared Pattern Plane,Region-SIFT(21/28),124,1,141.46241266765293,144.12477547160418,2.524951499999588
476,20,4,2,1,1,25.0,65.0,1122.0991729888683,736.6300522010713,3.0,1122.0,737.0,3.2794739221454248,0.27947392214542477,0.27947392214542477,valid,,,Shared Pattern Plane,Region-SIFT(21/28),124,1,185.207100833913,187.74716484037492,2.416853099999571
477,20,4,2,1,2,27.5,65.0,1134.8907854122115,733.3273739929053,3.0,1135.0,733.0,4.94539834984309,1.9453983498430896,1.9453983498430896,valid,,,Shared Pattern Plane,Region-SIFT(21/28),124,1,148.93727399987517,149.49212571547667,2.389833900000667
478,20,4,2,1,3,30.0,65.0,1147.7477116738285,730.0078323446022,3.0,1148.0,730.0,4.317813322252766,1.317813322252766,1.317813322252766,valid,,,Shared Pattern Plane,Region-SIFT(21/28),124,1,183.7457415212399,185.6706441565036,2.673012100000051
479,20,4,2,1,4,32.5,65.0,1160.6704532917468,726.6712977687599,3.0,1161.0,727.0,2.549390336263563,-0.45060966373643696,0.45060966373643696,valid,,,Shared Pattern Plane,Region-SIFT(21/28),124,1,240.7454784807074,243.13074654994904,2.6694536000013613
480,20,4,2,1,5,35.0,65.0,1173.6595169317707,723.317639448867,3.0,1174.0,723.0,3.675187631481233,0.6751876314812328,0.6751876314812328,valid,,,Shared Pattern Plane,Region-SIFT(21/28),124,1,253.12579184839967,255.93983817790945,2.409420500000124
481,20,4,2,2,1,25.0,67.5,1126.5143227995407,749.2997644973799,3.0,1127.0,749.0,2.72350015139777,-0.2764998486022301,0.2764998486022301,valid,,,Shared Pattern Plane,Region-SIFT(21/28),124,1,169.30156616634792,172.031000622333,2.6751397000007273
482,20,4,2,2,2,27.5,67.5,1139.3048607395804,746.0324960976244,3.0,1139.0,746.0,2.678123489671779,-0.32187651032822107,0.32187651032822107,valid,,,Shared Pattern Plane,Region-SIFT(21/28),124,1,180.38286585631192,182.21206887662336,2.559560200001215
483,20,4,2,2,3,30.0,67.5,1152.1606440381365,742.7485611511521,3.0,1152.0,743.0,3.198385590505969,0.19838559050596904,0.19838559050596904,valid,,,Shared Pattern Plane,Region-SIFT(21/28),124,1,185.3252669258723,188.72535735933803,2.5604065000006813
484,20,4,2,2,4,32.5,67.5,1165.08217320294,739.4478318061791,3.0,1165.0,739.0,2.579402436218775,-0.42059756378122515,0.42059756378122515,valid,,,Shared Pattern Plane,Region-SIFT(21/28),124,1,188.10973156974427,190.0407422086636,2.4592665000000125
485,20,4,2,2,5,35.0,67.5,1178.0699538741455,736.1301788998733,3.0,1178.0,736.0,3.1093840904005625,0.10938409040056252,0.10938409040056252,valid,,,Shared Pattern Plane,Region-SIFT(21/28),124,1,177.0653384218771,178.8333241610111,2.5379837000000407
486,20,4,2,3,1,25.0,70.0,1130.921006657341,761.9451828983957,3.0,1131.0,762.0,2.7430265691609064,-0.25697343083909363,0.25697343083909363,valid,,,Shared Pattern Plane,Region-SIFT(21/28),124,1,207.69565645046336,212.85711459659186,2.568115099998977
487,20,4,2,3,2,27.5,70.0,1143.7104506625606,758.7131944916295,3.0,1144.0,759.0,3.2656705297123843,0.26567052971238425,0.26567052971238425,valid,,,Shared Pattern Plane,Region-SIFT(21/28),124,1,249.82047380820782,256.9642971919957,2.562098700000206
488,20,4,2,3,3,30.0,70.0,1156.5650715793893,755.4647353905447,3.0,1157.0,755.0,3.2263363230438,0.22633632304380003,0.22633632304380003,valid,,,Shared Pattern Plane,Region-SIFT(21/28),124,1,181.73252077758627,183.40465055296312,2.3669300000001385
489,20,4,2,3,4,32.5,70.0,1169.4853689074644,752.1996793678379,3.0,1169.0,752.0,2.5988312536441067,-0.4011687463558933,0.4011687463558933,valid,,,Shared Pattern Plane,Region-SIFT(21/28),124,1,183.3589373311038,186.78469928334124,2.6542152000001806
490,20,4,2,3,5,35.0,70.0,1182.4718472635484,748.9178989030687,3.0,1182.0,749.0,3.129855161438491,0.12985516143849107,0.12985516143849107,valid,,,Shared Pattern Plane,Region-SIFT(21/28),124,1,169.51425539047,173.0814792038799,2.4386131999999634
491,20,4,2,4,1,25.0,72.5,1135.3192488888646,774.5663772117084,3.0,1135.0,775.0,2.1578432620901635,-0.8421567379098365,0.8421567379098365,valid,,,Shared Pattern Plane,Region-SIFT(21/28),124,1,244.7964291224404,252.34334678367244,2.5924818000003143
492,20,4,2,4,2,27.5,72.5,1148.1075796255516,771.3695395337289,3.0,1148.0,771.0,2.711465291017907,-0.2885347089820929,0.2885347089820929,valid,,,Shared Pattern Plane,Region-SIFT(21/28),124,1,181.9091662563344,183.75533707600596,2.3948240999998234
493,20,4,2,4,3,30.0,72.5,1160.9610188602949,768.1564259786211,3.0,1161.0,768.0,3.246834478748092,0.24683447874809206,0.24683447874809206,valid,,,Shared Pattern Plane,Region-SIFT(21/28),124,1,224.97072242454246,229.8281772782852,2.3890336000004027
494,20,4,2,4,4,32.5,72.5,1173.880065086839,764.9269119324991,3.0,1174.0,765.0,2.615042074086901,-0.3849579259130991,0.3849579259130991,valid,,,Shared Pattern Plane,Region-SIFT(21/28),124,1,214.71513338442205,217.58424099355295,2.437034299999141
495,20,4,2,4,5,35.0,72.5,1186.8652219008093,761.6808715061057,3.0,1187.0,762.0,2.567259677467377,-0.4327403225326232,0.4327403225326232,valid,,,Shared Pattern Plane,Region-SIFT(21/28),124,1,200.10922679396535,203.27142469509954,2.445017599999119
496,20,4,2,5,1,25.0,75.0,1139.7090737275948,787.1634169777109,3.0,1140.0,787.0,2.762703059051881,-0.23729694094811915,0.23729694094811915,valid,,,Shared Pattern Plane,Region-SIFT(21/28),124,1,270.69833527418666,281.06211968466323,2.5102544000001217
497,20,4,2,5,2,27.5,75.0,1152.496271979152,784.001601312742,3.0,1152.0,784.0,2.7309214154064305,-0.2690785845935695,0.2690785845935695,valid,,,Shared Pattern Plane,Region-SIFT(21/28),124,1,195.3298092937974,202.60026116806284,2.3793314000013197
498,20,4,2,5,3,30.0,75.0,1165.3485103490675,780.8237035584027,3.0,1165.0,781.0,2.6825360976280876,-0.31746390237191235,0.31746390237191235,valid,,,Shared Pattern Plane,Region-SIFT(21/28),124,1,169.05030285113702,174.53595543336402,2.3303429000006872
499,20,4,2,5,4,32.5,75.0,1178.266286327392,777.6296007032404,3.0,1178.0,778.0,2.6344301437606834,-0.3655698562393166,0.3655698562393166,valid,,,Shared Pattern Plane,Region-SIFT(21/28),124,1,213.4870181371295,216.680573340437,2.7009531000003335
500,20,4,2,5,5,35.0,75.0,1191.2501024908613,774.4191684780469,3.0,1191.0,774.0,2.5953864404710445,-0.4046135595289555,0.4046135595289555,valid,,,Shared Pattern Plane,Region-SIFT(21/28),124,1,240.61472488887728,245.11028683813763,2.53278599999976
501,21,4,3,1,1,45.0,65.0,1226.289308938241,709.729104914872,2.5,1226.0,710.0,2.3215228257649985,-0.17847717423500153,0.17847717423500153,valid,,,Shared Pattern Plane,Region-SIFT(21/28),124,1,256.6771097132769,262.07643086647056,2.4751495999989857
502,21,4,3,1,2,47.5,65.0,1239.6177675412148,706.2878178965009,2.5,1240.0,706.0,2.8364297829154914,0.3364297829154914,0.3364297829154914,valid,,,Shared Pattern Plane,Region-SIFT(21/28),124,1,285.89074953220506,291.54713014279116,2.3039450000014767
503,21,4,3,1,3,50.0,65.0,1253.0157000454315,702.8285933474984,2.5,1253.0,703.0,2.2147954157375698,-0.2852045842624302,0.2852045842624302,valid,,,Shared Pattern Plane,Region-SIFT(21/28),124,1,337.3662377534089,344.4137430191335,2.5436714999996184
504,21,4,3,1,4,52.5,65.0,1266.4836510639504,699.3512906537161,2.5,1266.0,699.0,2.1751370412803825,-0.32486295871961746,0.32486295871961746,valid,,,Shared Pattern Plane,Region-SIFT(21/28),124,1,293.32499032197177,300.0375787246191,2.4136743000017304
505,21,4,3,1,5,55.0,65.0,1280.022170917116,695.855767727437,2.5,1280.0,696.0,2.687388430018184,0.18738843001818406,0.18738843001818406,valid,,,Shared Pattern Plane,Region-SIFT(21/28),124,1,250.84662683325467,255.0090845253942,2.3460360999997647
506,21,4,3,2,1,45.0,67.5,1230.6938877832708,722.687701567167,2.5,1231.0,723.0,2.337682659540291,-0.16231734045970914,0.16231734045970914,valid,,,Shared Pattern Plane,Region-SIFT(21/28),124,1,188.12943037779877,191.95575065386976,2.6851759999990463
507,21,4,3,2,2,47.5,67.5,1244.0206948983057,719.2834463309362,2.5,1244.0,719.0,2.2888521858431212,-0.21114781415687878,0.21114781415687878,valid,,,Shared Pattern Plane,Region-SIFT(21/28),124,1,182.4776242674974,185.32369082500546,2.5732920999998896
508,21,4,3,2,3,50.0,67.5,1257.4168989076113,715.8614640623668,2.5,1257.0,716.0,2.2510530566734333,-0.24894694332656675,0.24894694332656675,valid,,,Shared Pattern Plane,Region-SIFT(21/28),124,1,218.53974110537737,223.81108985120383,2.4899733000002016
509,21,4,3,2,4,52.5,67.5,1270.8830432835275,712.4216159346156,2.5,1271.0,712.0,2.191276070875199,-0.3087239291248012,0.3087239291248012,valid,,,Shared Pattern Plane,Region-SIFT(21/28),124,1,200.39140722587626,202.1711159110247,2.6614413000006607
510,21,4,3,2,5,55.0,67.5,1284.4196771880866,708.9637616674412,2.5,1284.0,709.0,2.1455519420834874,-0.35444805791651257,0.35444805791651257,valid,,,Shared Pattern Plane,Region-SIFT(21/28),124,1,167.26489087866725,170.8672974972993,2.441890499998408
511,21,4,3,3,1,45.0,70.0,1235.0898461102315,735.62093601787,2.5,1235.0,736.0,2.3569141963420823,-0.14308580365791768,0.14308580365791768,valid,,,Shared Pattern Plane,Region-SIFT(21/28),124,1,134.1919232383607,138.24154173046043,2.507462999999916
512,21,4,3,3,2,47.5,70.0,1248.4149826133296,732.25357409979,2.5,1248.0,732.0,2.3080235517623793,-0.19197644823762072,0.19197644823762072,valid,,,Shared Pattern Plane,Region-SIFT(21/28),124,1,163.04483581623703,164.94694348103732,2.3404345999988436
513,21,4,3,3,3,50.0,70.0,1261.8094390557392,728.8686945132229,2.5,1262.0,729.0,2.8255982455839113,0.32559824558391126,0.32559824558391126,valid,,,Shared Pattern Plane,Region-SIFT(21/28),124,1,196.53608111881073,200.24318561178228,2.3709698999991815
514,21,4,3,3,4,52.5,70.0,1275.273757771738,725.4661602062306,2.5,1275.0,725.0,2.775227409465019,0.2752274094650189,0.2752274094650189,valid,,,Shared Pattern Plane,Region-SIFT(21/28),124,1,171.63230457507746,174.10452818330373,2.441979599998376
515,21,4,3,3,5,55.0,70.0,1288.8084867677658,722.045832693476,2.5,1289.0,722.0,2.7244922355520433,0.22449223555204334,0.22449223555204334,valid,,,Shared Pattern Plane,Region-SIFT(21/28),124,1,193.4239558396516,197.05398212314455,2.6163623000011285
516,21,4,3,4,1,45.0,72.5,1239.4772092021346,748.5288826514723,2.5,1239.0,749.0,2.376110198869813,-0.12388980113018722,0.12388980113018722,valid,,,Shared Pattern Plane,Region-SIFT(21/28),124,1,159.52314121054593,164.42960849101723,2.734857200000988
517,21,4,3,4,2,47.5,72.5,1252.8006560910603,745.1982761874956,2.5,1253.0,745.0,2.324143147091446,-0.17585685290855402,0.17585685290855402,valid,,,Shared Pattern Plane,Region-SIFT(21/28),124,1,140.86292638021803,142.42382518316998,2.811777599999914
518,21,4,3,4,3,50.0,72.5,1266.1933460168325,741.8503602909054,2.5,1266.0,742.0,2.2778443931255183,-0.22215560687448166,0.22215560687448166,valid,,,Shared Pattern Plane,Region-SIFT(21/28),124,1,228.13628291780987,232.7568591192077,3.5155373999987205
519,21,4,3,4,4,52.5,72.5,1279.6558201783164,738.4849996723534,2.5,1280.0,738.0,2.7852286783264955,0.28522867832649546,0.28522867832649546,valid,,,Shared Pattern Plane,Region-SIFT(21/28),124,1,185.26755643773964,186.8504489435446,2.660786000000371
520,21,4,3,4,5,55.0,72.5,1293.1886254290766,735.102057628926,2.5,1293.0,735.0,2.18066767165857,-0.3193323283414302,0.3193323283414302,valid,,,Shared Pattern Plane,Region-SIFT(21/28),124,1,182.2966935672457,184.0916050553444,2.689531399999396
521,21,4,3,5,1,45.0,75.0,1243.8560022432202,761.4116155618684,2.5,1244.0,761.0,2.3898629037873578,-0.11013709621264223,0.11013709621264223,valid,,,Shared Pattern Plane,Region-SIFT(21/28),124,1,151.1531623542624,154.5392125869151,2.354439500000808
522,21,4,3,5,2,47.5,75.0,1257.1777406367682,758.1176272847874,2.5,1257.0,758.0,2.9141910367452772,0.41419103674527724,0.41419103674527724,valid,,,Shared Pattern Plane,Region-SIFT(21/28),124,1,179.648351074905,182.6842310409774,2.4306620999996085
523,21,4,3,5,3,50.0,75.0,1270.568645217663,754.8065366894085,2.5,1271.0,755.0,2.8628467510174085,0.3628467510174085,0.3628467510174085,valid,,,Shared Pattern Plane,Region-SIFT(21/28),124,1,203.32274854094896,209.00228360878506,2.5906180999991193
524,21,4,3,5,4,52.5,75.0,1284.029256052009,751.4782102367468,2.5,1284.0,751.0,2.245510419922201,-0.2544895800777991,0.2544895800777991,valid,,,Shared Pattern Plane,Region-SIFT(21/28),124,1,160.30922193224467,161.95869094220018,2.596848500001215
525,21,4,3,5,5,55.0,75.0,1297.5601188432042,748.1325129939177,2.5,1298.0,748.0,2.1967412246695965,-0.30325877533040346,0.30325877533040346,valid,,,Shared Pattern Plane,Region-SIFT(21/28),124,1,139.9186039182875,142.752639203515,2.618166599999313
526,22,4,4,1,1,65.0,65.0,1334.8931490690645,681.6885792756913,2.0,1335.0,682.0,1.9327842736615926,-0.06721572633840744,0.06721572633840744,valid,,,Shared Pattern Plane,Region-SIFT(21/28),124,1,194.43239246903272,196.78566046175663,2.5177457999998296
527,22,4,4,1,2,67.5,65.0,1348.7929729695888,678.0997709242257,2.0,1349.0,678.0,1.878815168909573,-0.1211848310904271,0.1211848310904271,valid,,,Shared Pattern Plane,Region-SIFT(21/28),124,1,176.9001456795546,179.552362836024,2.5892640000001848
528,22,4,4,1,3,70.0,65.0,1362.7667917616052,674.4918577634865,2.0,1363.0,674.0,1.830002980413728,-0.1699970195862719,0.1699970195862719,valid,,,Shared Pattern Plane,Region-SIFT(21/28),124,1,230.85603408914392,233.311410551745,2.4802856000005704
529,22,4,4,1,4,72.5,65.0,1376.8151978831695,670.864686831346,2.0,1377.0,671.0,1.7838362110957056,-0.21616378890429444,0.21616378890429444,valid,,,Shared Pattern Plane,Region-SIFT(21/28),124,1,238.36709117384814,240.0355165970695,2.8753337999987707
530,22,4,4,1,5,75.0,65.0,1390.9387901137136,667.2181035283907,2.0,1391.0,667.0,2.2830303129737857,0.28303031297378567,0.28303031297378567,valid,,,Shared Pattern Plane,Region-SIFT(21/28),124,1,229.34104837891914,232.96702176964536,2.550351600000795
531,22,4,4,2,1,65.0,67.5,1339.28229468638,694.9494256543393,2.0,1339.0,695.0,1.9517068420901291,-0.048293157909870876,0.048293157909870876,valid,,,Shared Pattern Plane,Region-SIFT(21/28),124,1,176.07404674045625,180.14560015134558,2.5685966000000917
532,22,4,4,2,2,67.5,67.5,1353.179818096201,691.3993842655696,2.0,1353.0,691.0,1.9020164545186684,-0.09798354548133159,0.09798354548133159,valid,,,Shared Pattern Plane,Region-SIFT(21/28),124,1,165.0821088533553,168.3583298782936,2.5048452999999427
533,22,4,4,2,3,70.0,67.5,1367.1512497547021,687.8304634452601,2.0,1367.0,688.0,1.8549374505442575,-0.14506254945574248,0.14506254945574248,valid,,,Shared Pattern Plane,Region-SIFT(21/28),124,1,143.73493820573918,145.47705958670699,2.5717337999994925
534,22,4,4,2,4,72.5,67.5,1381.1971808095975,684.242512188172,2.0,1381.0,684.0,1.8057840451842682,-0.19421595481573184,0.19421595481573184,valid,,,Shared Pattern Plane,Region-SIFT(21/28),124,1,153.09759954472696,154.72571930325088,2.5696499999994558
535,22,4,4,2,5,75.0,67.5,1395.3182087297655,680.63537787436,2.0,1395.0,681.0,1.7592186679300608,-0.24078133206993924,0.24078133206993924,valid,,,Shared Pattern Plane,Region-SIFT(21/28),124,1,146.7171250721765,148.27216985862378,2.610503800000515
536,22,4,4,3,1,65.0,70.0,1343.6626684032647,708.1837696486522,2.0,1344.0,708.0,1.9676863648252754,-0.03231363517472463,0.03231363517472463,valid,,,Shared Pattern Plane,Region-SIFT(21/28),124,1,120.45292734721352,122.24209164773454,2.6001664999985223
537,22,4,4,3,2,67.5,70.0,1357.5578726924925,704.6723473261409,2.0,1358.0,705.0,1.9165813197153434,-0.0834186802846566,0.0834186802846566,valid,,,Shared Pattern Plane,Region-SIFT(21/28),124,1,153.72258809659849,154.2927916860187,2.7963180000006105
538,22,4,4,3,3,70.0,70.0,1371.526898662692,701.1422697112673,2.0,1372.0,701.0,1.8708650297748584,-0.12913497022514164,0.12913497022514164,valid,,,Shared Pattern Plane,Region-SIFT(21/28),124,1,142.08138140471524,142.57936919647497,2.7540592000004835
539,22,4,4,3,4,72.5,70.0,1385.5703361744331,697.5933877418421,2.0,1386.0,698.0,1.8240073058368431,-0.17599269416315688,0.17599269416315688,valid,,,Shared Pattern Plane,Region-SIFT(21/28),124,1,154.87831577422128,157.26075988324112,2.50227249999989
540,22,4,4,3,5,75.0,70.0,1399.6887813893197,694.0255507633575,2.0,1400.0,694.0,1.7751353344805325,-0.2248646655194675,0.2248646655194675,valid,,,Shared Pattern Plane,Region-SIFT(21/28),124,1,142.3109715603016,144.5691773269695,2.511976899999354
541,22,4,4,4,1,65.0,72.5,1348.0342964900115,721.3916906285879,2.0,1348.0,721.0,1.9865578113005504,-0.013442188699449575,0.013442188699449575,valid,,,Shared Pattern Plane,Region-SIFT(21/28),124,1,102.56758726513576,102.91622916692714,2.786261299999751
542,22,4,4,4,2,67.5,72.5,1361.9271631542251,717.9187401300605,2.0,1362.0,718.0,1.9391471290129898,-0.0608528709870102,0.0608528709870102,valid,,,Shared Pattern Plane,Region-SIFT(21/28),124,1,159.71467208761388,161.31248437907342,2.5741416000000754
543,22,4,4,4,3,70.0,72.5,1375.8937650072457,714.4273572469929,2.0,1376.0,714.0,1.8896669958933847,-0.11033300410661528,0.11033300410661528,valid,,,Shared Pattern Plane,Region-SIFT(21/28),124,1,173.09888350168865,175.65744058798876,2.7522778999991715
544,22,4,4,4,4,72.5,72.5,1389.9346906256928,710.9173948465058,2.0,1390.0,711.0,1.84276554419835,-0.15723445580165007,0.15723445580165007,valid,,,Shared Pattern Plane,Region-SIFT(21/28),124,1,194.31614208120516,198.18264048724498,2.39697840000008
545,22,4,4,4,5,75.0,72.5,1404.0505348671613,707.3887042255973,2.0,1404.0,707.0,1.793827414999265,-0.206172585000735,0.206172585000735,valid,,,Shared Pattern Plane,Region-SIFT(21/28),124,1,158.02041405470914,161.86987538580024,2.3887974999997823
546,22,4,4,5,1,65.0,75.0,1352.397205112116,734.5732676474879,2.0,1352.0,735.0,2.0077404153552885,0.007740415355288466,0.007740415355288466,valid,,,Shared Pattern Plane,Region-SIFT(21/28),124,1,167.2642407957208,168.78319665500226,2.8743116999994527
547,22,4,4,5,2,67.5,75.0,1366.2877157715864,731.1386423813798,2.0,1366.0,731.0,1.9579450895870671,-0.042054910412932855,0.042054910412932855,valid,,,Shared Pattern Plane,Region-SIFT(21/28),124,1,162.63985643235463,165.78293459831997,2.6494514999994863
548,22,4,4,5,3,70.0,75.0,1380.2518752036754,727.6858064143511,2.0,1380.0,728.0,1.910735036114263,-0.08926496388573701,0.08926496388573701,valid,,,Shared Pattern Plane,Region-SIFT(21/28),124,1,208.71920695128267,212.28220549507176,2.669420500000342
549,22,4,4,5,4,72.5,75.0,1394.290270704241,724.2146145291927,2.0,1394.0,724.0,1.859629934541263,-0.14037006545873698,0.14037006545873698,valid,,,Shared Pattern Plane,Region-SIFT(21/28),124,1,223.17864664774095,229.26450530534868,2.537738700000773
550,22,4,4,5,5,75.0,75.0,1408.4034958301306,720.7249199605769,2.0,1408.0,721.0,1.8148322944632342,-0.18516770553676576,0.18516770553676576,valid,,,Shared Pattern Plane,Region-SIFT(21/28),124,1,179.78054327838635,182.3619358236856,2.5114933000004385
551,23,4,5,1,1,85.0,65.0,1448.1972224652877,652.434496075104,1.5,1448.0,652.0,1.0057684821489365,-0.49423151785106345,0.49423151785106345,valid,,,Shared Pattern Plane,Region-SIFT(21/28),124,1,249.21841214800637,257.0838431966388,2.769327100000737
552,23,4,5,1,2,87.5,65.0,1462.7059549131875,648.6884730642482,1.5,1463.0,649.0,1.4976118255402513,-0.0023881744597487042,0.0023881744597487042,valid,,,Shared Pattern Plane,Region-SIFT(21/28),124,1,227.67008033732256,234.50978924786017,2.3336307000008674
553,23,4,5,1,3,90.0,65.0,1477.2936041773028,644.9220744478359,1.5,1477.0,645.0,1.4509686909345145,-0.04903130906548547,0.04903130906548547,valid,,,Shared Pattern Plane,Region-SIFT(21/28),124,1,226.1437303492632,230.0205860953625,2.9209353999995074
554,23,4,5,1,4,92.5,65.0,1491.9608158875249,641.13513353009,1.5,1492.0,641.0,1.400211268727774,-0.0997887312722261,0.0997887312722261,valid,,,Shared Pattern Plane,Region-SIFT(21/28),124,1,202.73068071294713,204.83345057391506,2.564879600000495
555,23,4,5,1,5,95.0,65.0,1506.7082427356577,637.3274817919114,1.5,1507.0,637.0,1.8818405006781387,0.3818405006781387,0.3818405006781387,valid,,,Shared Pattern Plane,Region-SIFT(21/28),124,1,209.49331900480564,212.31089247542167,2.532338000000891
556,23,4,5,2,1,85.0,67.5,1452.5654644642545,666.0118999166037,1.5,1453.0,666.0,1.5631512744439309,0.06315127444393087,0.06315127444393087,valid,,,Shared Pattern Plane,Region-SIFT(21/28),124,1,122.03780813772212,124.43110311346638,2.5451733999998396
557,23,4,5,2,2,87.5,67.5,1467.0711659922792,662.306502970754,1.5,1467.0,662.0,0.9775877935962074,-0.5224122064037926,0.5224122064037926,valid,,,Shared Pattern Plane,Region-SIFT(21/28),124,1,125.78684092526713,127.86755707298587,2.5781930000011926
558,23,4,5,2,3,90.0,67.5,1481.6556867846186,658.580972103032,1.5,1482.0,659.0,1.4679033175325689,-0.03209668246743114,0.03209668246743114,valid,,,Shared Pattern Plane,Region-SIFT(21/28),124,1,121.4775020316795,122.71078137774586,2.6656573000000208
559,23,4,5,2,4,92.5,67.5,1496.3196710087434,654.8351427646104,1.5,1496.0,655.0,1.420909392177523,-0.0790906078224769,0.0790906078224769,valid,,,Shared Pattern Plane,Region-SIFT(21/28),124,1,148.38194375618426,149.83494510226717,2.705873300001258
560,23,4,5,2,5,95.0,67.5,1511.06376987076,651.0688486086832,1.5,1511.0,651.0,1.3714970549221643,-0.12850294507783566,0.12850294507783566,valid,,,Shared Pattern Plane,Region-SIFT(21/28),124,1,168.8291572379057,169.96847344529067,3.217015399999582
561,23,4,5,3,1,85.0,70.0,1456.9247878110868,679.561582733999,1.5,1457.0,680.0,1.5839940111488064,0.08399401114880645,0.08399401114880645,valid,,,Shared Pattern Plane,Region-SIFT(21/28),124,1,92.1930446276589,93.38294465544611,3.358328000000256
562,23,4,5,3,2,87.5,70.0,1471.427440484084,675.89665364972,1.5,1471.0,676.0,1.5364023881402917,0.03640238814029173,0.03640238814029173,valid,,,Shared Pattern Plane,Region-SIFT(21/28),124,1,106.12103622476889,106.6910421637274,2.6765950999997585
563,23,4,5,3,3,90.0,70.0,1486.008814972395,672.2118309723846,1.5,1486.0,672.0,1.486396941316374,-0.01360305868362599,0.01360305868362599,valid,,,Shared Pattern Plane,Region-SIFT(21/28),124,1,132.3177414556029,134.15380787972148,2.5195550000007643
564,23,4,5,3,4,92.5,70.0,1500.6695539849184,668.5069522846352,1.5,1501.0,669.0,1.4389242783834393,-0.06107572161656072,0.06107572161656072,valid,,,Shared Pattern Plane,Region-SIFT(21/28),124,1,161.4361379421577,163.3709122018439,2.6193069000000833
565,23,4,5,3,5,95.0,70.0,1515.410307246006,664.7818533962552,1.5,1515.0,665.0,1.3921325396192168,-0.10786746038078321,0.10786746038078321,valid,,,Shared Pattern Plane,Region-SIFT(21/28),124,1,226.83574216933476,231.78800683254852,2.4553575000009005
566,23,4,5,4,1,85.0,72.5,1461.2752197917866,693.0836293378517,1.5,1461.0,693.0,1.6025408231039084,0.10254082310390844,0.10254082310390844,valid,,,Shared Pattern Plane,Region-SIFT(21/28),124,1,107.04037729924318,108.80406329471414,2.368749699999171
567,23,4,5,4,2,87.5,72.5,1475.7748058034026,689.4590106263519,1.5,1476.0,689.0,1.0121511669614922,-0.4878488330385078,0.4878488330385078,valid,,,Shared Pattern Plane,Region-SIFT(21/28),124,1,155.2760794175365,157.35974362353107,2.625680999999531
568,23,4,5,4,3,90.0,72.5,1490.3530162846134,685.8147373037862,1.5,1490.0,686.0,0.969034067703119,-0.530965932296881,0.530965932296881,valid,,,Shared Pattern Plane,Region-SIFT(21/28),124,1,182.5679156106616,186.8861475096184,2.6287465000004886
569,23,4,5,4,4,92.5,72.5,1505.0104924895868,682.1506490688982,1.5,1505.0,682.0,0.38299868217381744,-1.1170013178261826,1.1170013178261826,valid,,,Shared Pattern Plane,Region-SIFT(21/28),124,1,259.94781512507683,264.0346091915042,2.625373300001229
570,23,4,5,4,5,95.0,72.5,1519.7478826648494,678.4665838724756,1.5,1520.0,678.0,0.8739009025226597,-0.6260990974773403,0.6260990974773403,valid,,,Shared Pattern Plane,Region-SIFT(21/28),124,1,251.00166466929926,257.3624248956165,2.354844999999841
571,23,4,5,5,1,85.0,75.0,1465.6167875811623,706.5781241931132,1.5,1466.0,707.0,1.6206010788041123,0.1206010788041123,0.1206010788041123,valid,,,Shared Pattern Plane,Region-SIFT(21/28),124,1,156.85507253011065,159.5791205729027,2.454045099999348
572,23,4,5,5,2,87.5,75.0,1480.1132892530163,702.9936590763908,1.5,1480.0,703.0,1.572964001290366,0.07296400129036607,0.07296400129036607,valid,,,Shared Pattern Plane,Region-SIFT(21/28),124,1,167.38882733602372,171.94108425080213,2.422434800000701
573,23,4,5,5,3,90.0,75.0,1494.688318152403,699.3897769917563,1.5,1495.0,699.0,1.5228439087622183,0.022843908762218312,0.022843908762218312,valid,,,Shared Pattern Plane,Region-SIFT(21/28),124,1,239.71084248880862,243.13283358681335,2.3499972999998135
574,23,4,5,5,4,92.5,75.0,1509.342514082593,695.7663197387998,1.5,1509.0,696.0,0.9438559625344192,-0.5561440374655808,0.5561440374655808,valid,,,Shared Pattern Plane,Region-SIFT(21/28),124,1,280.32485468021775,287.9576682094937,2.3828081999999995
575,23,4,5,5,5,95.0,75.0,1524.0765238162096,692.1231273938402,1.5,1524.0,692.0,0.8865427404746102,-0.6134572595253898,0.6134572595253898,valid,,,Shared Pattern Plane,Region-SIFT(21/28),124,1,275.08259337591744,282.69070017548245,2.6994546000005357
576,24,4,6,1,1,105.0,65.0,1566.513407977201,621.8863310251347,1.0,1567.0,622.0,1.6885069464286193,0.6885069464286193,0.6885069464286193,valid,,,Shared Pattern Plane,Region-SIFT(21/28),124,1,281.605311963924,287.7271677459207,2.391308399999616
577,24,4,6,1,2,107.5,65.0,1581.6719549265767,617.9725318088762,1.0,1582.0,618.0,1.6289627645734865,0.6289627645734865,0.6289627645734865,valid,,,Shared Pattern Plane,Region-SIFT(21/28),124,1,245.5247660535984,247.930104917523,2.3718567000014446
578,24,4,6,1,3,110.0,65.0,1596.9147870002907,614.0369709386359,1.0,1597.0,614.0,1.585124686274191,0.585124686274191,0.585124686274191,valid,,,Shared Pattern Plane,Region-SIFT(21/28),124,1,216.5168952851068,220.0220736679747,2.477176500000496
579,24,4,6,1,4,112.5,65.0,1612.2426091261157,610.0794664084622,1.0,1612.0,610.0,4.084324962365202,3.0843249623652023,3.0843249623652023,valid,,,Shared Pattern Plane,Region-SIFT(21/28),124,1,210.6187967936198,213.72580337113,2.4990545000000566
580,24,4,6,1,5,115.0,65.0,1627.6561341147876,606.0998341770936,1.0,1628.0,606.0,1.995444919588487,0.9954449195884869,0.9954449195884869,valid,,,Shared Pattern Plane,Region-SIFT(21/28),124,1,209.41341759616103,211.0711521249021,2.452910399999382
581,24,4,6,2,1,105.0,67.5,1570.8545876153912,635.7956325540999,1.0,1571.0,636.0,1.183862556214058,0.1838625562140579,0.1838625562140579,valid,,,Shared Pattern Plane,Region-SIFT(21/28),124,1,306.2155644997087,316.13322688621366,2.6468291000001045
582,24,4,6,2,2,107.5,67.5,1586.009280948668,631.9244544325918,1.0,1586.0,632.0,2.671937388661713,1.6719373886617128,1.6719373886617128,valid,,,Shared Pattern Plane,Region-SIFT(21/28),124,1,285.9311182476225,291.87830335708145,2.5469819999998435
583,24,4,6,2,3,110.0,67.5,1601.2481494792341,628.0317742473366,1.0,1601.0,628.0,2.1222789671406317,1.1222789671406317,1.1222789671406317,valid,,,Shared Pattern Plane,Region-SIFT(21/28),124,1,265.15988757219264,271.95321972034156,2.4634820999999647
584,24,4,6,2,4,112.5,67.5,1616.5718964740156,624.1174123528956,1.0,1617.0,624.0,2.061734761255657,1.0617347612556571,1.0617347612556571,valid,,,Shared Pattern Plane,Region-SIFT(21/28),124,1,263.09834099623265,268.3308592070598,2.469575099999929
585,24,4,6,2,5,115.0,67.5,1631.9812330560196,620.1811870970387,1.0,1632.0,620.0,0.9858040745710966,-0.014195925428903355,0.014195925428903355,valid,,,Shared Pattern Plane,Region-SIFT(21/28),124,1,283.2588565836508,291.13569659027235,2.4181504000007408
586,24,4,6,3,1,105.0,70.0,1575.18670822345,649.6759086125352,1.0,1575.0,650.0,1.199275405430646,0.19927540543064604,0.19927540543064604,valid,,,Shared Pattern Plane,Region-SIFT(21/28),124,1,202.823564777677,207.07224794931307,2.3443833000001177
587,24,4,6,3,2,107.5,70.0,1590.3375309416733,645.847182097271,1.0,1590.0,646.0,2.184334103984669,1.184334103984669,1.184334103984669,valid,,,Shared Pattern Plane,Region-SIFT(21/28),124,1,264.33825461776166,269.60176602710806,2.6195062000006146
588,24,4,6,3,3,110.0,70.0,1605.5724190664819,641.9972116233652,1.0,1606.0,642.0,1.0942567661083706,0.09425676610837064,0.09425676610837064,valid,,,Shared Pattern Plane,Region-SIFT(21/28),124,1,334.34875648337066,345.79423751695333,2.4395535999992717
589,24,4,6,3,4,112.5,70.0,1620.8920742085859,638.1258198885304,1.0,1621.0,638.0,0.013943299932080135,-0.9860567000679199,0.9860567000679199,valid,,,Shared Pattern Plane,Region-SIFT(21/28),124,1,349.66033257580307,358.2012402783777,2.3463243000005605
590,24,4,6,3,5,115.0,70.0,1636.2972058080088,634.2328276119523,1.0,1636.0,634.0,0.9907921734697278,-0.00920782653027219,0.00920782653027219,valid,,,Shared Pattern Plane,Region-SIFT(21/28),124,1,331.00761478060764,338.62195937101194,2.4034069999997882
591,24,4,6,4,1,105.0,72.5,1579.5097981279494,663.5272499598324,1.0,1580.0,664.0,1.2170728147856698,0.21707281478566975,0.21707281478566975,valid,,,Shared Pattern Plane,Region-SIFT(21/28),124,1,182.07502996555712,184.9555461779767,2.3412969000000885
592,24,4,6,4,2,107.5,72.5,1594.6567333637504,659.7408063445748,1.0,1595.0,660.0,1.168991467302771,0.16899146730277104,0.16899146730277104,valid,,,Shared Pattern Plane,Region-SIFT(21/28),124,1,205.4479298763174,210.17283989028877,2.468013699999574
593,24,4,6,4,3,110.0,72.5,1609.8876243520801,655.9333753996581,1.0,1610.0,656.0,2.673193580555448,1.673193580555448,1.673193580555448,valid,,,Shared Pattern Plane,Region-SIFT(21/28),124,1,301.07349948378464,309.64014583805994,2.4621701999985817
594,24,4,6,4,4,112.5,72.5,1625.2031710520514,652.1047821487135,1.0,1625.0,652.0,0.03959599174953061,-0.9604040082504693,0.9604040082504693,valid,,,Shared Pattern Plane,Region-SIFT(21/28),124,1,277.9831801086507,282.7303328017319,2.4805493999992905
595,24,4,6,4,5,115.0,72.5,1640.6040812254307,648.2548496648591,1.0,1641.0,648.0,-0.029262941521500087,-1.0292629415215,1.0292629415215,valid,,,Shared Pattern Plane,Region-SIFT(21/28),124,1,293.6077862340937,299.59397785103107,2.4862410000005184
596,24,4,6,5,1,105.0,75.0,1583.8238855374846,677.3497469773841,1.0,1584.0,677.0,0.708581739313367,-0.291418260686633,0.291418260686633,valid,,,Shared Pattern Plane,Region-SIFT(21/28),124,1,215.83709815545058,221.63754108911158,2.35420570000133
597,24,4,6,5,2,107.5,75.0,1598.9669165542084,673.6054183338553,1.0,1599.0,674.0,1.7119112391268938,0.7119112391268938,0.7119112391268938,valid,,,Shared Pattern Plane,Region-SIFT(21/28),124,1,228.4797147478376,235.30222095372113,2.281252200000381
598,24,4,6,5,3,110.0,75.0,1614.1937938063422,669.8403575224697,1.0,1614.0,670.0,1.1272582643889046,0.12725826438890464,0.12725826438890464,valid,,,Shared Pattern Plane,Region-SIFT(21/28),124,1,295.91223765983784,305.6709273476042,2.371990300000107
599,24,4,6,5,4,112.5,75.0,1629.505215606014,666.054391875675,1.0,1630.0,666.0,2.1259089422661464,1.1259089422661464,1.1259089422661464,valid,,,Shared Pattern Plane,Region-SIFT(21/28),124,1,324.69673239692804,330.9987731204987,2.400901099999828
600,24,4,6,5,5,115.0,75.0,1644.9018880414487,662.2473468031685,1.0,1645.0,662.0,1.0273689437098408,0.027368943709840776,0.027368943709840776,valid,,,Shared Pattern Plane,Region-SIFT(21/28),124,1,298.0916027503039,305.0097775801931,2.46494150000035
