sample_id,block_id,row,column,sample_row,sample_column,model_x_mm,model_y_mm,u,v,true_height_mm,measured_u,measured_v,wound_height_mm,error_mm,abs_error_mm,status,failure_reason,measurement_warning,height_reference_source,method,candidate_frame,fused_count,group_score,objective_score,elapsed_seconds
1,1,1,1,1,1,5,5,760.211317407167,355.489956948714,12.5,760,355,15.2991384919154,2.79913849191545,2.79913849191545,valid,,,Shared Pattern Plane,Grad-SIFT+Top2Geo+MidGrad+極線對齊,102,1,,,1.71090459999687
2,1,1,1,1,2,7.5,5,775.779543541491,355.638816801501,12.5,776,356,14.5345546087797,2.03455460877966,2.03455460877966,valid,,,Shared Pattern Plane,Grad-SIFT+Top2Geo+MidGrad+極線對齊,102,1,,,1.82586409999931
3,1,1,1,1,3,10,5,791.422931651019,355.788395336074,12.5,791,356,14.45403673204,1.95403673204003,1.95403673204003,valid,,,Shared Pattern Plane,Grad-SIFT+Top2Geo+MidGrad+極線對齊,102,1,,,1.93729030000395
4,1,1,1,1,4,12.5,5,807.142027365614,355.938697769623,12.5,807,356,12.2377757954342,-0.262224204565827,0.262224204565827,valid,,,Shared Pattern Plane,Grad-SIFT+Top2Geo+MidGrad+極線對齊,102,1,,,1.86287530000845
5,1,1,1,1,5,15,5,822.9373816092,356.089729369957,12.5,823,356,12.9578547045001,0.457854704500102,0.457854704500102,valid,,,Shared Pattern Plane,Grad-SIFT+Top2Geo+MidGradInterp+極線對齊,102,1,,,1.81780770000478
6,1,1,1,2,1,5,7.5,760.527017310386,372.086192249262,12.5,761,372,14.2654067425968,1.76540674259676,1.76540674259676,valid,,,Shared Pattern Plane,Grad-SIFT+Top2Geo+MidGrad+極線對齊,102,1,,,1.74053559999447
7,1,1,1,2,2,7.5,7.5,776.073236485849,372.27474205218,12.5,776,372,7.31133940925853,-5.18866059074147,5.18866059074147,valid,,,Shared Pattern Plane,Grad-SIFT+Top2Geo+MidGradInterp+極線對齊,102,1,,,1.75296570001228
8,1,1,1,2,3,10,7.5,791.694401367097,372.464200821959,12.5,792,372,13.2688574901495,0.768857490149486,0.768857490149486,valid,,,Shared Pattern Plane,Grad-SIFT+Top2Geo+MidGrad+極線對齊,102,1,,,1.9624654000072
9,1,1,1,2,4,12.5,7.5,807.391055214563,372.654575147446,12.5,807,373,4.14937366251454,-8.35062633748546,8.35062633748546,valid,,,Shared Pattern Plane,Grad-SIFT+Top2Geo+MidGradInterp+極線對齊,102,1,,,2.04239089999464
10,1,1,1,2,5,15,7.5,823.163746551985,372.845871681323,12.5,823,373,14.1202265715113,1.62022657151134,1.62022657151134,valid,,,Shared Pattern Plane,Grad-SIFT+Top2Geo+MidGrad+極線對齊,102,1,,,1.86776959999406
11,1,1,1,3,1,5,10,760.841797446794,388.634075724999,12.5,761,389,13.7065734568351,1.2065734568351,1.2065734568351,valid,,,Shared Pattern Plane,Grad-SIFT+Top2Geo+MidGradInterp+極線對齊,102,1,,,1.77032130000589
12,1,1,1,3,2,7.5,10,776.366071724426,388.862083468878,12.5,776,389,13.9016053739331,1.40160537393305,1.40160537393305,valid,,,Shared Pattern Plane,Grad-SIFT+Top2Geo+MidGrad+極線對齊,102,1,,,1.72033270000247
13,1,1,1,3,3,10,10,791.96507637029,389.091188790805,12.5,792,389,14.4198682482855,1.91986824828547,1.91986824828547,valid,,,Shared Pattern Plane,Grad-SIFT+Top2Geo+MidGrad+極線對齊,102,1,,,1.96509690000676
14,1,1,1,3,4,12.5,10,807.639352289084,389.321399635143,12.5,808,389,12.7220798388137,0.222079838813674,0.222079838813674,valid,,,Shared Pattern Plane,Grad-SIFT+Top2Geo+MidGrad+極線對齊,102,1,,,2.06863239999802
15,1,1,1,3,5,15,10,823.389445618286,389.552724023108,12.5,823,390,14.0271741751011,1.52717417510115,1.52717417510115,valid,,,Shared Pattern Plane,Grad-SIFT+Top2Geo+MidGradInterp+極線對齊,102,1,,,1.90487640000356
16,1,1,1,4,1,5,12.5,761.155661830046,405.133818372414,12.5,761,405,12.4492332262033,-0.0507667737966866,0.0507667737966866,valid,,,Shared Pattern Plane,Grad-SIFT+Top2Geo+MidGradInterp+極線對齊,102,1,,,2.06755649999832
17,1,1,1,4,2,7.5,12.5,776.658053009032,405.401053568836,12.5,777,405,11.5883246574529,-0.911675342547143,0.911675342547143,valid,,,Shared Pattern Plane,Grad-SIFT+Top2Geo+MidGrad+極線對齊,102,1,,,2.11369329999434
18,1,1,1,4,3,10,12.5,792.234960145215,405.669573295253,12.5,792,406,13.8817840496647,1.38178404966472,1.38178404966472,valid,,,Shared Pattern Plane,Grad-SIFT+Top2Geo+MidGrad+極線對齊,102,1,,,1.92045299999882
19,1,1,1,4,4,12.5,12.5,807.886921801162,405.939386835578,12.5,808,406,13.4699500133869,0.969950013386869,0.969950013386869,valid,,,Shared Pattern Plane,Grad-SIFT+Top2Geo+MidGrad+極線對齊,102,1,,,1.71178289999079
20,1,1,1,4,5,15,12.5,823.614481741906,406.210503563409,12.5,824,406,13.0070085854737,0.507008585473731,0.507008585473731,valid,,,Shared Pattern Plane,Grad-SIFT+Top2Geo+MidGradInterp+極線對齊,102,1,,,1.90790859999834
21,1,1,1,5,1,5,15,761.46861445048,421.585629962128,12.5,761,422,12.6814188043432,0.181418804343201,0.181418804343201,valid,,,Shared Pattern Plane,Grad-SIFT+Top2Geo+MidGradInterp+極線對齊,102,1,,,2.0017000999942
22,1,1,1,5,2,7.5,15,776.949184069625,421.891863631633,12.5,777,422,13.241061206668,0.741061206668016,0.741061206668016,valid,,,Shared Pattern Plane,Grad-SIFT+Top2Geo+MidGradInterp+極線對齊,102,1,,,1.94785080000293
23,1,1,1,5,3,10,15,792.504056156149,422.199567138346,12.5,793,422,13.0064760284914,0.506476028491369,0.506476028491369,valid,,,Shared Pattern Plane,Grad-SIFT+Top2Geo+MidGradInterp+極線對齊,102,1,,,1.89296680000552
24,1,1,1,5,4,12.5,15,808.133766943984,422.508751089945,12.5,808,423,12.8281060854808,0.328106085480831,0.328106085480831,valid,,,Shared Pattern Plane,Grad-SIFT+Top2Geo+MidGradInterp+極線對齊,102,1,,,1.76248589999159
25,1,1,1,5,5,15,15,823.83885783944,422.819426196426,12.5,824,423,13.4225756588978,0.922575658897792,0.922575658897792,valid,,,Shared Pattern Plane,Grad-SIFT+Top2Geo+MidGradInterp+極線對齊,102,1,,,1.83820119999291
26,2,1,2,1,1,25,5,886.89259127497,356.701254601778,12,887,357,11.8079200482387,-0.192079951761306,0.192079951761306,valid,,,Shared Pattern Plane,Grad-SIFT+Top2Geo+MidGrad+極線對齊,102,1,,,1.95157930000278
27,2,1,2,1,2,27.5,5,903.077691873191,356.856012868494,12,903,357,11.413320954985,-0.58667904501495,0.58667904501495,valid,,,Shared Pattern Plane,Grad-SIFT+Top2Geo+MidGrad+極線對齊,102,1,,,2.02324929999304
28,2,1,2,1,3,30,5,919.342471390441,357.011533006991,12,919,357,11.163807969004,-0.836192030996008,0.836192030996008,valid,,,Shared Pattern Plane,Grad-SIFT+Top2Geo+MidGrad+極線對齊,102,1,,,1.86188539999421
29,2,1,2,1,4,32.5,5,935.687519665133,357.167820657169,12,936,357,13.7302885960458,1.73028859604577,1.73028859604577,valid,,,Shared Pattern Plane,Grad-SIFT+Top2Geo+MidGrad+極線對齊,102,1,,,1.81169809999119
30,2,1,2,1,5,35,5,952.113432371937,357.324881514734,12,952,357,12.2598822859757,0.259882285975742,0.259882285975742,valid,,,Shared Pattern Plane,Grad-SIFT+Top2Geo+MidGrad+極線對齊,102,1,,,1.88121300000057
31,2,1,2,2,1,25,7.5,887.026045096224,373.620415232297,12,887,374,13.0888768902525,1.08887689025253,1.08887689025253,valid,,,Shared Pattern Plane,Grad-SIFT+Top2Geo+MidGrad+極線對齊,102,1,,,1.95099850000406
32,2,1,2,2,2,27.5,7.5,903.187340480704,373.816424887458,12,903,374,13.2456970679209,1.24569706792093,1.24569706792093,valid,,,Shared Pattern Plane,Grad-SIFT+Top2Geo+MidGrad+極線對齊,102,1,,,1.91206260000763
33,2,1,2,2,3,30,7.5,919.428078671424,374.013398051835,12,919,374,13.7771358190114,1.77713581901145,1.77713581901145,valid,,,Shared Pattern Plane,Grad-SIFT+Top2Geo+MidGrad+極線對齊,102,1,,,1.97659660001227
34,2,1,2,2,4,32.5,7.5,935.748846877749,374.211341847303,12,936,374,13.6822872510735,1.6822872510735,1.6822872510735,valid,,,Shared Pattern Plane,Grad-SIFT+Top2Geo+MidGrad+極線對齊,102,1,,,1.81369690000429
35,2,1,2,2,5,35,7.5,952.150238110556,374.410263466098,12,952,374,11.74357377814,-0.256426221860018,0.256426221860018,valid,,,Shared Pattern Plane,Grad-SIFT+Top2Geo+MidGrad+極線對齊,102,1,,,1.71362629999931
36,2,1,2,3,1,25,10,887.159102514056,390.489320178053,12,887,390,14.9833253223333,2.98332532233331,2.98332532233331,valid,,,Shared Pattern Plane,Grad-SIFT+Top2Geo+MidGrad+極線對齊,102,1,,,1.75273839999863
37,2,1,2,3,2,27.5,10,903.296662597067,390.726335358308,12,903,391,13.8322343444553,1.83223434445526,1.83223434445526,valid,,,Shared Pattern Plane,Grad-SIFT+Top2Geo+MidGrad+極線對齊,102,1,,,1.91458169999532
38,2,1,2,3,3,30,10,919.513430421456,390.964513876577,12,920,391,14.2722684245019,2.27226842450189,2.27226842450189,valid,,,Shared Pattern Plane,Grad-SIFT+Top2Geo+MidGrad+極線對齊,102,1,,,2.0126992000005
39,2,1,2,3,4,32.5,10,935.80999058314,391.203864318924,12,936,391,15.0978766264618,3.0978766264618,3.0978766264618,valid,,,Shared Pattern Plane,Grad-SIFT+Top2Geo+MidGrad+極線對齊,102,1,,,1.78202800000145
40,2,1,2,3,5,35,10,952.186933445067,391.444395356111,12,952,391,14.3371920589197,2.33719205891973,2.33719205891973,valid,,,Shared Pattern Plane,Grad-SIFT+Top2Geo+MidGrad+極線對齊,102,1,,,1.71772850000707
41,2,1,2,4,1,25,12.5,887.291765292027,407.308193021807,12,887,407,13.7529661843797,1.75296618437967,1.75296618437967,valid,,,Shared Pattern Plane,Grad-SIFT+Top2Geo+MidGrad+極線對齊,102,1,,,1.95149189999211
42,2,1,2,4,2,27.5,12.5,903.405659678358,407.585969506849,12,903,408,13.6524090302441,1.65240903024415,1.65240903024415,valid,,,Shared Pattern Plane,Grad-SIFT+Top2Geo+MidGrad+極線對齊,102,1,,,1.88117059999786
43,2,1,2,4,3,30,12.5,919.598527782942,407.865107366202,12,920,408,14.1925019090405,2.19250190904049,2.19250190904049,valid,,,Shared Pattern Plane,Grad-SIFT+Top2Geo+MidGrad+極線對齊,102,1,,,1.7554264000064
44,2,1,2,4,4,32.5,12.5,935.870951603732,408.145616632534,12,936,408,14.31264554943,2.31264554942999,2.31264554942999,valid,,,Shared Pattern Plane,Grad-SIFT+Top2Geo+MidGrad+極線對齊,102,1,,,1.78462740000396
45,2,1,2,4,5,35,12.5,952.223518871484,408.427507437336,12,952,408,14.1835367170666,2.18353671706662,2.18353671706662,valid,,,Shared Pattern Plane,Grad-SIFT+Top2Geo+MidGrad+極線對齊,102,1,,,1.93685260000348
46,2,1,2,5,1,25,15,887.424035183253,424.077256022016,12,887,424,12.9384757893329,0.938475789332911,0.938475789332911,valid,,,Shared Pattern Plane,Grad-SIFT+Top2Geo+MidGradInterp+極線對齊,102,1,,,2.31385710000177
47,2,1,2,5,2,27.5,15,903.514333172011,424.395551221594,12,904,424,13.5698233724702,1.56982337247022,1.56982337247022,valid,,,Shared Pattern Plane,Grad-SIFT+Top2Geo+MidGrad+極線對齊,102,1,,,1.85498010000447
48,2,1,2,5,3,30,15,919.683371891486,424.715404055259,12,920,425,12.9772544635656,0.977254463565563,0.977254463565563,valid,,,Shared Pattern Plane,Grad-SIFT+Top2Geo+MidGrad+極線對齊,102,1,,,1.72294789999432
49,2,1,2,5,4,32.5,15,935.931730757037,425.036825984893,12,936,425,13.2695576233241,1.26955762332407,1.26955762332407,valid,,,Shared Pattern Plane,Grad-SIFT+Top2Geo+MidGrad+極線對齊,102,1,,,1.7922794999904
50,2,1,2,5,5,35,15,952.259994882858,425.359828585114,12,952,425,13.2173386376409,1.21733863764095,1.21733863764095,valid,,,Shared Pattern Plane,Grad-SIFT+Top2Geo+MidGrad+極線對齊,102,1,,,1.93694909999613
51,3,1,3,1,1,45,5,1018.63784936539,357.960972925212,11.5,1019,358,11.8587757548384,0.35877575483844,0.35877575483844,valid,,,Shared Pattern Plane,Grad-SIFT+Top2Geo+MidGrad+極線對齊,102,1,,,2.0035746999929
52,3,1,3,1,2,47.5,5,1035.47722874822,358.121987257502,11.5,1035,358,11.9638723360321,0.463872336032129,0.463872336032129,valid,,,Shared Pattern Plane,Grad-SIFT+Top2Geo+MidGrad+極線對齊,102,1,,,1.8674272000062
53,3,1,3,1,3,50,5,1052.40117330156,358.283810182802,11.5,1052,358,12.2345557520131,0.734555752013149,0.734555752013149,valid,,,Shared Pattern Plane,Grad-SIFT+Top2Geo+MidGrad+極線對齊,102,1,,,1.69755189999705
54,3,1,3,1,4,52.5,5,1069.41032164185,358.446447807418,11.5,1069,358,12.4835871906881,0.983587190688088,0.983587190688088,valid,,,Shared Pattern Plane,Grad-SIFT+Top2Geo+MidGrad+極線對齊,102,1,,,1.75762770000438
55,3,1,3,1,5,55,5,1086.505318832,358.609906299296,11.5,1087,359,12.1835801339383,0.683580133938335,0.683580133938335,valid,,,Shared Pattern Plane,Grad-SIFT+Top2Geo+MidGrad+極線對齊,102,1,,,1.93877470000007
56,3,1,3,2,1,45,7.5,1018.57410062953,375.215874531118,11.5,1019,375,13.0475573866247,1.54755738662472,1.54755738662472,valid,,,Shared Pattern Plane,Grad-SIFT+Top2Geo+MidGrad+極線對齊,102,1,,,1.96753020001051
57,3,1,3,2,2,47.5,7.5,1035.38771029915,375.419795674501,11.5,1035,375,13.7158392612326,2.21583926123256,2.21583926123256,valid,,,Shared Pattern Plane,Grad-SIFT+Top2Geo+MidGrad+極線對齊,102,1,,,1.75732950000383
58,3,1,3,2,3,50,7.5,1052.28562699047,375.62473932195,11.5,1052,376,12.5724592149047,1.07245921490474,1.07245921490474,valid,,,Shared Pattern Plane,Grad-SIFT+Top2Geo+MidGrad+極線對齊,102,1,,,1.71121170000697
59,3,1,3,2,4,52.5,7.5,1069.2684863973,375.830713183375,11.5,1069,376,12.3395836802764,0.839583680276402,0.839583680276402,valid,,,Shared Pattern Plane,Grad-SIFT+Top2Geo+MidGrad+極線對齊,102,1,,,2.08739509999577
60,3,1,3,2,5,55,7.5,1086.3369306206,376.037725046394,11.5,1086,376,12.9302218733821,1.43022187338205,1.43022187338205,valid,,,Shared Pattern Plane,Grad-SIFT+Top2Geo+MidGrad+極線對齊,102,1,,,1.94312999999966
61,3,1,3,3,1,45,10,1018.51054502239,392.418501892186,11.5,1019,392,14.6739675266438,3.17396752664378,3.17396752664378,valid,,,Shared Pattern Plane,Grad-SIFT+Top2Geo+MidGrad+極線對齊,102,1,,,1.97318720001203
62,3,1,3,3,2,47.5,10,1035.29846372611,392.665069003769,11.5,1035,393,13.4075842864733,1.9075842864733,1.9075842864733,valid,,,Shared Pattern Plane,Grad-SIFT+Top2Geo+MidGrad+極線對齊,102,1,,,1.83663260001049
63,3,1,3,3,3,50,10,1052.17043248297,392.91287057325,11.5,1052,393,13.2918520321274,1.79185203212738,1.79185203212738,valid,,,Shared Pattern Plane,Grad-SIFT+Top2Geo+MidGrad+極線對齊,102,1,,,1.74859730000026
64,3,1,3,3,4,52.5,10,1069.12708408195,393.161915894512,11.5,1069,393,13.6922077589715,2.19220775897145,2.19220775897145,valid,,,Shared Pattern Plane,Grad-SIFT+Top2Geo+MidGrad+極線對齊,102,1,,,1.98625950000132
65,3,1,3,3,5,55,10,1086.16905768015,393.412214354967,11.5,1086,393,13.069184987072,1.56918498707197,1.56918498707197,valid,,,Shared Pattern Plane,Grad-SIFT+Top2Geo+MidGrad+極線對齊,102,1,,,1.86883269999817
66,3,1,3,4,1,45,12.5,1018.44718166766,409.569092198731,11.5,1018,410,12.8565093981965,1.35650939819648,1.35650939819648,valid,,,Shared Pattern Plane,Grad-SIFT+Top2Geo+MidGrad+極線對齊,102,1,,,3.12380820000544
67,3,1,3,4,2,47.5,12.5,1035.20948779242,409.858046213503,11.5,1035,410,12.1727053317702,0.672705331770183,0.672705331770183,valid,,,Shared Pattern Plane,Grad-SIFT+Top2Geo+MidGrad+極線對齊,102,1,,,2.22206000000006
68,3,1,3,4,3,50,12.5,1052.0555881748,410.148444700591,11.5,1052,410,12.8551852686774,1.35518526867744,1.35518526867744,valid,,,Shared Pattern Plane,Grad-SIFT+Top2Geo+MidGrad+極線對齊,102,1,,,3.00464719999582
69,3,1,3,4,4,52.5,12.5,1068.98611271664,410.440298518446,11.5,1069,410,12.7938119140748,1.29381191407479,1.29381191407479,valid,,,Shared Pattern Plane,Grad-SIFT+Top2Geo+MidGrad+極線對齊,102,1,,,2.12670069999876
70,3,1,3,4,5,55,12.5,1086.00169764916,410.733618634625,11.5,1086,411,12.2991485412708,0.79914854127083,0.79914854127083,valid,,,Shared Pattern Plane,Grad-SIFT+Top2Geo+MidGrad+極線對齊,102,1,,,2.21645150000404
71,3,1,3,5,1,45,15,1018.38400969433,426.667881208257,11.5,1018,427,12.4046372060864,0.90463720608644,0.90463720608644,valid,,,Shared Pattern Plane,Grad-SIFT+Top2Geo+MidGradInterp+極線對齊,102,1,,,1.92568870000832
72,3,1,3,5,2,47.5,15,1035.12078126886,426.998964824753,11.5,1035,427,12.2749120823821,0.774912082382148,0.774912082382148,valid,,,Shared Pattern Plane,Grad-SIFT+Top2Geo+MidGradInterp+極線對齊,102,1,,,2.46202410000842
73,3,1,3,5,3,50,15,1051.94109247144,427.331701006205,11.5,1052,427,11.7728387379893,0.272838737989343,0.272838737989343,valid,,,Shared Pattern Plane,Grad-SIFT+Top2Geo+MidGradInterp+極線對齊,102,1,,,2.27156269999978
74,3,1,3,5,4,52.5,15,1068.84557033428,427.666102156444,11.5,1069,428,11.8603446082214,0.360344608221379,0.360344608221379,valid,,,Shared Pattern Plane,Grad-SIFT+Top2Geo+MidGradInterp+極線對齊,102,1,,,2.22349379998923
75,3,1,3,5,5,55,15,1085.83484818054,428.002180803747,11.5,1086,428,12.3119004269984,0.81190042699841,0.81190042699841,valid,,,Shared Pattern Plane,Grad-SIFT+Top2Geo+MidGradInterp+極線對齊,102,1,,,2.23524059999909
76,4,1,4,1,1,65,5,1155.75692757733,359.272074499717,11,1156,359,12.1856264145191,1.18562641451914,1.18562641451914,valid,,,Shared Pattern Plane,Grad-SIFT+Top2Geo+MidGradInterp+極線對齊,102,1,,,2.2381022000045
77,4,1,4,1,2,67.5,5,1173.29107636527,359.439732059724,11,1173,359,12.182728725823,1.18272872582297,1.18272872582297,valid,,,Shared Pattern Plane,Grad-SIFT+Top2Geo+MidGrad+極線對齊,102,1,,,2.29157529999793
78,4,1,4,1,3,70,5,1190.91508441118,359.608248833607,11,1191,360,13.7861295818326,2.78612958183262,2.78612958183262,valid,,,Shared Pattern Plane,Grad-SIFT+Top2Geo+MidGrad+極線對齊,102,1,,,2.39063150000584
79,4,1,4,1,4,72.5,5,1208.62964425765,359.777631443301,11,1209,360,12.0667395228209,1.06673952282085,1.06673952282085,valid,,,Shared Pattern Plane,Grad-SIFT+Top2Geo+MidGrad+極線對齊,102,1,,,2.28244710000581
80,4,1,4,1,5,75,5,1226.43545558217,359.947886578964,11,1226,360,12.5560976894838,1.55609768948375,1.55609768948375,valid,,,Shared Pattern Plane,Grad-SIFT+Top2Geo+MidGrad+極線對齊,102,1,,,2.50723900001321
81,4,1,4,2,1,65,7.5,1155.47962651344,376.876311041912,11,1155,377,12.1227296228173,1.12272962281729,1.12272962281729,valid,,,Shared Pattern Plane,Grad-SIFT+Top2Geo+MidGradInterp+極線對齊,102,1,,,2.31827150000026
82,4,1,4,2,2,67.5,7.5,1172.9858563172,377.088632516482,11,1173,377,13.7046448603277,2.70464486032768,2.70464486032768,valid,,,Shared Pattern Plane,Grad-SIFT+Top2Geo+MidGrad+極線對齊,102,1,,,2.50742910000554
83,4,1,4,2,3,70,7.5,1190.58166271207,377.302040406239,11,1191,377,13.0870058417803,2.08700584178031,2.08700584178031,valid,,,Shared Pattern Plane,Grad-SIFT+Top2Geo+MidGrad+極線對齊,102,1,,,2.84080930000346
84,4,1,4,2,4,72.5,7.5,1208.26773498527,377.51654307109,11,1208,378,13.1710339631176,2.17103396311757,2.17103396311757,valid,,,Shared Pattern Plane,Grad-SIFT+Top2Geo+MidGrad+極線對齊,102,1,,,2.2408729000017
85,4,1,4,2,5,75,7.5,1226.04476951426,377.732148956937,11,1226,378,12.3084442657358,1.30844426573577,1.30844426573577,valid,,,Shared Pattern Plane,Grad-SIFT+Top2Geo+MidGradInterp+極線對齊,102,1,,,2.44165030001022
86,4,1,4,3,1,65,10,1155.20318262197,394.426130677054,11,1155,394,12.8755030369359,1.8755030369359,1.8755030369359,valid,,,Shared Pattern Plane,Grad-SIFT+Top2Geo+MidGradInterp+極線對齊,102,1,,,2.30700540001271
87,4,1,4,3,2,67.5,10,1172.68158214655,394.682839001769,11,1173,395,13.7904472898409,2.79044728984092,2.79044728984092,valid,,,Shared Pattern Plane,Grad-SIFT+Top2Geo+MidGrad+極線對齊,102,1,,,2.28807439999946
88,4,1,4,3,3,70,10,1190.2492769268,394.940858821592,11,1190,395,10.6636965064392,-0.336303493560779,0.336303493560779,valid,,,Shared Pattern Plane,Grad-SIFT+Top2Geo+MidGrad+極線對齊,102,1,,,2.28781539999181
89,4,1,4,3,4,72.5,10,1207.90695301491,395.200200212693,11,1208,395,11.9292708204946,0.929270820494613,0.929270820494613,valid,,,Shared Pattern Plane,Grad-SIFT+Top2Geo+MidGrad+極線對齊,102,1,,,2.46610940000392
90,4,1,4,3,5,75,10,1225.65530350905,395.460873354727,11,1226,395,12.1492698401878,1.14926984018775,1.14926984018775,valid,,,Shared Pattern Plane,Grad-SIFT+Top2Geo+MidGrad+極線對齊,102,1,,,2.52756830000726
91,4,1,4,4,1,65,12.5,1154.92759193463,411.921785330025,11,1155,412,10.8371484898352,-0.16285151016476,0.16285151016476,valid,,,Shared Pattern Plane,Grad-SIFT+Top2Geo+MidGradInterp+極線對齊,102,1,,,2.41521659999853
92,4,1,4,4,2,67.5,12.5,1172.37824946323,412.222605367302,11,1172,412,12.5791884528467,1.57918845284671,1.57918845284671,valid,,,Shared Pattern Plane,Grad-SIFT+Top2Geo+MidGrad+極線對齊,102,1,,,2.47934729998815
93,4,1,4,4,3,70,12.5,1189.9179222351,412.524959877922,11,1190,413,10.2486910184667,-0.751308981533297,0.751308981533297,valid,,,Shared Pattern Plane,Grad-SIFT+Top2Geo+MidGrad+極線對齊,102,1,,,2.50362899999891
94,4,1,4,4,4,72.5,12.5,1207.54729308766,412.828860632856,11,1208,413,11.4346020065866,0.434602006586561,0.434602006586561,valid,,,Shared Pattern Plane,Grad-SIFT+Top2Geo+MidGrad+極線對齊,102,1,,,2.37474299999303
95,4,1,4,4,5,75,12.5,1225.26705186029,413.134319523777,11,1225,413,12.0424372044906,1.04243720449062,1.04243720449062,valid,,,Shared Pattern Plane,Grad-SIFT+Top2Geo+MidGrad+極線對齊,102,1,,,2.66478199999256
96,4,1,4,5,1,65,15,1154.65285050756,429.363525373039,11,1155,429,11.1845046519623,0.184504651962284,0.184504651962284,valid,,,Shared Pattern Plane,Grad-SIFT+Top2Geo+MidGradInterp+極線對齊,102,1,,,2.48230119999789
97,4,1,4,5,2,67.5,15,1172.07585390424,429.708183896285,11,1172,430,10.2272996075587,-0.772700392441301,0.772700392441301,valid,,,Shared Pattern Plane,Grad-SIFT+Top2Geo+MidGradInterp+極線對齊,102,1,,,2.60186670000257
98,4,1,4,5,3,70,15,1189.58759384658,430.054597788918,11,1190,430,10.1266988457373,-0.873301154262711,0.873301154262711,valid,,,Shared Pattern Plane,Grad-SIFT+Top2Geo+MidGradInterp+極線對齊,102,1,,,2.26399750000564
99,4,1,4,5,4,72.5,15,1207.18874997725,430.4027804955,11,1207,430,11.5837045106692,0.5837045106692,0.5837045106692,valid,,,Shared Pattern Plane,Grad-SIFT+Top2Geo+MidGrad+極線對齊,102,1,,,2.17653090000385
100,4,1,4,5,5,75,15,1224.88000889728,430.752745598239,11,1225,431,9.76901225963134,-1.23098774036866,1.23098774036866,valid,,,Shared Pattern Plane,Grad-SIFT+Top2Geo+MidGrad+極線對齊,102,1,,,2.49708820000524
101,5,1,5,1,1,85,5,1298.58546412953,360.637768621934,10.5,1299,361,11.6384128757432,1.13841287574321,1.13841287574321,valid,,,Shared Pattern Plane,Grad-SIFT+Top2Geo+MidGradInterp+極線對齊,102,1,,,2.56860569999844
102,5,1,5,1,2,87.5,5,1316.85828425606,360.812489190005,10.5,1317,361,11.7595416642102,1.25954166421021,1.25954166421021,valid,,,Shared Pattern Plane,Grad-SIFT+Top2Geo+MidGrad+極線對齊,102,1,,,2.33814350000466
103,5,1,5,1,3,90,5,1335.2267090181,360.98812390795,10.5,1335,361,12.6362367951757,2.13623679517568,2.13623679517568,valid,,,Shared Pattern Plane,Grad-SIFT+Top2Geo+MidGrad+極線對齊,102,1,,,2.56532190000871
104,5,1,5,1,4,92.5,5,1353.69149069857,361.164679968929,10.5,1354,361,9.60887063583935,-0.891129364160646,0.891129364160646,valid,,,Shared Pattern Plane,Grad-SIFT+Top2Geo+MidGrad+極線對齊,102,1,,,2.5192243999918
105,5,1,5,1,5,95,5,1372.25338949377,361.342164641767,10.5,1372,361,12.0633212685656,1.56332126856557,1.56332126856557,valid,,,Shared Pattern Plane,Grad-SIFT+Top2Geo+MidGrad+極線對齊,102,1,,,2.98748989999876
106,5,1,5,2,1,85,7.5,1298.07671105317,378.605776700612,10.5,1298,379,11.221831604283,0.721831604283038,0.721831604283038,valid,,,Shared Pattern Plane,Grad-SIFT+Top2Geo+MidGradInterp+極線對齊,102,1,,,2.13418219999585
107,5,1,5,2,2,87.5,7.5,1316.31925715881,378.827028468268,10.5,1316,379,10.9553134400652,0.455313440065179,0.455313440065179,valid,,,Shared Pattern Plane,Grad-SIFT+Top2Geo+MidGrad+極線對齊,102,1,,,2.46508580000955
108,5,1,5,2,3,90,7.5,1334.65709789875,379.049436001471,10.5,1335,379,11.2386226260671,0.738622626067095,0.738622626067095,valid,,,Shared Pattern Plane,Grad-SIFT+Top2Geo+MidGrad+極線對齊,102,1,,,2.65093360000174
109,5,1,5,2,4,92.5,7.5,1353.09098192246,379.273008380096,10.5,1353,379,10.0264587040022,-0.473541295997814,0.473541295997814,valid,,,Shared Pattern Plane,Grad-SIFT+Top2Geo+MidGrad+極線對齊,102,1,,,2.24809539999114
110,5,1,5,2,5,95,7.5,1371.62166574197,379.497754779375,10.5,1372,379,9.5218048952567,-0.978195104743303,0.978195104743303,valid,,,Shared Pattern Plane,Grad-SIFT+Top2Geo+MidGrad+極線對齊,102,1,,,2.5336929000041
111,5,1,5,3,1,85,10,1297.56956323411,396.517090722406,10.5,1298,397,11.7596984078162,1.25969840781621,1.25969840781621,valid,,,Shared Pattern Plane,Grad-SIFT+Top2Geo+HighGrad+極線對齊,102,1,,,2.4635055000108
112,5,1,5,3,2,87.5,10,1315.78193526544,396.784579030284,10.5,1316,397,10.4900189126915,-0.00998108730850156,0.00998108730850156,valid,,,Shared Pattern Plane,Grad-SIFT+Top2Geo+MidGrad+極線對齊,102,1,,,2.38591379999707
113,5,1,5,3,3,90,10,1334.08929343439,397.053462416253,10.5,1334,397,11.3984606122785,0.898460612278518,0.898460612278518,valid,,,Shared Pattern Plane,Grad-SIFT+Top2Geo+MidGrad+極線對齊,102,1,,,2.42175380000845
114,5,1,5,3,4,92.5,10,1352.49238278031,397.323751822838,10.5,1352,397,10.7620851024103,0.262085102410298,0.262085102410298,valid,,,Shared Pattern Plane,Grad-SIFT+Top2Geo+MidGrad+極線對齊,102,1,,,2.23748379999597
115,5,1,5,3,5,95,10,1370.99195615473,397.595458307302,10.5,1371,398,10.2546204832823,-0.245379516717655,0.245379516717655,valid,,,Shared Pattern Plane,Grad-SIFT+Top2Geo+MidGrad+極線對齊,102,1,,,2.58730199999991
116,5,1,5,4,1,85,12.5,1297.06401308674,414.371978592905,10.5,1297,414,10.8173637445796,0.317363744579577,0.317363744579577,valid,,,Shared Pattern Plane,Grad-SIFT+Top2Geo+MidGradInterp+極線對齊,102,1,,,2.34048710000934
117,5,1,5,4,2,87.5,12.5,1315.24631049716,414.685410873368,10.5,1315,415,9.2968482039995,-1.2031517960005,1.2031517960005,valid,,,Shared Pattern Plane,Grad-SIFT+Top2Geo+MidGrad+極線對齊,102,1,,,2.538635600009
118,5,1,5,4,3,90,12.5,1333.52328704329,415.000475263172,10.5,1334,415,9.69274856785726,-0.807251432142744,0.807251432142744,valid,,,Shared Pattern Plane,Grad-SIFT+Top2Geo+MidGrad+極線對齊,102,1,,,2.64452990000427
119,5,1,5,4,4,92.5,12.5,1351.89568417755,415.31718454371,10.5,1352,415,10.2159625042481,-0.284037495751884,0.284037495751884,valid,,,Shared Pattern Plane,Grad-SIFT+Top2Geo+MidGrad+極線對齊,102,1,,,2.39257130000624
120,5,1,5,4,5,95,12.5,1370.36425111456,415.635551630185,10.5,1370,416,10.0989525377879,-0.401047462212144,0.401047462212144,valid,,,Shared Pattern Plane,Grad-SIFT+Top2Geo+MidGrad+極線對齊,102,1,,,2.51246630000242
121,5,1,5,5,1,85,15,1296.56005307321,432.170706532383,10.5,1297,432,10.1013092253312,-0.398690774668822,0.398690774668822,valid,,,Shared Pattern Plane,Grad-SIFT+Top2Geo+MidGradInterp+極線對齊,102,1,,,2.40776539999933
122,5,1,5,5,2,87.5,15,1314.7123748261,432.529792291962,10.5,1315,433,10.5101165877085,0.0101165877085077,0.0101165877085077,valid,,,Shared Pattern Plane,Grad-SIFT+Top2Geo+MidGrad+極線對齊,102,1,,,2.23424219999288
123,5,1,5,5,3,90,15,1332.95907019797,432.890744932435,10.5,1333,433,9.71844123125485,-0.78155876874515,0.78155876874515,valid,,,Shared Pattern Plane,Grad-SIFT+Top2Geo+MidGrad+極線對齊,102,1,,,2.50025329999335
124,5,1,5,5,4,92.5,15,1351.30087707727,433.25357905057,10.5,1351,433,9.20099614806149,-1.29900385193851,1.29900385193851,valid,,,Shared Pattern Plane,Grad-SIFT+Top2Geo+MidGrad+極線對齊,102,1,,,2.33112630000687
125,5,1,5,5,5,95,15,1369.73854106508,433.618309395705,10.5,1370,434,9.4067567696852,-1.0932432303148,1.0932432303148,valid,,,Shared Pattern Plane,Grad-SIFT+Top2Geo+MidGrad+極線對齊,102,1,,,2.39216929998656
126,6,1,6,1,1,105,5,1447.48764260578,362.06153753282,10,1447,362,,,,failed,Top2-Geo: HIGH/MID 均未通過支援點與 RANSAC 門檻,,,,102,,,,2.77377490000799
127,6,1,6,1,2,107.5,5,1466.54681428451,362.243777016359,10,1467,362,,,,failed,Top2-Geo: HIGH/MID 均未通過支援點與 RANSAC 門檻,,,,102,,,,2.40161319999606
128,6,1,6,1,3,110,5,1485.707836397,362.426990370682,10,1486,362,,,,failed,Top2-Geo: HIGH/MID 均未通過支援點與 RANSAC 門檻,,,,102,,,,2.51483430000371
129,6,1,6,1,4,112.5,5,1504.97152754933,362.611185423113,10,1505,363,,,,failed,Top2-Geo: HIGH/MID 均未通過支援點與 RANSAC 門檻,,,,102,,,,2.39488580000761
130,6,1,6,1,5,115,5,1524.33871514372,362.796370085086,10,1524,363,,,,failed,Top2-Geo: HIGH/MID 均未通過支援點與 RANSAC 門檻,,,,102,,,,2.99366710000322
131,6,1,6,2,1,105,7.5,1446.72781025175,380.408667496184,10,1447,380,,,,failed,Top2-Geo: HIGH/MID 均未通過支援點與 RANSAC 門檻,,,,102,,,,2.36286310000287
132,6,1,6,2,2,107.5,7.5,1465.75412325906,380.639425053844,10,1466,381,,,,failed,Top2-Geo: HIGH/MID 均未通過支援點與 RANSAC 門檻,,,,102,,,,2.56628109999292
133,6,1,6,2,3,110,7.5,1484.88194616103,380.871413757831,10,1485,381,,,,failed,Top2-Geo: HIGH/MID 均未通過支援點與 RANSAC 門檻,,,,102,,,,2.32183800000348
134,6,1,6,2,4,112.5,7.5,1504.11209349961,381.104643487184,10,1504,381,,,,failed,Top2-Geo: HIGH/MID 均未通過支援點與 RANSAC 門檻,,,,102,,,,2.43809349999356
135,6,1,6,2,5,115,7.5,1523.44538855492,381.339124226925,10,1523,381,,,,failed,Top2-Geo: HIGH/MID 均未通過支援點與 RANSAC 門檻,,,,102,,,,2.46825360000366
136,6,1,6,3,1,105,10,1445.97042619089,398.696680270192,10,1446,399,10.2583309694247,0.258330969424721,0.258330969424721,valid,,,Shared Pattern Plane,Grad-SIFT+Top2Geo+MidGrad+極線對齊,102,1,,,2.44985129999986
137,6,1,6,3,2,107.5,10,1464.96399318678,398.975642125767,10,1465,399,,,,failed,Top2-Geo: HIGH/MID 均未通過支援點與 RANSAC 門檻,,,,102,,,,2.30842800000391
138,6,1,6,3,3,110,10,1484.05873124142,399.256089898458,10,1484,399,,,,failed,Top2-Geo: HIGH/MID 均未通過支援點與 RANSAC 門檻,,,,102,,,,2.34721710000304
139,6,1,6,3,4,112.5,10,1503.25545085948,399.538035492288,10,1503,400,-14.0839404873129,-24.0839404873129,24.0839404873129,valid,,,Shared Pattern Plane,Grad-SIFT+Top2Geo+MidGradInterp+極線對齊,102,1,,,2.44865999999456
140,6,1,6,3,5,115,10,1522.55497122632,399.821490938778,10,1523,400,-13.3424807760737,-23.3424807760737,23.3424807760737,valid,,,Shared Pattern Plane,Grad-SIFT+Top2Geo+HighGrad+極線對齊,102,1,,,2.34434920000785
141,6,1,6,4,1,105,12.5,1445.2154786091,416.92586112186,10,1445,417,,,,failed,Top2-Geo: HIGH/MID 均未通過支援點與 RANSAC 門檻,,,,102,,,,2.35203310000361
142,6,1,6,4,2,107.5,12.5,1464.17641167713,417.252715773783,10,1464,417,9.05681634636603,-0.943183653633975,0.943183653633975,valid,,,Shared Pattern Plane,Grad-SIFT+Top2Geo+MidGrad+極線對齊,102,1,,,2.31809619998967
143,6,1,6,4,3,110,12.5,1483.23817865991,417.581308633102,10,1483,418,,,,failed,Top2-Geo: HIGH/MID 均未通過支援點與 RANSAC 門檻,,,,102,,,,2.31671959999949
144,6,1,6,4,4,112.5,12.5,1502.40158605141,417.911653602421,10,1502,418,,,,failed,Top2-Geo: HIGH/MID 均未通過支援點與 RANSAC 門檻,,,,102,,,,2.59343150000495
145,6,1,6,4,5,115,12.5,1521.66744896934,418.243764732998,10,1522,418,,,,failed,Top2-Geo: HIGH/MID 均未通過支援點與 RANSAC 門檻,,,,102,,,,2.34418379999988
146,6,1,6,5,1,105,15,1444.46295576815,435.096493485765,10,1444,435,11.5911818776449,1.59118187764489,1.59118187764489,valid,,,Shared Pattern Plane,Grad-SIFT+Top2Geo+HighGrad+極線對齊,102,1,,,2.3102949999884
147,6,1,6,5,2,107.5,15,1463.39136641941,435.470931687603,10,1463,435,6.81722436792486,-3.18277563207514,3.18277563207514,valid,,,Shared Pattern Plane,Grad-SIFT+Top2Geo+HighGrad+極線對齊,102,1,,,2.59891319999588
148,6,1,6,5,3,110,15,1482.42027552205,435.847357930598,10,1482,436,,,,failed,Top2-Geo: HIGH/MID 均未通過支援點與 RANSAC 門檻,,,,102,,,,2.58783310001309
149,6,1,6,5,4,112.5,15,1501.55048558577,436.225788089845,10,1502,436,,,,failed,Top2-Geo: HIGH/MID 均未通過支援點與 RANSAC 門檻,,,,102,,,,2.34253589999571
150,6,1,6,5,5,115,15,1520.78280768748,436.606238209911,10,1521,437,7.86195715253035,-2.13804284746965,2.13804284746965,valid,,,Shared Pattern Plane,Grad-SIFT+Top2Geo+MidGradInterp+極線對齊,102,1,,,2.54185470000084
151,7,2,1,1,1,5,25,762.711386304024,486.91771874651,9.5,763,487,11.6520767974515,2.15207679745149,2.15207679745149,valid,,,Shared Pattern Plane,Grad-SIFT+Top2Geo+MidGrad+極線對齊,102,1,,,2.52471329999389
152,7,2,1,1,2,7.5,25,778.10527991517,487.377686286171,9.5,778,487,13.0041475640941,3.50414756409409,3.50414756409409,valid,,,Shared Pattern Plane,Grad-SIFT+Top2Geo+MidGrad+極線對齊,102,1,,,2.41688800000702
153,7,2,1,1,3,10,25,793.572631141747,487.839848729831,9.5,794,488,13.2130161979748,3.71301619797477,3.71301619797477,valid,,,Shared Pattern Plane,Grad-SIFT+Top2Geo+MidGradInterp+極線對齊,102,1,,,2.22051479999209
154,7,2,1,1,4,12.5,25,809.113967036241,488.304221825749,9.5,809,488,13.3384677909149,3.83846779091492,3.83846779091492,valid,,,Shared Pattern Plane,Grad-SIFT+Top2Geo+MidGrad+極線對齊,102,1,,,2.35557519999566
155,7,2,1,1,5,15,25,824.729819705307,488.770821473204,9.5,825,489,11.7425575581693,2.24255755816925,2.24255755816925,valid,,,Shared Pattern Plane,Grad-SIFT+Top2Geo+MidGradInterp+極線對齊,102,1,,,2.39157369999157
156,7,2,1,2,1,5,27.5,763.019839161003,503.132979319473,9.5,763,503,14.247516421705,4.74751642170496,4.74751642170496,valid,,,Shared Pattern Plane,Grad-SIFT+Top2Geo+MidGrad+極線對齊,102,1,,,2.48958850000054
157,7,2,1,2,2,7.5,27.5,778.392215051384,503.630822664019,9.5,778,504,12.6313085363605,3.1313085363605,3.1313085363605,valid,,,Shared Pattern Plane,Grad-SIFT+Top2Geo+MidGrad+極線對齊,102,1,,,2.45427580000251
158,7,2,1,2,3,10,27.5,793.837839595167,504.131038208857,9.5,794,504,13.3298429549143,3.82984295491429,3.82984295491429,valid,,,Shared Pattern Plane,Grad-SIFT+Top2Geo+MidGrad+極線對齊,102,1,,,2.81110399999307
159,7,2,1,2,4,12.5,27.5,809.35723758227,504.633642949617,9.5,809,505,12.4988269345603,2.99882693456026,2.99882693456026,valid,,,Shared Pattern Plane,Grad-SIFT+Top2Geo+MidGrad+極線對齊,102,1,,,2.3259160000016
160,7,2,1,2,5,15,27.5,824.950938827758,505.138654044665,9.5,825,505,11.9319912870022,2.43199128700217,2.43199128700217,valid,,,Shared Pattern Plane,Grad-SIFT+Top2Geo+MidGrad+極線對齊,102,1,,,2.47348100000818
161,7,2,1,3,1,5,30,763.327403716851,519.301542207608,9.5,763,519,6.04749328731472,-3.45250671268528,3.45250671268528,valid,,,Shared Pattern Plane,Grad-SIFT+Top2Geo+MidGrad+極線對齊,102,1,,,2.242537299986
162,7,2,1,3,2,7.5,30,778.678321893292,519.837041189621,9.5,779,520,14.0309879763122,4.5309879763122,4.5309879763122,valid,,,Shared Pattern Plane,Grad-SIFT+Top2Geo+MidGrad+極線對齊,102,1,,,2.35553820000496
163,7,2,1,3,3,10,30,794.102280651265,520.375088107634,9.5,794,520,0.177811445175087,-9.32218855482491,9.32218855482491,valid,,,Shared Pattern Plane,Grad-SIFT+Top2Geo+MidGradInterp+極線對齊,102,1,,,2.59884019999299
164,7,2,1,3,4,12.5,30,809.599802531054,520.91570118986,9.5,810,521,9.29560319679962,-0.204396803200376,0.204396803200376,valid,,,Shared Pattern Plane,Grad-SIFT+Top2Geo+MidGrad+極線對齊,102,1,,,2.5558321000135
165,7,2,1,3,5,15,30,825.171415069271,521.4588988388,9.5,825,521,10.8105583901218,1.31055839012181,1.31055839012181,valid,,,Shared Pattern Plane,Grad-SIFT+Top2Geo+MidGradInterp+極線對齊,102,1,,,2.2551461999974
166,7,2,1,4,1,5,32.5,763.634083803327,535.423608845075,9.5,764,535,11.7266794469851,2.2266794469851,2.2266794469851,valid,,,Shared Pattern Plane,Grad-SIFT+Top2Geo+MidGrad+極線對齊,102,1,,,2.39032239999506
167,7,2,1,4,2,7.5,32.5,778.963604022274,535.99654472649,9.5,779,536,11.5585912000833,2.05859120008333,2.05859120008333,valid,,,Shared Pattern Plane,Grad-SIFT+Top2Geo+MidGrad+極線對齊,102,1,,,2.49809649999952
168,7,2,1,4,3,10,32.5,794.365957635998,536.57220273258,9.5,794,537,1.69172139228005,-7.80827860771995,7.80827860771995,valid,,,Shared Pattern Plane,Grad-SIFT+Top2Geo+MidGradInterp+極線對齊,102,1,,,2.67268689999764
169,7,2,1,4,4,12.5,32.5,809.841664947985,537.15060230952,9.5,810,537,12.7378810001996,3.23788100019964,3.23788100019964,valid,,,Shared Pattern Plane,Grad-SIFT+Top2Geo+MidGrad+極線對齊,102,1,,,2.44017079999321
170,7,2,1,4,5,15,32.5,825.391251229441,537.731763089151,9.5,825,538,12.4450461623556,2.94504616235558,2.94504616235558,valid,,,Shared Pattern Plane,Grad-SIFT+Top2Geo+MidGradInterp+極線對齊,102,1,,,2.45510029999423
171,7,2,1,5,1,5,35,763.939883230179,551.499379509162,9.5,764,551,10.8704857588766,1.3704857588766,1.3704857588766,valid,,,Shared Pattern Plane,Grad-SIFT+Top2Geo+MidGrad+極線對齊,102,1,,,2.5973304999934
172,7,2,1,5,2,7.5,35,779.248064999094,552.109534970301,9.5,779,552,8.82880600380595,-0.671193996194045,0.671193996194045,valid,,,Shared Pattern Plane,Grad-SIFT+Top2Geo+MidGrad+極線對齊,102,1,,,2.619420300005
173,7,2,1,5,3,10,35,794.628873856131,552.72258521118,9.5,795,553,7.6511719553483,-1.8488280446517,1.8488280446517,valid,,,Shared Pattern Plane,Grad-SIFT+Top2Geo+MidGrad+極線對齊,102,1,,,2.44050559999596
174,7,2,1,5,4,12.5,35,810.082827880726,553.338550881475,9.5,810,553,10.2359904408249,0.735990440824871,0.735990440824871,valid,,,Shared Pattern Plane,Grad-SIFT+Top2Geo+MidGrad+極線對齊,102,1,,,2.46419980000064
175,7,2,1,5,5,15,35,825.61045009163,553.957452827735,9.5,826,554,10.3935912481646,0.893591248164601,0.893591248164601,valid,,,Shared Pattern Plane,Grad-SIFT+Top2Geo+MidGradInterp+極線對齊,102,1,,,2.63028219999978
176,8,2,2,1,1,25,25,887.949220581712,490.65980895191,9,888,491,9.84039825318258,0.840398253182579,0.840398253182579,valid,,,Shared Pattern Plane,Grad-SIFT+Top2Geo+MidGrad+極線對齊,102,1,,,2.24733499999274
177,8,2,2,1,2,27.5,25,903.945819919884,491.137785260334,9,904,491,10.3488397473807,1.34883974738072,1.34883974738072,valid,,,Shared Pattern Plane,Grad-SIFT+Top2Geo+MidGrad+極線對齊,102,1,,,2.21736460000102
178,8,2,2,1,3,30,25,920.020238273167,491.618086790812,9,920,492,,,,failed,Top2-Geo: HIGH/MID 均未通過支援點與 RANSAC 門檻,,,,102,,,,2.4701425999956
179,8,2,2,1,4,32.5,25,936.173044878007,492.100730552055,9,936,492,11.1012362450216,2.10123624502164,2.10123624502164,valid,,,Shared Pattern Plane,Grad-SIFT+Top2Geo+MidGrad+極線對齊,102,1,,,2.61848560000362
180,8,2,2,1,5,35,25,952.40481453628,492.585733719068,9,952,493,11.7061429424108,2.70614294241075,2.70614294241075,valid,,,Shared Pattern Plane,Grad-SIFT+Top2Geo+MidGradInterp+極線對齊,102,1,,,2.46833029999107
181,8,2,2,2,1,25,27.5,888.079551975707,507.183110941258,9,888,507,10.1811249447911,1.18112494479109,1.18112494479109,valid,,,Shared Pattern Plane,Grad-SIFT+Top2Geo+MidGrad+極線對齊,102,1,,,2.50183039999683
182,8,2,2,2,2,27.5,27.5,904.052896888704,507.700417017546,9,904,508,10.8930382618656,1.89303826186557,1.89303826186557,valid,,,Shared Pattern Plane,Grad-SIFT+Top2Geo+MidGrad+極線對齊,102,1,,,2.6434292000049
183,8,2,2,2,3,30,27.5,920.103832916596,508.22023592727,9,920,508,9.80883665980614,0.808836659806138,0.808836659806138,valid,,,Shared Pattern Plane,Grad-SIFT+Top2Geo+MidGrad+極線對齊,102,1,,,2.6250383000006
184,8,2,2,2,4,32.5,27.5,936.23292678841,508.742586024282,9,936,509,10.0671926585893,1.06719265858931,1.06719265858931,valid,,,Shared Pattern Plane,Grad-SIFT+Top2Geo+MidGradInterp+極線對齊,102,1,,,2.63546460001089
185,8,2,2,2,5,35,27.5,952.440750765864,509.267485841609,9,952,509,11.5930499406581,2.5930499406581,2.5930499406581,valid,,,Shared Pattern Plane,Grad-SIFT+Top2Geo+MidGradInterp+極線對齊,102,1,,,2.55742260000261
186,8,2,2,3,1,25,30,888.209500786566,523.657909369746,9,888,524,6.45812463672565,-2.54187536327435,2.54187536327435,valid,,,Shared Pattern Plane,Grad-SIFT+Top2Geo+MidGrad+極線對齊,102,1,,,2.71011739999813
187,8,2,2,3,2,27.5,30,904.159658776477,524.214312137865,9,904,524,8.40691035245471,-0.593089647545295,0.593089647545295,valid,,,Shared Pattern Plane,Grad-SIFT+Top2Geo+MidGrad+極線對齊,102,1,,,2.55112609999196
188,8,2,2,3,3,30,30,920.187180980716,524.773413666902,9,920,525,8.24095026079033,-0.759049739209667,0.759049739209667,valid,,,Shared Pattern Plane,Grad-SIFT+Top2Geo+MidGrad+極線對齊,102,1,,,2.48642560000008
189,8,2,2,3,4,32.5,30,936.292631635595,525.335233639585,9,936,525,7.32172718532795,-1.67827281467205,1.67827281467205,valid,,,Shared Pattern Plane,Grad-SIFT+Top2Geo+MidGrad+極線對齊,102,1,,,2.68265170000086
190,8,2,2,3,5,35,30,952.476580477619,525.899791930513,9,952,526,8.48431150342971,-0.515688496570286,0.515688496570286,valid,,,Shared Pattern Plane,Grad-SIFT+Top2Geo+MidGradInterp+極線對齊,102,1,,,2.65165040000284
191,8,2,2,4,1,25,32.5,888.339068696409,540.084417495064,9,888,540,11.1998879094406,2.19988790944056,2.19988790944056,valid,,,Shared Pattern Plane,Grad-SIFT+Top2Geo+MidGrad+極線對齊,102,1,,,2.401906900006
192,8,2,2,4,2,27.5,32.5,904.266106971881,540.679685421416,9,904,541,10.3560371363687,1.35603713636873,1.35603713636873,valid,,,Shared Pattern Plane,Grad-SIFT+Top2Geo+MidGrad+極線對齊,102,1,,,2.5486125999887
193,8,2,2,4,3,30,32.5,920.270283554925,541.277836367171,9,920,541,8.6210566458011,-0.378943354198896,0.378943354198896,valid,,,Shared Pattern Plane,Grad-SIFT+Top2Geo+MidGrad+極線對齊,102,1,,,2.61831879999954
194,8,2,2,4,4,32.5,32.5,936.352160203734,541.878891327862,9,936,542,7.80377890039584,-1.19622109960416,1.19622109960416,valid,,,Shared Pattern Plane,Grad-SIFT+Top2Geo+MidGradInterp+極線對齊,102,1,,,2.69898479999392
195,8,2,2,4,5,35,32.5,952.512304144435,542.482871503381,9,953,542,8.44789892146124,-0.552101078538756,0.552101078538756,valid,,,Shared Pattern Plane,Grad-SIFT+Top2Geo+MidGradInterp+極線對齊,102,1,,,2.44573920000403
196,8,2,2,5,1,25,35,888.468257377507,556.462847326549,9,888,556,8.01592279659249,-0.984077203407505,0.984077203407505,valid,,,Shared Pattern Plane,Grad-SIFT+Top2Geo+MidGrad+極線對齊,102,1,,,2.32618179998826
197,8,2,2,5,2,27.5,35,904.372242855444,557.096750407903,9,904,557,7.12655740440446,-1.87344259559554,1.87344259559554,valid,,,Shared Pattern Plane,Grad-SIFT+Top2Geo+MidGrad+極線對齊,102,1,,,2.73478559999785
198,8,2,2,5,3,30,35,920.353141722209,557.733719112917,9,920,558,8.26391474753516,-0.736085252464841,0.736085252464841,valid,,,Shared Pattern Plane,Grad-SIFT+Top2Geo+MidGrad+極線對齊,102,1,,,2.45338540000375
199,8,2,2,5,4,32.5,35,936.411513272373,558.373775734026,9,936,558,7.59144480395057,-1.40855519604943,1.40855519604943,valid,,,Shared Pattern Plane,Grad-SIFT+Top2Geo+MidGradInterp+極線對齊,102,1,,,2.54486570000881
200,8,2,2,5,5,35,35,952.547922236408,559.016942780328,9,953,559,7.61152543690716,-1.38847456309284,1.38847456309284,valid,,,Shared Pattern Plane,Grad-SIFT+Top2Geo+MidGradInterp+極線對齊,102,1,,,2.54672830000345
201,9,2,3,1,1,45,25,1018.13321837778,494.549689880163,8.5,1018,495,9.47364492971149,0.973644929711492,0.973644929711492,valid,,,Shared Pattern Plane,Grad-SIFT+Top2Geo+MidGradInterp+極線對齊,102,1,,,2.44411779999791
202,9,2,3,1,2,47.5,25,1034.76862495097,495.046753665715,8.5,1035,495,9.15537976509624,0.655379765096244,0.655379765096244,valid,,,Shared Pattern Plane,Grad-SIFT+Top2Geo+MidGradInterp+極線對齊,102,1,,,2.32282119999581
203,9,2,3,1,3,50,25,1051.48656415242,495.546283515469,8.5,1051,496,8.94578237664876,0.445782376648761,0.445782376648761,valid,,,Shared Pattern Plane,Grad-SIFT+Top2Geo+MidGradInterp+極線對齊,102,1,,,2.4551061999955
204,9,2,3,1,4,52.5,25,1068.28765170867,496.048297827253,8.5,1068,496,8.87584755196575,0.375847551965752,0.375847551965752,valid,,,Shared Pattern Plane,Grad-SIFT+Top2Geo+MidGradInterp+極線對齊,102,1,,,1.89228839999123
205,9,2,3,1,5,55,25,1085.17250948624,496.552815182359,8.5,1085,497,8.99981780304456,0.499817803044555,0.499817803044555,valid,,,Shared Pattern Plane,Grad-SIFT+Top2Geo+MidGradInterp+極線對齊,102,1,,,2.05812790000346
206,9,2,3,2,1,45,27.5,1018.07099042875,511.392959369586,8.5,1018,511,9.35137587795412,0.851375877954121,0.851375877954121,valid,,,Shared Pattern Plane,Grad-SIFT+Top2Geo+MidGradInterp+極線對齊,102,1,,,2.17998449999141
207,9,2,3,2,2,47.5,27.5,1034.68124729826,511.930892210458,8.5,1035,512,9.07470489113732,0.574704891137316,0.574704891137316,valid,,,Shared Pattern Plane,Grad-SIFT+Top2Geo+MidGradInterp+極線對齊,102,1,,,1.73158730000432
208,9,2,3,2,3,50,27.5,1051.37378789103,512.471489857623,8.5,1051,512,8.84538410602046,0.345384106020457,0.345384106020457,valid,,,Shared Pattern Plane,Grad-SIFT+Top2Geo+MidGradInterp+極線對齊,102,1,,,1.78357700000925
209,9,2,3,2,4,52.5,27.5,1068.14922514969,513.014772161583,8.5,1068,513,8.9766321829334,0.476632182933399,0.476632182933399,valid,,,Shared Pattern Plane,Grad-SIFT+Top2Geo+MidGradInterp+極線對齊,102,1,,,1.70989900000859
210,9,2,3,2,5,55,27.5,1085.00817811986,513.560759170492,8.5,1085,514,8.42658199763956,-0.0734180023604409,0.0734180023604409,valid,,,Shared Pattern Plane,Grad-SIFT+Top2Geo+MidGradInterp+極線對齊,102,1,,,1.70318039999984
211,9,2,3,3,1,45,30,1018.008948744,528.185812616195,8.5,1018,528,7.95499117742883,-0.545008822571175,0.545008822571175,valid,,,Shared Pattern Plane,Grad-SIFT+Top2Geo+MidGradInterp+極線對齊,102,1,,,1.70515680000244
212,9,2,3,3,2,47.5,30,1034.59413183461,528.764367498675,8.5,1035,529,8.0878508311156,-0.412149168884399,0.412149168884399,valid,,,Shared Pattern Plane,Grad-SIFT+Top2Geo+MidGradInterp+極線對齊,102,1,,,1.81449360000261
213,9,2,3,3,3,50,30,1051.26135086776,529.345784109894,8.5,1051,529,8.33982125997855,-0.160178740021445,0.160178740021445,valid,,,Shared Pattern Plane,Grad-SIFT+Top2Geo+MidGradInterp+極線對齊,102,1,,,2.00701739999931
214,9,2,3,3,4,52.5,30,1068.01121601892,529.930083735116,8.5,1068,530,8.39660645763514,-0.103393542364859,0.103393542364859,valid,,,Shared Pattern Plane,Grad-SIFT+Top2Geo+MidGradInterp+極線對齊,102,1,,,1.79840260000492
215,9,2,3,3,5,55,30,1084.84434352983,530.517287871219,8.5,1085,531,8.30547344103145,-0.194526558968546,0.194526558968546,valid,,,Shared Pattern Plane,Grad-SIFT+Top2Geo+MidGradInterp+極線對齊,102,1,,,1.7394745000056
216,9,2,3,4,1,45,32.5,1017.94709248846,544.928475644912,8.5,1018,545,6.68129017582062,-1.81870982417938,1.81870982417938,valid,,,Shared Pattern Plane,Grad-SIFT+Top2Geo+MidGradInterp+極線對齊,102,1,,,1.99986270000227
217,9,2,3,4,2,47.5,32.5,1034.50727738169,545.547407222202,8.5,1035,546,6.85364917151114,-1.64635082848886,1.64635082848886,valid,,,Shared Pattern Plane,Grad-SIFT+Top2Geo+MidGradInterp+極線對齊,102,1,,,1.71519560000161
218,9,2,3,4,3,50,32.5,1051.14925155423,546.169395647466,8.5,1051,546,5.95444365983889,-2.54555634016111,2.54555634016111,valid,,,Shared Pattern Plane,Grad-SIFT+Top2Geo+MidGradInterp+極線對齊,102,1,,,1.91018559999065
219,9,2,3,4,4,52.5,32.5,1067.87362243105,546.794463623018,8.5,1068,547,6.37311824909933,-2.12688175090067,2.12688175090067,valid,,,Shared Pattern Plane,Grad-SIFT+Top2Geo+MidGradInterp+極線對齊,102,1,,,1.5672581000108
220,9,2,3,4,5,55,32.5,1084.68100346691,547.422634076531,8.5,1085,547,7.30778549339054,-1.19221450660946,1.19221450660946,valid,,,Shared Pattern Plane,Grad-SIFT+Top2Geo+MidGradInterp+極線對齊,102,1,,,1.6182739000069
221,9,2,3,5,1,45,35,1017.88542083207,561.621173131593,8.5,1018,562,6.4896119110738,-2.0103880889262,2.0103880889262,valid,,,Shared Pattern Plane,Grad-SIFT+Top2Geo+MidGradInterp+極線對齊,102,1,,,1.67746000000625
222,9,2,3,5,2,47.5,35,1034.42068276821,562.280237710522,8.5,1034,562,6.79321798664048,-1.70678201335952,1.70678201335952,valid,,,Shared Pattern Plane,Grad-SIFT+Top2Geo+MidGradInterp+極線對齊,102,1,,,1.82620180000958
223,9,2,3,5,3,50,35,1051.03748843124,562.942552469716,8.5,1051,563,6.15047928751486,-2.34952071248514,2.34952071248514,valid,,,Shared Pattern Plane,Grad-SIFT+Top2Geo+MidGradInterp+極線對齊,102,1,,,1.63813180000579
224,9,2,3,5,4,52.5,35,1067.73644251211,563.608141511025,8.5,1068,564,6.59584174385839,-1.90415825614161,1.90415825614161,valid,,,Shared Pattern Plane,Grad-SIFT+Top2Geo+MidGradInterp+極線對齊,102,1,,,1.73133409999718
225,9,2,3,5,5,55,35,1084.51815569542,564.277029175193,8.5,1085,564,6.44269785802274,-2.05730214197726,2.05730214197726,valid,,,Shared Pattern Plane,Grad-SIFT+Top2Geo+MidGradInterp+極線對齊,102,1,,,1.60384900000645
226,10,2,4,1,1,65,25,1153.56229937051,498.596293212392,8,1154,499,8.42667747304477,0.426677473044771,0.426677473044771,valid,,,Shared Pattern Plane,Grad-SIFT+Top2Geo+MidGradInterp+極線對齊,102,1,,,1.66524869999557
227,10,2,4,1,2,67.5,25,1170.87555658964,499.113611087113,8,1171,499,8.38221355526281,0.382213555262807,0.382213555262807,valid,,,Shared Pattern Plane,Grad-SIFT+Top2Geo+MidGradInterp+極線對齊,102,1,,,1.74566649999178
228,10,2,4,1,3,70,25,1188.27644854842,499.633547476462,8,1188,500,8.05566406791589,0.05566406791589,0.05566406791589,valid,,,Shared Pattern Plane,Grad-SIFT+Top2Geo+MidGradInterp+極線對齊,102,1,,,1.74161409999942
229,10,2,4,1,4,72.5,25,1205.76564230793,500.156122312136,8,1206,500,8.05023435252303,0.0502343525230255,0.0502343525230255,valid,,,Shared Pattern Plane,Grad-SIFT+Top2Geo+MidGradInterp+極線對齊,102,1,,,1.68253940000432
230,10,2,4,1,5,75,25,1223.34381171656,500.681355728637,8,1223,501,8.0429636398749,0.0429636398749,0.0429636398749,valid,,,Shared Pattern Plane,Grad-SIFT+Top2Geo+MidGradInterp+極線對齊,102,1,,,1.73237549999612
231,10,2,4,2,1,65,27.5,1153.29174592998,515.77216227555,8,1153,516,7.80409858647369,-0.195901413526307,0.195901413526307,valid,,,Shared Pattern Plane,Grad-SIFT+Top2Geo+MidGradInterp+極線對齊,102,1,,,1.73110160000215
232,10,2,4,2,2,67.5,27.5,1170.57778214241,516.33198062395,8,1171,516,7.57778615938929,-0.422213840610708,0.422213840610708,valid,,,Shared Pattern Plane,Grad-SIFT+Top2Geo+MidGradInterp+極線對齊,102,1,,,1.55336069999612
233,10,2,4,2,3,70,27.5,1187.95118084879,516.894628257588,8,1188,517,7.11818303194177,-0.88181696805823,0.88181696805823,valid,,,Shared Pattern Plane,Grad-SIFT+Top2Geo+MidGradInterp+極線對齊,102,1,,,1.75925779998943
234,10,2,4,2,4,72.5,27.5,1205.41260601342,517.460126679333,8,1205,517,7.12545936549773,-0.874540634502267,0.874540634502267,valid,,,Shared Pattern Plane,Grad-SIFT+Top2Geo+MidGradInterp+極線對齊,102,1,,,1.68442759999016
235,10,2,4,2,5,75,27.5,1222.96272834593,518.028497610509,8,1223,518,6.84645704860486,-1.15354295139514,1.15354295139514,valid,,,Shared Pattern Plane,Grad-SIFT+Top2Geo+MidGradInterp+極線對齊,102,1,,,1.96231789999001
236,10,2,4,3,1,65,30,1153.0220185898,532.895587017304,8,1153,533,7.06273567633083,-0.93726432366917,0.93726432366917,valid,,,Shared Pattern Plane,Grad-SIFT+Top2Geo+MidGradInterp+極線對齊,102,1,,,1.79202409999561
237,10,2,4,3,2,67.5,30,1170.28091919966,533.497643754303,8,1170,533,6.41826010157659,-1.58173989842341,1.58173989842341,valid,,,Shared Pattern Plane,Grad-SIFT+Top2Geo+MidGradInterp+極線對齊,102,1,,,1.71314559999155
238,10,2,4,3,3,70,30,1187.62691132421,534.102738577814,8,1188,534,7.32384709613369,-0.676152903866306,0.676152903866306,valid,,,Shared Pattern Plane,Grad-SIFT+Top2Geo+MidGradInterp+極線對齊,102,1,,,1.69234639999922
239,10,2,4,3,4,72.5,30,1205.06065585006,534.7108945421,8,1205,535,6.6921250787539,-1.3078749212461,1.3078749212461,valid,,,Shared Pattern Plane,Grad-SIFT+Top2Geo+MidGradInterp+極線對齊,102,1,,,1.67053560000204
240,10,2,4,3,5,75,30,1222.58282036759,535.322134935278,8,1223,535,6.97348468083626,-1.02651531916374,1.02651531916374,valid,,,Shared Pattern Plane,Grad-SIFT+Top2Geo+MidGrad+極線對齊,102,1,,,1.6799245000002
241,10,2,4,4,1,65,32.5,1152.75311357216,549.966807269556,8,1153,550,6.81293861981361,-1.18706138018639,1.18706138018639,valid,,,Shared Pattern Plane,Grad-SIFT+Top2Geo+MidGradInterp+極線對齊,102,1,,,1.75367190000543
242,10,2,4,4,2,67.5,32.5,1169.98496358255,550.610842114294,8,1170,551,6.61018642514336,-1.38981357485664,1.38981357485664,valid,,,Shared Pattern Plane,Grad-SIFT+Top2Geo+MidGradInterp+極線對齊,102,1,,,1.63325470000564
243,10,2,4,4,3,70,32.5,1187.30363538693,551.258121895623,8,1187,551,6.23801648349305,-1.76198351650695,1.76198351650695,valid,,,Shared Pattern Plane,Grad-SIFT+Top2Geo+MidGradInterp+極線對齊,102,1,,,1.78950649999024
244,10,2,4,4,4,72.5,32.5,1204.70978681326,551.90867119965,8,1205,552,6.65501979931102,-1.34498020068898,1.34498020068898,valid,,,Shared Pattern Plane,Grad-SIFT+Top2Geo+MidGradInterp+極線對齊,102,1,,,1.6816514999955
245,10,2,4,4,5,75,32.5,1222.20408235195,552.56251486149,8,1222,553,6.03702330834725,-1.96297669165275,1.96297669165275,valid,,,Shared Pattern Plane,Grad-SIFT+Top2Geo+MidGradInterp+極線對齊,102,1,,,1.57687140000053
246,10,2,4,5,1,65,35,1152.48502712224,566.986061404076,8,1152,567,6.40457856445815,-1.59542143554185,1.59542143554185,valid,,,Shared Pattern Plane,Grad-SIFT+Top2Geo+MidGradInterp+極線對齊,102,1,,,1.79141989999334
247,10,2,4,5,2,67.5,35,1169.68991113771,567.671815865237,8,1170,568,5.16144474234527,-2.83855525765473,2.83855525765473,valid,,,Shared Pattern Plane,Grad-SIFT+Top2Geo+MidGradInterp+極線對齊,102,1,,,1.71646910000709
248,10,2,4,5,3,70,35,1186.9813484773,568.361020179829,8,1187,568,5.25731392562763,-2.74268607437237,2.74268607437237,valid,,,Shared Pattern Plane,Grad-SIFT+Top2Geo+MidGradInterp+極線對齊,102,1,,,1.79625630000373
249,10,2,4,5,4,72.5,35,1204.35999392913,569.053700446479,8,1204,569,5.88082012559469,-2.11917987440531,2.11917987440531,valid,,,Shared Pattern Plane,Grad-SIFT+Top2Geo+MidGradInterp+極線對齊,102,1,,,1.73498589999508
250,10,2,4,5,5,75,35,1221.82650890281,569.749883027737,8,1222,570,5.54836911115854,-2.45163088884146,2.45163088884146,valid,,,Shared Pattern Plane,Grad-SIFT+Top2Geo+MidGradInterp+極線對齊,102,1,,,1.68659929999558
251,11,2,5,1,1,85,25,1294.55996524951,502.809285137022,7.5,1295,503,7.56206991155876,0.0620699115587584,0.0620699115587584,valid,,,Shared Pattern Plane,Grad-SIFT+Top2Geo+MidGradInterp+極線對齊,102,1,,,1.76038900000276
252,11,2,5,1,2,87.5,25,1312.59336431828,503.348120756581,7.5,1313,503,7.29494037293994,-0.20505962706006,0.20505962706006,valid,,,Shared Pattern Plane,Grad-SIFT+Top2Geo+MidGradInterp+極線對齊,102,1,,,1.62204700001166
253,11,2,5,1,3,90,25,1330.71992960063,503.88974017049,7.5,1331,504,7.12537430243949,-0.374625697560513,0.374625697560513,valid,,,Shared Pattern Plane,Grad-SIFT+Top2Geo+MidGradInterp+極線對齊,102,1,,,1.71909129999403
254,11,2,5,1,4,92.5,25,1348.94038495535,504.434165007553,7.5,1349,504,7.47601156535243,-0.0239884346475652,0.0239884346475652,valid,,,Shared Pattern Plane,Grad-SIFT+Top2Geo+MidGradInterp+極線對齊,102,1,,,1.57750440000382
255,11,2,5,1,5,95,25,1367.25546175945,504.981417121222,7.5,1367,505,7.50335411070348,0.00335411070348446,0.00335411070348446,valid,,,Shared Pattern Plane,Grad-SIFT+Top2Geo+MidGrad+極線對齊,102,1,,,1.74147920000541
256,11,2,5,2,1,85,27.5,1294.06384448136,520.331148658741,7.5,1294,520,7.76894297925375,0.268942979253755,0.268942979253755,valid,,,Shared Pattern Plane,Grad-SIFT+Top2Geo+MidGradInterp+極線對齊,102,1,,,1.91023890000361
257,11,2,5,2,2,87.5,27.5,1312.06775547118,520.914215799825,7.5,1312,521,6.66974789798325,-0.830252102016746,0.830252102016746,valid,,,Shared Pattern Plane,Grad-SIFT+Top2Geo+MidGradInterp+極線對齊,102,1,,,1.77038719999837
258,11,2,5,2,3,90,27.5,1330.16453444176,521.500290524544,7.5,1330,522,6.91061302844421,-0.589386971555792,0.589386971555792,valid,,,Shared Pattern Plane,Grad-SIFT+Top2Geo+MidGradInterp+極線對齊,102,1,,,1.61501540000609
259,11,2,5,2,4,92.5,27.5,1348.35490180015,522.089396163697,7.5,1348,522,7.37006838051209,-0.129931619487911,0.129931619487911,valid,,,Shared Pattern Plane,Grad-SIFT+Top2Geo+MidGradInterp+極線對齊,102,1,,,1.68731029999617
260,11,2,5,2,5,95,27.5,1366.63958542393,522.681556290026,7.5,1367,523,6.42326965302761,-1.07673034697239,1.07673034697239,valid,,,Shared Pattern Plane,Grad-SIFT+Top2Geo+MidGrad+極線對齊,102,1,,,1.94973279999977
261,11,2,5,3,1,85,30,1293.56926960123,537.798414911787,7.5,1294,538,6.34239737057629,-1.15760262942371,1.15760262942371,valid,,,Shared Pattern Plane,Grad-SIFT+Top2Geo+MidGradInterp+極線對齊,102,1,,,1.73536920000333
262,11,2,5,3,2,87.5,30,1311.54378860204,538.425435166633,7.5,1312,538,5.92538576217509,-1.57461423782491,1.57461423782491,valid,,,Shared Pattern Plane,Grad-SIFT+Top2Geo+MidGradInterp+極線對齊,102,1,,,1.7533270999993
263,11,2,5,3,3,90,30,1329.61087877976,539.055684659654,7.5,1330,539,6.63027759659528,-0.869722403404719,0.869722403404719,valid,,,Shared Pattern Plane,Grad-SIFT+Top2Geo+MidGradInterp+極線對齊,102,1,,,1.7593593000056
264,11,2,5,3,4,92.5,30,1347.77125711155,539.689188401767,7.5,1348,540,7.29572184225114,-0.204278157748864,0.204278157748864,valid,,,Shared Pattern Plane,Grad-SIFT+Top2Geo+MidGradInterp+極線對齊,102,1,,,1.72543000000587
265,11,2,5,3,5,95,30,1366.02564799788,540.325971662843,7.5,1366,540,4.88055726671505,-2.61944273328495,2.61944273328495,valid,,,Shared Pattern Plane,Grad-SIFT+Top2Geo+MidGrad+極線對齊,102,1,,,1.67313170000853
266,11,2,5,4,1,85,32.5,1293.07623339499,555.211338682831,7.5,1293,555,5.94900730197469,-1.55099269802531,1.55099269802531,valid,,,Shared Pattern Plane,Grad-SIFT+Top2Geo+MidGradInterp+極線對齊,102,1,,,1.62473229999887
267,11,2,5,4,2,87.5,32.5,1311.02145602868,555.882035599628,7.5,1311,556,5.70084405268582,-1.79915594731418,1.79915594731418,valid,,,Shared Pattern Plane,Grad-SIFT+Top2Geo+MidGradInterp+極線對齊,102,1,,,1.57993989999522
268,11,2,5,4,3,90,32.5,1329.05895445523,556.556181294467,7.5,1329,557,5.2274105536502,-2.2725894463498,2.2725894463498,valid,,,Shared Pattern Plane,Grad-SIFT+Top2Geo+MidGradInterp+極線對齊,102,1,,,1.81991010000638
269,11,2,5,4,4,92.5,32.5,1347.1894422437,557.233802436761,7.5,1347,557,6.3882445854052,-1.1117554145948,1.1117554145948,valid,,,Shared Pattern Plane,Grad-SIFT+Top2Geo+MidGrad+極線對齊,102,1,,,1.81650169999921
270,11,2,5,4,5,95,32.5,1365.41364033953,557.914925971614,7.5,1365,558,4.72853976740708,-2.77146023259292,2.77146023259292,valid,,,Shared Pattern Plane,Grad-SIFT+Top2Geo+MidGrad+極線對齊,102,1,,,1.69542550000187
271,11,2,5,5,1,85,35,1292.58472869333,572.570173175671,7.5,1293,573,6.08185020067989,-1.41814979932011,1.41814979932011,valid,,,Shared Pattern Plane,Grad-SIFT+Top2Geo+MidGradInterp+極線對齊,102,1,,,1.77235079999082
272,11,2,5,5,2,87.5,35,1310.50075011673,573.284272242326,7.5,1311,573,6.01864870954896,-1.48135129045104,1.48135129045104,valid,,,Shared Pattern Plane,Grad-SIFT+Top2Geo+MidGradInterp+極線對齊,102,1,,,1.81345509999665
273,11,2,5,5,3,90,35,1328.50875335976,574.002037532078,7.5,1329,574,5.30909562552448,-2.19090437447552,2.19090437447552,valid,,,Shared Pattern Plane,Grad-SIFT+Top2Geo+MidGrad+極線對齊,102,1,,,1.75284239999019
274,11,2,5,5,4,92.5,35,1346.6094486049,574.723497351471,7.5,1347,575,5.83888704281731,-1.66111295718269,1.66111295718269,valid,,,Shared Pattern Plane,Grad-SIFT+Top2Geo+MidGrad+極線對齊,102,1,,,1.65857300000789
275,11,2,5,5,5,95,35,1364.8035533645,575.448680299203,7.5,1365,575,5.27938219939936,-2.22061780060064,2.22061780060064,valid,,,Shared Pattern Plane,Grad-SIFT+Top2Geo+MidGrad+極線對齊,102,1,,,1.87256160000106
276,12,2,6,1,1,105,25,1441.47687967041,507.199143438492,7,1441,507,8.88780043092442,1.88780043092442,1.88780043092442,valid,,,Shared Pattern Plane,Grad-SIFT+Top2Geo+MidGradInterp+極線對齊,102,1,,,1.62399659999937
277,12,2,6,1,2,107.5,25,1460.27630445068,507.760867806716,7,1460,508,8.50088248718001,1.50088248718001,1.50088248718001,valid,,,Shared Pattern Plane,Grad-SIFT+Top2Geo+MidGrad+極線對齊,102,1,,,1.76994440000271
278,12,2,6,1,3,110,25,1479.17490241383,508.325555456751,7,1479,508,10.0441169072608,3.04411690726082,3.04411690726082,valid,,,Shared Pattern Plane,Grad-SIFT+Top2Geo+MidGrad+極線對齊,102,1,,,1.66250920000311
279,12,2,6,1,4,112.5,25,1498.17346039228,508.893229899046,7,1498,509,10.0412906217907,3.04129062179069,3.04129062179069,valid,,,Shared Pattern Plane,Grad-SIFT+Top2Geo+MidGradInterp+極線對齊,102,1,,,1.67031329999736
280,12,2,6,1,5,115,25,1517.27277356405,509.463914893419,7,1517,509,9.82207605232012,2.82207605232012,2.82207605232012,valid,,,Shared Pattern Plane,Grad-SIFT+Top2Geo+MidGrad+極線對齊,102,1,,,1.64277469999797
281,12,2,6,2,1,105,27.5,1440.73630707412,525.081221767195,7,1441,525,8.59234866713649,1.59234866713649,1.59234866713649,valid,,,Shared Pattern Plane,Grad-SIFT+Top2Geo+MidGrad+極線對齊,102,1,,,1.70713650000107
282,12,2,6,2,2,107.5,27.5,1459.5037585403,525.689016611215,7,1460,526,11.1423988397659,4.14239883976594,4.14239883976594,valid,,,Shared Pattern Plane,Grad-SIFT+Top2Geo+MidGrad+極線對齊,102,1,,,1.72858700000506
283,12,2,6,2,3,110,27.5,1478.37005596393,526.300012639126,7,1478,526,10.2499048912571,3.24990489125711,3.24990489125711,valid,,,Shared Pattern Plane,Grad-SIFT+Top2Geo+MidGrad+極線對齊,102,1,,,1.6207041000016
284,12,2,6,2,4,112.5,27.5,1497.33598232197,526.914235208092,7,1497,527,9.85108117417992,2.85108117417992,2.85108117417992,valid,,,Shared Pattern Plane,Grad-SIFT+Top2Geo+MidGrad+極線對齊,102,1,,,1.67296910000732
285,12,2,6,2,5,115,27.5,1516.40232888274,527.531709943798,7,1516,528,11.6344688452017,4.63446884520166,4.63446884520166,valid,,,Shared Pattern Plane,Grad-SIFT+Top2Geo+MidGrad+極線對齊,102,1,,,1.61540290000266
286,12,2,6,3,1,105,30,1439.99809034931,542.906414547166,7,1440,543,,,,failed,Top2-Geo: HIGH/MID 均未通過支援點與 RANSAC 門檻,,,,102,,,,1.67027299999609
287,12,2,6,3,2,107.5,30,1458.73367665788,543.559983752626,7,1459,544,6.30400119474936,-0.695998805250638,0.695998805250638,valid,,,Shared Pattern Plane,Grad-SIFT+Top2Geo+MidGrad+極線對齊,102,1,,,1.74537399999099
288,12,2,6,3,3,110,30,1477.56778331362,544.216989726169,7,1478,544,11.459927349612,4.45992734961199,4.45992734961199,valid,,,Shared Pattern Plane,Grad-SIFT+Top2Geo+MidGrad+極線對齊,102,1,,,1.69716890000564
289,12,2,6,3,4,112.5,30,1496.5011894632,544.877459647421,7,1497,545,12.0368021458302,5.03680214583025,5.03680214583025,valid,,,Shared Pattern Plane,Grad-SIFT+Top2Geo+MidGrad+極線對齊,102,1,,,1.79716709999775
290,12,2,6,3,5,115,30,1515.53468249077,545.541420983366,7,1516,546,3.44727762479926,-3.55272237520074,3.55272237520074,valid,,,Shared Pattern Plane,Grad-SIFT+Top2Geo+MidGrad+極線對齊,102,1,,,1.74580069999502
291,12,2,6,4,1,105,32.5,1439.26221827229,560.67499278942,7,1439,561,4.03390085656766,-2.96609914343234,2.96609914343234,valid,,,Shared Pattern Plane,Grad-SIFT+Top2Geo+MidGrad+極線對齊,102,1,,,1.70642200000293
292,12,2,6,4,2,107.5,32.5,1457.9660470337,561.374042365938,7,1458,561,5.2469567184519,-1.7530432815481,1.7530432815481,valid,,,Shared Pattern Plane,Grad-SIFT+Top2Geo+MidGrad+極線對齊,102,1,,,1.77673840000352
293,12,2,6,4,3,110,32.5,1476.76807213659,562.076761999094,7,1477,562,9.3841685821791,2.3841685821791,2.3841685821791,valid,,,Shared Pattern Plane,Grad-SIFT+Top2Geo+MidGrad+極線對齊,102,1,,,1.69129700001213
294,12,2,6,4,4,112.5,32.5,1495.6690689222,562.78318066702,7,1496,563,-0.202473697704967,-7.20247369770497,7.20247369770497,valid,,,Shared Pattern Plane,Grad-SIFT+Top2Geo+MidGradInterp+極線對齊,102,1,,,1.66328000000794
295,12,2,6,4,5,115,32.5,1514.66982091596,563.493327653724,7,1515,563,3.61978607837618,-3.38021392162382,3.38021392162382,valid,,,Shared Pattern Plane,Grad-SIFT+Top2Geo+MidGrad+極線對齊,102,1,,,1.85599280000315
296,12,2,6,5,1,105,35,1438.5286796905,578.387225786186,7,1439,578,,,,failed,Top2-Geo: HIGH/MID 均未通過支援點與 RANSAC 門檻,,,,102,,,,1.60919139999896
297,12,2,6,5,2,107.5,35,1457.20085797288,579.131463849356,7,1457,579,3.15614236787868,-3.84385763212132,3.84385763212132,valid,,,Shared Pattern Plane,Grad-SIFT+Top2Geo+MidGrad+極線對齊,102,1,,,1.69510869999067
298,12,2,6,5,3,110,35,1475.97091018507,579.879602984102,7,1476,580,5.86910554397822,-1.13089445602178,1.13089445602178,valid,,,Shared Pattern Plane,Grad-SIFT+Top2Geo+MidGrad+極線對齊,102,1,,,1.63369129999774
299,12,2,6,5,4,112.5,35,1494.83960788767,580.631673943384,7,1495,581,6.30947191032041,-0.690528089679592,0.690528089679592,valid,,,Shared Pattern Plane,Grad-SIFT+Top2Geo+MidGradInterp+極線對齊,102,1,,,1.65173230000073
300,12,2,6,5,5,115,35,1513.80773077248,581.387707804258,7,1514,581,6.38431793855571,-0.615682061444286,0.615682061444286,valid,,,Shared Pattern Plane,Grad-SIFT+Top2Geo+MidGrad+極線對齊,102,1,,,1.61656980001135
301,13,3,1,1,1,5,45,765.15434977495,615.34346794934,6.5,765,615,9.67145750431712,3.17145750431712,3.17145750431712,valid,,,Shared Pattern Plane,Grad-SIFT+Top2Geo+MidGradInterp+極線對齊,102,1,,,1.66112060000887
302,13,3,1,1,2,7.5,45,780.377767886681,616.100356521951,6.5,780,616,8.86580788480192,2.36580788480192,2.36580788480192,valid,,,Shared Pattern Plane,Grad-SIFT+Top2Geo+MidGradInterp+極線對齊,102,1,,,1.68961009998748
303,13,3,1,1,3,10,45,795.672996561924,616.860815422495,6.5,796,617,9.41089746875684,2.91089746875684,2.91089746875684,valid,,,Shared Pattern Plane,Grad-SIFT+Top2Geo+MidGradInterp+極線對齊,102,1,,,1.70044230000349
304,13,3,1,1,4,12.5,45,811.040545109584,617.624869973148,6.5,811,618,8.88393572372189,2.38393572372189,2.38393572372189,valid,,,Shared Pattern Plane,Grad-SIFT+Top2Geo+MidGradInterp+極線對齊,102,1,,,1.58675400000357
305,13,3,1,1,5,15,45,826.480927666275,618.392545736115,6.5,826,618,8.64521624217065,2.14521624217065,2.14521624217065,valid,,,Shared Pattern Plane,Grad-SIFT+Top2Geo+MidGradInterp+極線對齊,102,1,,,1.7013464999909
306,13,3,1,2,1,5,47.5,765.455802290692,631.190722991847,6.5,765,631,9.98320123342272,3.48320123342272,3.48320123342272,valid,,,Shared Pattern Plane,Grad-SIFT+Top2Geo+MidGrad+極線對齊,102,1,,,1.56319020000228
307,13,3,1,2,2,7.5,47.5,780.658175802841,631.98376544458,6.5,781,632,9.18027664188432,2.68027664188432,2.68027664188432,valid,,,Shared Pattern Plane,Grad-SIFT+Top2Geo+MidGrad+極線對齊,102,1,,,1.61966280000343
308,13,3,1,2,3,10,47.5,795.932157898403,632.780543409177,6.5,796,633,10.9832691992029,4.48326919920293,4.48326919920293,valid,,,Shared Pattern Plane,Grad-SIFT+Top2Geo+MidGradInterp+極線對齊,102,1,,,1.60808169998927
309,13,3,1,2,4,12.5,47.5,811.278255724626,633.58108334133,6.5,811,634,9.49281738636496,2.99281738636496,2.99281738636496,valid,,,Shared Pattern Plane,Grad-SIFT+Top2Geo+MidGradInterp+極線對齊,102,1,,,1.6572254000057
310,13,3,1,2,5,15,47.5,826.696981229055,634.385411947141,6.5,827,634,9.04938194632252,2.54938194632252,2.54938194632252,valid,,,Shared Pattern Plane,Grad-SIFT+Top2Geo+MidGrad+極線對齊,102,1,,,1.63133570000355
311,13,3,1,3,1,5,50,765.756396551921,646.992859889844,6.5,766,647,9.83570439290674,3.33570439290674,3.33570439290674,valid,,,Shared Pattern Plane,Grad-SIFT+Top2Geo+MidGrad+極線對齊,102,1,,,1.82910250000714
312,13,3,1,3,2,7.5,50,780.937783506665,647.821847188481,6.5,781,648,9.44265914895205,2.94265914895205,2.94265914895205,valid,,,Shared Pattern Plane,Grad-SIFT+Top2Geo+MidGrad+極線對齊,102,1,,,1.69078850001097
313,13,3,1,3,3,10,50,796.190577915489,648.654733727195,6.5,796,649,8.39823413740637,1.89823413740637,1.89823413740637,valid,,,Shared Pattern Plane,Grad-SIFT+Top2Geo+MidGrad+極線對齊,102,1,,,1.96362119998957
314,13,3,1,3,4,12.5,50,811.515284776196,649.491547081649,6.5,812,649,5.83594062695817,-0.66405937304183,0.66405937304183,valid,,,Shared Pattern Plane,Grad-SIFT+Top2Geo+MidGrad+極線對齊,102,1,,,3.33755290000408
315,13,3,1,3,5,15,50,826.912413859672,650.332315088137,6.5,827,650,6.21899934017721,-0.281000659822786,0.281000659822786,valid,,,Shared Pattern Plane,Grad-SIFT+Top2Geo+MidGradInterp+極線對齊,102,1,,,1.71157830000448
316,13,3,1,4,1,5,52.5,766.056136218684,662.75007105078,6.5,766,663,0.894682379176696,-5.6053176208233,5.6053176208233,valid,,,Shared Pattern Plane,Grad-SIFT+Top2Geo+MidGradInterp+極線對齊,102,1,,,1.7167053999874
317,13,3,1,4,2,7.5,52.5,781.216594418677,663.614795505424,6.5,781,664,-0.556778053465411,-7.05677805346541,7.05677805346541,valid,,,Shared Pattern Plane,Grad-SIFT+Top2Geo+MidGradInterp+極線對齊,102,1,,,1.82787069999904
318,13,3,1,4,3,10,52.5,796.448259789408,664.483581485193,6.5,796,664,-2.41799975303551,-8.91799975303551,8.91799975303551,valid,,,Shared Pattern Plane,Grad-SIFT+Top2Geo+MidGradInterp+極線對齊,102,1,,,1.61693910000031
319,13,3,1,4,4,12.5,52.5,811.751635191365,665.356457672317,6.5,812,665,2.34586355330818,-4.15413644669182,4.15413644669182,valid,,,Shared Pattern Plane,Grad-SIFT+Top2Geo+MidGradInterp+極線對齊,102,1,,,1.78430240000307
320,13,3,1,4,5,15,52.5,827.127228231096,666.233453019734,6.5,827,666,6.31097041230468,-0.189029587695321,0.189029587695321,valid,,,Shared Pattern Plane,Grad-SIFT+Top2Geo+MidGradInterp+極線對齊,102,1,,,1.7587874999881
321,13,3,1,5,1,5,55,766.355024930247,678.462547789622,6.5,766,678,3.33620227514083,-3.16379772485917,3.16379772485917,valid,,,Shared Pattern Plane,Grad-SIFT+Top2Geo+MidGradInterp+極線對齊,102,1,,,2.08069339999929
322,13,3,1,5,2,7.5,55,781.494611939928,679.36280304449,6.5,781,679,1.77335790538337,-4.72664209461663,4.72664209461663,valid,,,Shared Pattern Plane,Grad-SIFT+Top2Geo+MidGradInterp+極線對齊,102,1,,,1.67819820001023
323,13,3,1,5,3,10,55,796.705206678263,680.267280678794,6.5,797,680,2.16449186392304,-4.33550813607696,4.33550813607696,valid,,,Shared Pattern Plane,Grad-SIFT+Top2Geo+MidGradInterp+極線對齊,102,1,,,1.67691199999535
324,13,3,1,5,4,12.5,55,811.987309880465,681.176010468083,6.5,812,681,2.77321415254655,-3.72678584745345,3.72678584745345,valid,,,Shared Pattern Plane,Grad-SIFT+Top2Geo+MidGradInterp+極線對齊,102,1,,,1.78850209999655
325,13,3,1,5,5,15,55,827.341427000981,682.089022468527,6.5,827,682,6.31431755742674,-0.185682442573258,0.185682442573258,valid,,,Shared Pattern Plane,Grad-SIFT+Top2Geo+MidGradInterp+極線對齊,102,1,,,1.60811619999004
326,14,3,2,1,1,25,45,888.981252919301,621.499980716964,6,889,621,7.47876748776684,1.47876748776684,1.47876748776684,valid,,,Shared Pattern Plane,Grad-SIFT+Top2Geo+MidGradInterp+極線對齊,102,1,,,1.60131130000809
327,14,3,2,1,2,27.5,45,904.793690599979,622.28615457738,6,905,622,7.42651381316111,1.42651381316111,1.42651381316111,valid,,,Shared Pattern Plane,Grad-SIFT+Top2Geo+MidGradInterp+極線對齊,102,1,,,1.66811800000141
328,14,3,2,1,3,30,45,920.682151760238,623.076108226442,6,921,623,7.07997394150303,1.07997394150303,1.07997394150303,valid,,,Shared Pattern Plane,Grad-SIFT+Top2Geo+MidGradInterp+極線對齊,102,1,,,1.79199299999163
329,14,3,2,1,4,32.5,45,936.647185982941,623.869868988698,6,937,624,7.89737656984147,1.89737656984147,1.89737656984147,valid,,,Shared Pattern Plane,Grad-SIFT+Top2Geo+MidGradInterp+極線對齊,102,1,,,1.63393849998829
330,14,3,2,1,5,35,45,952.689348161081,624.667464452705,6,953,625,6.89189473225854,0.89189473225854,0.89189473225854,valid,,,Shared Pattern Plane,Grad-SIFT+Top2Geo+MidGradInterp+極線對齊,102,1,,,1.76987119999831
331,14,3,2,2,1,25,47.5,889.108570201142,637.641156160884,6,889,638,9.14701283730519,3.14701283730519,3.14701283730519,valid,,,Shared Pattern Plane,Grad-SIFT+Top2Geo+MidGradInterp+極線對齊,102,1,,,2.46043859999918
332,14,3,2,2,2,27.5,47.5,904.898285351211,638.464837701175,6,905,638,7.7862307496742,1.7862307496742,1.7862307496742,valid,,,Shared Pattern Plane,Grad-SIFT+Top2Geo+MidGrad+極線對齊,102,1,,,1.83486089999496
333,14,3,2,2,3,30,47.5,920.763803916732,639.292473579679,6,921,639,6.73995718857201,0.739957188572006,0.739957188572006,valid,,,Shared Pattern Plane,Grad-SIFT+Top2Geo+MidGrad+極線對齊,102,1,,,1.90657440001087
334,14,3,2,2,4,32.5,47.5,936.705673087824,640.124092340952,6,937,640,7.64209163772176,1.64209163772176,1.64209163772176,valid,,,Shared Pattern Plane,Grad-SIFT+Top2Geo+MidGrad+極線對齊,102,1,,,1.67896859999746
335,14,3,2,2,5,35,47.5,952.724445333865,640.959722804945,6,953,641,5.63642018257795,-0.363579817422045,0.363579817422045,valid,,,Shared Pattern Plane,Grad-SIFT+Top2Geo+MidGrad+極線對齊,102,1,,,1.88804890000029
336,14,3,2,3,1,25,50,889.235518085083,653.735499656745,6,889,654,6.88907391742231,0.889073917422315,0.889073917422315,valid,,,Shared Pattern Plane,Grad-SIFT+Top2Geo+MidGrad+極線對齊,102,1,,,1.691556699996
337,14,3,2,3,2,27.5,50,905.002575905959,654.596467808689,6,905,655,7.39298718743141,1.39298718743141,1.39298718743141,valid,,,Shared Pattern Plane,Grad-SIFT+Top2Geo+MidGrad+極線對齊,102,1,,,1.62138580001192
338,14,3,2,3,3,30,50,920.845218032274,655.461563279789,6,921,655,5.57286606999469,-0.427133930005315,0.427133930005315,valid,,,Shared Pattern Plane,Grad-SIFT+Top2Geo+MidGrad+極線對齊,102,1,,,1.69865500000014
339,14,3,2,3,4,32.5,50,936.763989275277,656.330815819737,6,937,656,4.50800673013966,-1.49199326986034,1.49199326986034,valid,,,Shared Pattern Plane,Grad-SIFT+Top2Geo+MidGrad+極線對齊,102,1,,,1.63207319998764
340,14,3,2,3,5,35,50,952.759439694821,657.20425546483,6,953,657,5.74914074616664,-0.250859253833355,0.250859253833355,valid,,,Shared Pattern Plane,Grad-SIFT+Top2Geo+MidGradInterp+極線對齊,102,1,,,1.78856659999292
341,14,3,2,4,1,25,52.5,889.362098176448,669.783214726365,6,889,670,7.07214428462526,1.07214428462526,1.07214428462526,valid,,,Shared Pattern Plane,Grad-SIFT+Top2Geo+MidGrad+極線對齊,102,1,,,1.61557520000497
342,14,3,2,4,2,27.5,52.5,905.106563589352,670.681249870701,6,905,671,6.60279002555138,0.602790025551382,0.602790025551382,valid,,,Shared Pattern Plane,Grad-SIFT+Top2Geo+MidGrad+極線對齊,102,1,,,1.68585500000336
343,14,3,2,4,3,30,52.5,920.926395146294,671.583583760295,6,921,672,4.89444854943088,-1.10555145056912,1.10555145056912,valid,,,Shared Pattern Plane,Grad-SIFT+Top2Geo+MidGrad+極線對齊,102,1,,,1.81900080000923
344,14,3,2,4,4,32.5,52.5,936.822135293418,672.490247335271,6,937,672,5.65408740663621,-0.34591259336379,0.34591259336379,valid,,,Shared Pattern Plane,Grad-SIFT+Top2Geo+MidGrad+極線對齊,102,1,,,1.73604039999191
345,14,3,2,4,5,35,52.5,952.794331695045,673.401271833388,6,953,673,5.08946945318121,-0.910530546818789,0.910530546818789,valid,,,Shared Pattern Plane,Grad-SIFT+Top2Geo+MidGradInterp+極線對齊,102,1,,,1.60168269999849
346,14,3,2,5,1,25,55,889.488312071276,685.784503713984,6,889,686,5.16748370460017,-0.832516295399829,0.832516295399829,valid,,,Shared Pattern Plane,Grad-SIFT+Top2Geo+MidGradInterp+極線對齊,102,1,,,1.74765200000547
347,14,3,2,5,2,27.5,55,905.210249718836,686.719387669198,6,905,687,4.23673783378082,-1.76326216621918,1.76326216621918,valid,,,Shared Pattern Plane,Grad-SIFT+Top2Geo+MidGradInterp+極線對齊,102,1,,,1.71666780000669
348,14,3,2,5,3,30,55,921.007336292176,687.658740254587,6,921,688,4.05773615785811,-1.94226384214189,1.94226384214189,valid,,,Shared Pattern Plane,Grad-SIFT+Top2Geo+MidGradInterp+極線對齊,102,1,,,2.6962491000013
349,14,3,2,5,4,32.5,55,936.880111886004,688.602593586157,6,937,689,5.74942677438189,-0.250573225618111,0.250573225618111,valid,,,Shared Pattern Plane,Grad-SIFT+Top2Geo+MidGrad+極線對齊,102,1,,,1.59472259999893
350,14,3,2,5,5,35,55,952.829121782998,689.550980088414,6,953,690,6.13309156837875,0.133091568378748,0.133091568378748,valid,,,Shared Pattern Plane,Grad-SIFT+Top2Geo+MidGradInterp+極線對齊,102,1,,,1.64453309999953
351,15,3,3,1,1,45,45,1017.64056376895,627.896754518179,5.5,1018,628,5.70878772611937,0.208787726119369,0.208787726119369,valid,,,Shared Pattern Plane,Grad-SIFT+Top2Geo+MidGradInterp+極線對齊,102,1,,,1.86383960000239
352,15,3,3,1,2,47.5,45,1034.07687952683,628.713946786148,5.5,1034,629,6.53210111585396,1.03210111585396,1.03210111585396,valid,,,Shared Pattern Plane,Grad-SIFT+Top2Geo+MidGradInterp+極線對齊,102,1,,,1.78504449999309
353,15,3,3,1,3,50,45,1050.59376777746,629.535145013789,5.5,1051,630,6.10763052852344,0.607630528523442,0.607630528523442,valid,,,Shared Pattern Plane,Grad-SIFT+Top2Geo+MidGradInterp+極線對齊,102,1,,,1.60638060000201
354,15,3,3,1,4,52.5,45,1067.19182243841,630.360378729913,5.5,1067,630,6.11480394619729,0.614803946197288,0.614803946197288,valid,,,Shared Pattern Plane,Grad-SIFT+Top2Geo+MidGradInterp+極線對齊,102,1,,,1.52571210000315
355,15,3,3,1,5,55,45,1083.87164327882,631.189677754261,5.5,1084,631,6.19902045916302,0.69902045916302,0.69902045916302,valid,,,Shared Pattern Plane,Grad-SIFT+Top2Geo+MidGradInterp+極線對齊,102,1,,,1.67152779999014
356,15,3,3,2,1,45,47.5,1017.57980282909,644.342947913824,5.5,1018,644,5.51909293186935,0.019092931869352,0.019092931869352,valid,,,Shared Pattern Plane,Grad-SIFT+Top2Geo+MidGradInterp+極線對齊,102,1,,,1.5995680999913
357,15,3,3,2,2,47.5,47.5,1033.99156678438,645.199079065343,5.5,1034,645,6.61587856057306,1.11587856057306,1.11587856057306,valid,,,Shared Pattern Plane,Grad-SIFT+Top2Geo+MidGradInterp+極線對齊,102,1,,,1.59320139999909
358,15,3,3,2,3,50,47.5,1050.4836631351,646.059400812484,5.5,1050,646,6.69006393868405,1.19006393868405,1.19006393868405,valid,,,Shared Pattern Plane,Grad-SIFT+Top2Geo+MidGradInterp+極線對齊,102,1,,,1.58702659999835
359,15,3,3,2,4,52.5,47.5,1067.05668314551,646.923943998963,5.5,1067,647,6.30184999380794,0.801849993807935,0.801849993807935,valid,,,Shared Pattern Plane,Grad-SIFT+Top2Geo+MidGradInterp+極線對齊,102,1,,,1.59419950000301
360,15,3,3,2,5,55,47.5,1083.71122389659,647.792739771927,5.5,1084,648,5.70829963725132,0.208299637251319,0.208299637251319,valid,,,Shared Pattern Plane,Grad-SIFT+Top2Geo+MidGradInterp+極線對齊,102,1,,,1.57134049999877
361,15,3,3,3,1,45,50,1017.51922161057,660.74049604882,5.5,1018,661,5.83231199315601,0.332311993156012,0.332311993156012,valid,,,Shared Pattern Plane,Grad-SIFT+Top2Geo+MidGrad+極線對齊,102,1,,,1.58739390000119
362,15,3,3,3,2,47.5,50,1033.90650699881,661.635332040187,5.5,1034,662,4.84222036970287,-0.657779630297127,0.657779630297127,valid,,,Shared Pattern Plane,Grad-SIFT+Top2Geo+MidGradInterp+極線對齊,102,1,,,1.54571669999859
363,15,3,3,3,3,50,50,1050.37388575673,662.534541570439,5.5,1050,663,5.71556178520441,0.215561785204414,0.215561785204414,valid,,,Shared Pattern Plane,Grad-SIFT+Top2Geo+MidGradInterp+極線對齊,102,1,,,1.63203339999018
364,15,3,3,3,4,52.5,50,1066.92194651109,663.438156781837,5.5,1067,663,5.75884485188423,0.258844851884225,0.258844851884225,valid,,,Shared Pattern Plane,Grad-SIFT+Top2Geo+MidGradInterp+極線對齊,102,1,,,1.60739940000349
365,15,3,3,3,5,55,50,1083.55128367074,664.346210132377,5.5,1084,664,4.8434700958574,-0.656529904142602,0.656529904142602,valid,,,Shared Pattern Plane,Grad-SIFT+Top2Geo+MidGradInterp+極線對齊,102,1,,,1.59480390000681
366,15,3,3,4,1,45,52.5,1017.45881931717,677.089614432023,5.5,1017,677,4.76482244047479,-0.735177559525209,0.735177559525209,valid,,,Shared Pattern Plane,Grad-SIFT+Top2Geo+MidGradInterp+極線對齊,102,1,,,1.57475679999334
367,15,3,3,4,2,47.5,52.5,1033.82169904672,678.022922783517,5.5,1034,678,4.59174962244929,-0.90825037755071,0.90825037755071,valid,,,Shared Pattern Plane,Grad-SIFT+Top2Geo+MidGradInterp+極線對齊,102,1,,,1.56825769999705
368,15,3,3,4,3,50,52.5,1050.26443418544,678.960785939638,5.5,1050,679,5.69913945235929,0.199139452359291,0.199139452359291,valid,,,Shared Pattern Plane,Grad-SIFT+Top2Geo+MidGradInterp+極線對齊,102,1,,,1.59382580000965
369,15,3,3,4,4,52.5,52.5,1066.7876107382,679.903237325017,5.5,1067,680,5.93176852396156,0.431768523961565,0.431768523961565,valid,,,Shared Pattern Plane,Grad-SIFT+Top2Geo+MidGradInterp+極線對齊,102,1,,,1.57713710000098
370,15,3,3,4,5,55,52.5,1083.39182045768,680.850310692132,5.5,1083,681,4.26139529542104,-1.23860470457896,1.23860470457896,valid,,,Shared Pattern Plane,Grad-SIFT+Top2Geo+MidGradInterp+極線對齊,102,1,,,1.58720180000819
371,15,3,3,5,1,45,55,1017.39859515739,693.390517301167,5.5,1017,693,4.96963277695743,-0.530367223042572,0.530367223042572,valid,,,Shared Pattern Plane,Grad-SIFT+Top2Geo+MidGradInterp+極線對齊,102,1,,,1.57808069999737
372,15,3,3,5,2,47.5,55,1033.73714181139,694.362067084709,5.5,1034,694,5.12429702024373,-0.375702979756271,0.375702979756271,valid,,,Shared Pattern Plane,Grad-SIFT+Top2Geo+MidGradInterp+極線對齊,102,1,,,1.63545580000209
373,15,3,3,5,3,50,55,1050.15530697293,695.338351276115,5.5,1050,695,5.46730872967929,-0.0326912703207078,0.0326912703207078,valid,,,Shared Pattern Plane,Grad-SIFT+Top2Geo+MidGradInterp+極線對齊,102,1,,,1.63870209999732
374,15,3,3,5,4,52.5,55,1066.65367404057,696.319404566399,5.5,1067,696,5.11744261486206,-0.382557385137944,0.382557385137944,valid,,,Shared Pattern Plane,Grad-SIFT+Top2Geo+MidGradInterp+極線對齊,102,1,,,1.65514619999158
375,15,3,3,5,5,55,55,1083.23283212659,697.305261986334,5.5,1083,697,4.88448359029406,-0.615516409705944,0.615516409705944,valid,,,Shared Pattern Plane,Grad-SIFT+Top2Geo+MidGradInterp+極線對齊,102,1,,,1.60620010001003
376,16,3,4,1,1,65,45,1151.42079269859,634.54813371403,5,1151,635,5.3239880725723,0.323988072572301,0.323988072572301,valid,,,Shared Pattern Plane,Grad-SIFT+Top2Geo+MidGradInterp+極線對齊,102,1,,,1.63764359999914
377,16,3,4,1,2,67.5,45,1168.51865089605,635.398217012721,5,1169,635,5.32616876700871,0.326168767008708,0.326168767008708,valid,,,Shared Pattern Plane,Grad-SIFT+Top2Geo+MidGradInterp+極線對齊,102,1,,,1.66942470001231
378,16,3,4,1,3,70,45,1185.70200089263,636.252550852607,5,1186,636,5.32810967773317,0.328109677733171,0.328109677733171,valid,,,Shared Pattern Plane,Grad-SIFT+Top2Geo+MidGradInterp+極線對齊,102,1,,,1.60848210001132
379,16,3,4,1,4,72.5,45,1202.97148550273,637.111167193584,5,1203,637,5.1016012113168,0.101601211316798,0.101601211316798,valid,,,Shared Pattern Plane,Grad-SIFT+Top2Geo+MidGradInterp+極線對齊,102,1,,,1.54131689999485
380,16,3,4,1,5,75,45,1220.32775400137,637.974098316764,5,1220,638,4.98807792070864,-0.0119220792913612,0.0119220792913612,valid,,,Shared Pattern Plane,Grad-SIFT+Top2Geo+MidGradInterp+極線對齊,102,1,,,1.58241440000711
381,16,3,4,2,1,65,47.5,1151.15674355781,651.311082502764,5,1151,651,5.25129496703554,0.251294967035538,0.251294967035538,valid,,,Shared Pattern Plane,Grad-SIFT+Top2Geo+MidGradInterp+極線對齊,102,1,,,1.58032950000779
382,16,3,4,2,2,67.5,47.5,1168.22805289156,652.201619300494,5,1168,652,4.84085097654785,-0.159149023452147,0.159149023452147,valid,,,Shared Pattern Plane,Grad-SIFT+Top2Geo+MidGradInterp+極線對齊,102,1,,,1.60537889999978
383,16,3,4,2,3,70,47.5,1185.38459169396,653.096602153098,5,1185,653,4.2605113989612,-0.739488601038803,0.739488601038803,valid,,,Shared Pattern Plane,Grad-SIFT+Top2Geo+MidGradInterp+極線對齊,102,1,,,1.55491469999833
384,16,3,4,2,4,72.5,47.5,1202.62699983164,653.996064439667,5,1203,654,4.77304168978382,-0.226958310216183,0.226958310216183,valid,,,Shared Pattern Plane,Grad-SIFT+Top2Geo+MidGradInterp+極線對齊,102,1,,,1.59773850000056
385,16,3,4,2,5,75,47.5,1219.95592359243,654.900039874258,5,1220,655,4.97136895860994,-0.028631041390061,0.028631041390061,valid,,,Shared Pattern Plane,Grad-SIFT+Top2Geo+MidGradInterp+極線對齊,102,1,,,1.56627500000468
386,16,3,4,3,1,65,50,1150.89349092915,668.02346535588,5,1151,668,4.47779407734766,-0.522205922652344,0.522205922652344,valid,,,Shared Pattern Plane,Grad-SIFT+Top2Geo+MidGradInterp+極線對齊,102,1,,,1.66277460000128
387,16,3,4,3,2,67.5,50,1167.93833366412,668.954207598119,5,1168,669,4.68588818394517,-0.314111816054827,0.314111816054827,valid,,,Shared Pattern Plane,Grad-SIFT+Top2Geo+MidGradInterp+極線對齊,102,1,,,1.5978860000032
388,16,3,4,3,3,70,50,1185.06814474262,669.889589579649,5,1185,670,4.60542853927492,-0.394571460725081,0.394571460725081,valid,,,Shared Pattern Plane,Grad-SIFT+Top2Geo+MidGradInterp+極線對齊,102,1,,,1.57991210000182
389,16,3,4,3,4,72.5,50,1202.28356110152,670.829646080732,5,1202,671,4.59995750728609,-0.400042492713906,0.400042492713906,valid,,,Shared Pattern Plane,Grad-SIFT+Top2Geo+MidGradInterp+極線對齊,102,1,,,1.59934490000887
390,16,3,4,3,5,75,50,1219.58522605975,671.774412230123,5,1220,672,4.18067726125092,-0.819322738749081,0.819322738749081,valid,,,Shared Pattern Plane,Grad-SIFT+Top2Geo+MidGradInterp+極線對齊,102,1,,,1.71486680000089
391,16,3,4,4,1,65,52.5,1150.63103121397,684.685510729287,5,1151,685,4.04918293443482,-0.950817065565183,0.950817065565183,valid,,,Shared Pattern Plane,Grad-SIFT+Top2Geo+MidGradInterp+極線對齊,102,1,,,1.55058239999926
392,16,3,4,4,2,67.5,52.5,1167.64948923356,685.656212052145,5,1168,686,4.24272203265929,-0.757277967340713,0.757277967340713,valid,,,Shared Pattern Plane,Grad-SIFT+Top2Geo+MidGradInterp+極線對齊,102,1,,,1.72892579999461
393,16,3,4,4,3,70,52.5,1184.75265566955,686.631744986173,5,1185,687,4.12719134729047,-0.872808652709526,0.872808652709526,valid,,,Shared Pattern Plane,Grad-SIFT+Top2Geo+MidGradInterp+極線對齊,102,1,,,1.52741729999252
394,16,3,4,4,4,72.5,52.5,1201.94116454689,687.612145694979,5,1202,688,4.13788519550104,-0.862114804498956,0.862114804498956,valid,,,Shared Pattern Plane,Grad-SIFT+Top2Geo+MidGradInterp+極線對齊,102,1,,,1.59121190001315
395,16,3,4,4,5,75,52.5,1219.2156562338,688.59745070398,5,1219,689,4.38302518161018,-0.616974818389818,0.616974818389818,valid,,,Shared Pattern Plane,Grad-SIFT+Top2Geo+MidGradInterp+極線對齊,102,1,,,1.53844769998977
396,16,3,4,5,1,65,55,1150.36936083532,701.297445704753,5,1150,701,4.13595345610327,-0.86404654389673,0.86404654389673,valid,,,Shared Pattern Plane,Grad-SIFT+Top2Geo+MidGradInterp+極線對齊,102,1,,,1.6799777999986
397,16,3,4,5,2,67.5,55,1167.36151564374,702.30786142138,5,1167,702,4.01917400913781,-0.980825990862185,0.980825990862185,valid,,,Shared Pattern Plane,Grad-SIFT+Top2Geo+MidGradInterp+極線對齊,102,1,,,1.76908319999347
398,16,3,4,5,3,70,55,1184.4381201321,703.323298825064,5,1184,703,3.9889035624112,-1.0110964375888,1.0110964375888,valid,,,Shared Pattern Plane,Grad-SIFT+Top2Geo+MidGradInterp+極線對齊,102,1,,,1.65912060000119
399,16,3,4,5,4,72.5,55,1201.59980543119,704.343795445152,5,1202,704,4.30311605111393,-0.696883948886073,0.696883948886073,valid,,,Shared Pattern Plane,Grad-SIFT+Top2Geo+MidGradInterp+極線對齊,102,1,,,1.5837249999895
400,16,3,4,5,5,75,55,1218.84720897647,705.369389185889,5,1219,705,4.29796528259864,-0.702034717401363,0.702034717401363,valid,,,Shared Pattern Plane,Grad-SIFT+Top2Geo+MidGradInterp+極線對齊,102,1,,,1.58708240000124
401,17,3,5,1,1,85,45,1290.63388309557,641.469627724505,4.5,1291,641,5.67500027593696,1.17500027593696,1.17500027593696,valid,,,Shared Pattern Plane,Grad-SIFT+Top2Geo+MidGradInterp+極線對齊,102,1,,,1.61302179998893
402,17,3,5,1,2,87.5,45,1308.43404205017,642.354628504521,4.5,1308,642,6.14476534112557,1.64476534112557,1.64476534112557,valid,,,Shared Pattern Plane,Grad-SIFT+Top2Geo+MidGradInterp+極線對齊,102,1,,,1.65909169999941
403,17,3,5,1,3,90,45,1326.32502086112,643.244144729816,4.5,1326,643,6.33361996514639,1.83361996514639,1.83361996514639,valid,,,Shared Pattern Plane,Grad-SIFT+Top2Geo+MidGradInterp+極線對齊,102,1,,,1.72693830000935
404,17,3,5,1,4,92.5,45,1344.30751637688,644.138211046789,4.5,1344,644,5.9764109561871,1.4764109561871,1.4764109561871,valid,,,Shared Pattern Plane,Grad-SIFT+Top2Geo+MidGradInterp+極線對齊,102,1,,,1.59185609999986
405,17,3,5,1,5,95,45,1362.38223259329,645.036862457201,4.5,1362,645,7.28573440772438,2.78573440772438,2.78573440772438,valid,,,Shared Pattern Plane,Grad-SIFT+Top2Geo+MidGradInterp+極線對齊,102,1,,,1.6173642000067
406,17,3,5,2,1,85,47.5,1290.14992992166,658.561759335497,4.5,1290,659,5.50941432237028,1.00941432237028,1.00941432237028,valid,,,Shared Pattern Plane,Grad-SIFT+Top2Geo+MidGradInterp+極線對齊,102,1,,,1.58818409999367
407,17,3,5,2,2,87.5,47.5,1307.92135657895,659.488818243344,4.5,1308,659,5.49931460476522,0.999314604765219,0.999314604765219,valid,,,Shared Pattern Plane,Grad-SIFT+Top2Geo+MidGradInterp+極線對齊,102,1,,,1.63637140000355
408,17,3,5,2,3,90,47.5,1325.78331604026,660.420599858266,4.5,1326,660,5.78643893087037,1.28643893087037,1.28643893087037,valid,,,Shared Pattern Plane,Grad-SIFT+Top2Geo+MidGradInterp+極線對齊,102,1,,,1.66260970001167
409,17,3,5,2,4,92.5,47.5,1343.73650187276,661.357140360681,4.5,1344,661,5.52675972939334,1.02675972939334,1.02675972939334,valid,,,Shared Pattern Plane,Grad-SIFT+Top2Geo+MidGradInterp+極線對齊,102,1,,,1.68017379999219
410,17,3,5,2,5,95,47.5,1361.78161474627,662.29847630152,4.5,1362,662,7.89703642059405,3.39703642059405,3.39703642059405,valid,,,Shared Pattern Plane,Grad-SIFT+Top2Geo+MidGrad+極線對齊,102,1,,,1.70994059999066
411,17,3,5,3,1,85,50,1289.66746615841,675.601288330111,4.5,1290,676,4.51422270552969,0.0142227055296908,0.0142227055296908,valid,,,Shared Pattern Plane,Grad-SIFT+Top2Geo+MidGradInterp+極線對齊,102,1,,,1.72832270000072
412,17,3,5,3,2,87.5,50,1307.41025294729,676.570142159754,4.5,1307,677,5.82065518147332,1.32065518147332,1.32065518147332,valid,,,Shared Pattern Plane,Grad-SIFT+Top2Geo+MidGradInterp+極線對齊,102,1,,,1.69504869999946
413,17,3,5,3,3,90,50,1325.2432868459,677.543923978382,4.5,1325,678,5.61138060541848,1.11138060541848,1.11138060541848,valid,,,Shared Pattern Plane,Grad-SIFT+Top2Geo+MidGrad+極線對齊,102,1,,,1.78489830000035
414,17,3,5,3,4,92.5,50,1343.1672581607,678.52267148053,4.5,1343,679,4.35108878924551,-0.148911210754495,0.148911210754495,valid,,,Shared Pattern Plane,Grad-SIFT+Top2Geo+MidGrad+極線對齊,102,1,,,1.80074069999682
415,17,3,5,3,5,95,50,1361.18286425641,679.506422746149,4.5,1361,680,5.17129707181206,0.671297071812059,0.671297071812059,valid,,,Shared Pattern Plane,Grad-SIFT+Top2Geo+MidGrad+極線對齊,102,1,,,1.76958709998871
416,17,3,5,4,1,85,52.5,1289.1864849407,692.588457169377,4.5,1289,693,4.94189335987187,0.441893359871874,0.441893359871874,valid,,,Shared Pattern Plane,Grad-SIFT+Top2Geo+MidGradInterp+極線對齊,102,1,,,1.87583380000433
417,17,3,5,4,2,87.5,52.5,1306.90072384555,693.598844545164,4.5,1307,694,4.51309690430843,0.0130969043084344,0.0130969043084344,valid,,,Shared Pattern Plane,Grad-SIFT+Top2Geo+MidGradInterp+極線對齊,102,1,,,1.76216049998766
418,17,3,5,4,3,90,52.5,1324.70492551535,694.61436323043,4.5,1325,695,4.90928460338929,0.409284603389289,0.409284603389289,valid,,,Shared Pattern Plane,Grad-SIFT+Top2Geo+MidGradInterp+極線對齊,102,1,,,1.9302580000076
419,17,3,5,4,4,92.5,52.5,1342.59977701625,695.635052414155,4.5,1343,696,4.51437461504362,0.0143746150436215,0.0143746150436215,valid,,,Shared Pattern Plane,Grad-SIFT+Top2Geo+MidGradInterp+極線對齊,102,1,,,1.81297069998982
420,17,3,5,4,5,95,52.5,1360.58597242862,696.660951685397,4.5,1361,697,5.22233548712042,0.722335487120421,0.722335487120421,valid,,,Shared Pattern Plane,Grad-SIFT+Top2Geo+MidGrad+極線對齊,102,1,,,1.65515340000275
421,17,3,5,5,1,85,55,1288.70697944552,709.523506826512,4.5,1289,710,3.59266985326438,-0.907330146735617,0.907330146735617,valid,,,Shared Pattern Plane,Grad-SIFT+Top2Geo+MidGradInterp+極線對齊,102,1,,,1.70209850001265
422,17,3,5,5,2,87.5,55,1306.39276200907,710.575168188153,4.5,1306,711,4.67096435973324,0.170964359733236,0.170964359733236,valid,,,Shared Pattern Plane,Grad-SIFT+Top2Geo+MidGradInterp+極線對齊,102,1,,,1.70396100000653
423,17,3,5,5,3,90,55,1324.16822433382,711.632162236626,4.5,1324,712,5.54459630077515,1.04459630077515,1.04459630077515,valid,,,Shared Pattern Plane,Grad-SIFT+Top2Geo+MidGradInterp+極線對齊,102,1,,,1.83003469998948
424,17,3,5,5,4,92.5,55,1342.03405026583,712.69452963592,4.5,1342,713,3.60336324813528,-0.896636751864722,0.896636751864722,valid,,,Shared Pattern Plane,Grad-SIFT+Top2Geo+MidGrad+極線對齊,102,1,,,1.75254329999734
425,17,3,5,5,5,95,55,1359.99093062174,713.76231146452,4.5,1360,714,3.58363027279646,-0.916369727203545,0.916369727203545,valid,,,Shared Pattern Plane,Grad-SIFT+Top2Geo+MidGrad+極線對齊,102,1,,,1.7581971000036
426,18,3,6,1,1,105,45,1435.61763972515,648.67803176371,4,1436,649,5.83471283714404,1.83471283714404,1.83471283714404,valid,,,Shared Pattern Plane,Grad-SIFT+Top2Geo+MidGradInterp+極線對齊,102,1,,,1.65737120000995
427,18,3,6,1,2,107.5,45,1454.16427605187,649.60014642896,4,1454,650,9.00726804776081,5.00726804776081,5.00726804776081,valid,,,Shared Pattern Plane,Grad-SIFT+Top2Geo+MidGradInterp+極線對齊,102,1,,,1.77218170001288
428,18,3,6,1,3,110,45,1472.8075123949,650.527063921533,4,1473,651,7.72239194925787,3.72239194925787,3.72239194925787,valid,,,Shared Pattern Plane,Grad-SIFT+Top2Geo+MidGradInterp+極線對齊,102,1,,,1.77377629998955
429,18,3,6,1,4,112.5,45,1491.54810543552,651.45882186264,4,1492,651,6.51122227077355,2.51122227077355,2.51122227077355,valid,,,Shared Pattern Plane,Grad-SIFT+Top2Geo+MidGradInterp+極線對齊,102,1,,,1.65963720000582
430,18,3,6,1,5,115,45,1510.38681977862,652.395458267443,4,1510,652,6.80582044886561,2.80582044886561,2.80582044886561,valid,,,Shared Pattern Plane,Grad-SIFT+Top2Geo+MidGradInterp+極線對齊,102,1,,,1.77824930001225
431,18,3,6,2,1,105,47.5,1434.89560378385,666.112518704114,4,1435,666,6.07380113435268,2.07380113435268,2.07380113435268,valid,,,Shared Pattern Plane,Grad-SIFT+Top2Geo+MidGradInterp+極線對齊,102,1,,,1.64489130000584
432,18,3,6,2,2,107.5,47.5,1453.41111696277,667.078393406066,4,1453,667,10.1594746642946,6.15947466429463,6.15947466429463,valid,,,Shared Pattern Plane,Grad-SIFT+Top2Geo+MidGradInterp+極線對齊,102,1,,,1.65817070000048
433,18,3,6,2,3,110,47.5,1472.02291556182,668.049290904339,4,1472,668,5.26781344518196,1.26781344518196,1.26781344518196,valid,,,Shared Pattern Plane,Grad-SIFT+Top2Geo+MidGrad+極線對齊,102,1,,,1.77653059999284
434,18,3,6,2,4,112.5,47.5,1490.73175260231,669.025250480816,4,1491,669,10.0085192946092,6.00851929460919,6.00851929460919,valid,,,Shared Pattern Plane,Grad-SIFT+Top2Geo+MidGradInterp+極線對齊,102,1,,,1.6126426999981
435,18,3,6,2,5,115,47.5,1509.53838897827,670.006311828067,4,1510,670,9.25356496800859,5.25356496800859,5.25356496800859,valid,,,Shared Pattern Plane,Grad-SIFT+Top2Geo+MidGradInterp+極線對齊,102,1,,,1.73588110000128
436,18,3,6,3,1,105,50,1434.17583588624,683.492240810812,4,1434,683,3.39893782422891,-0.601062175771092,0.601062175771092,valid,,,Shared Pattern Plane,Grad-SIFT+Top2Geo+MidGrad+極線對齊,102,1,,,1.66017290001037
437,18,3,6,3,2,107.5,50,1452.66032980651,684.501595932798,4,1453,685,4.67345484269779,0.673454842697788,0.673454842697788,valid,,,Shared Pattern Plane,Grad-SIFT+Top2Geo+MidGrad+極線對齊,102,1,,,1.80580449999252
438,18,3,6,3,3,110,50,1471.24079608347,685.516191673771,4,1471,686,2.66129979650735,-1.33870020349265,1.33870020349265,valid,,,Shared Pattern Plane,Grad-SIFT+Top2Geo+MidGrad+極線對齊,102,1,,,1.7721828000067
439,18,3,6,3,4,112.5,50,1489.91798410199,686.536068954269,4,1490,687,7.36037695992842,3.36037695992842,3.36037695992842,valid,,,Shared Pattern Plane,Grad-SIFT+Top2Geo+MidGrad+極線對齊,102,1,,,1.61220719999983
440,18,3,6,3,5,115,50,1508.69265106922,687.561269121971,4,1509,688,4.95752198211275,0.957521982112747,0.957521982112747,valid,,,Shared Pattern Plane,Grad-SIFT+Top2Geo+MidGrad+極線對齊,102,1,,,1.61880799999926
441,18,3,6,4,1,105,52.5,1433.4583253626,700.817455718335,4,1433,701,1.54602891601051,-2.45397108398949,2.45397108398949,valid,,,Shared Pattern Plane,Grad-SIFT+Top2Geo+MidGrad+極線對齊,102,1,,,1.81634759998997
442,18,3,6,4,2,107.5,52.5,1451.91190339579,701.870013628555,4,1452,702,2.60456853066806,-1.39543146933194,1.39543146933194,valid,,,Shared Pattern Plane,Grad-SIFT+Top2Geo+MidGrad+極線對齊,102,1,,,1.78000929999689
443,18,3,6,4,3,110,52.5,1470.46114224502,702.928027854534,4,1470,703,2.10946168208498,-1.89053831791502,1.89053831791502,valid,,,Shared Pattern Plane,Grad-SIFT+Top2Geo+MidGrad+極線對齊,102,1,,,1.64749089999532
444,18,3,6,4,4,112.5,52.5,1489.10678768209,703.991540933714,4,1489,704,3.06444005419653,-0.935559945803468,0.935559945803468,valid,,,Shared Pattern Plane,Grad-SIFT+Top2Geo+MidGrad+極線對齊,102,1,,,1.58199770000647
445,18,3,6,4,5,115,52.5,1507.84959325105,705.060595846852,4,1508,705,6.68313567278106,2.68313567278106,2.68313567278106,valid,,,Shared Pattern Plane,Grad-SIFT+Top2Geo+MidGrad+極線對齊,102,1,,,1.65964650000387
446,18,3,6,5,1,105,55,1432.74306161001,718.088419447729,4,1433,718,4.71718259699378,0.717182596993776,0.717182596993776,valid,,,Shared Pattern Plane,Grad-SIFT+Top2Geo+MidGradInterp+極線對齊,102,1,,,1.60303899999417
447,18,3,6,5,2,107.5,55,1451.16582661352,719.183904482625,4,1451,719,3.20196014056137,-0.79803985943863,0.79803985943863,valid,,,Shared Pattern Plane,Grad-SIFT+Top2Geo+MidGrad+極線對齊,102,1,,,1.57736919999297
448,18,3,6,5,3,110,55,1469.68394240537,720.285059424382,4,1470,720,3.46363807473723,-0.536361925262773,0.536361925262773,valid,,,Shared Pattern Plane,Grad-SIFT+Top2Geo+MidGrad+極線對齊,102,1,,,1.65874759999861
449,18,3,6,5,4,112.5,55,1488.29815116748,721.391928405854,4,1488,721,4.19973258395488,0.19973258395488,0.19973258395488,valid,,,Shared Pattern Plane,Grad-SIFT+Top2Geo+MidGrad+極線對齊,102,1,,,2.0407758000074
450,18,3,6,5,5,115,55,1507.00920280437,722.504556019107,4,1507,723,4.15246463880315,0.152464638803151,0.152464638803151,valid,,,Shared Pattern Plane,Grad-SIFT+Top2Geo+MidGradInterp+極線對齊,102,1,,,1.8858629999886
451,19,4,1,1,1,5,65,767.54214229068,740.868899018263,3.5,768,741,5.84246481599538,2.34246481599538,2.34246481599538,valid,,,Shared Pattern Plane,Grad-SIFT+Top2Geo+MidGradInterp+極線對齊,102,1,,,1.6766850999993
452,19,4,1,1,2,7.5,65,782.598815464774,741.909240246291,3.5,783,742,5.99410777660012,2.49410777660012,2.49410777660012,valid,,,Shared Pattern Plane,Grad-SIFT+Top2Geo+MidGradInterp+極線對齊,102,1,,,1.70984510000562
453,19,4,1,1,3,10,65,797.725706918164,742.95443320817,3.5,798,743,6.15287003428281,2.65287003428281,2.65287003428281,valid,,,Shared Pattern Plane,Grad-SIFT+Top2Geo+MidGradInterp+極線對齊,102,1,,,1.88371720000578
454,19,4,1,1,4,12.5,65,812.923309003715,744.004511923034,3.5,813,744,5.53612477722012,2.03612477722012,2.03612477722012,valid,,,Shared Pattern Plane,Grad-SIFT+Top2Geo+MidGradInterp+極線對齊,102,1,,,1.76209139999992
455,19,4,1,1,5,15,65,828.192118688085,745.059510728806,3.5,828,745,5.41187501724996,1.91187501724996,1.91187501724996,valid,,,Shared Pattern Plane,Grad-SIFT+Top2Geo+MidGradInterp+極線對齊,102,1,,,1.60149919999822
456,19,4,1,2,1,5,67.5,767.83683009812,756.36053567259,3.5,768,756,4.47285557734631,0.972855577346311,0.972855577346311,valid,,,Shared Pattern Plane,Grad-SIFT+Top2Geo+MidGradInterp+極線對齊,102,1,,,1.6262904000032
457,19,4,1,2,2,7.5,67.5,782.872916376301,757.435395582691,3.5,783,757,5.6335408139471,2.1335408139471,2.1335408139471,valid,,,Shared Pattern Plane,Grad-SIFT+Top2Geo+MidGradInterp+極線對齊,102,1,,,1.58478029999242
458,19,4,1,2,3,10,67.5,797.979025628071,758.51526110966,3.5,798,759,6.23941421928171,2.73941421928171,2.73941421928171,valid,,,Shared Pattern Plane,Grad-SIFT+Top2Geo+MidGradInterp+極線對齊,102,1,,,1.71868029999314
459,19,4,1,2,4,12.5,67.5,813.155648139983,759.600167301803,3.5,813,760,5.65064582624443,2.15064582624443,2.15064582624443,valid,,,Shared Pattern Plane,Grad-SIFT+Top2Geo+MidGradInterp+極線對齊,102,1,,,1.56527859999915
460,19,4,1,2,5,15,67.5,828.403278786478,760.690149535393,3.5,828,761,3.82799700219936,0.327997002199356,0.327997002199356,valid,,,Shared Pattern Plane,Grad-SIFT+Top2Geo+MidGradInterp+極線對齊,102,1,,,1.61736669999664
461,19,4,1,3,1,5,70,768.130688357703,771.80856328153,3.5,768,772,3.26713808015724,-0.232861919842762,0.232861919842762,valid,,,Shared Pattern Plane,Grad-SIFT+Top2Geo+MidGradInterp+極線對齊,102,1,,,1.667391400013
462,19,4,1,3,2,7.5,70,783.146243902245,772.917743313271,3.5,783,773,5.91849678019115,2.41849678019115,2.41849678019115,valid,,,Shared Pattern Plane,Grad-SIFT+Top2Geo+MidGradInterp+極線對齊,102,1,,,1.62999169999966
463,19,4,1,3,3,10,70,798.231627928191,774.032081486313,3.5,798,774,3.88791895346163,0.387918953461631,0.387918953461631,valid,,,Shared Pattern Plane,Grad-SIFT+Top2Geo+MidGrad+極線對齊,102,1,,,1.5451347999915
464,19,4,1,3,4,12.5,70,813.387328667323,775.151613865719,3.5,813,775,7.17797297335603,3.67797297335603,3.67797297335603,valid,,,Shared Pattern Plane,Grad-SIFT+Top2Geo+MidGradInterp+極線對齊,102,1,,,1.59941099998832
465,19,4,1,3,5,15,70,828.613838913598,776.276376853553,3.5,829,776,4.67614527473951,1.17614527473951,1.17614527473951,valid,,,Shared Pattern Plane,Grad-SIFT+Top2Geo+MidGradInterp+極線對齊,102,1,,,1.56089090000023
466,19,4,1,4,1,5,72.5,768.423720567281,787.213165725837,3.5,768,787,3.16489554427862,-0.33510445572138,0.33510445572138,valid,,,Shared Pattern Plane,Grad-SIFT+Top2Geo+MidGradInterp+極線對齊,102,1,,,1.65433289999783
467,19,4,1,4,2,7.5,72.5,783.418801311199,788.356468583936,3.5,783,788,3.35426660559404,-0.145733394405958,0.145733394405958,valid,,,Shared Pattern Plane,Grad-SIFT+Top2Geo+MidGradInterp+極線對齊,102,1,,,1.58500690000074
468,19,4,1,4,3,10,72.5,798.483516853345,789.505080760817,3.5,798,790,3.01360168258843,-0.486398317411572,0.486398317411572,valid,,,Shared Pattern Plane,Grad-SIFT+Top2Geo+MidGradInterp+極線對齊,102,1,,,1.65178190000006
469,19,4,1,4,4,12.5,72.5,813.618353382199,790.659039326017,3.5,814,791,2.66488941549881,-0.835110584501189,0.835110584501189,valid,,,Shared Pattern Plane,Grad-SIFT+Top2Geo+MidGradInterp+極線對齊,102,1,,,1.59894529999292
470,19,4,1,4,5,15,72.5,828.823801622874,791.818381694966,3.5,829,792,3.28075213330544,-0.219247866694556,0.219247866694556,valid,,,Shared Pattern Plane,Grad-SIFT+Top2Geo+MidGradInterp+極線對齊,102,1,,,1.62649159999273
471,19,4,1,5,1,5,75,768.715930205065,802.574525853919,3.5,769,803,2.65335634275843,-0.846643657241571,0.846643657241571,valid,,,Shared Pattern Plane,Grad-SIFT+Top2Geo+MidGradInterp+極線對齊,102,1,,,1.5877904999943
472,19,4,1,5,2,7.5,75,783.69059185336,803.75175549874,3.5,784,804,2.12762997135137,-1.37237002864863,1.37237002864863,valid,,,Shared Pattern Plane,Grad-SIFT+Top2Geo+MidGradInterp+極線對齊,102,1,,,1.61404169999878
473,19,4,1,5,3,10,75,798.73469542124,804.934444304391,3.5,799,805,3.080149763097,-0.419850236903003,0.419850236903003,valid,,,Shared Pattern Plane,Grad-SIFT+Top2Geo+MidGradInterp+極線對齊,102,1,,,1.7426747999998
474,19,4,1,5,4,12.5,75,813.848725065264,806.122630332733,3.5,814,806,2.84206451069794,-0.65793548930206,0.65793548930206,valid,,,Shared Pattern Plane,Grad-SIFT+Top2Geo+MidGradInterp+極線對齊,102,1,,,1.61780710000312
475,19,4,1,5,5,15,75,829.033169453265,807.316352000275,3.5,829,807,3.16756378901546,-0.332436210984536,0.332436210984536,valid,,,Shared Pattern Plane,Grad-SIFT+Top2Geo+MidGradInterp+極線對齊,102,1,,,1.56916169999749
476,20,4,2,1,1,25,65,889.989537284597,749.329404988205,3,890,749,6.0061169818842,3.0061169818842,3.0061169818842,valid,,,Shared Pattern Plane,Grad-SIFT+Top2Geo+MidGradInterp+極線對齊,102,1,,,1.61479079999845
477,20,4,2,1,2,27.5,65,905.622004780695,750.40953074002,3,906,750,5.89326225834559,2.89326225834559,2.89326225834559,valid,,,Shared Pattern Plane,Grad-SIFT+Top2Geo+MidGradInterp+極線對齊,102,1,,,1.56979419999698
478,20,4,2,1,3,30,65,921.328761652968,751.494789518232,3,921,751,5.09603368552721,2.09603368552721,2.09603368552721,valid,,,Shared Pattern Plane,Grad-SIFT+Top2Geo+MidGradInterp+極線對齊,102,1,,,1.63912659999914
479,20,4,2,1,4,32.5,65,937.110338725127,752.585218000118,3,937,753,5.36196741153655,2.36196741153655,2.36196741153655,valid,,,Shared Pattern Plane,Grad-SIFT+Top2Geo+MidGradInterp+極線對齊,102,1,,,1.72828519999166
480,20,4,2,1,5,35,65,952.967271890185,753.68085321322,3,953,754,4.89774899270496,1.89774899270496,1.89774899270496,valid,,,Shared Pattern Plane,Grad-SIFT+Top2Geo+MidGradInterp+極線對齊,102,1,,,1.71736409999721
481,20,4,2,2,1,25,67.5,890.113943816862,765.101558105394,3,890,765,5.93327914978112,2.93327914978112,2.93327914978112,valid,,,Shared Pattern Plane,Grad-SIFT+Top2Geo+MidGradInterp+極線對齊,102,1,,,1.59573380000074
482,20,4,2,2,2,27.5,67.5,905.724202637186,766.21746294139,3,906,766,6.58771212390715,3.58771212390715,3.58771212390715,valid,,,Shared Pattern Plane,Grad-SIFT+Top2Geo+MidGradInterp+極線對齊,102,1,,,1.62210579999373
483,20,4,2,2,3,30,67.5,921.408538250483,767.338663182956,3,921,767,6.05148034770077,3.05148034770077,3.05148034770077,valid,,,Shared Pattern Plane,Grad-SIFT+Top2Geo+MidGradInterp+極線對齊,102,1,,,1.56270979999681
484,20,4,2,2,4,32.5,67.5,937.167479195916,768.4651966129,3,937,768,5.00180737580547,2.00180737580547,2.00180737580547,valid,,,Shared Pattern Plane,Grad-SIFT+Top2Geo+MidGrad+極線對齊,102,1,,,1.60445359999721
485,20,4,2,2,5,35,67.5,953.001559052818,769.597101374329,3,953,770,3.66017547027932,0.660175470279325,0.660175470279325,valid,,,Shared Pattern Plane,Grad-SIFT+Top2Geo+MidGrad+極線對齊,102,1,,,1.60872010000458
486,20,4,2,3,1,25,70,890.237993537473,780.828474948022,3,890,781,3.28395802274114,0.283958022741137,0.283958022741137,valid,,,Shared Pattern Plane,Grad-SIFT+Top2Geo+MidGrad+極線對齊,102,1,,,1.61154410000017
487,20,4,2,3,2,27.5,70,905.826106686125,781.979949083342,3,906,782,4.66989685104485,1.66989685104485,1.66989685104485,valid,,,Shared Pattern Plane,Grad-SIFT+Top2Geo+MidGrad+極線對齊,102,1,,,1.55481010000221
488,20,4,2,3,3,30,70,921.488084955698,783.136879541401,3,921,783,2.68114784336288,-0.318852156637115,0.318852156637115,valid,,,Shared Pattern Plane,Grad-SIFT+Top2Geo+MidGrad+極線對齊,102,1,,,1.75064990000101
489,20,4,2,3,4,32.5,70,937.2244546139,784.299305196928,3,937,784,2.09133187921073,-0.908668120789267,0.908668120789267,valid,,,Shared Pattern Plane,Grad-SIFT+Top2Geo+MidGrad+極線對齊,102,1,,,1.55490699999791
490,20,4,2,3,5,35,70,953.035746939677,785.467265294824,3,953,785,4.20555879693353,1.20555879693353,1.20555879693353,valid,,,Shared Pattern Plane,Grad-SIFT+Top2Geo+MidGradInterp+極線對齊,102,1,,,1.6145811000024
491,20,4,2,4,1,25,72.5,890.361687979295,796.510349851337,3,890,797,4.01678386888185,1.01678386888185,1.01678386888185,valid,,,Shared Pattern Plane,Grad-SIFT+Top2Geo+MidGradInterp+極線對齊,102,1,,,1.587572000004
492,20,4,2,4,2,27.5,72.5,905.92771819269,797.697184863175,3,906,798,3.13376091669897,0.133760916698965,0.133760916698965,valid,,,Shared Pattern Plane,Grad-SIFT+Top2Geo+MidGradInterp+極線對齊,102,1,,,1.57417120000173
493,20,4,2,4,3,30,72.5,921.567402760906,798.889635665673,3,922,799,2.27454304711361,-0.725456952886392,0.725456952886392,valid,,,Shared Pattern Plane,Grad-SIFT+Top2Geo+MidGradInterp+極線對齊,102,1,,,1.5719007000007
494,20,4,2,4,4,32.5,72.5,937.281265693188,800.087742212018,3,937,800,2.09119768259803,-0.908802317401966,0.908802317401966,valid,,,Shared Pattern Plane,Grad-SIFT+Top2Geo+MidGradInterp+極線對齊,102,1,,,1.56520369999635
495,20,4,2,4,5,35,72.5,953.069835981306,801.29154483529,3,953,801,2.74349807417957,-0.256501925820431,0.256501925820431,valid,,,Shared Pattern Plane,Grad-SIFT+Top2Geo+MidGradInterp+極線對齊,102,1,,,1.69754239999747
496,20,4,2,5,1,25,75,890.485028666422,812.147376039026,3,890,812,2.937458087707,-0.062541912293002,0.062541912293002,valid,,,Shared Pattern Plane,Grad-SIFT+Top2Geo+MidGradInterp+極線對齊,102,1,,,1.56888530000288
497,20,4,2,5,2,27.5,75,906.029038414805,813.3693648562,3,906,813,2.77284457152552,-0.227155428474479,0.227155428474479,valid,,,Shared Pattern Plane,Grad-SIFT+Top2Geo+MidGradInterp+極線對齊,102,1,,,1.62405339999532
498,20,4,2,5,3,30,75,921.646492652695,814.597127495335,3,922,815,2.26955160060825,-0.730448399391752,0.730448399391752,valid,,,Shared Pattern Plane,Grad-SIFT+Top2Geo+MidGradInterp+極線對齊,102,1,,,1.63122169999406
499,20,4,2,5,4,32.5,75,937.337913143781,815.830704974768,3,937,816,1.50274762439575,-1.49725237560425,1.49725237560425,valid,,,Shared Pattern Plane,Grad-SIFT+Top2Geo+MidGradInterp+極線對齊,102,1,,,1.63393599999836
500,20,4,2,5,5,35,75,953.103826605765,817.070138702289,3,953,817,1.65122339262212,-1.34877660737788,1.34877660737788,valid,,,Shared Pattern Plane,Grad-SIFT+Top2Geo+MidGradInterp+極線對齊,102,1,,,1.61711359999026
501,21,4,3,1,1,45,65,1017.15946418676,758.11621442426,2.5,1017,758,3.62212687859104,1.12212687859104,1.12212687859104,valid,,,Shared Pattern Plane,Grad-SIFT+Top2Geo+MidGradInterp+極線對齊,102,1,,,1.784851599994
502,21,4,3,1,2,47.5,65,1033.40139793257,759.238451262591,2.5,1033,759,3.20555859308851,0.705558593088508,0.705558593088508,valid,,,Shared Pattern Plane,Grad-SIFT+Top2Geo+MidGradInterp+極線對齊,102,1,,,1.65688059999957
503,21,4,3,1,3,50,65,1049.72201304357,760.366124591914,2.5,1050,760,3.4531288931215,0.953128893121501,0.953128893121501,valid,,,Shared Pattern Plane,Grad-SIFT+Top2Geo+MidGradInterp+極線對齊,102,1,,,1.66401970000879
504,21,4,3,1,4,52.5,65,1066.1218826463,761.499274012423,2.5,1066,761,3.25827608532004,0.758276085320041,0.758276085320041,valid,,,Shared Pattern Plane,Grad-SIFT+Top2Geo+MidGradInterp+極線對齊,102,1,,,1.71410049998667
505,21,4,3,1,5,55,65,1082.60158544714,762.637939509849,2.5,1083,763,3.098875124055,0.598875124055005,0.598875124055005,valid,,,Shared Pattern Plane,Grad-SIFT+Top2Geo+MidGradInterp+極線對齊,102,1,,,1.72454700000526
506,21,4,3,2,1,45,67.5,1017.10011898443,774.179209450263,2.5,1017,774,3.22735081229819,0.72735081229819,0.72735081229819,valid,,,Shared Pattern Plane,Grad-SIFT+Top2Geo+MidGradInterp+極線對齊,102,1,,,1.60302309998951
507,21,4,3,2,2,47.5,67.5,1033.31807775899,775.338555930986,2.5,1033,775,3.25669910341315,0.756699103413149,0.756699103413149,valid,,,Shared Pattern Plane,Grad-SIFT+Top2Geo+MidGrad+極線對齊,102,1,,,1.74308700000984
508,21,4,3,2,3,50,67.5,1049.61448619842,776.503510413562,2.5,1050,777,2.28282759879853,-0.217172401201467,0.217172401201467,valid,,,Shared Pattern Plane,Grad-SIFT+Top2Geo+MidGrad+極線對齊,102,1,,,1.76467530000082
509,21,4,3,2,4,52.5,67.5,1065.98991489896,777.674113687266,2.5,1066,778,3.02110729841017,0.521107298410171,0.521107298410171,valid,,,Shared Pattern Plane,Grad-SIFT+Top2Geo+MidGradInterp+極線對齊,102,1,,,1.75675269999192
510,21,4,3,2,5,55,67.5,1082.44494000388,778.850406937901,2.5,1082,779,2.47146677950548,-0.0285332204945221,0.0285332204945221,valid,,,Shared Pattern Plane,Grad-SIFT+Top2Geo+MidGrad+極線對齊,102,1,,,1.57002519999514
511,21,4,3,3,1,45,70,1017.04094726338,790.19524821334,2.5,1017,790,2.47639307423403,-0.0236069257659728,0.0236069257659728,valid,,,Shared Pattern Plane,Grad-SIFT+Top2Geo+MidGradInterp+極線對齊,102,1,,,1.68561440000485
512,21,4,3,3,2,47.5,70,1033.2350017385,791.391482465442,2.5,1033,791,2.45636098997045,-0.0436390100295516,0.0436390100295516,valid,,,Shared Pattern Plane,Grad-SIFT+Top2Geo+MidGrad+極線對齊,102,1,,,1.64542679999431
513,21,4,3,3,3,50,70,1049.50727520011,792.593494654808,2.5,1050,793,2.77370466344252,0.273704663442517,0.273704663442517,valid,,,Shared Pattern Plane,Grad-SIFT+Top2Geo+MidGrad+極線對齊,102,1,,,1.63745480000216
514,21,4,3,3,4,52.5,70,1065.85833572903,793.801326744847,2.5,1066,794,2.53426018861447,0.0342601886144678,0.0342601886144678,valid,,,Shared Pattern Plane,Grad-SIFT+Top2Geo+MidGrad+極線對齊,102,1,,,1.69399929999781
515,21,4,3,3,5,55,70,1082.28875692054,795.015021106314,2.5,1082,795,1.86701220509897,-0.632987794901026,0.632987794901026,valid,,,Shared Pattern Plane,Grad-SIFT+Top2Geo+MidGrad+極線對齊,102,1,,,1.61440229999425
516,21,4,3,4,1,45,72.5,1016.98194826402,806.164536310819,2.5,1017,806,1.05832863200607,-1.44167136799393,1.44167136799393,valid,,,Shared Pattern Plane,Grad-SIFT+Top2Geo+MidGradInterp+極線對齊,102,1,,,1.74141489999602
517,21,4,3,4,2,47.5,72.5,1033.15216879951,807.397437931693,2.5,1033,807,2.13032301643755,-0.369676983562449,0.369676983562449,valid,,,Shared Pattern Plane,Grad-SIFT+Top2Geo+MidGradInterp+極線對齊,102,1,,,1.65578049999021
518,21,4,3,4,3,50,72.5,1049.40037865904,808.636285863801,2.5,1049,809,1.56659251593261,-0.933407484067388,0.933407484067388,valid,,,Shared Pattern Plane,Grad-SIFT+Top2Geo+MidGradInterp+極線對齊,102,1,,,1.714069499998
519,21,4,3,4,4,52.5,72.5,1065.72714342281,809.881123229915,2.5,1066,810,1.78813095784358,-0.711869042156423,0.711869042156423,valid,,,Shared Pattern Plane,Grad-SIFT+Top2Geo+MidGradInterp+極線對齊,102,1,,,1.68628219999664
520,21,4,3,4,5,55,72.5,1082.13303415306,811.131993570787,2.5,1082,811,1.84742163916623,-0.652578360833773,0.652578360833773,valid,,,Shared Pattern Plane,Grad-SIFT+Top2Geo+MidGradInterp+極線對齊,102,1,,,1.73447530000703
521,21,4,3,5,1,45,75,1016.9231212312,822.087278141507,2.5,1017,822,1.2589016983517,-1.2410983016483,1.2410983016483,valid,,,Shared Pattern Plane,Grad-SIFT+Top2Geo+MidGradInterp+極線對齊,102,1,,,1.60131840000395
522,21,4,3,5,2,47.5,75,1033.06957787669,823.35662818549,2.5,1033,823,1.34878627065162,-1.15121372934838,1.15121372934838,valid,,,Shared Pattern Plane,Grad-SIFT+Top2Geo+MidGradInterp+極線對齊,102,1,,,1.71229260000109
523,21,4,3,5,3,50,75,1049.29379519376,824.632091367113,2.5,1049,825,1.25983799094932,-1.24016200905068,1.24016200905068,valid,,,Shared Pattern Plane,Grad-SIFT+Top2Geo+MidGradInterp+極線對齊,102,1,,,1.670191600002
524,21,4,3,5,4,52.5,75,1065.59633627662,825.913711953901,2.5,1066,826,1.15090088896583,-1.34909911103417,1.34909911103417,valid,,,Shared Pattern Plane,Grad-SIFT+Top2Geo+MidGradInterp+極線對齊,102,1,,,1.70582270000887
525,21,4,3,5,5,55,75,1081.9777696694,827.201534641824,2.5,1082,827,1.2764523447299,-1.2235476552701,1.2235476552701,valid,,,Shared Pattern Plane,Grad-SIFT+Top2Geo+MidGradInterp+極線對齊,102,1,,,1.68224049999844
526,22,4,4,1,1,65,65,1149.33050189471,767.248575742662,2,1149,767,2.30418352651777,0.304183526517765,0.304183526517765,valid,,,Shared Pattern Plane,Grad-SIFT+Top2Geo+MidGradInterp+極線對齊,102,1,,,1.72428219999711
527,22,4,4,1,2,67.5,65,1166.2182513986,768.415435237743,2,1166,768,4.20287759966316,2.20287759966316,2.20287759966316,valid,,,Shared Pattern Plane,Grad-SIFT+Top2Geo+MidGradInterp+極線對齊,102,1,,,1.73174679999647
528,22,4,4,1,3,70,65,1183.18942739898,769.588059088787,2,1183,770,3.3803285011531,1.3803285011531,1.3803285011531,valid,,,Shared Pattern Plane,Grad-SIFT+Top2Geo+MidGradInterp+極線對齊,102,1,,,1.7282036000106
529,22,4,4,1,4,72.5,65,1200.24464962445,770.76649011596,2,1200,771,3.65290598625329,1.65290598625329,1.65290598625329,valid,,,Shared Pattern Plane,Grad-SIFT+Top2Geo+MidGradInterp+極線對齊,102,1,,,1.65488519999781
530,22,4,4,1,5,75,65,1217.384543957,771.950771564593,2,1217,772,3.97584805488898,1.97584805488898,1.97584805488898,valid,,,Shared Pattern Plane,Grad-SIFT+Top2Geo+MidGradInterp+極線對齊,102,1,,,1.58261100000527
531,22,4,4,2,1,65,67.5,1149.07272529019,783.613317576889,2,1149,784,1.65788446431312,-0.342115535686878,0.342115535686878,valid,,,Shared Pattern Plane,Grad-SIFT+Top2Geo+MidGradInterp+極線對齊,102,1,,,1.64586120001331
532,22,4,4,2,2,67.5,67.5,1165.93457349756,784.818692719928,2,1166,785,2.84724664432348,0.847246644323476,0.847246644323476,valid,,,Shared Pattern Plane,Grad-SIFT+Top2Geo+MidGradInterp+極線對齊,102,1,,,1.57381640000676
533,22,4,4,2,3,70,67.5,1182.87959531053,786.030013557384,2,1183,786,2.95664708996527,0.95664708996527,0.95664708996527,valid,,,Shared Pattern Plane,Grad-SIFT+Top2Geo+MidGradInterp+極線對齊,102,1,,,1.63067659999069
534,22,4,4,2,4,72.5,67.5,1199.90840765013,787.247324190074,2,1200,787,2.530587724554,0.530587724554004,0.530587724554004,valid,,,Shared Pattern Plane,Grad-SIFT+Top2Geo+MidGrad+極線對齊,102,1,,,1.60454620000382
535,22,4,4,2,5,75,67.5,1217.02163355369,788.470669156039,2,1217,788,2.19280082834581,0.192800828345808,0.192800828345808,valid,,,Shared Pattern Plane,Grad-SIFT+Top2Geo+MidGradInterp+極線對齊,102,1,,,1.68351959998836
536,22,4,4,3,1,65,70,1148.81571700586,799.929283218039,2,1149,800,1.66247890365275,-0.337521096347253,0.337521096347253,valid,,,Shared Pattern Plane,Grad-SIFT+Top2Geo+MidGradInterp+極線對齊,102,1,,,1.56370539999625
537,22,4,4,3,2,67.5,70,1165.65174319431,801.172939105875,2,1166,801,1.70350289411426,-0.296497105885742,0.296497105885742,valid,,,Shared Pattern Plane,Grad-SIFT+Top2Geo+MidGrad+極線對齊,102,1,,,1.6234373000043
538,22,4,4,3,3,70,70,1182.57069124542,802.422720326468,2,1183,802,2.22819810174786,0.228198101747856,0.228198101747856,valid,,,Shared Pattern Plane,Grad-SIFT+Top2Geo+MidGrad+極線對齊,102,1,,,1.5994539999956
539,22,4,4,3,4,72.5,70,1199.57317528957,803.678672244852,2,1200,804,1.51041438517801,-0.489585614821991,0.489585614821991,valid,,,Shared Pattern Plane,Grad-SIFT+Top2Geo+MidGrad+極線對齊,102,1,,,1.6354183999938
540,22,4,4,3,5,75,70,1216.65981553662,804.94084067514,2,1217,805,1.32884816934291,-0.67115183065709,0.67115183065709,valid,,,Shared Pattern Plane,Grad-SIFT+Top2Geo+MidGrad+極線對齊,102,1,,,1.59183510000003
541,22,4,4,4,1,65,72.5,1148.55947361178,816.196690412603,2,1149,816,1.38180229974007,-0.618197700259933,0.618197700259933,valid,,,Shared Pattern Plane,Grad-SIFT+Top2Geo+MidGradInterp+極線對齊,102,1,,,1.64612710000074
542,22,4,4,4,2,67.5,72.5,1165.36975669574,817.478393727415,2,1165,817,1.30813638260769,-0.691863617392311,0.691863617392311,valid,,,Shared Pattern Plane,Grad-SIFT+Top2Geo+MidGradInterp+極線對齊,102,1,,,1.57146459999785
543,22,4,4,4,3,70,72.5,1182.26271104041,818.766400328635,2,1182,819,1.51520447304622,-0.484795526953776,0.484795526953776,valid,,,Shared Pattern Plane,Grad-SIFT+Top2Geo+MidGradInterp+極線對齊,102,1,,,1.61768250000023
544,22,4,4,4,4,72.5,72.5,1199.23894800233,820.060756829263,2,1199,820,1.44060605490964,-0.559393945090359,0.559393945090359,valid,,,Shared Pattern Plane,Grad-SIFT+Top2Geo+MidGradInterp+極線對齊,102,1,,,1.58479320000333
545,22,4,4,4,5,75,72.5,1216.29908498097,821.361510303042,2,1216,821,1.53304855844717,-0.466951441552834,0.466951441552834,valid,,,Shared Pattern Plane,Grad-SIFT+Top2Geo+MidGradInterp+極線對齊,102,1,,,1.64868669999123
546,22,4,4,5,1,65,75,1148.3039916984,832.415755612913,2,1148,832,1.41563397226668,-0.584366027733322,0.584366027733322,valid,,,Shared Pattern Plane,Grad-SIFT+Top2Geo+MidGradInterp+極線對齊,102,1,,,1.59914579999167
547,22,4,4,5,2,67.5,75,1165.08861023132,833.735274609605,2,1165,834,2.13240245965608,0.132402459656081,0.132402459656081,valid,,,Shared Pattern Plane,Grad-SIFT+Top2Geo+MidGradInterp+極線對齊,102,1,,,1.63847140000144
548,22,4,4,5,3,70,75,1181.9556505571,835.061273176935,2,1182,835,1.2222900948121,-0.777709905187896,0.777709905187896,valid,,,Shared Pattern Plane,Grad-SIFT+Top2Geo+MidGradInterp+極線對齊,102,1,,,1.57550839999749
549,22,4,4,5,4,72.5,75,1198.90572127515,836.393799159808,2,1199,836,1.13532381008529,-0.864676189914707,0.864676189914707,valid,,,Shared Pattern Plane,Grad-SIFT+Top2Geo+MidGradInterp+極線對齊,102,1,,,1.64631789999839
550,22,4,4,5,5,75,75,1215.93943699148,837.732900875339,2,1216,838,1.23761364930515,-0.76238635069485,0.76238635069485,valid,,,Shared Pattern Plane,Grad-SIFT+Top2Geo+MidGradInterp+極線對齊,102,1,,,1.63683040000615
551,23,4,5,1,1,85,65,1286.80357968631,776.747281659761,1.5,1287,777,2.65728445332807,1.15728445332807,1.15728445332807,valid,,,Shared Pattern Plane,Grad-SIFT+Top2Geo+MidGradInterp+極線對齊,102,1,,,1.59065349999582
552,23,4,5,1,2,87.5,65,1304.37644357696,777.961479151372,1.5,1304,778,3.77857065521846,2.27857065521846,2.27857065521846,valid,,,Shared Pattern Plane,Grad-SIFT+Top2Geo+MidGradInterp+極線對齊,102,1,,,1.54040389999864
553,23,4,5,1,3,90,65,1322.03786845672,779.181795766848,1.5,1322,779,3.08010433226024,1.58010433226024,1.58010433226024,valid,,,Shared Pattern Plane,Grad-SIFT+Top2Geo+MidGradInterp+極線對齊,102,1,,,1.63025229999039
554,23,4,5,1,4,92.5,65,1339.78852549067,780.40827788036,1.5,1340,780,2.40180315309904,0.901803153099042,0.901803153099042,valid,,,Shared Pattern Plane,Grad-SIFT+Top2Geo+MidGradInterp+極線對齊,102,1,,,1.86692430000403
555,23,4,5,1,5,95,65,1357.62909264304,781.640972335863,1.5,1358,782,2.47680150972492,0.976801509724922,0.976801509724922,valid,,,Shared Pattern Plane,Grad-SIFT+Top2Geo+MidGradInterp+極線對齊,102,1,,,1.58660470000177
556,23,4,5,2,1,85,67.5,1286.33135191063,793.425298722803,1.5,1286,793,2.83655862771294,1.33655862771294,1.33655862771294,valid,,,Shared Pattern Plane,Grad-SIFT+Top2Geo+MidGradInterp+極線對齊,102,1,,,1.63015240000095
557,23,4,5,2,2,87.5,67.5,1303.87621064662,794.679499113437,1.5,1304,795,2.10427486020675,0.60427486020675,0.60427486020675,valid,,,Shared Pattern Plane,Grad-SIFT+Top2Geo+MidGradInterp+極線對齊,102,1,,,1.5850294999982
558,23,4,5,2,3,90,67.5,1321.50935394816,795.940010557256,1.5,1322,796,2.16577859141869,0.665778591418689,0.665778591418689,valid,,,Shared Pattern Plane,Grad-SIFT+Top2Geo+MidGradInterp+極線對齊,102,1,,,1.59701470000437
559,23,4,5,2,4,92.5,67.5,1339.23144985915,797.206880809613,1.5,1339,797,1.49015619081589,-0.00984380918411309,0.00984380918411309,valid,,,Shared Pattern Plane,Grad-SIFT+Top2Geo+MidGrad+極線對齊,102,1,,,1.57729220000328
560,23,4,5,2,5,95,67.5,1357.0431731806,798.480158108893,1.5,1357,798,2.76029823416218,1.26029823416218,1.26029823416218,valid,,,Shared Pattern Plane,Grad-SIFT+Top2Geo+MidGradInterp+極線對齊,102,1,,,1.60968989999674
561,23,4,5,3,1,85,70,1285.86055978623,810.052611829765,1.5,1286,810,1.33739289831428,-0.162607101685723,0.162607101685723,valid,,,Shared Pattern Plane,Grad-SIFT+Top2Geo+MidGradInterp+極線對齊,102,1,,,1.63483929999347
562,23,4,5,3,2,87.5,70,1303.37750231874,811.346566143782,1.5,1303,811,1.81714548777211,0.317145487772108,0.317145487772108,valid,,,Shared Pattern Plane,Grad-SIFT+Top2Geo+MidGrad+極線對齊,102,1,,,1.58042689999274
563,23,4,5,3,3,90,70,1320.98245428476,812.647021602958,1.5,1321,813,1.19429188781147,-0.305708112188532,0.305708112188532,valid,,,Shared Pattern Plane,Grad-SIFT+Top2Geo+MidGrad+極線對齊,102,1,,,1.68237260000024
564,23,4,5,3,4,92.5,70,1338.67608062631,813.954027325717,1.5,1339,814,1.44925117393788,-0.0507488260621236,0.0507488260621236,valid,,,Shared Pattern Plane,Grad-SIFT+Top2Geo+MidGrad+極線對齊,102,1,,,1.60981639999954
565,23,4,5,3,5,95,70,1356.45905300083,815.267632926542,1.5,1356,815,1.69145389620591,0.19145389620591,0.19145389620591,valid,,,Shared Pattern Plane,Grad-SIFT+Top2Geo+MidGrad+極線對齊,102,1,,,1.53276950000145
566,23,4,5,4,1,85,72.5,1285.3911967761,826.629451852441,1.5,1285,827,1.31066473516908,-0.189335264830918,0.189335264830918,valid,,,Shared Pattern Plane,Grad-SIFT+Top2Geo+MidGradInterp+極線對齊,102,1,,,1.60899229999632
567,23,4,5,4,2,87.5,72.5,1302.88031163393,827.962912828347,1.5,1303,828,1.81521453613321,0.315214536133213,0.315214536133213,valid,,,Shared Pattern Plane,Grad-SIFT+Top2Geo+MidGradInterp+極線對齊,102,1,,,1.52852399999392
568,23,4,5,4,3,90,72.5,1320.45716207671,829.303063221052,1.5,1320,829,1.12111288788996,-0.378887112110041,0.378887112110041,valid,,,Shared Pattern Plane,Grad-SIFT+Top2Geo+MidGradInterp+極線對齊,102,1,,,1.5958907000022
569,23,4,5,4,4,92.5,72.5,1338.12240996375,830.649953494148,1.5,1338,831,0.702699846889413,-0.797300153110587,0.797300153110587,valid,,,Shared Pattern Plane,Grad-SIFT+Top2Geo+MidGrad+極線對齊,102,1,,,1.56618429999799
570,23,4,5,4,5,95,72.5,1355.87672382839,832.003634620091,1.5,1356,832,0.675244862459921,-0.824755137540079,0.824755137540079,valid,,,Shared Pattern Plane,Grad-SIFT+Top2Geo+MidGradInterp+極線對齊,102,1,,,1.60704780000378
571,23,4,5,5,1,85,75,1284.92325638289,843.156048263098,1.5,1285,843,1.06196462826822,-0.43803537173178,0.43803537173178,valid,,,Shared Pattern Plane,Grad-SIFT+Top2Geo+MidGradInterp+極線對齊,102,1,,,1.55111119999492
572,23,4,5,5,2,87.5,75,1302.3846316751,844.528770339638,1.5,1302,845,0.865742901599762,-0.634257098400238,0.634257098400238,valid,,,Shared Pattern Plane,Grad-SIFT+Top2Geo+MidGradInterp+極線對齊,102,1,,,1.63485509999737
573,23,4,5,5,3,90,75,1319.93346997921,845.908368301112,1.5,1320,846,0.624243940373393,-0.875756059626607,0.875756059626607,valid,,,Shared Pattern Plane,Grad-SIFT+Top2Geo+MidGradInterp+極線對齊,102,1,,,1.53397099999711
574,23,4,5,5,4,92.5,75,1337.57043009085,847.294893938592,1.5,1338,847,0.585867703840156,-0.914132296159844,0.914132296159844,valid,,,Shared Pattern Plane,Grad-SIFT+Top2Geo+MidGradInterp+極線對齊,102,1,,,1.6231470000057
575,23,4,5,5,5,95,75,1355.29617743862,848.688399564595,1.5,1355,849,0.41238870295838,-1.08761129704162,1.08761129704162,valid,,,Shared Pattern Plane,Grad-SIFT+Top2Geo+MidGradInterp+極線對齊,102,1,,,1.58401809999486
576,24,4,6,1,1,105,65,1429.90426456141,786.634827235956,1,1430,787,1.46614525556372,0.466145255563715,0.466145255563715,valid,,,Shared Pattern Plane,Grad-SIFT+Top2Geo+MidGradInterp+極線對齊,102,1,,,1.77192070000456
577,24,4,6,1,2,107.5,65,1448.20479585532,787.899302925887,1,1448,788,2.40494098676421,1.40494098676421,1.40494098676421,valid,,,Shared Pattern Plane,Grad-SIFT+Top2Geo+MidGradInterp+極線對齊,102,1,,,1.56231609999668
578,24,4,6,1,3,110,65,1466.59945276202,789.170282227504,1,1467,789,2.18967688110112,1.18967688110112,1.18967688110112,valid,,,Shared Pattern Plane,Grad-SIFT+Top2Geo+MidGradInterp+極線對齊,102,1,,,2.13731069999631
579,24,4,6,1,4,112.5,65,1485.08896333198,790.447815445473,1,1485,790,2.83047355074988,1.83047355074988,1.83047355074988,valid,,,Shared Pattern Plane,Grad-SIFT+Top2Geo+MidGradInterp+極線對齊,102,1,,,1.54239869999583
580,24,4,6,1,5,115,65,1503.6740631436,791.731953404602,1,1504,792,2.27899021840394,1.27899021840394,1.27899021840394,valid,,,Shared Pattern Plane,Grad-SIFT+Top2Geo+MidGradInterp+極線對齊,102,1,,,1.62418990000151
581,24,4,6,2,1,105,67.5,1429.20007792276,803.638319794683,1,1429,804,2.1247846087182,1.1247846087182,1.1247846087182,valid,,,Shared Pattern Plane,Grad-SIFT+Top2Geo+MidGrad+極線對齊,102,1,,,1.81064149999293
582,24,4,6,2,2,107.5,67.5,1447.47030287948,804.944373244442,1,1447,805,4.63153538030591,3.63153538030591,3.63153538030591,valid,,,Shared Pattern Plane,Grad-SIFT+Top2Geo+MidGradInterp+極線對齊,102,1,,,1.57399049999367
583,24,4,6,2,3,110,67.5,1465.83435084101,806.257133664664,1,1466,806,3.95429203725348,2.95429203725348,2.95429203725348,valid,,,Shared Pattern Plane,Grad-SIFT+Top2Geo+MidGradInterp+極線對齊,102,1,,,1.61749360000249
584,24,4,6,2,4,112.5,67.5,1484.29294638111,807.576652851755,1,1484,808,6.02940275183453,5.02940275183453,5.02940275183453,valid,,,Shared Pattern Plane,Grad-SIFT+Top2Geo+MidGradInterp+極線對齊,102,1,,,1.57231559998763
585,24,4,6,2,5,115,67.5,1502.84682155372,808.90298313685,1,1503,809,4.70152966769719,3.70152966769719,3.70152966769719,valid,,,Shared Pattern Plane,Grad-SIFT+Top2Geo+MidGradInterp+極線對齊,102,1,,,1.62684289999015
586,24,4,6,3,1,105,70,1428.498075812,820.589064116433,1,1428,821,1.8155307790028,0.815530779002801,0.815530779002801,valid,,,Shared Pattern Plane,Grad-SIFT+Top2Geo+MidGradInterp+極線對齊,102,1,,,1.60233539999172
587,24,4,6,3,2,107.5,70,1446.73809427428,821.936431131722,1,1447,822,0.700449871862253,-0.299550128137747,0.299550128137747,valid,,,Shared Pattern Plane,Grad-SIFT+Top2Geo+MidGrad+極線對齊,102,1,,,1.65048119999119
588,24,4,6,3,3,110,70,1465.07163458891,823.290706487553,1,1465,823,0.57011892240927,-0.42988107759073,0.42988107759073,valid,,,Shared Pattern Plane,Grad-SIFT+Top2Geo+MidGrad+極線對齊,102,1,,,1.63208900000609
589,24,4,6,3,4,112.5,70,1483.49941787498,824.651943452081,1,1483,825,-0.0695094280156568,-1.06950942801566,1.06950942801566,valid,,,Shared Pattern Plane,Grad-SIFT+Top2Geo+MidGrad+極線對齊,102,1,,,1.61879409999528
590,24,4,6,3,5,115,70,1502.02217268445,826.020195842513,1,1502,826,1.43462594195134,0.434625941951345,0.434625941951345,valid,,,Shared Pattern Plane,Grad-SIFT+Top2Geo+MidGrad+極線對齊,102,1,,,1.57591949999915
591,24,4,6,4,1,105,72.5,1427.79824807961,837.487305274457,1,1428,837,0.495814251710679,-0.504185748289321,0.504185748289321,valid,,,Shared Pattern Plane,Grad-SIFT+Top2Geo+MidGradInterp+極線對齊,102,1,,,1.60574410000117
592,24,4,6,4,2,107.5,72.5,1446.00815939925,838.87572351728,1,1446,839,-0.190860601298711,-1.19086060129871,1.19086060129871,valid,,,Shared Pattern Plane,Grad-SIFT+Top2Geo+MidGrad+極線對齊,102,1,,,1.54109669999161
593,24,4,6,4,3,110,72.5,1464.31129286493,840.271249500825,1,1464,840,0.212397147504286,-0.787602852495714,0.787602852495714,valid,,,Shared Pattern Plane,Grad-SIFT+Top2Geo+MidGrad+極線對齊,102,1,,,1.62907660000201
594,24,4,6,4,4,112.5,72.5,1482.70836616302,841.673937945226,1,1483,842,-0.225404478637633,-1.22540447863763,1.22540447863763,valid,,,Shared Pattern Plane,Grad-SIFT+Top2Geo+MidGrad+極線對齊,102,1,,,1.64957540000614
595,24,4,6,4,5,115,72.5,1501.20010436579,843.083844133762,1,1501,843,3.46012248104664,2.46012248104664,2.46012248104664,valid,,,Shared Pattern Plane,Grad-SIFT+Top2Geo+MidGrad+極線對齊,102,1,,,1.60935500000778
596,24,4,6,5,1,105,75,1427.10058463885,854.333286826172,1,1427,854,-0.237952668961103,-1.2379526689611,1.2379526689611,valid,,,Shared Pattern Plane,Grad-SIFT+Top2Geo+MidGradInterp+極線對齊,102,1,,,1.74578320000728
597,24,4,6,5,2,107.5,75,1445.28048767985,855.762495799469,1,1445,856,-0.27847391337312,-1.27847391337312,1.27847391337312,valid,,,Shared Pattern Plane,Grad-SIFT+Top2Geo+MidGrad+極線對齊,102,1,,,1.57360239999252
598,24,4,6,5,3,110,75,1463.55331459755,857.199009962354,1,1464,857,-0.907583615139634,-1.90758361513963,1.90758361513963,valid,,,Shared Pattern Plane,Grad-SIFT+Top2Geo+MidGrad+極線對齊,102,1,,,1.54462420000345
599,24,4,6,5,4,112.5,75,1481.91977966729,858.642885467423,1,1482,859,-0.0435872688614447,-1.04358726886144,1.04358726886144,valid,,,Shared Pattern Plane,Grad-SIFT+Top2Geo+MidGrad+極線對齊,102,1,,,1.60379860000103
600,24,4,6,5,5,115,75,1500.3806045038,860.094179044254,1,1500,860,-0.681672375158402,-1.6816723751584,1.6816723751584,valid,,,Shared Pattern Plane,Grad-SIFT+Top2Geo+MidGrad+極線對齊,102,1,,,1.61704000001191
