sample_id,block_id,row,column,sample_row,sample_column,model_x_mm,model_y_mm,u,v,true_height_mm,measured_u,measured_v,wound_height_mm,error_mm,abs_error_mm,status,failure_reason,measurement_warning,height_reference_source,method,candidate_frame,fused_count,group_score,objective_score,elapsed_seconds
1,1,1,1,1,1,5,5,848.591209450129,288.546544859694,12.5,849,289,12.5246644971895,0.0246644971894838,0.0246644971894838,valid,,,Shared Pattern Plane,Region-SIFT(21/28),28,1,193.268547808935,198.484176179592,4.58589440002106
2,1,1,1,1,2,7.5,5,864.328953312643,288.676081734696,12.5,864,289,12.9564177204754,0.456417720475438,0.456417720475438,valid,,,Shared Pattern Plane,Region-SIFT(21/28),28,1,195.754598234066,196.473754186312,3.79502679995494
3,1,1,1,1,3,10,5,880.123486499835,288.806086040843,12.5,880,289,12.5009660117141,0.000966011714080395,0.000966011714080395,valid,,,Shared Pattern Plane,Region-SIFT(21/28),28,1,232.284565924589,239.412173299453,5.14010810002219
4,1,1,1,1,4,12.5,5,895.975116951967,288.936560312783,12.5,896,289,12.4834427608362,-0.0165572391638396,0.0165572391638396,valid,,,Shared Pattern Plane,Region-SIFT(21/28),28,1,224.769977535268,229.674220815341,4.40203749999637
5,1,1,1,1,5,15,5,911.88415483974,289.067507103522,12.5,912,289,12.4917076131127,-0.0082923868873106,0.0082923868873106,valid,,,Shared Pattern Plane,Region-SIFT(21/28),28,1,179.756289836339,182.748121705993,4.91611330001615
6,1,1,1,2,1,5,7.5,848.660706607035,304.83647917402,12.5,849,305,12.5300190000264,0.0300190000263836,0.0300190000263836,valid,,,Shared Pattern Plane,Region-SIFT(21/28),28,1,205.929538029464,210.228557225642,4.48496290005278
7,1,1,1,2,2,7.5,7.5,864.37280488001,304.995093904933,12.5,864,305,12.9773077581249,0.477307758124924,0.477307758124924,valid,,,Shared Pattern Plane,Region-SIFT(21/28),28,1,215.680961691639,221.565869563833,4.17034710000735
8,1,1,1,2,3,10,7.5,880.141506927892,305.154280054912,12.5,880,305,12.5210344702677,0.0210344702676721,0.0210344702676721,valid,,,Shared Pattern Plane,Region-SIFT(21/28),28,1,184.384972056636,188.150888284946,3.3908726000227
9,1,1,1,2,4,12.5,7.5,895.967119180382,305.314040717387,12.5,896,305,12.5163805202404,0.0163805202403786,0.0163805202403786,valid,,,Shared Pattern Plane,Region-SIFT(21/28),28,1,216.64695778549,223.299229445607,4.48304939997615
10,1,1,1,2,5,15,7.5,911.849950283022,305.474379008156,12.5,912,305,12.5116934697746,0.0116934697745847,0.0116934697745847,valid,,,Shared Pattern Plane,Region-SIFT(21/28),28,1,154.358640682887,157.404210601818,4.19242139998823
11,1,1,1,3,1,5,10,848.729976940078,321.073246625472,12.5,849,321,12.5502096826978,0.0502096826978331,0.0502096826978331,valid,,,Shared Pattern Plane,Region-SIFT(21/28),28,1,166.494652207188,170.379613868013,4.44917719997466
12,1,1,1,3,2,7.5,10,864.416513068317,321.260748698105,12.5,864,321,12.5458298524905,0.0458298524905345,0.0458298524905345,valid,,,Shared Pattern Plane,Region-SIFT(21/28),28,1,163.175954575513,166.994146718153,4.78145680000307
13,1,1,1,3,3,10,10,880.159468329588,321.448925151894,12.5,880,321,12.9929151408909,0.492915140890872,0.492915140890872,valid,,,Shared Pattern Plane,Region-SIFT(21/28),28,1,197.323047807986,199.40920452555,3.81437330000335
14,1,1,1,3,4,12.5,10,895.959147652893,321.637779631674,12.5,896,322,12.5377411778052,0.0377411778051702,0.0377411778051702,valid,,,Shared Pattern Plane,Region-SIFT(21/28),28,1,203.178694073611,206.23735351315,3.61546919995453
15,1,1,1,3,5,15,10,911.815858168599,321.827315808592,12.5,912,322,12.5330083522862,0.0330083522862363,0.0330083522862363,valid,,,Shared Pattern Plane,Region-SIFT(21/28),28,1,181.782025321072,185.526965544681,3.38704329996835
16,1,1,1,4,1,5,12.5,848.799021557908,337.257107077892,12.5,849,337,12.5704778028008,0.0704778028008199,0.0704778028008199,valid,,,Shared Pattern Plane,Region-SIFT(21/28),28,1,136.856762831047,138.2622226911,3.3734835999785
17,1,1,1,4,2,7.5,12.5,864.460078579615,337.473307376618,12.5,864,337,13.0193481334215,0.519348133421465,0.519348133421465,valid,,,Shared Pattern Plane,Region-SIFT(21/28),28,1,154.268915092125,157.306420410823,3.28939210000681
18,1,1,1,4,3,10,12.5,880.177370994462,337.690284002816,12.5,880,338,13.0152399084036,0.515239908403592,0.515239908403592,valid,,,Shared Pattern Plane,Region-SIFT(21/28),28,1,225.273222925297,230.255669859927,3.65194359997986
19,1,1,1,4,4,12.5,12.5,895.951202240533,337.908041145435,12.5,896,338,12.9968324667784,0.496832466778374,0.496832466778374,valid,,,Shared Pattern Plane,Region-SIFT(21/28),28,1,203.700685430456,208.343844538362,3.30353229999309
20,1,1,1,4,5,15,12.5,911.781877942925,338.12658302362,12.5,912,338,12.5655980844823,0.0655980844822821,0.0655980844822821,valid,,,Shared Pattern Plane,Region-SIFT(21/28),28,1,175.369350253716,178.224038317161,3.2346639999887
21,1,1,1,5,1,5,15,848.867841561958,353.388318704359,12.5,849,353,12.5908084273367,0.0908084273366647,0.0908084273366647,valid,,,Shared Pattern Plane,Region-SIFT(21/28),28,1,133.830407617458,134.990413814249,3.29339080001228
22,1,1,1,5,2,7.5,15,864.503502111378,353.633029499977,12.5,865,354,12.5873694319147,0.0873694319147358,0.0873694319147358,valid,,,Shared Pattern Plane,Region-SIFT(21/28),28,1,158.437198841761,162.793872537071,3.27502830000594
23,1,1,1,5,3,10,15,880.195215210162,353.87861756355,12.5,880,354,12.5828962749527,0.0828962749526916,0.0828962749526916,valid,,,Shared Pattern Plane,Region-SIFT(21/28),28,1,176.061222687979,178.988191887575,3.49025659996551
24,1,1,1,5,4,12.5,15,895.943282815183,354.125087620948,12.5,896,354,12.5781402339321,0.0781402339321033,0.0781402339321033,valid,,,Shared Pattern Plane,Region-SIFT(21/28),28,1,155.941605582061,159.074424617941,3.21006890002172
25,1,1,1,5,5,15,15,911.748009056082,354.372444432048,12.5,912,354,12.5858533750191,0.0858533750190507,0.0858533750190507,valid,,,Shared Pattern Plane,Region-SIFT(21/28),28,1,195.007862400378,199.622619459022,3.22214909998002
26,2,1,2,1,1,25,5,976.10066336583,289.596071166492,12,976,290,12.0262726593984,0.0262726593984315,0.0262726593984315,valid,,,Shared Pattern Plane,Region-SIFT(21/28),28,1,145.831152494622,149.273526676919,3.48444859997835
27,2,1,2,1,2,27.5,5,992.301470486348,289.729419500613,12,992,290,11.5731810789716,-0.426818921028413,0.426818921028413,valid,,,Shared Pattern Plane,Region-SIFT(21/28),28,1,170.233324396043,174.601564492624,3.27350990002742
28,2,1,2,1,3,30,5,1008.5615940545,289.86325606655,12,1009,290,12.0093151181141,0.00931511811411667,0.00931511811411667,valid,,,Shared Pattern Plane,Region-SIFT(21/28),28,1,236.057260132845,240.498052195189,3.30416450003395
29,2,1,2,1,4,32.5,5,1024.88136043307,289.997583550585,12,1025,290,12.0058832729772,0.00588327297716873,0.00588327297716873,valid,,,Shared Pattern Plane,Region-SIFT(21/28),28,1,221.569435599998,227.696553541173,3.34954039996956
30,2,1,2,1,5,35,5,1041.2610983835,290.132404658742,12,1041,290,12.4548055298486,0.454805529848622,0.454805529848622,valid,,,Shared Pattern Plane,Region-SIFT(21/28),28,1,213.761429022733,218.052181636228,3.373425400001
31,2,1,2,2,1,25,7.5,975.95971479035,306.121571564463,12,976,306,12.0453205110269,0.0453205110269348,0.0453205110269348,valid,,,Shared Pattern Plane,Region-SIFT(21/28),28,1,155.345215257009,158.500177843749,3.35982000001241
32,2,1,2,2,2,27.5,7.5,992.13334879837,306.2848455309,12,992,306,12.0412628682838,0.041262868283793,0.041262868283793,valid,,,Shared Pattern Plane,Region-SIFT(21/28),28,1,163.556566792443,166.507713555452,3.44483430002583
33,2,1,2,2,3,30,7.5,1008.36610120166,306.448716301671,12,1008,306,12.037157601722,0.0371576017220487,0.0371576017220487,valid,,,Shared Pattern Plane,Region-SIFT(21/28),28,1,216.243882709079,221.036858349823,3.31452940002782
34,2,1,2,2,4,32.5,7.5,1024.65829673093,306.613187154956,12,1025,307,12.033997155786,0.033997155785972,0.033997155785972,valid,,,Shared Pattern Plane,Region-SIFT(21/28),28,1,217.889708056778,221.125947207638,3.37605319998693
35,2,1,2,2,5,35,7.5,1041.01026249954,306.778261392988,12,1041,307,12.029868852475,0.0298688524749853,0.0298688524749853,valid,,,Shared Pattern Plane,Region-SIFT(21/28),28,1,188.906305800544,194.808752833166,3.34836599999107
36,2,1,2,3,1,25,10,975.819232931304,322.592351844934,12,976,323,12.0656737462507,0.0656737462507415,0.0656737462507415,valid,,,Shared Pattern Plane,Region-SIFT(21/28),28,1,178.848042751998,183.033882308915,3.28590519999852
37,2,1,2,3,2,27.5,10,991.965784817765,322.785352512502,12,992,323,12.0522088300079,0.0522088300078796,0.0522088300078796,valid,,,Shared Pattern Plane,Region-SIFT(21/28),28,1,161.352289347169,163.944964903878,3.23982009995962
38,2,1,2,3,3,30,10,1008.17125803737,322.979057470169,12,1008,323,12.0574547349414,0.0574547349414463,0.0574547349414463,valid,,,Shared Pattern Plane,Region-SIFT(21/28),28,1,178.044435015179,180.963448464811,3.38398340001004
39,2,1,2,3,4,32.5,10,1024.43597569961,323.173470580082,12,1024,323,12.0452133728666,0.0452133728666499,0.0452133728666499,valid,,,Shared Pattern Plane,Region-SIFT(21/28),28,1,214.156396079694,216.825826795082,3.82210849999683
40,2,1,2,3,5,35,10,1040.76026328077,323.368595732678,12,1041,323,12.0488960130435,0.0488960130435299,0.0488960130435299,valid,,,Shared Pattern Plane,Region-SIFT(21/28),28,1,200.742104740244,204.838689545632,3.63232949998928
41,2,1,2,4,1,25,12.5,975.679215474399,339.008683346922,12,976,339,11.6326883876455,-0.367311612354506,0.367311612354506,valid,,,Shared Pattern Plane,Region-SIFT(21/28),28,1,220.063357270458,222.798755691001,3.53771370003233
42,2,1,2,4,2,27.5,12.5,991.798775774018,339.231213266025,12,992,339,12.0713768828015,0.0713768828014949,0.0713768828014949,valid,,,Shared Pattern Plane,Region-SIFT(21/28),28,1,223.023100730351,228.907042137186,3.27613409998594
43,2,1,2,4,3,30,12.5,1007.9770613283,339.454553885043,12,1008,339,12.076614021877,0.0766140218770257,0.0766140218770257,valid,,,Shared Pattern Plane,Region-SIFT(21/28),28,1,207.593251762188,211.962224557033,3.37424229999306
44,2,1,2,4,4,32.5,12.5,1024.21439363628,339.678709642259,12,1024,340,12.0736205249518,0.073620524951755,0.073620524951755,valid,,,Shared Pattern Plane,Region-SIFT(21/28),28,1,209.489156421278,211.832937818761,3.58139939996181
45,2,1,2,4,5,35,12.5,1040.51109654811,339.903685008411,12,1041,340,12.0691948185372,0.069194818537186,0.069194818537186,valid,,,Shared Pattern Plane,Region-SIFT(21/28),28,1,167.530181751554,168.46702844492,3.28849299997091
46,2,1,2,5,1,25,15,975.539660120618,355.370835618431,12,976,355,12.1041925691091,0.104192569109106,0.104192569109106,valid,,,Shared Pattern Plane,Region-SIFT(21/28),28,1,190.048705864457,192.868874481139,3.27048180002021
47,2,1,2,5,2,27.5,15,991.632318914935,355.622698808011,12,992,356,12.0917809566692,0.0917809566692043,0.0917809566692043,valid,,,Shared Pattern Plane,Region-SIFT(21/28),28,1,257.039899616645,262.922048392673,3.30270489997929
48,2,1,2,5,3,30,15,1007.78350786254,355.875478042061,12,1008,356,12.0970415708439,0.0970415708439258,0.0970415708439258,valid,,,Shared Pattern Plane,Region-SIFT(21/28),28,1,265.366272363209,271.400117398313,3.23024359997362
49,2,1,2,5,4,32.5,15,1023.99354686272,356.129178327265,12,1024,356,12.0928607304534,0.0928607304534488,0.0928607304534488,valid,,,Shared Pattern Plane,Region-SIFT(21/28),28,1,278.00062978028,284.709418371653,3.44175739999628
50,2,1,2,5,5,35,15,1040.26275815025,356.383804706859,12,1040,356,12.0886212436228,0.088621243622848,0.088621243622848,valid,,,Shared Pattern Plane,Region-SIFT(21/28),28,1,211.273765522588,215.690458626649,3.58196799998404
51,3,1,3,1,1,45,5,1107.38642632725,290.676680154334,11.5,1107,291,11.5497149754455,0.0497149754455073,0.0497149754455073,valid,,,Shared Pattern Plane,Region-SIFT(21/28),28,1,159.773199044081,160.415179115239,3.54231330001494
52,3,1,3,1,2,47.5,5,1124.07103906928,290.814010677317,11.5,1124,291,11.5460068827391,0.0460068827391158,0.0460068827391158,valid,,,Shared Pattern Plane,Region-SIFT(21/28),28,1,148.606714422741,151.72204024491,3.55320649995701
53,3,1,3,1,3,50,5,1140.81764757638,290.951851485493,11.5,1141,291,11.9848992326031,0.48489923260308,0.48489923260308,valid,,,Shared Pattern Plane,Region-SIFT(21/28),28,1,146.688960574922,149.266772399019,3.43445519998204
54,3,1,3,1,4,52.5,5,1157.62659803238,291.090205428291,11.5,1158,291,11.5385218255221,0.0385218255220927,0.0385218255220927,valid,,,Shared Pattern Plane,Region-SIFT(21/28),28,1,161.800767946496,165.197689228279,3.53270649997285
55,3,1,3,1,5,55,5,1174.49823920339,291.229075376393,11.5,1174,291,11.0919499123368,-0.408050087663181,0.408050087663181,valid,,,Shared Pattern Plane,Region-SIFT(21/28),28,1,237.603402614089,241.69370058324,3.32326400000602
56,3,1,3,2,1,45,7.5,1107.02245485987,307.44465909152,11.5,1107,307,11.5677373606673,0.0677373606673086,0.0677373606673086,valid,,,Shared Pattern Plane,Region-SIFT(21/28),28,1,151.028290449375,153.197538015163,3.25871500000358
57,3,1,3,2,2,47.5,7.5,1123.67826346417,307.612800644227,11.5,1124,308,12.0093120865295,0.509312086529485,0.509312086529485,valid,,,Shared Pattern Plane,Region-SIFT(21/28),28,1,124.51091046964,126.229694797583,3.46781269996427
58,3,1,3,2,3,50,7.5,1140.39585626655,307.781565912735,11.5,1140,308,11.5615909525893,0.0615909525892899,0.0615909525892899,valid,,,Shared Pattern Plane,Region-SIFT(21/28),28,1,150.645634534624,153.221308574531,3.31603450002149
59,3,1,3,2,4,52.5,7.5,1157.17557768562,307.950958373974,11.5,1157,308,11.5577861134505,0.0577861134504776,0.0577861134504776,valid,,,Shared Pattern Plane,Region-SIFT(21/28),28,1,203.493210411072,208.274198382102,3.62684839998838
60,3,1,3,2,5,55,7.5,1174.01777470472,308.120981530764,11.5,1174,308,11.110122207177,-0.389877792822999,0.389877792822999,valid,,,Shared Pattern Plane,Region-SIFT(21/28),28,1,239.122805682187,243.361274409396,3.34562430001097
61,3,1,3,3,1,45,10,1106.65970638082,324.156295583402,11.5,1107,324,11.5870034076905,0.0870034076905046,0.0870034076905046,valid,,,Shared Pattern Plane,Region-SIFT(21/28),28,1,140.108540012723,141.43564884402,3.27521170000546
62,3,1,3,3,2,47.5,10,1123.28681007198,324.355040314455,11.5,1123,324,11.5834304784335,0.0834304784335096,0.0834304784335096,valid,,,Shared Pattern Plane,Region-SIFT(21/28),28,1,154.588151451393,157.493752867357,3.40061020001303
63,3,1,3,3,3,50,10,1139.9754874752,324.554521039646,11.5,1140,325,11.5807716254859,0.0807716254859159,0.0807716254859159,valid,,,Shared Pattern Plane,Region-SIFT(21/28),28,1,131.690937783478,132.553804382494,3.45655989996158
64,3,1,3,3,4,52.5,10,1156.72608125584,324.754741854874,11.5,1157,325,11.5769348307517,0.0769348307516839,0.0769348307516839,valid,,,Shared Pattern Plane,Region-SIFT(21/28),28,1,172.164257379562,174.330087568714,3.62829620001139
65,3,1,3,3,5,55,10,1173.53893662664,324.955706886486,11.5,1174,325,11.1259348046908,-0.374065195309159,0.374065195309159,valid,,,Shared Pattern Plane,Region-SIFT(21/28),28,1,204.456747347716,207.711025168398,3.30034620000515
66,3,1,3,4,1,45,12.5,1106.29817473635,340.811873129869,11.5,1106,341,11.606541478747,0.106541478746964,0.106541478746964,valid,,,Shared Pattern Plane,Region-SIFT(21/28),28,1,165.141175951781,167.469498235091,3.26962249999633
67,3,1,3,4,2,47.5,12.5,1122.89667222741,341.041014758751,11.5,1123,341,11.602694930543,0.10269493054302,0.10269493054302,valid,,,Shared Pattern Plane,Region-SIFT(21/28),28,1,138.709991836548,139.152733837885,3.24781269999221
68,3,1,3,4,3,50,12.5,1139.55653401813,341.271003519465,11.5,1140,341,11.5988615345847,0.0988615345846977,0.0988615345846977,valid,,,Shared Pattern Plane,Region-SIFT(21/28),28,1,141.081880182942,144.345865394922,3.39692569995532
69,3,1,3,4,4,52.5,12.5,1156.27810103251,341.501844118452,11.5,1156,342,11.5963752831743,0.0963752831742557,0.0963752831742557,valid,,,Shared Pattern Plane,Region-SIFT(21/28),28,1,167.554816081032,168.693916271194,3.42188919999171
70,3,1,3,4,5,55,12.5,1173.06171672469,341.733541297086,11.5,1173,342,11.5925055490157,0.0925055490157174,0.0925055490157174,valid,,,Shared Pattern Plane,Region-SIFT(21/28),28,1,197.693156963934,201.098641942399,3.323496899975
71,3,1,3,5,1,45,15,1105.93785381393,357.411673332004,11.5,1106,357,11.1703287861537,-0.32967121384632,0.32967121384632,valid,,,Shared Pattern Plane,Region-SIFT(21/28),28,1,241.505814528087,246.266296139247,3.24165250000078
72,3,1,3,5,2,47.5,15,1122.50784330989,357.67100713502,11.5,1123,358,11.6176019001976,0.117601900197567,0.117601900197567,valid,,,Shared Pattern Plane,Region-SIFT(21/28),28,1,256.077539742687,262.120038124751,3.69295980001334
73,3,1,3,5,3,50,15,1139.13898875945,357.931298078414,11.5,1139,358,11.6184264714672,0.118426471467222,0.118426471467222,valid,,,Shared Pattern Plane,Region-SIFT(21/28),28,1,213.926968690075,214.979105423589,3.23876470001414
74,3,1,3,5,4,52.5,15,1155.83162935701,358.192551470856,11.5,1156,358,11.614567907675,0.114567907675005,0.114567907675005,valid,,,Shared Pattern Plane,Region-SIFT(21/28),28,1,153.328499077489,154.331131150256,3.54474089998985
75,3,1,3,5,5,55,15,1172.58610681006,358.454772660344,11.5,1173,358,11.6106320685957,0.110632068595715,0.110632068595715,valid,,,Shared Pattern Plane,Region-SIFT(21/28),28,1,197.353091753601,200.717535587957,3.37422420002986
76,4,1,4,1,1,65,5,1242.61877809678,291.78977339059,11,1243,292,11.0804369722028,0.0804369722027971,0.0804369722027971,valid,,,Shared Pattern Plane,Region-SIFT(21/28),28,1,193.595197724035,195.896910154826,3.23317180003505
77,4,1,4,1,2,67.5,5,1259.80919641703,291.931267183387,11,1260,292,10.6361393598062,-0.363860640193833,0.363860640193833,valid,,,Shared Pattern Plane,Region-SIFT(21/28),28,1,188.368436707895,190.401429502481,3.31504709995352
78,4,1,4,1,3,70,5,1277.06445364625,292.073294663205,11,1277,292,11.0741227711495,0.0741227711494581,0.0741227711494581,valid,,,Shared Pattern Plane,Region-SIFT(21/28),28,1,169.435003776651,171.117059291255,3.3156173999887
79,4,1,4,1,4,72.5,5,1294.38491731715,292.215858855195,11,1294,292,11.0709410759123,0.070941075912291,0.070941075912291,valid,,,Shared Pattern Plane,Region-SIFT(21/28),28,1,180.73197604689,183.946667561406,3.45035140000982
80,4,1,4,1,5,75,5,1311.7709577455,292.358962807414,11,1312,292,11.0675386843493,0.0675386843493051,0.0675386843493051,valid,,,Shared Pattern Plane,Region-SIFT(21/28),28,1,190.995972102029,194.495524728126,3.39700679999078
81,4,1,4,2,1,65,7.5,1242.01834956106,308.807452089654,11,1242,309,10.6559014394565,-0.344098560543518,0.344098560543518,valid,,,Shared Pattern Plane,Region-SIFT(21/28),28,1,198.427439824866,201.774484561181,5.09147380001377
82,4,1,4,2,2,67.5,7.5,1259.17822078559,308.980682189765,11,1259,309,10.653449400207,-0.346550599792966,0.346550599792966,valid,,,Shared Pattern Plane,Region-SIFT(21/28),28,1,202.778338118962,209.441782399755,4.35904619999928
83,4,1,4,2,3,70,7.5,1276.40270472801,309.154564559781,11,1276,309,10.6509962156257,-0.349003784374345,0.349003784374345,valid,,,Shared Pattern Plane,Region-SIFT(21/28),28,1,131.280092420528,133.700559288687,3.7903423999669
84,4,1,4,2,4,72.5,7.5,1293.69216700976,309.329102890678,11,1294,309,10.6483570423243,-0.351642957675653,0.351642957675653,valid,,,Shared Pattern Plane,Region-SIFT(21/28),28,1,163.377624992593,166.036866421024,3.55211279995274
85,4,1,4,2,5,75,7.5,1311.04697601606,309.504300901329,11,1311,310,10.6468776179279,-0.353122382072121,0.353122382072121,valid,,,Shared Pattern Plane,Region-SIFT(21/28),28,1,198.4532159553,201.8739271705,3.25910079997266
86,4,1,4,3,1,65,10,1241.41996875899,325.7670927854,11,1241,326,11.117000854216,0.117000854216029,0.117000854216029,valid,,,Shared Pattern Plane,Region-SIFT(21/28),28,1,202.529819499626,206.081019499161,3.44965879997471
87,4,1,4,3,2,67.5,10,1258.54940110408,325.971841879876,11,1259,326,11.1136249143646,0.113624914364593,0.113624914364593,valid,,,Shared Pattern Plane,Region-SIFT(21/28),28,1,193.539317571045,196.392870376908,3.7303694000002
88,4,1,4,3,3,70,10,1275.74322115706,326.177360604344,11,1276,326,10.6682303002539,-0.331769699746083,0.331769699746083,valid,,,Shared Pattern Plane,Region-SIFT(21/28),28,1,164.429491374102,167.503822373106,3.30516829999397
89,4,1,4,3,4,72.5,10,1293.00179264132,326.383653306412,11,1293,326,10.6657118111347,-0.334288188865299,0.334288188865299,valid,,,Shared Pattern Plane,Region-SIFT(21/28),28,1,217.486814816793,222.595976687784,3.53176669997629
90,4,1,4,3,5,75,10,1310.32548202495,326.590724366493,11,1310,327,10.6615244133255,-0.338475586674528,0.338475586674528,valid,,,Shared Pattern Plane,Region-SIFT(21/28),28,1,211.892833912562,213.958363246655,3.4322744999663
91,4,1,4,4,1,65,12.5,1240.82362523286,342.668991876277,11,1241,343,10.6906829955642,-0.309317004435751,0.309317004435751,valid,,,Shared Pattern Plane,Region-SIFT(21/28),28,1,215.267395607883,221.822165622254,3.27452679997077
92,4,1,4,4,2,67.5,12.5,1257.92272634149,342.90504431913,11,1258,343,10.6882004283306,-0.311799571669365,0.311799571669365,valid,,,Shared Pattern Plane,Region-SIFT(21/28),28,1,183.375931095951,186.173161003944,3.23748130002059
93,4,1,4,4,3,70,12.5,1275.08599132091,343.141982541787,11,1275,343,10.6843863494579,-0.315613650542085,0.315613650542085,valid,,,Shared Pattern Plane,Region-SIFT(21/28),28,1,237.710043536797,241.760959229771,3.46368070004974
94,4,1,4,4,4,72.5,12.5,1292.31378200955,343.379811539416,11,1292,343,10.6811825809755,-0.318817419024523,0.318817419024523,valid,,,Shared Pattern Plane,Region-SIFT(21/28),28,1,248.434370271996,254.487523973207,3.45943360001547
95,4,1,4,4,5,75,12.5,1309.60646297165,343.61853634481,11,1310,344,11.1204000847307,0.120400084730719,0.120400084730719,valid,,,Shared Pattern Plane,Region-SIFT(21/28),28,1,222.815801284427,229.109285368767,3.22040150000248
96,4,1,4,5,1,65,15,1240.22930859603,359.513443745898,11,1240,360,10.7081609906661,-0.291839009333934,0.291839009333934,valid,,,Shared Pattern Plane,Region-SIFT(21/28),28,1,144.227153877733,145.60985414527,3.23069320002105
97,4,1,4,5,2,67.5,15,1257.29818554196,359.780585542981,11,1257,360,10.7057097082012,-0.294290291798816,0.294290291798816,valid,,,Shared Pattern Plane,Region-SIFT(21/28),28,1,143.090782633786,144.563781063348,3.19988170004217
98,4,1,4,5,3,70,15,1274.43100368632,360.048728071789,11,1274,360,10.7031706912392,-0.29682930876081,0.29682930876081,valid,,,Shared Pattern Plane,Region-SIFT(21/28),28,1,160.040849685669,163.930702928476,3.4990585000487
99,4,1,4,5,4,72.5,15,1291.62812299559,360.317876966088,11,1292,360,10.7004363660462,-0.299563633953827,0.299563633953827,valid,,,Shared Pattern Plane,Region-SIFT(21/28),28,1,158.782460039129,161.516297713758,4.018601400021
100,4,1,4,5,5,75,15,1308.88990614333,360.588037902015,11,1309,361,10.6988693406345,-0.301130659365452,0.301130659365452,valid,,,Shared Pattern Plane,Region-SIFT(21/28),28,1,134.235381350946,135.747643123112,3.29710859997431
101,5,1,5,1,1,85,5,1381.9783922405,292.936837993704,10.5,1382,293,10.1814948680437,-0.318505131956321,0.318505131956321,valid,,,Shared Pattern Plane,Region-SIFT(21/28),28,1,216.219025218298,220.640116578359,3.45942799997283
102,5,1,5,1,2,87.5,5,1399.69797046246,293.082687285017,10.5,1400,293,10.1856191668738,-0.314380833126238,0.314380833126238,valid,,,Shared Pattern Plane,Region-SIFT(21/28),28,1,213.684736345685,219.06538456196,3.36576559999958
103,5,1,5,1,3,90,5,1417.48540727904,293.229095118289,10.5,1417,293,10.6138372249929,0.113837224992924,0.113837224992924,valid,,,Shared Pattern Plane,Region-SIFT(21/28),28,1,180.190464648494,184.931721493219,3.30087239999557
104,5,1,5,1,4,92.5,5,1435.34109324324,293.37606470815,10.5,1435,293,10.1756287405776,-0.324371259422414,0.324371259422414,valid,,,Shared Pattern Plane,Region-SIFT(21/28),28,1,215.859611896737,221.896509122785,3.75163730001077
105,5,1,5,1,5,95,5,1453.26542191088,293.523599293945,10.5,1453,294,10.1745117542828,-0.325488245717173,0.325488245717173,valid,,,Shared Pattern Plane,Region-SIFT(21/28),28,1,242.020258447354,247.318796698699,3.38620869995793
106,5,1,5,2,1,85,7.5,1381.1271451973,310.211765110368,10.5,1381,310,10.1976929550356,-0.302307044964412,0.302307044964412,valid,,,Shared Pattern Plane,Region-SIFT(21/28),28,1,215.103429031372,219.363211742127,3.38191799999913
107,5,1,5,2,2,87.5,7.5,1398.81431218545,310.39031829809,10.5,1399,310,10.1957062300084,-0.304293769991594,0.304293769991594,valid,,,Shared Pattern Plane,Region-SIFT(21/28),28,1,192.154568224105,197.454248992231,3.2574534000014
108,5,1,5,2,3,90,7.5,1416.56909573523,310.56955407973,10.5,1417,311,10.2012959573982,-0.298704042601788,0.298704042601788,valid,,,Shared Pattern Plane,Region-SIFT(21/28),28,1,177.725322052789,180.078277283448,3.23474179999903
109,5,1,5,2,4,92.5,7.5,1434.3918843279,310.749476377035,10.5,1434,311,10.2000060714423,-0.29999392855766,0.29999392855766,valid,,,Shared Pattern Plane,Region-SIFT(21/28),28,1,220.853923807699,223.090279008286,3.45510550000472
110,5,1,5,2,5,95,7.5,1452.28306942638,310.930089141849,10.5,1452,311,10.1985948938655,-0.301405106134514,0.301405106134514,valid,,,Shared Pattern Plane,Region-SIFT(21/28),28,1,239.739426845974,245.471901691862,3.36362929997267
111,5,1,5,3,1,85,10,1380.27884544083,327.426880960968,10.5,1380,327,10.2140337992763,-0.285966200723712,0.285966200723712,valid,,,Shared Pattern Plane,Region-SIFT(21/28),28,1,203.542028545198,206.238917318168,3.20658349996665
112,5,1,5,3,2,87.5,10,1397.93371923996,327.637910687501,10.5,1398,328,10.2188473616785,-0.281152638321499,0.281152638321499,valid,,,Shared Pattern Plane,Region-SIFT(21/28),28,1,213.426289684558,217.79863362972,3.270706899988
113,5,1,5,3,3,90,10,1415.65596885941,327.849745761108,10.5,1416,328,10.2174598280894,-0.282540171910595,0.282540171910595,valid,,,Shared Pattern Plane,Region-SIFT(21/28),28,1,230.344888567041,235.626406857396,3.36002110003028
114,5,1,5,3,4,92.5,10,1433.44598072332,328.062390800737,10.5,1433,328,10.2161371819945,-0.283862818005534,0.283862818005534,valid,,,Shared Pattern Plane,Region-SIFT(21/28),28,1,195.745636202292,198.210866031493,3.59026309999172
115,5,1,5,3,5,95,10,1451.30414421653,328.275850460729,10.5,1451,328,10.2068325052955,-0.293167494704511,0.293167494704511,valid,,,Shared Pattern Plane,Region-SIFT(21/28),28,1,194.294229615428,198.523065812178,3.26815799996257
116,5,1,5,4,1,85,12.5,1379.43347769087,344.58249563699,10.5,1379,345,10.2313377157368,-0.268662284263169,0.268662284263169,valid,,,Shared Pattern Plane,Region-SIFT(21/28),28,1,284.834575027385,292.546984513542,3.29686469997978
117,5,1,5,4,2,87.5,12.5,1397.05617570356,344.825776315262,10.5,1397,345,10.235082603588,-0.264917396411963,0.264917396411963,valid,,,Shared Pattern Plane,Region-SIFT(21/28),28,1,263.446291913431,273.45228631547,3.35240009997506
118,5,1,5,4,3,90,12.5,1414.74601007776,345.06998380846,10.5,1415,345,10.2336927296459,-0.266307270354119,0.266307270354119,valid,,,Shared Pattern Plane,Region-SIFT(21/28),28,1,213.168324812632,219.298450607068,3.24656160001177
119,5,1,5,4,4,92.5,12.5,1432.503365195,345.315123422958,10.5,1433,345,10.2250804275635,-0.274919572436479,0.274919572436479,valid,,,Shared Pattern Plane,Region-SIFT(21/28),28,1,215.324798906922,218.053783189725,3.53741099999752
120,5,1,5,4,5,95,12.5,1450.32862837672,345.561200505713,10.5,1450,346,10.2240427996033,-0.275957200396707,0.275957200396707,valid,,,Shared Pattern Plane,Region-SIFT(21/28),28,1,225.497268212535,230.046368768571,3.27874430001248
121,5,1,5,5,1,85,15,1378.59102677268,361.67891709006,10.5,1379,362,10.6838352479706,0.183835247970581,0.183835247970581,valid,,,Shared Pattern Plane,Region-SIFT(21/28),28,1,250.118158598804,256.008945341588,3.20386670000153
122,5,1,5,5,2,87.5,15,1396.18166576391,361.954224887219,10.5,1396,362,10.2456877641647,-0.254312235835297,0.254312235835297,valid,,,Shared Pattern Plane,Region-SIFT(21/28),28,1,220.039330505694,225.489746734757,3.29562500002794
123,5,1,5,5,3,90,15,1413.83920293128,362.230579695206,10.5,1414,362,10.2499907007197,-0.250009299280281,0.250009299280281,valid,,,Shared Pattern Plane,Region-SIFT(21/28),28,1,191.981060760236,194.240739655349,3.24490190000506
124,5,1,5,5,4,92.5,15,1431.56402062806,362.507987498161,10.5,1432,363,10.2424018079706,-0.257598192029443,0.257598192029443,valid,,,Shared Pattern Plane,Region-SIFT(21/28),28,1,260.695346679889,264.694636784162,3.41311789996689
125,5,1,5,5,5,95,15,1449.35650412684,362.786454325914,10.5,1449,363,10.2403691511009,-0.259630848899084,0.259630848899084,valid,,,Shared Pattern Plane,Region-SIFT(21/28),28,1,223.984605913314,227.123455313331,3.46654420002596
126,6,1,6,1,1,105,5,1525.65714145902,294.119453261842,10,1526,294,10.1659838505317,0.165983850531743,0.165983850531743,valid,,,Shared Pattern Plane,Region-SIFT(21/28),28,1,260.517104230608,267.667417874673,3.32991080003558
127,6,1,6,1,2,107.5,5,1543.93069412229,294.269862299367,10,1544,294,9.74266232243081,-0.25733767756919,0.25733767756919,valid,,,Shared Pattern Plane,Region-SIFT(21/28),28,1,207.092554021765,211.725653378183,3.27254420000827
128,6,1,6,1,3,110,5,1562.27531552579,294.420856301458,10,1562,294,9.3084147847062,-0.691585215293799,0.691585215293799,valid,,,Shared Pattern Plane,Region-SIFT(21/28),28,1,214.803532334989,217.833516736878,3.18417789996602
129,6,1,6,1,4,112.5,5,1580.69142107369,294.572438687295,10,1581,295,9.30923500366353,-0.690764996336465,0.690764996336465,valid,,,Shared Pattern Plane,Region-SIFT(21/28),28,1,234.266531157115,240.104275147096,3.35339519998524
130,6,1,6,1,5,115,5,1599.17942941393,294.724612902755,10,1599,295,,,,failed,Region-SIFT 匹配失敗: ObjRatio 0.964678 exceeds 0.950000; ambiguous match,,,,28,,240.697870056718,247.046041503299,3.38001129997429
131,6,1,6,2,1,105,7.5,1524.53971010942,311.659524982913,10,1525,312,9.74866553423142,-0.251334465768585,0.251334465768585,valid,,,Shared Pattern Plane,Region-SIFT(21/28),28,1,225.573184618874,228.711944475271,3.28025999997044
132,6,1,6,2,2,107.5,7.5,1542.77885606394,311.843650436904,10,1543,312,9.74724899590808,-0.252751004091923,0.252751004091923,valid,,,Shared Pattern Plane,Region-SIFT(21/28),28,1,251.656860463581,258.623062639915,3.32831760001136
133,6,1,6,2,3,110,7.5,1561.08881154517,312.028490718019,10,1561,312,9.7577411174268,-0.242258882573196,0.242258882573196,valid,,,Shared Pattern Plane,Region-SIFT(21/28),28,1,232.627820786976,237.197462428507,3.2848626000341
134,6,1,6,2,4,112.5,7.5,1579.46998970905,312.214049997096,10,1579,312,9.31068572500198,-0.689314274998019,0.689314274998019,valid,,,Shared Pattern Plane,Region-SIFT(21/28),28,1,217.492651486271,222.000629925806,3.37558749999152
135,6,1,6,2,5,115,7.5,1597.92280693198,312.400332477485,10,1598,312,9.30995340798004,-0.690046592019955,0.690046592019955,valid,,,Shared Pattern Plane,Region-SIFT(21/28),28,1,237.624384579331,243.485525952233,3.48446260002675
136,6,1,6,3,1,105,10,1523.42620740398,329.137929648871,10,1523,329,9.31652901156258,-0.683470988437415,0.683470988437415,valid,,,Shared Pattern Plane,Region-SIFT(21/28),28,1,270.817892488348,277.509956468089,3.22316320001846
137,6,1,6,3,2,107.5,10,1541.63107544805,329.35553348839,10,1542,329,9.76239807766512,-0.237601922334878,0.237601922334878,valid,,,Shared Pattern Plane,Region-SIFT(21/28),28,1,340.996350971605,355.43575499307,3.30161640001461
138,6,1,6,3,3,110,10,1559.90649521932,329.573980636781,10,1560,330,9.77368124717704,-0.226318752822962,0.226318752822962,valid,,,Shared Pattern Plane,Region-SIFT(21/28),28,1,301.090948920275,313.785457015106,3.33911229996011
139,6,1,6,3,4,112.5,10,1578.25287764167,329.79327600584,10,1578,330,9.33826824005253,-0.661731759947468,0.661731759947468,valid,,,Shared Pattern Plane,Region-SIFT(21/28),28,1,228.240242419167,235.121490508549,3.30295720003778
140,6,1,6,3,5,115,10,1596.67063683639,330.013424545583,10,1597,330,9.32494081885967,-0.675059181140332,0.675059181140332,valid,,,Shared Pattern Plane,Region-SIFT(21/28),28,1,248.649663859574,253.587655295708,3.40016600000672
141,6,1,6,4,1,105,12.5,1522.3166126607,346.554991900846,10,1522,347,9.33182494121349,-0.668175058786511,0.668175058786511,valid,,,Shared Pattern Plane,Region-SIFT(21/28),28,1,280.418357343522,284.054025914772,3.26218739995966
142,6,1,6,4,2,107.5,12.5,1540.48733087331,346.805837977212,10,1540,347,9.3415366841979,-0.658463315802104,0.658463315802104,valid,,,Shared Pattern Plane,Region-SIFT(21/28),28,1,331.115738423665,343.918913075087,3.23657660000026
143,6,1,6,4,3,110,12.5,1558.72834441737,347.057654477964,10,1559,347,9.35257885988465,-0.64742114011535,0.64742114011535,valid,,,Shared Pattern Plane,Region-SIFT(21/28),28,1,282.910137275413,291.819489034283,3.3369679999887
144,6,1,6,4,4,112.5,12.5,1577.04006200076,347.3104470453,10,1577,347,9.7631111672458,-0.236888832754202,0.236888832754202,valid,,,Shared Pattern Plane,Region-SIFT(21/28),28,1,268.841405701007,277.108100571574,3.4665458999807
145,6,1,6,4,5,115,12.5,1595.42289550589,347.564221365241,10,1595,348,9.34010372271138,-0.659896277288619,0.659896277288619,valid,,,Shared Pattern Plane,Region-SIFT(21/28),28,1,261.692611155434,269.372160536645,3.44759300001897
146,6,1,6,5,1,105,15,1521.21090534247,363.911034105232,10,1521,364,9.79542539989983,-0.204574600100168,0.204574600100168,valid,,,Shared Pattern Plane,Region-SIFT(21/28),28,1,226.850207298521,230.505559159731,3.33192490000511
147,6,1,6,5,2,107.5,15,1539.34760108865,364.194888134418,10,1539,364,9.35592564676389,-0.644074353236105,0.644074353236105,valid,,,Shared Pattern Plane,Region-SIFT(21/28),28,1,286.514223393435,294.588979297601,3.36842170002637
148,6,1,6,5,3,110,15,1557.55433716414,364.479838351683,10,1558,364,9.36685888303999,-0.633141116960013,0.633141116960013,valid,,,Shared Pattern Plane,Region-SIFT(21/28),28,1,206.252217617741,210.15861936954,3.3893117000116
149,6,1,6,5,4,112.5,15,1575.83152007671,364.765891119205,10,1576,365,9.80393749450029,-0.196062505499711,0.196062505499711,valid,,,Shared Pattern Plane,Region-SIFT(21/28),28,1,187.777664874849,191.944445640945,3.37781129998621
150,6,1,6,5,5,115,15,1594.17955948599,365.05305284849,10,1594,365,9.36740102257662,-0.632598977423376,0.632598977423376,valid,,,Shared Pattern Plane,Region-SIFT(21/28),28,1,247.168820444743,253.915292340172,3.41724739997881
151,7,2,1,1,1,5,25,849.140897219849,417.391782000661,9.5,849,417,9.88338545617106,0.383385456171062,0.383385456171062,valid,,,Shared Pattern Plane,Region-SIFT(21/28),28,1,176.011045593686,183.562218356049,3.36232990003191
152,7,2,1,1,2,7.5,25,864.675790234484,417.748684802274,9.5,865,418,9.88389957723408,0.383899577234079,0.383899577234079,valid,,,Shared Pattern Plane,Region-SIFT(21/28),28,1,174.911889309353,177.361792542511,3.38314540003194
153,7,2,1,1,3,10,25,880.266013268891,418.106858770612,9.5,880,418,9.88342849282809,0.383428492828088,0.383428492828088,valid,,,Shared Pattern Plane,Region-SIFT(21/28),28,1,210.676152699587,215.948860331596,3.35142650001217
154,7,2,1,1,4,12.5,25,895.91186245057,418.466310708987,9.5,896,418,9.88287755456754,0.382877554567544,0.382877554567544,valid,,,Shared Pattern Plane,Region-SIFT(21/28),28,1,203.599885292659,209.134348956742,3.24891100003151
155,7,2,1,1,5,15,25,911.613636023969,418.827047469347,9.5,912,419,9.41416907127188,-0.0858309287281198,0.0858309287281198,valid,,,Shared Pattern Plane,Region-SIFT(21/28),28,1,153.128960408105,155.753028171129,3.26488479995169
156,7,2,1,2,1,5,27.5,849.208610428122,433.263563870433,9.5,849,433,9.89897949299616,0.398979492996157,0.398979492996157,valid,,,Shared Pattern Plane,Region-SIFT(21/28),28,1,167.840375772607,172.060881330526,3.62338639999507
157,7,2,1,2,2,7.5,27.5,864.718514173114,433.648058902927,9.5,865,434,9.8994758144815,0.399475814481503,0.399475814481503,valid,,,Shared Pattern Plane,Region-SIFT(21/28),28,1,186.872008841378,192.397781052763,3.33150699996622
158,7,2,1,2,3,10,27.5,880.283569488354,434.033921158915,9.5,880,434,9.91349448349654,0.413494483496535,0.413494483496535,valid,,,Shared Pattern Plane,Region-SIFT(21/28),28,1,244.422594026031,250.925839299311,3.3623263000045
159,7,2,1,2,4,12.5,27.5,895.904071067481,434.421157943939,9.5,896,434,9.44168826628358,-0.0583117337164243,0.0583117337164243,valid,,,Shared Pattern Plane,Region-SIFT(21/28),28,1,217.578243587635,223.499286438291,3.23830149997957
160,7,2,1,2,5,15,27.5,911.58031570741,434.80977661568,9.5,912,435,9.42883638129323,-0.0711636187067715,0.0711636187067715,valid,,,Shared Pattern Plane,Region-SIFT(21/28),28,1,122.506358264741,124.733556947042,3.38008089998038
161,7,2,1,3,1,5,30,849.276105482984,449.084211206257,9.5,849,449,9.45683689874405,-0.0431631012559546,0.0431631012559546,valid,,,Shared Pattern Plane,Region-SIFT(21/28),28,1,192.071867398862,197.293619102573,3.63458800001536
162,7,2,1,3,2,7.5,30,864.761100223019,449.496118810825,9.5,865,449,9.92929678760731,0.429296787607308,0.429296787607308,valid,,,Shared Pattern Plane,Region-SIFT(21/28),28,1,216.483708990188,222.004091508422,3.487230299972
163,7,2,1,3,3,10,30,880.301068945685,449.909488747275,9.5,880,450,9.91463692539441,0.414636925394413,0.414636925394413,valid,,,Shared Pattern Plane,Region-SIFT(21/28),28,1,193.678755458448,197.855642201705,3.84788639994804
164,7,2,1,3,4,12.5,30,895.896304920004,450.324328816691,9.5,896,450,9.91405219264681,0.414052192646814,0.414052192646814,valid,,,Shared Pattern Plane,Region-SIFT(21/28),28,1,164.944667439234,168.408890251662,3.28296509996289
165,7,2,1,3,5,15,30,911.54710350471,450.740646875744,9.5,912,451,9.44355391202167,-0.0564460879783333,0.0564460879783333,valid,,,Shared Pattern Plane,Region-SIFT(21/28),28,1,131.665415350092,135.490268922181,3.36682410002686
166,7,2,1,4,1,5,32.5,849.343383436986,464.853970722903,9.5,849,465,9.94626516430873,0.446265164308732,0.446265164308732,valid,,,Shared Pattern Plane,Region-SIFT(21/28),28,1,191.533549616577,193.557403950306,3.6016902999836
167,7,2,1,4,2,7.5,32.5,864.803549050664,465.29311254555,9.5,865,465,9.94507979396504,0.445079793965043,0.445079793965043,valid,,,Shared Pattern Plane,Region-SIFT(21/28),28,1,143.043674520967,143.425947171588,3.33869379997486
168,7,2,1,4,3,10,32.5,880.318511915723,465.733810869301,9.5,880,466,9.93031015256308,0.430310152563075,0.430310152563075,valid,,,Shared Pattern Plane,Region-SIFT(21/28),28,1,160.000187669986,163.041885919928,3.4837895000237
169,7,2,1,4,4,12.5,32.5,895.888563885734,466.176073984178,9.5,896,466,9.91573488867838,0.415734888678376,0.415734888678376,valid,,,Shared Pattern Plane,Region-SIFT(21/28),28,1,154.641398757854,155.149115699284,3.19401300000027
170,7,2,1,4,5,15,32.5,911.513998890527,466.619910239178,9.5,912,467,9.45832491231607,-0.0416750876839327,0.0416750876839327,valid,,,Shared Pattern Plane,Region-SIFT(21/28),28,1,126.694648071572,128.779599889661,3.17308630002663
171,7,2,1,5,1,5,35,849.410445335917,480.573087550554,9.5,849,481,9.94618764860039,0.446187648600393,0.446187648600393,valid,,,Shared Pattern Plane,Region-SIFT(21/28),28,1,170.982226543326,174.284572947447,3.572268500051
172,7,2,1,5,2,7.5,35,864.845861318225,481.039286530899,9.5,865,481,9.47088949308482,-0.0291105069151758,0.0291105069151758,valid,,,Shared Pattern Plane,Region-SIFT(21/28),28,1,192.424822288594,196.889689722642,3.30216580000706
173,7,2,1,5,3,10,35,880.335898671533,481.507135251524,9.5,880,482,9.47198015144123,-0.0280198485587686,0.0280198485587686,valid,,,Shared Pattern Plane,Region-SIFT(21/28),28,1,205.791117613656,210.390047090682,3.32579890004126
174,7,2,1,5,4,12.5,35,895.880847843055,481.976642484863,9.5,896,482,9.94542869090399,0.445428690903992,0.445428690903992,valid,,,Shared Pattern Plane,Region-SIFT(21/28),28,1,141.758994448626,142.83809038713,3.38035269995453
175,7,2,1,5,5,15,35,911.481001342918,482.447817065659,9.5,911,482,9.94483421554791,0.444834215547914,0.444834215547914,valid,,,Shared Pattern Plane,Region-SIFT(21/28),28,1,111.224785789106,112.092475083983,3.39350840001134
176,8,2,2,1,1,25,25,974.986014284033,420.282981496352,9,975,420,8.94739185638208,-0.0526081436179187,0.0526081436179187,valid,,,Shared Pattern Plane,Region-SIFT(21/28),28,1,131.705209400036,132.150633737331,3.4888934000046
177,8,2,2,1,2,27.5,25,990.971958914126,420.650246878839,9,991,421,8.94904202897229,-0.0509579710277084,0.0509579710277084,valid,,,Shared Pattern Plane,Region-SIFT(21/28),28,1,145.423984728415,148.34050520344,3.24806020001415
178,8,2,2,1,3,30,25,1007.01566293428,421.018839241056,9,1007,421,8.47148602415232,-0.528513975847684,0.528513975847684,valid,,,Shared Pattern Plane,Region-SIFT(21/28),28,1,130.766123729282,132.817500596726,3.32248729997082
179,8,2,2,1,4,32.5,25,1023.11743994984,421.388765787855,9,1023,421,8.95059709973133,-0.0494029002686673,0.0494029002686673,valid,,,Shared Pattern Plane,Region-SIFT(21/28),28,1,116.957208979067,120.292271050579,3.2012473999639
180,8,2,2,1,5,35,25,1039.27760584055,421.760033776343,9,1039,422,8.95218390213395,-0.0478160978660505,0.0478160978660505,valid,,,Shared Pattern Plane,Region-SIFT(21/28),28,1,101.519243240104,103.098735538798,5.11108379997313
181,8,2,2,2,1,25,27.5,974.84873548653,436.378219174628,9,975,436,8.96106957843456,-0.0389304215654409,0.0389304215654409,valid,,,Shared Pattern Plane,Region-SIFT(21/28),28,1,127.2933569893,129.35697667066,4.34774019999895
182,8,2,2,2,2,27.5,27.5,990.80822232615,436.773859503019,9,991,437,8.96273683682209,-0.0372631631779115,0.0372631631779115,valid,,,Shared Pattern Plane,Region-SIFT(21/28),28,1,86.347362768587,87.4662146729773,5.25321019999683
183,8,2,2,2,3,30,27.5,1006.82527824385,437.170926985629,9,1007,437,8.9634989015276,-0.0365010984724012,0.0365010984724012,valid,,,Shared Pattern Plane,Region-SIFT(21/28),28,1,87.6890309934263,90.1801074065616,4.27288649999537
184,8,2,2,2,4,32.5,27.5,1022.90021529733,437.569429358457,9,1023,438,8.96510599277834,-0.0348940072216557,0.0348940072216557,valid,,,Shared Pattern Plane,Region-SIFT(21/28),28,1,72.2831350621723,72.5266973729844,3.84186230000341
185,8,2,2,2,5,35,27.5,1039.03334780373,437.969374413518,9,1039,438,8.96580935300924,-0.034190646990762,0.034190646990762,valid,,,Shared Pattern Plane,Region-SIFT(21/28),28,1,63.0263009073873,63.7368678038526,3.49722329998622
186,8,2,2,3,1,25,30,974.711905311882,452.42085811522,9,975,452,9.44479932251031,0.444799322510313,0.444799322510313,valid,,,Shared Pattern Plane,Region-SIFT(21/28),28,1,112.577249189407,113.740129313348,3.23883599997498
187,8,2,2,3,2,27.5,30,990.645021786034,452.844685953095,9,991,453,8.97646741901715,-0.0235325809828453,0.0235325809828453,valid,,,Shared Pattern Plane,Region-SIFT(21/28),28,1,93.6168985798245,93.9428999377048,3.29713769996306
188,8,2,2,3,3,30,30,1006.63551796531,453.270040116118,9,1007,453,8.97721422078348,-0.0227857792165249,0.0227857792165249,valid,,,Shared Pattern Plane,Region-SIFT(21/28),28,1,71.5487347996424,72.8254817381751,3.33541290002177
189,8,2,2,3,4,32.5,30,1022.68370436991,453.696928864262,9,1023,454,8.97878097445087,-0.0212190255491311,0.0212190255491311,valid,,,Shared Pattern Plane,Region-SIFT(21/28),28,1,62.7913087105625,63.2966710111666,3.24980089999735
190,8,2,2,3,5,35,30,1038.78989376467,454.125360517207,9,1039,454,8.97950057692606,-0.0204994230739395,0.0204994230739395,valid,,,Shared Pattern Plane,Region-SIFT(21/28),28,1,88.6750289046575,91.4003770364648,3.42810990003636
191,8,2,2,4,1,25,32.5,974.575521564546,468.411155734081,9,975,468,9.45950402129305,0.459504021293052,0.459504021293052,valid,,,Shared Pattern Plane,Region-SIFT(21/28),28,1,139.371401402812,140.904219003854,3.42060289997607
192,8,2,2,4,2,27.5,32.5,990.482354665675,468.862985025895,9,990,469,8.99021693820197,-0.00978306179802857,0.00978306179802857,valid,,,Shared Pattern Plane,Region-SIFT(21/28),28,1,128.902913232329,130.967175432229,3.48430820001522
193,8,2,2,4,3,30,32.5,1006.44637903181,469.316438820124,9,1006,469,8.99094868256861,-0.00905131743138909,0.00905131743138909,valid,,,Shared Pattern Plane,Region-SIFT(21/28),28,1,90.4504453767544,92.0591760178462,3.36018590000458
194,8,2,2,4,4,32.5,32.5,1022.46790365576,469.771525893623,9,1022,470,8.99248809755145,-0.00751190244855238,0.00751190244855238,valid,,,Shared Pattern Plane,Region-SIFT(21/28),28,1,90.7074180557614,92.0797647620543,3.37363630003529
195,8,2,2,4,5,35,32.5,1038.54723976024,470.22825508659,9,1039,470,8.99321302429754,-0.00678697570245745,0.00678697570245745,valid,,,Shared Pattern Plane,Region-SIFT(21/28),28,1,102.678939662913,103.413974344289,3.43786929995986
196,8,2,2,5,1,25,35,974.439582063285,484.349367770188,9,974,484,9.463280967041,0.463280967040999,0.463280967040999,valid,,,Shared Pattern Plane,Region-SIFT(21/28),28,1,185.231379862185,188.636140079105,3.23713229998248
197,8,2,2,5,2,27.5,35,990.320218354123,484.829013829258,9,990,485,9.00404831116268,0.00404831116267523,0.00404831116267523,valid,,,Shared Pattern Plane,Region-SIFT(21/28),28,1,131.123867782714,134.947837541675,3.35366209998028
198,8,2,2,5,3,30,35,1006.25785839658,485.31038158413,9,1006,485,9.00478112674127,0.00478112674127473,0.00478112674127473,valid,,,Shared Pattern Plane,Region-SIFT(21/28),28,1,100.176977745944,101.322237106238,3.32238980004331
199,8,2,2,5,4,32.5,35,1022.25280966607,485.793480321544,9,1022,486,9.00632379805448,0.00632379805448124,0.00632379805448124,valid,,,Shared Pattern Plane,Region-SIFT(21/28),28,1,117.733319562579,120.080640581247,3.51819150004303
200,8,2,2,5,5,35,35,1038.30538185333,486.278319395153,9,1038,486,9.47584818111484,0.475848181114845,0.475848181114845,valid,,,Shared Pattern Plane,Region-SIFT(21/28),28,1,107.815687021881,109.093931674936,3.4969715999905
201,9,2,3,1,1,45,25,1104.50855651757,423.258667144888,8.5,1105,423,8.49145354795983,-0.00854645204017324,0.00854645204017324,valid,,,Shared Pattern Plane,Region-SIFT(21/28),28,1,93.123082983683,94.8890289337308,3.67892690002918
202,9,2,3,1,2,47.5,25,1120.96548604349,423.636753060782,8.5,1121,424,8.49361201334901,-0.00638798665098861,0.00638798665098861,valid,,,Shared Pattern Plane,Region-SIFT(21/28),28,1,97.9899212372997,100.42916811972,3.45006280002417
203,9,2,3,1,3,50,25,1137.4827486585,424.016225085258,8.5,1137,424,8.49489144642138,-0.00510855357862461,0.00510855357862461,valid,,,Shared Pattern Plane,Region-SIFT(21/28),28,1,101.270204554664,104.797045176085,3.30862929997966
204,9,2,3,1,4,52.5,25,1154.06067675447,424.397090854775,8.5,1154,424,8.49630571775261,-0.00369428224739465,0.00369428224739465,valid,,,Shared Pattern Plane,Region-SIFT(21/28),28,1,100.467717136908,100.942983198733,3.28136199997971
205,9,2,3,1,5,55,25,1170.6996051694,424.779358061993,8.5,1171,425,8.49838743229965,-0.00161256770035223,0.00161256770035223,valid,,,Shared Pattern Plane,Region-SIFT(21/28),28,1,88.8984318145368,89.5863412065385,3.47362030000659
206,9,2,3,2,1,45,27.5,1104.15419893611,439.5837392854,8.5,1104,440,8.50482666749842,0.00482666749841698,0.00482666749841698,valid,,,Shared Pattern Plane,Region-SIFT(21/28),28,1,92.2335464818137,93.3740559381455,3.26613409997663
207,9,2,3,2,2,47.5,27.5,1120.58310399209,439.991016628135,8.5,1121,440,8.97580663518408,0.475806635184082,0.475806635184082,valid,,,Shared Pattern Plane,Region-SIFT(21/28),28,1,95.8157517301973,96.3114395804958,4.67633810004918
208,9,2,3,2,3,50,27.5,1137.07213901557,440.399784610283,8.5,1137,440,8.50753950453875,0.00753950453874808,0.00753950453874808,valid,,,Shared Pattern Plane,Region-SIFT(21/28),28,1,120.983003567892,123.297865066949,4.31591100001242
209,9,2,3,2,4,52.5,27.5,1153.62163472627,440.810051430482,8.5,1154,441,8.50969474591622,0.00969474591621555,0.00969474591621555,valid,,,Shared Pattern Plane,Region-SIFT(21/28),28,1,97.1908404415877,98.1002163761585,3.61029229999986
210,9,2,3,2,5,55,27.5,1170.23192427365,441.221825347604,8.5,1170,441,8.51093762296905,0.0109376229690508,0.0109376229690508,valid,,,Shared Pattern Plane,Region-SIFT(21/28),28,1,93.7924771611653,95.8794610206184,3.55049470002996
211,9,2,3,3,1,45,30,1103.80101624803,455.854684690834,8.5,1104,456,8.51755641757352,0.0175564175735214,0.0175564175735214,valid,,,Shared Pattern Plane,Region-SIFT(21/28),28,1,94.1663347367887,96.335507178291,3.36160529998597
212,9,2,3,3,2,47.5,30,1120.20199206283,456.290957790947,8.5,1120,456,8.5188851952818,0.018885195281797,0.018885195281797,valid,,,Shared Pattern Plane,Region-SIFT(21/28),28,1,118.681751462139,122.168588148942,3.50219259998994
213,9,2,3,3,3,50,30,1136.66289574746,456.728824998498,8.5,1137,457,8.98570700177801,0.485707001778012,0.485707001778012,valid,,,Shared Pattern Plane,Region-SIFT(21/28),28,1,113.503162313895,115.18672709685,3.31719299999531
214,9,2,3,3,4,52.5,30,1153.18405636065,457.168295066594,8.5,1153,457,8.5261840072623,0.0261840072622981,0.0261840072622981,valid,,,Shared Pattern Plane,Region-SIFT(21/28),28,1,119.954921867229,122.417851517375,3.4163203999633
215,9,2,3,3,5,55,30,1169.76580537464,457.609376812541,8.5,1170,458,8.0592063430241,-0.440793656975901,0.440793656975901,valid,,,Shared Pattern Plane,Region-SIFT(21/28),28,1,119.828534427522,120.119522731199,3.58946250000736
216,9,2,3,4,1,45,32.5,1103.44900261983,472.071772106223,8.5,1103,472,8.53026501915591,0.0302650191559124,0.0302650191559124,valid,,,Shared Pattern Plane,Region-SIFT(21/28),28,1,121.174781670646,123.675602786545,3.6153194999788
217,9,2,3,4,2,47.5,32.5,1119.82214393796,472.536846756816,8.5,1120,473,8.53244987708746,0.0324498770874584,0.0324498770874584,valid,,,Shared Pattern Plane,Region-SIFT(21/28),28,1,117.978385044784,120.323935106351,3.48089320003055
218,9,2,3,4,3,50,32.5,1136.25501204524,473.0036179307,8.5,1136,473,8.53369237642037,0.0336923764203654,0.0336923764203654,valid,,,Shared Pattern Plane,Region-SIFT(21/28),28,1,133.502275540589,135.514131520754,3.70455009996658
219,9,2,3,4,4,52.5,32.5,1152.74793435052,473.472094927836,8.5,1153,473,8.53106432954125,0.0310643295412483,0.0310643295412483,valid,,,Shared Pattern Plane,Region-SIFT(21/28),28,1,135.751319319609,136.126821133266,6.40450109995436
220,9,2,3,4,5,55,32.5,1169.30124066009,473.942287116281,8.5,1169,474,8.53700202816432,0.0370020281643235,0.0370020281643235,valid,,,Shared Pattern Plane,Region-SIFT(21/28),28,1,96.8304824738275,96.9931244017883,5.93150599999353
221,9,2,3,5,1,45,35,1103.09815225662,488.235268500406,8.5,1103,488,8.54308049064923,0.0430804906492313,0.0430804906492313,valid,,,Shared Pattern Plane,Region-SIFT(21/28),28,1,113.960236245615,116.222125159425,4.26022489997558
222,9,2,3,5,2,47.5,35,1119.44355334153,488.728951944239,8.5,1119,489,8.5451559365927,0.0451559365926997,0.0451559365926997,valid,,,Shared Pattern Plane,Region-SIFT(21/28),28,1,98.9549979961738,99.4876666261478,3.85594389995094
223,9,2,3,5,3,50,35,1135.84848114511,489.224433285554,8.5,1136,489,8.54646326604453,0.0464632660445279,0.0464632660445279,valid,,,Shared Pattern Plane,Region-SIFT(21/28),28,1,117.94540936354,118.48673118708,5.43962919997284
224,9,2,3,5,4,52.5,35,1152.31326143737,489.72172236365,8.5,1152,490,8.54848989703652,0.0484898970365215,0.0484898970365215,valid,,,Shared Pattern Plane,Region-SIFT(21/28),28,1,101.7964209713,102.189624099841,3.52108390000649
225,9,2,3,5,5,55,35,1168.83822236975,490.22082908975,8.5,1169,490,8.5497615703297,0.0497615703297036,0.0497615703297036,valid,,,Shared Pattern Plane,Region-SIFT(21/28),28,1,121.917880265675,122.052844095573,3.40993490000255
226,10,2,4,1,1,65,25,1237.87210566366,426.322597117142,8,1238,426,8.04393193108801,0.0439319310880109,0.0439319310880109,valid,,,Shared Pattern Plane,Region-SIFT(21/28),28,1,126.180090485426,128.279671047106,3.34234420000575
227,10,2,4,1,2,67.5,25,1254.82114545088,426.711988906259,8,1255,427,8.04663388017873,0.0466338801787263,0.0466338801787263,valid,,,Shared Pattern Plane,Region-SIFT(21/28),28,1,124.747966751724,126.965081589767,3.30946560000302
228,10,2,4,1,3,70,25,1271.83324723431,427.102829498603,8,1272,427,8.048598723054,0.048598723053999,0.048598723053999,valid,,,Shared Pattern Plane,Region-SIFT(21/28),28,1,118.638527517975,120.074242220675,3.56744489999255
229,10,2,4,1,4,72.5,25,1288.90876362043,427.495126995049,8,1289,427,8.05053458844359,0.0505345884435862,0.0505345884435862,valid,,,Shared Pattern Plane,Region-SIFT(21/28),28,1,132.516565123563,134.5717046868,3.35953969997354
230,10,2,4,1,5,75,25,1306.04804984937,427.888889556979,8,1306,428,8.05312607913795,0.0531260791379484,0.0531260791379484,valid,,,Shared Pattern Plane,Region-SIFT(21/28),28,1,164.87652941507,167.678630492768,3.32933540001977
231,10,2,4,2,1,65,27.5,1237.28777012014,442.88415930219,8,1237,443,8.05617670723426,0.0561767072342629,0.0561767072342629,valid,,,Shared Pattern Plane,Region-SIFT(21/28),28,1,127.535006871299,130.689319920429,3.32887869997649
232,10,2,4,2,2,67.5,27.5,1254.20711271368,443.303594734365,8,1254,443,8.05813274990947,0.0581327499094666,0.0581327499094666,valid,,,Shared Pattern Plane,Region-SIFT(21/28),28,1,187.383802322105,191.043220057249,4.39218670001719
233,10,2,4,2,3,70,27.5,1271.18930033522,443.724588113095,8,1271,444,8.06081828542606,0.0608182854260608,0.0608182854260608,valid,,,Shared Pattern Plane,Region-SIFT(21/28),28,1,151.270897399559,155.518979517971,4.07755859999452
234,10,2,4,2,4,72.5,27.5,1288.23468378265,444.147148134759,8,1288,444,8.06272780924982,0.0627278092498198,0.0627278092498198,valid,,,Shared Pattern Plane,Region-SIFT(21/28),28,1,124.067106378142,127.60084113658,3.40416889998596
235,10,2,4,2,5,75,27.5,1305.34361646953,444.571283560583,8,1305,445,8.06531180829755,0.0653118082975475,0.0653118082975475,valid,,,Shared Pattern Plane,Region-SIFT(21/28),28,1,119.084103558808,119.981140818037,3.36477499996545
236,10,2,4,3,1,65,30,1236.70540060567,459.389999201201,8,1237,459,8.06790040314744,0.0679004031474442,0.0679004031474442,valid,,,Shared Pattern Plane,Region-SIFT(21/28),28,1,118.281025417267,119.23748084283,3.5067657000036
237,10,2,4,3,2,67.5,30,1253.59514974666,459.839273884675,8,1254,460,8.07056315247868,0.0705631524786803,0.0705631524786803,valid,,,Shared Pattern Plane,Region-SIFT(21/28),28,1,117.425690425893,119.829184947513,3.54292680002982
238,10,2,4,3,3,70,30,1270.54752806486,460.290214531541,8,1271,460,8.07248396281508,0.0724839628150775,0.0724839628150775,valid,,,Shared Pattern Plane,Region-SIFT(21/28),28,1,138.366348192679,141.488901775538,3.32446989999153
239,10,2,4,3,4,72.5,30,1287.56288456186,460.742830425393,8,1288,461,8.0750742103529,0.0750742103528967,0.0750742103528967,valid,,,Shared Pattern Plane,Region-SIFT(21/28),28,1,147.253646432281,150.808392338247,3.35245940001914
240,10,2,4,3,5,75,30,1304.64157083719,461.197130918933,8,1305,461,8.07695241492455,0.0769524149245537,0.0769524149245537,valid,,,Shared Pattern Plane,Region-SIFT(21/28),28,1,101.146639833753,101.384598604563,3.40523030003533
241,10,2,4,4,1,65,32.5,1236.12498721469,475.840397562919,8,1236,476,7.61522946895743,-0.384770531042573,0.384770531042573,valid,,,Shared Pattern Plane,Region-SIFT(21/28),28,1,127.767816752479,130.432544343691,3.32323290000204
242,10,2,4,4,2,67.5,32.5,1252.98524610233,476.31930865632,8,1253,476,8.08217774383176,0.0821777438317621,0.0821777438317621,valid,,,Shared Pattern Plane,Region-SIFT(21/28),28,1,148.579939163047,152.599365568976,4.20121139998082
243,10,2,4,4,3,70,32.5,1269.90791942609,476.799992614898,8,1270,477,8.08539183166556,0.0853918316655591,0.0853918316655591,valid,,,Shared Pattern Plane,Region-SIFT(21/28),28,1,167.603330266539,170.053213710224,3.39216640003724
244,10,2,4,4,4,72.5,32.5,1286.89335440357,477.282459301274,8,1287,477,8.08669405379102,0.0866940537910246,0.0866940537910246,valid,,,Shared Pattern Plane,Region-SIFT(21/28),28,1,138.398433881083,140.247783256559,3.44916590000503
245,10,2,4,4,5,75,32.5,1303.94190083261,477.766718651362,8,1304,478,8.0892596712223,0.0892596712223028,0.0892596712223028,valid,,,Shared Pattern Plane,Region-SIFT(21/28),28,1,124.843733231983,125.843386882938,3.2584517999785
246,10,2,4,5,1,65,35,1235.54652010808,492.235633253231,8,1236,492,8.09208251910143,0.0920825191014316,0.0920825191014316,valid,,,Shared Pattern Plane,Region-SIFT(21/28),28,1,104.295972421939,104.787765867744,3.28450589999557
247,10,2,4,5,2,67.5,35,1252.37739140336,492.743979451687,8,1252,493,7.62937991719861,-0.370620082801391,0.370620082801391,valid,,,Shared Pattern Plane,Region-SIFT(21/28),28,1,161.105495390816,162.771437640482,3.39627050003037
248,10,2,4,5,3,70,35,1269.27046349584,493.254204313359,8,1269,493,8.09646445266314,0.0964644526631382,0.0964644526631382,valid,,,Shared Pattern Plane,Region-SIFT(21/28),28,1,171.908182127514,175.857124366888,3.48936230002437
249,10,2,4,5,4,72.5,35,1286.22608183121,493.766318271813,8,1286,494,7.63647532675101,-0.36352467324899,0.36352467324899,valid,,,Shared Pattern Plane,Region-SIFT(21/28),28,1,155.805421010275,160.426810766607,3.39675500005251
250,10,2,4,5,5,75,35,1303.24459441796,494.280331838019,8,1303,494,8.10087336900713,0.100873369007127,0.100873369007127,valid,,,Shared Pattern Plane,Region-SIFT(21/28),28,1,148.11253351484,150.114711247829,3.39744940004312
251,11,2,5,1,1,85,25,1375.2500915622,429.478755836804,7.5,1375,429,7.14730827697577,-0.352691723024229,0.352691723024229,valid,,,Shared Pattern Plane,Region-SIFT(21/28),28,1,172.076582858171,173.21854411729,3.41418959997827
252,11,2,5,1,2,87.5,25,1392.71364952604,429.879968304605,7.5,1393,430,7.15682054270423,-0.343179457295767,0.343179457295767,valid,,,Shared Pattern Plane,Region-SIFT(21/28),28,1,142.950100167592,145.604517834591,3.19111409998732
253,11,2,5,1,3,90,25,1410.24316547986,430.28269610897,7.5,1410,430,7.61102804887352,0.11102804887352,0.11102804887352,valid,,,Shared Pattern Plane,Region-SIFT(21/28),28,1,120.320040362726,121.069300962816,3.41218919999665
254,11,2,5,1,4,92.5,25,1427.83901380505,430.686947851039,7.5,1428,431,7.61430604816682,0.11430604816682,0.11430604816682,valid,,,Shared Pattern Plane,Region-SIFT(21/28),28,1,159.806253527081,164.901587974332,3.35059640003601
255,11,2,5,1,5,95,25,1445.50157172175,431.092732197168,7.5,1446,431,7.61686362079509,0.116863620795087,0.116863620795087,valid,,,Shared Pattern Plane,Region-SIFT(21/28),28,1,170.315822347005,174.464189082253,3.31829979998292
256,11,2,5,2,1,85,27.5,1374.42200080888,446.283756833654,7.5,1374,446,8.07331635907648,0.573316359076479,0.573316359076479,valid,,,Shared Pattern Plane,Region-SIFT(21/28),28,1,194.165808384002,198.495310695245,3.51447389996611
257,11,2,5,2,2,87.5,27.5,1391.85407417208,446.715903010988,7.5,1392,447,8.07588237162997,0.575882371629969,0.575882371629969,valid,,,Shared Pattern Plane,Region-SIFT(21/28),28,1,170.287223938029,173.516802549806,3.29011910001282
258,11,2,5,2,3,90,27.5,1409.35187357348,447.149678555958,7.5,1409,447,7.62213595081128,0.122135950811281,0.122135950811281,valid,,,Shared Pattern Plane,Region-SIFT(21/28),28,1,151.696193565389,154.042415266023,3.45762999996077
259,11,2,5,2,4,92.5,27.5,1426.91577143619,447.585092701042,7.5,1427,448,7.16887693059094,-0.331123069409064,0.331123069409064,valid,,,Shared Pattern Plane,Region-SIFT(21/28),28,1,124.685610882694,127.97518672983,4.14917660003994
260,11,2,5,2,5,95,27.5,1444.54614300235,448.0221547486,7.5,1445,448,7.62796712411986,0.127967124119856,0.127967124119856,valid,,,Shared Pattern Plane,Region-SIFT(21/28),28,1,159.939554146863,165.138830176028,3.92075749998912
261,11,2,5,3,1,85,30,1373.59673800289,463.031368398937,7.5,1374,463,7.17249934220861,-0.327500657791386,0.327500657791386,valid,,,Shared Pattern Plane,Region-SIFT(21/28),28,1,189.330711344563,192.678083414884,3.43619310000213
262,11,2,5,3,2,87.5,30,1390.9974398001,463.494234645612,7.5,1391,463,8.08731410236163,0.587314102361631,0.587314102361631,valid,,,Shared Pattern Plane,Region-SIFT(21/28),28,1,209.17913141402,214.729611085298,3.24999179999577
263,11,2,5,3,3,90,30,1408.46363690431,463.958843095979,7.5,1408,464,7.63334396253099,0.133343962530992,0.133343962530992,valid,,,Shared Pattern Plane,Region-SIFT(21/28),28,1,149.997142903767,152.496456499876,3.42230690002907
264,11,2,5,3,4,92.5,30,1425.99569979397,464.425203604927,7.5,1426,464,7.63588466915433,0.135884669154328,0.135884669154328,valid,,,Shared Pattern Plane,Region-SIFT(21/28),28,1,107.502994026457,109.03389469055,3.28903849999188
265,11,2,5,3,5,95,30,1443.59400174699,464.893326101811,7.5,1444,465,7.63909620573804,0.139096205738041,0.139096205738041,valid,,,Shared Pattern Plane,Region-SIFT(21/28),28,1,119.02512814103,121.663967687331,3.30093050003052
266,11,2,5,4,1,85,32.5,1372.77428868267,479.721884010708,7.5,1373,480,7.63897343646895,0.138973436468949,0.138973436468949,valid,,,Shared Pattern Plane,Region-SIFT(21/28),28,1,181.659447636175,185.055035004595,3.35308820003411
267,11,2,5,4,2,87.5,32.5,1390.14373134233,480.215258331431,7.5,1390,480,7.64145605361141,0.141456053611413,0.141456053611413,valid,,,Shared Pattern Plane,Region-SIFT(21/28),28,1,189.084091750655,193.381810307227,3.29788920003921
268,11,2,5,4,3,90,32.5,1407.57843978979,480.710486509204,7.5,1408,481,7.64469594239309,0.144695942393091,0.144695942393091,valid,,,Shared Pattern Plane,Region-SIFT(21/28),28,1,134.443801310706,136.060446026153,3.56243000004906
269,11,2,5,4,4,92.5,32.5,1425.07878257235,481.207579012514,7.5,1425,481,7.64711479628919,0.147114796289185,0.147114796289185,valid,,,Shared Pattern Plane,Region-SIFT(21/28),28,1,92.7616219757726,94.9257545832905,3.3405894000316
270,11,2,5,4,5,95,32.5,1442.64513101742,481.706546388813,7.5,1443,482,7.65027743052374,0.150277430523736,0.150277430523736,valid,,,Shared Pattern Plane,Region-SIFT(21/28),28,1,106.579995403088,106.992112068246,3.56173319998197
271,11,2,5,5,1,85,35,1371.9546384851,496.355595149376,7.5,1372,496,7.649610269861,0.149610269860998,0.149610269860998,valid,,,Shared Pattern Plane,Region-SIFT(21/28),28,1,153.89547904282,156.981665685969,3.37495520000812
272,11,2,5,5,2,87.5,35,1389.29293383371,496.8792671788,7.5,1389,497,7.65276060295278,0.152760602952781,0.152760602952781,valid,,,Shared Pattern Plane,Region-SIFT(21/28),28,1,182.984174679448,186.433087104994,3.30989569996018
273,11,2,5,5,3,90,35,1406.69626665447,497.404903548105,7.5,1407,497,7.6553192421282,0.155319242128201,0.155319242128201,valid,,,Shared Pattern Plane,Region-SIFT(21/28),28,1,158.379164393491,160.810120277376,3.53045950003434
274,11,2,5,5,4,92.5,35,1424.16500357694,497.932515330678,7.5,1424,498,7.6583508405795,0.158350840579496,0.158350840579496,valid,,,Shared Pattern Plane,Region-SIFT(21/28),28,1,119.965646086294,121.392892936001,3.26638139999704
275,11,2,5,5,5,95,35,1441.69951399154,498.462113683293,7.5,1442,498,7.20231841115431,-0.29768158884569,0.29768158884569,valid,,,Shared Pattern Plane,Region-SIFT(21/28),28,1,105.868405467997,106.182138946012,3.26310910005122
276,12,2,6,1,1,105,25,1516.82654457941,432.731371266899,7,1517,433,6.26772433235355,-0.732275667646452,0.732275667646452,valid,,,Shared Pattern Plane,Region-SIFT(21/28),28,1,232.553690461255,237.798863973181,3.43091210001148
277,12,2,6,1,2,107.5,25,1534.82841001495,433.144950955034,7,1535,433,6.27263041441612,-0.727369585583881,0.727369585583881,valid,,,Shared Pattern Plane,Region-SIFT(21/28),28,1,178.552272517088,179.633905703177,3.37739819998387
278,12,2,6,1,3,110,25,1552.89930950717,433.560116650116,7,1553,434,6.74308144310293,-0.256918556897068,0.256918556897068,valid,,,Shared Pattern Plane,Region-SIFT(21/28),28,1,177.459799506172,180.547556342857,3.59645650000311
279,12,2,6,1,4,112.5,25,1571.03964091953,433.976877492766,7,1571,434,6.74776760232253,-0.252232397677474,0.252232397677474,valid,,,Shared Pattern Plane,Region-SIFT(21/28),28,1,171.983202090591,175.129002454609,3.3616337000276
280,12,2,6,1,5,115,25,1589.24980517873,434.395242693982,7,1589,434,6.73956691254516,-0.260433087454842,0.260433087454842,valid,,,Shared Pattern Plane,Region-SIFT(21/28),28,1,198.670983440157,202.333433108752,3.32696229999419
281,12,2,6,2,1,105,27.5,1515.73997131398,449.787070494057,7,1516,450,6.73212403795137,-0.267875962048628,0.267875962048628,valid,,,Shared Pattern Plane,Region-SIFT(21/28),28,1,180.540439842365,183.567342679261,3.44145350001054
282,12,2,6,2,2,107.5,27.5,1533.70844058205,450.232514082146,7,1534,450,6.73614779076854,-0.263852209231464,0.263852209231464,valid,,,Shared Pattern Plane,Region-SIFT(21/28),28,1,136.15471538463,139.339515860799,3.360732799978
283,12,2,6,2,3,110,27.5,1551.7456957234,450.679662892075,7,1552,451,6.27472994288828,-0.72527005711172,0.72527005711172,valid,,,Shared Pattern Plane,Region-SIFT(21/28),28,1,198.328792880326,202.381830141121,3.45912239997415
284,12,2,6,2,4,112.5,27.5,1569.85213247877,451.12852673437,7,1570,451,6.74470087540795,-0.255299124592052,0.255299124592052,valid,,,Shared Pattern Plane,Region-SIFT(21/28),28,1,182.105092210114,184.946362658215,3.3994692999986
285,12,2,6,2,5,115,27.5,1588.02814963042,451.579115494961,7,1588,452,6.76186340693332,-0.238136593066676,0.238136593066676,valid,,,Shared Pattern Plane,Region-SIFT(21/28),28,1,179.042695363363,183.237482997273,3.37146049999865
286,12,2,6,3,1,105,30,1514.65716522419,466.783637201838,7,1515,467,6.73137655863559,-0.268623441364412,0.268623441364412,valid,,,Shared Pattern Plane,Region-SIFT(21/28),28,1,203.790253705827,208.054773982479,3.35880019998876
287,12,2,6,3,2,107.5,30,1532.5923615153,467.26072123485,7,1533,467,6.74529275883276,-0.254707241167242,0.254707241167242,valid,,,Shared Pattern Plane,Region-SIFT(21/28),28,1,164.179549135481,166.285545464168,3.37959789996967
288,12,2,6,3,3,110,30,1550.5960968308,467.739628435762,7,1551,468,6.74985532007915,-0.250144679920849,0.250144679920849,valid,,,Shared Pattern Plane,Region-SIFT(21/28),28,1,178.703933365635,183.756250256635,3.5717518000165
289,12,2,6,3,4,112.5,30,1568.66876480376,468.220369275387,7,1569,468,6.76572592842993,-0.23427407157007,0.23427407157007,valid,,,Shared Pattern Plane,Region-SIFT(21/28),28,1,187.062641304763,189.424476446847,3.3628563999664
290,12,2,6,3,5,115,30,1586.81076208731,468.702954304869,7,1587,469,6.75825948815621,-0.241740511843793,0.241740511843793,valid,,,Shared Pattern Plane,Region-SIFT(21/28),28,1,184.896557950217,187.469981666314,3.36861470004078
291,12,2,6,4,1,105,32.5,1513.5781067526,483.721378378876,7,1514,484,6.75043945776807,-0.249560542231927,0.249560542231927,valid,,,Shared Pattern Plane,Region-SIFT(21/28),28,1,133.605368025845,135.532401255938,3.35793719999492
292,12,2,6,4,2,107.5,32.5,1531.48015257925,484.229881148502,7,1531,484,6.76471700605613,-0.235282993943871,0.235282993943871,valid,,,Shared Pattern Plane,Region-SIFT(21/28),28,1,179.593133789143,181.992482386884,3.47264389996417
293,12,2,6,4,3,110,32.5,1549.45049190637,484.740323776536,7,1549,485,6.75879298991816,-0.241207010081837,0.241207010081837,valid,,,Shared Pattern Plane,Region-SIFT(21/28),28,1,151.80215616428,152.763592795206,3.49637309997343
294,12,2,6,4,4,112.5,32.5,1567.48951627431,485.252717384577,7,1567,485,6.30695210921232,-0.693047890787676,0.693047890787676,valid,,,Shared Pattern Plane,Region-SIFT(21/28),28,1,157.520105640472,159.068881481841,3.31205050001154
295,12,2,6,4,5,115,32.5,1585.59762022218,485.767073179402,7,1586,486,6.76743094104434,-0.232569058955662,0.232569058955662,valid,,,Shared Pattern Plane,Region-SIFT(21/28),28,1,159.590275001021,161.737988238441,3.43699679995188
296,12,2,6,5,1,105,35,1512.50277647695,500.600598892482,7,1513,501,6.75969752305794,-0.240302476942061,0.240302476942061,valid,,,Shared Pattern Plane,Region-SIFT(21/28),28,1,158.027155014321,160.120780620898,3.489171800029
297,12,2,6,5,2,107.5,35,1530.37179367858,501.140300421015,7,1530,501,6.77386581414243,-0.22613418585757,0.22613418585757,valid,,,Shared Pattern Plane,Region-SIFT(21/28),28,1,130.207370005209,130.827187398455,3.32701749994885
298,12,2,6,5,3,110,35,1548.3088601723,501.682057256033,7,1548,502,6.76799453776624,-0.232005462233762,0.232005462233762,valid,,,Shared Pattern Plane,Region-SIFT(21/28),28,1,174.291762882818,176.03049814363,3.83105789998081
299,12,2,6,5,4,112.5,35,1566.31436542051,502.225881160549,7,1566,502,6.77192572284338,-0.228074277156618,0.228074277156618,valid,,,Shared Pattern Plane,Region-SIFT(21/28),28,1,173.370869252038,177.484385736356,5.45899710000958
300,12,2,6,5,5,115,35,1584.38870186329,502.771783987509,7,1584,503,6.7763777345076,-0.223622265492401,0.223622265492401,valid,,,Shared Pattern Plane,Region-SIFT(21/28),28,1,185.501586067361,187.246302907636,4.74174650001805
301,13,3,1,1,1,5,45,849.676553063151,542.94797582204,6.5,850,543,6.61091746578149,0.11091746578149,0.11091746578149,valid,,,Shared Pattern Plane,Region-SIFT(21/28),28,1,219.028017372051,221.811631155577,4.37794169998961
302,13,3,1,1,2,7.5,45,865.013757883006,543.520658316181,6.5,865,544,6.61602669257971,0.116026692579711,0.116026692579711,valid,,,Shared Pattern Plane,Region-SIFT(21/28),28,1,226.281575953771,229.187766685145,3.90503810002701
303,13,3,1,1,3,10,45,880.40488895261,544.09535438578,6.5,880,544,6.12801251520388,-0.37198748479612,0.37198748479612,valid,,,Shared Pattern Plane,Region-SIFT(21/28),28,1,274.94487059457,279.583305864241,3.49561780004296
304,13,3,1,1,4,12.5,45,895.850231183248,544.672074669261,6.5,896,545,7.13019689758809,0.630196897588091,0.630196897588091,valid,,,Shared Pattern Plane,Region-SIFT(21/28),28,1,242.557839686278,245.283254941528,3.43024189997232
305,13,3,1,1,5,15,45,911.350071496793,545.250829880123,6.5,911,545,7.11909454129238,0.619094541292381,0.619094541292381,valid,,,Shared Pattern Plane,Region-SIFT(21/28),28,1,180.901008756325,182.857476620919,3.68210199999157
306,13,3,1,2,1,5,47.5,849.742550140736,558.417501579085,6.5,850,558,6.61996957330181,0.119969573301811,0.119969573301811,valid,,,Shared Pattern Plane,Region-SIFT(21/28),28,1,169.757953105906,172.639181085445,4.30654140003026
307,13,3,1,2,2,7.5,47.5,865.055397135109,559.016374949275,6.5,865,559,7.10088586475497,0.600885864754973,0.600885864754973,valid,,,Shared Pattern Plane,Region-SIFT(21/28),28,1,209.923594064057,214.359397586685,3.56870990002062
308,13,3,1,2,3,10,47.5,880.421998672262,559.617350617242,6.5,880,560,7.12138367598732,0.621383675987317,0.621383675987317,valid,,,Shared Pattern Plane,Region-SIFT(21/28),28,1,207.692738725773,214.047750831968,3.42949279997265
309,13,3,1,2,4,12.5,47.5,895.842638301514,560.220439672376,6.5,896,560,6.63485101838104,0.134851018381043,0.134851018381043,valid,,,Shared Pattern Plane,Region-SIFT(21/28),28,1,195.260297454854,200.091881293032,3.35113080003066
310,13,3,1,2,5,15,47.5,911.317601569952,560.8256532822,6.5,911,561,6.63988658686473,0.139886586864733,0.139886586864733,valid,,,Shared Pattern Plane,Region-SIFT(21/28),28,1,146.175660693456,148.269480445567,3.30690109997522
311,13,3,1,3,1,5,50,849.808337299023,573.83782285465,6.5,850,574,6.62959213499319,0.129592134993191,0.129592134993191,valid,,,Shared Pattern Plane,Region-SIFT(21/28),28,1,205.134453287579,210.470554796528,3.30374239996308
312,13,3,1,3,2,7.5,50,865.096903712044,574.462717573332,6.5,865,574,6.63411098712196,0.134110987121961,0.134110987121961,valid,,,Shared Pattern Plane,Region-SIFT(21/28),28,1,202.749729170623,207.565626577963,3.51899320003577
313,13,3,1,3,3,10,50,880.439053779671,575.089802434757,6.5,880,575,6.63917735583734,0.139177355837337,0.139177355837337,valid,,,Shared Pattern Plane,Region-SIFT(21/28),28,1,194.699898549236,198.801087622041,3.28852860000916
314,13,3,1,3,4,12.5,50,895.835069697924,575.719088973217,6.5,896,576,6.64450716829961,0.144507168299606,0.144507168299606,valid,,,Shared Pattern Plane,Region-SIFT(21/28),28,1,198.165827818775,204.812175113371,3.34239339997293
315,13,3,1,3,5,15,50,911.285235647874,576.350588804141,6.5,911,576,7.13955663280737,0.639556632807371,0.639556632807371,valid,,,Shared Pattern Plane,Region-SIFT(21/28),28,1,190.511986467069,193.314257031813,3.24910549999913
316,13,3,1,4,1,5,52.5,849.873915537969,589.209174035691,6.5,850,589,6.63871823784352,0.13871823784352,0.13871823784352,valid,,,Shared Pattern Plane,Region-SIFT(21/28),28,1,162.838572396172,165.752715069853,3.41852589999326
317,13,3,1,4,2,7.5,52.5,865.138278246917,589.859921793641,6.5,865,590,6.64379629553715,0.143796295537149,0.143796295537149,valid,,,Shared Pattern Plane,Region-SIFT(21/28),28,1,208.917791956947,214.086998813951,3.55782929999987
318,13,3,1,4,3,10,52.5,880.456054535894,590.512946670401,6.5,880,591,6.64884497446542,0.148844974465416,0.148844974465416,valid,,,Shared Pattern Plane,Region-SIFT(21/28),28,1,203.86198301719,209.388368843215,3.34551010001451
319,13,3,1,4,4,12.5,52.5,895.827525256221,591.168260639177,6.5,896,591,6.18923821579067,-0.310761784209329,0.310761784209329,valid,,,Shared Pattern Plane,Region-SIFT(21/28),28,1,216.973184088046,221.714369194517,3.33187519997591
320,13,3,1,4,5,15,52.5,911.25297323165,591.825875757265,6.5,911,592,7.15015538089362,0.650155380893617,0.650155380893617,valid,,,Shared Pattern Plane,Region-SIFT(21/28),28,1,182.211788957081,186.7640698746,3.46669089997886
321,13,3,1,5,1,5,55,849.93928585119,604.531788022845,6.5,850,605,6.64846609712303,0.148466097123028,0.148466097123028,valid,,,Shared Pattern Plane,Region-SIFT(21/28),28,1,195.97987235589,200.783939943678,3.58191529999021
322,13,3,1,5,2,7.5,55,865.179521368811,605.208221718838,6.5,865,605,6.65293762013997,0.152937620139966,0.152937620139966,valid,,,Shared Pattern Plane,Region-SIFT(21/28),28,1,172.837979471116,175.79722710873,4.41346859995974
323,13,3,1,5,3,10,55,880.473001200327,605.887018649177,6.5,880,606,7.13638769439262,0.636387694392617,0.636387694392617,valid,,,Shared Pattern Plane,Region-SIFT(21/28),28,1,180.478397917369,184.449886086301,3.38323600002332
324,13,3,1,5,4,12.5,55,895.820004860887,606.568191220068,6.5,896,607,6.67833026610744,0.178330266107438,0.178330266107438,valid,,,Shared Pattern Plane,Region-SIFT(21/28),28,1,179.55044269259,181.805321019412,3.40495589998318
325,13,3,1,5,5,15,55,911.220813825558,607.251751924704,6.5,911,607,6.68209174233025,0.182091742330251,0.182091742330251,valid,,,Shared Pattern Plane,Region-SIFT(21/28),28,1,168.928947266574,173.409823674038,3.38822710001841
326,14,3,2,1,1,25,45,973.900223388371,547.586416932324,6,974,548,6.65032325056345,0.650323250563451,0.650323250563451,valid,,,Shared Pattern Plane,Region-SIFT(21/28),28,1,189.603421826337,190.909467249475,3.29583190003177
327,14,3,2,1,2,27.5,45,989.676929569489,548.17551015702,6,990,548,,,,failed,Region-SIFT 匹配失敗: ObjRatio 0.958151 exceeds 0.950000; ambiguous match,,,,28,,204.22337764962,205.082165056176,3.46951720002107
328,14,3,2,1,3,30,45,1005.50989859542,548.766704204301,6,1006,549,5.6953030959844,-0.304696904015597,0.304696904015597,valid,,,Shared Pattern Plane,Region-SIFT(21/28),28,1,158.358917274677,162.395800615109,3.28133840003284
329,14,3,2,1,4,32.5,45,1021.39943197037,549.360010332164,6,1021,549,6.66417515955116,0.66417515955116,0.66417515955116,valid,,,Shared Pattern Plane,Region-SIFT(21/28),28,1,131.271858312213,133.626514848419,3.20806730003096
330,14,3,2,1,5,35,45,1037.34583335669,549.955439879188,6,1037,550,6.18423331565603,0.184233315656026,0.184233315656026,valid,,,Shared Pattern Plane,Region-SIFT(21/28),28,1,120.315943018848,121.547692824794,3.30113579996396
331,14,3,2,2,1,25,47.5,973.766472891455,563.267979392205,6,974,563,5.19797180745702,-0.80202819254298,0.80202819254298,valid,,,Shared Pattern Plane,Region-SIFT(21/28),28,1,222.736782974162,229.226936211398,3.32437300001038
332,14,3,2,2,2,27.5,47.5,989.517408728316,563.883986071547,6,990,564,6.17624354197594,0.176243541975937,0.176243541975937,valid,,,Shared Pattern Plane,Region-SIFT(21/28),28,1,199.764508349303,204.622886754089,3.44578349997755
333,14,3,2,2,3,30,47.5,1005.32442444025,564.502185990577,6,1005,565,6.18173290259909,0.181732902599094,0.181732902599094,valid,,,Shared Pattern Plane,Region-SIFT(21/28),28,1,122.429343549032,123.127724389577,3.49273179995362
334,14,3,2,2,4,32.5,47.5,1021.18782006286,565.122590883454,6,1021,565,6.18702851580145,0.187028515801452,0.187028515801452,valid,,,Shared Pattern Plane,Region-SIFT(21/28),28,1,101.574091732944,101.975105683979,3.24150649999501
335,14,3,2,2,5,35,47.5,1037.10789777589,565.745212568186,6,1037,566,5.71394670627908,-0.286053293720925,0.286053293720925,valid,,,Shared Pattern Plane,Region-SIFT(21/28),28,1,132.282717225413,132.869369878435,3.23558099998627
336,14,3,2,3,1,25,50,973.633153847121,578.898956241024,6,974,579,6.17901336763257,0.179013367632573,0.179013367632573,valid,,,Shared Pattern Plane,Region-SIFT(21/28),28,1,336.925165779881,348.833660133276,3.37844430003315
337,14,3,2,3,2,27.5,50,989.358403382706,579.541699655892,6,989,580,5.70447919388675,-0.295520806113254,0.295520806113254,valid,,,Shared Pattern Plane,Region-SIFT(21/28),28,1,189.287294025522,193.172421223648,3.61833109997679
338,14,3,2,3,3,30,50,1005.13955071469,580.186727800199,6,1005,580,6.20032246571849,0.200322465718489,0.200322465718489,valid,,,Shared Pattern Plane,Region-SIFT(21/28),28,1,122.400620037664,123.604739136107,3.24170290003531
339,14,3,2,3,4,32.5,50,1020.97689441959,580.834052877764,6,1021,581,6.19561138874212,0.195611388742115,0.195611388742115,valid,,,Shared Pattern Plane,Region-SIFT(21/28),28,1,99.9416763058415,100.978432375529,3.35753140004817
340,14,3,2,3,5,35,50,1036.87073520418,581.483687179474,6,1037,581,6.20080894030518,0.20080894030518,0.20080894030518,valid,,,Shared Pattern Plane,Region-SIFT(21/28),28,1,106.384335007743,106.829730677656,3.36627140000928
341,14,3,2,4,1,25,52.5,973.500264171061,594.479591853354,6,974,594,5.69422430213308,-0.305775697866915,0.305775697866915,valid,,,Shared Pattern Plane,Region-SIFT(21/28),28,1,273.980195969879,280.714474565187,3.41906919999747
342,14,3,2,4,2,27.5,52.5,989.199911037932,595.148896572721,6,989,595,5.7117532354392,-0.288246764560803,0.288246764560803,valid,,,Shared Pattern Plane,Region-SIFT(21/28),28,1,182.442475675149,187.115033518071,3.48869909998029
343,14,3,2,4,3,30,52.5,1004.95527450782,595.820576592988,6,1005,596,6.19848011636544,0.198480116365444,0.198480116365444,valid,,,Shared Pattern Plane,Region-SIFT(21/28),28,1,161.191706204288,163.88039391932,3.5170868000132
344,14,3,2,4,4,32.5,52.5,1020.7666517076,596.49464458122,6,1021,596,6.21362915025153,0.213629150251528,0.213629150251528,valid,,,Shared Pattern Plane,Region-SIFT(21/28),28,1,137.691694981207,139.189273554376,3.30629400000907
345,14,3,2,4,5,35,52.5,1036.63434188064,597.171113294709,6,1037,597,6.2094658122009,0.209465812200897,0.209465812200897,valid,,,Shared Pattern Plane,Region-SIFT(21/28),28,1,98.1318960255416,98.3049772901208,3.76582590001635
346,14,3,2,5,1,25,55,973.367801792368,610.010129032234,6,973,610,6.19551247277398,0.19551247277398,0.19551247277398,valid,,,Shared Pattern Plane,Region-SIFT(21/28),28,1,186.609238990905,189.871928823589,3.30269619997125
347,14,3,2,5,2,27.5,55,989.041929215343,610.705820902081,6,989,611,6.20136681007958,0.201366810079576,0.201366810079576,valid,,,Shared Pattern Plane,Region-SIFT(21/28),28,1,166.887594959723,170.483627974504,3.47758359997533
348,14,3,2,5,3,30,55,1004.7715929275,611.403977734975,6,1005,611,6.2066210634327,0.206621063432704,0.206621063432704,valid,,,Shared Pattern Plane,Region-SIFT(21/28),28,1,171.928526095739,174.697854540349,3.25376210000832
349,14,3,2,5,4,32.5,55,1020.55708861547,612.104612654883,6,1021,612,6.70182295293427,0.70182295293427,0.70182295293427,valid,,,Shared Pattern Plane,Region-SIFT(21/28),28,1,170.132989134612,172.677334077369,3.34112950001145
350,14,3,2,5,5,35,55,1036.39871406867,612.80773887911,6,1036,613,6.21780798353338,0.217807983533384,0.217807983533384,valid,,,Shared Pattern Plane,Region-SIFT(21/28),28,1,131.532673615249,133.806864256603,3.21819779998623
351,15,3,3,1,1,45,45,1101.70626888687,552.358621891581,5.5,1102,552,6.20620369497496,0.706203694974964,0.706203694974964,valid,,,Shared Pattern Plane,Region-SIFT(21/28),28,1,194.890816529087,197.449744984238,3.27792659995612
352,15,3,3,1,2,47.5,45,1117.94164216619,552.964841484534,5.5,1118,553,5.72859739415057,0.228597394150572,0.228597394150572,valid,,,Shared Pattern Plane,Region-SIFT(21/28),28,1,163.530595458752,165.260847720532,3.3761727999663
353,15,3,3,1,3,50,45,1134.23575185001,553.573254261383,5.5,1134,554,5.25027011557884,-0.249729884421161,0.249729884421161,valid,,,Shared Pattern Plane,Region-SIFT(21/28),28,1,151.598826068797,152.155792836167,3.36069820000557
354,15,3,3,1,4,52.5,45,1150.58891726121,554.183872145462,5.5,1151,554,5.74105556148616,0.241055561486161,0.241055561486161,valid,,,Shared Pattern Plane,Region-SIFT(21/28),28,1,142.936178200333,143.399513252542,3.39765399997123
355,15,3,3,1,5,55,45,1167.00146004151,554.796707146692,5.5,1167,555,5.74726983523875,0.247269835238753,0.247269835238753,valid,,,Shared Pattern Plane,Region-SIFT(21/28),28,1,183.65884570369,184.551560688844,3.37036320002517
356,15,3,3,2,1,45,47.5,1101.36114925211,568.258106563103,5.5,1101,568,5.72947516147096,0.229475161470956,0.229475161470956,valid,,,Shared Pattern Plane,Region-SIFT(21/28),28,1,129.676919273598,130.003763613663,3.33212849998381
357,15,3,3,2,2,47.5,47.5,1117.56924651291,568.891992465215,5.5,1118,569,5.74207741141375,0.242077411413751,0.242077411413751,valid,,,Shared Pattern Plane,Region-SIFT(21/28),28,1,176.504856310446,181.149451152406,3.41845220001414
358,15,3,3,2,3,50,47.5,1133.83588505854,569.528167870812,5.5,1134,570,5.74245548070018,0.242455480700175,0.242455480700175,valid,,,Shared Pattern Plane,Region-SIFT(21/28),28,1,142.940358221972,144.519353020185,3.40372190001654
359,15,3,3,2,4,52.5,47.5,1150.1613826267,570.166645206364,5.5,1150,570,5.74822250788282,0.248222507882825,0.248222507882825,valid,,,Shared Pattern Plane,Region-SIFT(21/28),28,1,130.978534025112,132.523525893022,3.36714310001116
360,15,3,3,2,5,55,47.5,1166.54605925866,570.807436988431,5.5,1167,571,5.7548036647989,0.254803664798904,0.254803664798904,valid,,,Shared Pattern Plane,Region-SIFT(21/28),28,1,151.58743221293,152.880120328537,3.34069240000099
361,15,3,3,3,1,45,50,1101.01715890489,584.105565536806,5.5,1101,584,5.73708399394732,0.237083993947317,0.237083993947317,valid,,,Shared Pattern Plane,Region-SIFT(21/28),28,1,141.088767566378,142.568618998328,3.49405620002653
362,15,3,3,3,2,47.5,50,1117.19807159175,584.766933424961,5.5,1117,585,5.74339615435727,0.243396154357268,0.243396154357268,valid,,,Shared Pattern Plane,Region-SIFT(21/28),28,1,151.008715127006,153.272755455982,3.37831439997535
363,15,3,3,3,3,50,50,1133.43733141429,585.430686155222,5.5,1133,585,5.26270781801626,-0.23729218198374,0.23729218198374,valid,,,Shared Pattern Plane,Region-SIFT(21/28),28,1,123.845631846927,124.413573194192,3.71580870001344
364,15,3,3,3,4,52.5,50,1149.7352545355,586.096836650226,5.5,1150,586,5.27010904633381,-0.229890953666191,0.229890953666191,valid,,,Shared Pattern Plane,Region-SIFT(21/28),28,1,118.498654269163,119.64455942378,3.32090699998662
365,15,3,3,3,5,55,50,1166.09215940677,586.765397926144,5.5,1166,587,5.76203831435281,0.262038314352809,0.262038314352809,valid,,,Shared Pattern Plane,Region-SIFT(21/28),28,1,134.484775076468,135.128432776591,3.10999670001911
366,15,3,3,4,1,45,52.5,1100.67429231143,599.901253750402,5.5,1101,600,5.74471614914314,0.244716149143141,0.244716149143141,valid,,,Shared Pattern Plane,Region-SIFT(21/28),28,1,136.82242300195,137.635767040667,5.23795440001413
367,15,3,3,4,2,47.5,52.5,1116.82811141011,600.589920664391,5.5,1117,601,5.75102252476487,0.251022524764866,0.251022524764866,valid,,,Shared Pattern Plane,Region-SIFT(21/28),28,1,140.260744827513,143.635535083333,4.26064389996463
368,15,3,3,4,3,50,52.5,1133.04008445938,601.281066787876,5.5,1133,601,5.75683397901044,0.256833979010443,0.256833979010443,valid,,,Shared Pattern Plane,Region-SIFT(21/28),28,1,118.113760861896,118.454693084734,3.75601369998185
369,15,3,3,4,4,52.5,52.5,1149.31052605794,601.974705532775,5.5,1149,602,5.76307507009808,0.263075070098083,0.263075070098083,valid,,,Shared Pattern Plane,Region-SIFT(21/28),28,1,126.165868095115,129.259174859803,3.51758939999854
370,15,3,3,4,5,55,52.5,1165.63975307779,602.670850407923,5.5,1166,603,5.76963582389291,0.26963582389291,0.26963582389291,valid,,,Shared Pattern Plane,Region-SIFT(21/28),28,1,167.201660892951,169.048011894192,3.19782270002179
371,15,3,3,5,1,45,55,1100.33254397408,615.645424478643,5.5,1100,616,5.75202213588621,0.252022135886214,0.252022135886214,valid,,,Shared Pattern Plane,Region-SIFT(21/28),28,1,134.862639937325,136.966755099714,3.46412429999327
372,15,3,3,5,2,47.5,55,1116.45936001453,616.361208809286,5.5,1116,616,5.75784752315815,0.257847523158149,0.257847523158149,valid,,,Shared Pattern Plane,Region-SIFT(21/28),28,1,105.951221777901,107.316514033748,3.94212199997855
373,15,3,3,5,3,50,55,1132.6441377782,617.079565755203,5.5,1133,617,5.76449326732788,0.26449326732788,0.26449326732788,valid,,,Shared Pattern Plane,Region-SIFT(21/28),28,1,100.980414038865,102.053813246906,3.83250149997184
374,15,3,3,5,4,52.5,55,1148.88719030979,617.800509210797,5.5,1149,618,5.77072918212486,0.270729182124861,0.270729182124861,valid,,,Shared Pattern Plane,Region-SIFT(21/28),28,1,95.5288664414138,96.2416700382166,3.99184550001519
375,15,3,3,5,5,55,55,1165.18883291236,618.524053170708,5.5,1165,619,5.2899956716671,-0.2100043283329,0.2100043283329,valid,,,Shared Pattern Plane,Region-SIFT(21/28),28,1,146.936642236054,148.404677040967,3.57821880001575
376,16,3,4,1,1,65,45,1233.25192003697,557.270461596336,5,1233,557,4.80979422439977,-0.190205775600226,0.190205775600226,valid,,,Shared Pattern Plane,Region-SIFT(21/28),28,1,152.293762287766,155.400536430689,3.6975210000528
377,16,3,4,1,2,67.5,45,1249.96625693901,557.894565418213,5,1250,558,4.81779212582812,-0.182207874171882,0.182207874171882,valid,,,Shared Pattern Plane,Region-SIFT(21/28),28,1,150.849414742182,151.955481973159,3.72516600001836
378,16,3,4,1,3,70,45,1266.74195095438,558.520960279762,5,1267,559,4.82572589371049,-0.174274106289507,0.174274106289507,valid,,,Shared Pattern Plane,Region-SIFT(21/28),28,1,209.015604106964,211.62115291076,3.39901809999719
379,16,3,4,1,4,72.5,45,1283.5793405606,559.14965881954,5,1284,559,4.83326001789076,-0.166739982109242,0.166739982109242,valid,,,Shared Pattern Plane,Region-SIFT(21/28),28,1,205.426356117814,209.012935522268,3.42379060003441
380,16,3,4,1,5,75,45,1300.47876672936,559.780673769237,5,1300,560,4.84068537623341,-0.159314623766589,0.159314623766589,valid,,,Shared Pattern Plane,Region-SIFT(21/28),28,1,134.956911430157,137.049816109432,3.92346299998462
381,16,3,4,2,1,65,47.5,1232.68303905186,573.394002112311,5,1233,573,4.81402902026696,-0.185970979733043,0.185970979733043,valid,,,Shared Pattern Plane,Region-SIFT(21/28),28,1,123.557925507379,124.092626705191,3.32664179999847
382,16,3,4,2,2,67.5,47.5,1249.3684937232,574.046557086304,5,1249,574,4.82296177781443,-0.177038222185566,0.177038222185566,valid,,,Shared Pattern Plane,Region-SIFT(21/28),28,1,110.226352968166,110.67320204212,3.45952109998325
383,16,3,4,2,3,70,47.5,1266.11509726805,574.701503544519,5,1266,575,4.83089335695054,-0.169106643049463,0.169106643049463,valid,,,Shared Pattern Plane,Region-SIFT(21/28),28,1,134.938062619406,137.97373302599,3.51562530000228
384,16,3,4,2,4,72.5,47.5,1282.92318645118,575.358854657558,5,1283,575,5.31892101349466,0.318921013494659,0.318921013494659,valid,,,Shared Pattern Plane,Region-SIFT(21/28),28,1,159.15378950008,162.199677579789,3.38197390001733
385,16,3,4,2,5,75,47.5,1299.79310051479,576.018623692918,5,1300,576,5.32599398403013,0.32599398403013,0.32599398403013,valid,,,Shared Pattern Plane,Region-SIFT(21/28),28,1,172.379570681456,175.616067420091,3.34953990002396
386,16,3,4,3,1,65,50,1232.1160466807,589.464014483758,5,1232,589,4.82062242362736,-0.179377576372639,0.179377576372639,valid,,,Shared Pattern Plane,Region-SIFT(21/28),28,1,121.087247670138,122.74704622379,3.42111570003908
387,16,3,4,3,2,67.5,50,1248.77271863047,590.14482824033,5,1249,590,4.82860001927489,-0.171399980725113,0.171399980725113,valid,,,Shared Pattern Plane,Region-SIFT(21/28),28,1,125.932282517448,126.341035952732,3.59951749996981
388,16,3,4,3,3,70,50,1265.49033227184,590.828132887165,5,1265,591,5.31841568565334,0.318415685653341,0.318415685653341,valid,,,Shared Pattern Plane,Region-SIFT(21/28),28,1,107.811826091847,109.913627800584,3.32155719998991
389,16,3,4,3,4,72.5,50,1282.26922266839,591.513942119431,5,1282,592,5.32549917023181,0.325499170231809,0.325499170231809,valid,,,Shared Pattern Plane,Region-SIFT(21/28),28,1,120.061246906765,120.716594414022,3.29266139998799
390,16,3,4,3,5,75,50,1299.10972734452,592.202269732875,5,1299,592,5.33214708714752,0.332147087147523,0.332147087147523,valid,,,Shared Pattern Plane,Region-SIFT(21/28),28,1,121.933757887946,123.988699913912,3.23565590003273
391,16,3,4,4,1,65,52.5,1231.55093353414,605.48076482909,5,1232,605,5.31114129322523,0.311141293225233,0.311141293225233,valid,,,Shared Pattern Plane,Region-SIFT(21/28),28,1,153.308376531248,156.848075920037,3.25312500004657
392,16,3,4,4,2,67.5,52.5,1248.17892175871,606.189646441948,5,1248,606,5.31793553571188,0.317935535711877,0.317935535711877,valid,,,Shared Pattern Plane,Region-SIFT(21/28),28,1,139.705008370536,143.067156686772,3.48834579996765
393,16,3,4,4,3,70,52.5,1264.86764554376,606.901117323061,5,1265,607,5.32501767521902,0.325017675219023,0.325017675219023,valid,,,Shared Pattern Plane,Region-SIFT(21/28),28,1,94.6219927151998,95.7153595718276,3.31231969996588
394,16,3,4,4,4,72.5,52.5,1281.61743826313,607.615191684768,5,1282,608,4.84964686179974,-0.150353138200262,0.150353138200262,valid,,,Shared Pattern Plane,Region-SIFT(21/28),28,1,117.221015720771,118.817363115726,3.30565390002448
395,16,3,4,4,5,75,52.5,1298.42863573494,608.33188384361,5,1298,608,4.85776651289023,-0.14223348710977,0.14223348710977,valid,,,Shared Pattern Plane,Region-SIFT(21/28),28,1,119.71157307423,120.696277853758,3.61676549998811
396,16,3,4,5,1,65,55,1230.98769028494,621.444517505602,5,1231,621,5.31739357131525,0.317393571315253,0.317393571315253,valid,,,Shared Pattern Plane,Region-SIFT(21/28),28,1,161.062388665336,164.276149102043,3.28674459998729
397,16,3,4,5,2,67.5,55,1247.58709327149,622.181277478929,5,1248,622,5.32455895303148,0.324558953031485,0.324558953031485,valid,,,Shared Pattern Plane,Region-SIFT(21/28),28,1,128.581373761697,129.33111431193,3.44701870001154
398,16,3,4,5,3,70,55,1264.24702673107,622.920724080789,5,1264,623,5.33125780366867,0.331257803668667,0.331257803668667,valid,,,Shared Pattern Plane,Region-SIFT(21/28),28,1,95.4837308696969,96.6713676787669,3.36588400002802
399,16,3,4,5,4,72.5,55,1280.96782235913,623.662872033393,5,1281,624,4.85487593044884,-0.145124069551159,0.145124069551159,valid,,,Shared Pattern Plane,Region-SIFT(21/28),28,1,108.31256636337,109.702130168453,3.4557141000405
400,16,3,4,5,5,75,55,1297.74981427902,624.407736166717,5,1298,624,4.86233090001567,-0.137669099984334,0.137669099984334,valid,,,Shared Pattern Plane,Region-SIFT(21/28),28,1,143.391675033771,147.573051427076,3.29108689998975
401,17,3,5,1,1,85,45,1368.70374505763,562.328155609032,4.5,1369,562,4.39390365227134,-0.106096347728657,0.106096347728657,valid,,,Shared Pattern Plane,Region-SIFT(21/28),28,1,145.58891522241,148.174513755975,3.22005030000582
402,17,3,5,1,2,87.5,45,1385.91855753773,562.970946903996,4.5,1386,563,4.40236169920459,-0.0976383007954116,0.0976383007954116,valid,,,Shared Pattern Plane,Region-SIFT(21/28),28,1,94.5566958783165,95.8176452754284,3.4989712999668
403,17,3,5,1,3,90,45,1403.19750609604,563.616133003598,4.5,1403,564,4.41073717158366,-0.0892628284163388,0.0892628284163388,valid,,,Shared Pattern Plane,Region-SIFT(21/28),28,1,128.888714905643,130.937976773049,3.89082560001407
404,17,3,5,1,4,92.5,45,1420.54094982275,564.26372731606,4.5,1421,564,4.42538018331399,-0.0746198166860061,0.0746198166860061,valid,,,Shared Pattern Plane,Region-SIFT(21/28),28,1,104.934192383226,105.993626741504,3.75661839998793
405,17,3,5,1,5,95,45,1437.94925049371,564.913743349889,4.5,1438,565,4.42761603988176,-0.0723839601182412,0.0723839601182412,valid,,,Shared Pattern Plane,Region-SIFT(21/28),28,1,146.435859346137,148.710573659826,4.85337450000225
406,17,3,5,2,1,85,47.5,1367.89787841376,578.682147848902,4.5,1368,579,4.39832958790155,-0.101670412098448,0.101670412098448,valid,,,Shared Pattern Plane,Region-SIFT(21/28),28,1,103.17502016012,103.500315927704,4.57412890001433
407,17,3,5,2,2,87.5,47.5,1385.08209383502,579.354208962501,4.5,1385,579,4.40649800492244,-0.0935019950775597,0.0935019950775597,valid,,,Shared Pattern Plane,Region-SIFT(21/28),28,1,96.1671476631568,96.9636232929509,3.71933570003603
408,17,3,5,2,3,90,47.5,1402.33022291211,580.028769688776,4.5,1402,580,4.41488272869493,-0.0851172713050747,0.0851172713050747,valid,,,Shared Pattern Plane,Region-SIFT(21/28),28,1,91.2486497548522,93.7472370335791,7.26420219999272
409,17,3,5,2,4,92.5,47.5,1419.64262288271,580.705843999013,4.5,1420,581,4.4237378688007,-0.0762621311992993,0.0762621311992993,valid,,,Shared Pattern Plane,Region-SIFT(21/28),28,1,94.3675613918002,95.6707594799699,7.32048829999985
410,17,3,5,2,5,95,47.5,1437.01965365179,581.38544596881,4.5,1437,581,4.43837786932861,-0.0616221306713944,0.0616221306713944,valid,,,Shared Pattern Plane,Region-SIFT(21/28),28,1,126.220842133123,128.982243540411,4.66681289998814
411,17,3,5,3,1,85,50,1367.09472673476,594.981043485816,4.5,1367,595,4.40253105234026,-0.0974689476597375,0.0974689476597375,valid,,,Shared Pattern Plane,Region-SIFT(21/28),28,1,108.488698012488,109.791686888954,4.30465539998841
412,17,3,5,3,2,87.5,50,1384.24845340074,595.682173527032,4.5,1384,596,4.41094208861745,-0.0890579113825467,0.0890579113825467,valid,,,Shared Pattern Plane,Region-SIFT(21/28),28,1,107.927527000286,110.634537001475,3.78488629998174
413,17,3,5,3,3,90,50,1401.46587245442,596.385906888639,4.5,1401,596,4.4190839556805,-0.0809160443194985,0.0809160443194985,valid,,,Shared Pattern Plane,Region-SIFT(21/28),28,1,94.0409135152423,95.3392946275291,3.7701270999969
414,17,3,5,3,4,92.5,50,1418.7473392937,597.092258096935,4.5,1419,597,4.42786930919028,-0.072130690809721,0.072130690809721,valid,,,Shared Pattern Plane,Region-SIFT(21/28),28,1,91.9278502900764,92.2791341023982,4.07620090001728
415,17,3,5,3,5,95,50,1436.09321196553,597.801241786494,4.5,1436,598,4.44273450047558,-0.0572654995244246,0.0572654995244246,valid,,,Shared Pattern Plane,Region-SIFT(21/28),28,1,163.594523966754,167.151827941161,3.33746380003868
416,17,3,5,4,1,85,52.5,1366.29427632363,611.225120482244,4.5,1366,611,4.40672777790796,-0.0932722220920406,0.0932722220920406,valid,,,Shared Pattern Plane,Region-SIFT(21/28),28,1,128.248171838125,132.353658762265,3.55333710002014
417,17,3,5,4,2,87.5,52.5,1383.41762196515,611.955120089649,4.5,1383,612,4.41517740378152,-0.0848225962184816,0.0848225962184816,valid,,,Shared Pattern Plane,Region-SIFT(21/28),28,1,77.3025322248065,79.3139204601749,3.29520829999819
418,17,3,5,4,3,90,52.5,1400.60443987253,612.687825636076,4.5,1401,613,4.42399493719927,-0.0760050628007347,0.0760050628007347,valid,,,Shared Pattern Plane,Region-SIFT(21/28),28,1,76.7997316009784,76.925213785313,3.39028230000986
419,17,3,5,4,4,92.5,52.5,1417.85508361649,613.423252194893,4.5,1418,613,4.43207127690013,-0.0679287230998682,0.0679287230998682,valid,,,Shared Pattern Plane,Region-SIFT(21/28),28,1,123.511162248238,125.370917198039,3.57880540000042
420,17,3,5,4,5,95,52.5,1435.16990939873,614.161414951631,4.5,1435,614,4.44681079108843,-0.0531892089115713,0.0531892089115713,valid,,,Shared Pattern Plane,Region-SIFT(21/28),28,1,212.067174126358,217.870586013744,3.260086699971
421,17,3,5,5,1,85,55,1365.49651357536,627.414654934035,4.5,1365,627,4.41094934084126,-0.0890506591587412,0.0890506591587412,valid,,,Shared Pattern Plane,Region-SIFT(21/28),28,1,111.825297855196,114.060242213973,3.2843925000052
422,17,3,5,5,2,87.5,55,1382.58958535451,628.173326262051,4.5,1383,628,4.41983532387682,-0.0801646761231805,0.0801646761231805,valid,,,Shared Pattern Plane,Region-SIFT(21/28),28,1,113.197453342922,117.369865694094,3.60913730005268
423,17,3,5,5,3,90,55,1399.74591041606,628.934805069752,4.5,1400,629,4.42824561872497,-0.0717543812750279,0.0717543812750279,valid,,,Shared Pattern Plane,Region-SIFT(21/28),28,1,109.185174863805,112.677193651464,3.33773779997136
424,17,3,5,5,4,92.5,55,1416.96584051609,629.699106969733,4.5,1417,630,4.43654379594556,-0.0634562040544404,0.0634562040544404,valid,,,Shared Pattern Plane,Region-SIFT(21/28),28,1,193.280069103947,199.097531362441,3.60983510001097
425,17,3,5,5,5,95,55,1434.24973002366,630.466247690571,4.5,1434,630,4.4445955677905,-0.0554044322094951,0.0554044322094951,valid,,,Shared Pattern Plane,Region-SIFT(21/28),28,1,214.775822397262,222.775768999481,3.44640740001341
426,18,3,6,1,1,105,45,1508.23835355295,567.538298431714,4,1508,568,3.98812159350961,-0.0118784064903901,0.0118784064903901,valid,,,Shared Pattern Plane,Region-SIFT(21/28),28,1,165.519912125825,169.526279396251,3.90960409998661
427,18,3,6,1,2,107.5,45,1525.97646135887,568.200629276151,4,1526,568,3.99730667896482,-0.00269332103517828,0.00269332103517828,valid,,,Shared Pattern Plane,Region-SIFT(21/28),28,1,144.905448386278,148.287973196212,3.31773939996492
428,18,3,6,1,3,110,45,1543.78165459229,568.86546505225,4,1544,569,4.00666884263973,0.00666884263973078,0.00666884263973078,valid,,,Shared Pattern Plane,Region-SIFT(21/28),28,1,130.510393833483,130.885581926181,3.26485399994999
429,18,3,6,1,4,112.5,45,1561.65431454932,569.532819997389,4,1562,570,3.54354015548149,-0.456459844518511,0.456459844518511,valid,,,Shared Pattern Plane,Region-SIFT(21/28),28,1,195.352862641673,198.189573466886,3.51407749997452
430,18,3,6,1,5,115,45,1579.59482542115,570.202708457048,4,1580,570,4.49455288763818,0.494552887638181,0.494552887638181,valid,,,Shared Pattern Plane,Region-SIFT(21/28),28,1,216.49688503225,219.537169938233,3.27870470000198
431,18,3,6,2,1,105,47.5,1507.18137757175,584.129415661561,4,1507,584,3.99127759885054,-0.00872240114945688,0.00872240114945688,valid,,,Shared Pattern Plane,Region-SIFT(21/28),28,1,158.445617513808,161.406996943855,3.34403799998108
432,18,3,6,2,2,107.5,47.5,1524.88705602436,584.821870783088,4,1525,585,4.00069628391411,0.000696283914108697,0.000696283914108697,valid,,,Shared Pattern Plane,Region-SIFT(21/28),28,1,122.09170721599,123.992985855017,3.38357529998757
433,18,3,6,2,3,110,47.5,1542.65958213473,585.516940263794,4,1543,586,3.54646693146019,-0.453533068539811,0.453533068539811,valid,,,Shared Pattern Plane,Region-SIFT(21/28),28,1,156.770943996894,161.111837297026,3.29276310000569
434,18,3,6,2,4,112.5,47.5,1560.49933519314,586.214638937422,4,1560,586,3.55652473680849,-0.443475263191511,0.443475263191511,valid,,,Shared Pattern Plane,Region-SIFT(21/28),28,1,223.045454907796,227.373558152191,3.55696190003073
435,18,3,6,2,5,115,47.5,1578.4066973647,586.914981750149,4,1578,587,4.49853181814052,0.498531818140515,0.498531818140515,valid,,,Shared Pattern Plane,Region-SIFT(21/28),28,1,247.488597021153,251.808579495592,3.29191010002978
436,18,3,6,3,1,105,50,1506.12801602636,600.663797895372,4,1506,601,3.99463207231833,-0.00536792768166849,0.00536792768166849,valid,,,Shared Pattern Plane,Region-SIFT(21/28),28,1,155.960730371021,158.829364208712,3.43597120000049
437,18,3,6,3,2,107.5,50,1523.80138302829,601.386167370867,4,1524,601,4.00382839201419,0.00382839201418683,0.00382839201418683,valid,,,Shared Pattern Plane,Region-SIFT(21/28),28,1,183.639074046523,187.534786667851,3.35208539996529
438,18,3,6,3,3,110,50,1541.54136117878,602.111259466248,4,1542,602,3.53786721652964,-0.462132783470365,0.462132783470365,valid,,,Shared Pattern Plane,Region-SIFT(21/28),28,1,154.880129090062,157.900579886236,3.34313599998131
439,18,3,6,3,4,112.5,50,1559.34832777628,602.839089602961,4,1559,603,4.0220074775394,0.0220074775394048,0.0220074775394048,valid,,,Shared Pattern Plane,Region-SIFT(21/28),28,1,175.825880510845,177.997652222527,3.55067969998345
440,18,3,6,3,5,115,50,1577.22266297408,603.569673319139,4,1577,604,3.55758892548741,-0.442411074512588,0.442411074512588,valid,,,Shared Pattern Plane,Region-SIFT(21/28),28,1,221.350264864119,222.625629632747,3.94293800002197
441,18,3,6,4,1,105,52.5,1505.07825040852,617.141735652963,4,1505,617,3.51066024600887,-0.489339753991132,0.489339753991132,valid,,,Shared Pattern Plane,Region-SIFT(21/28),28,1,222.567956687281,226.936831186624,3.46173119999003
442,18,3,6,4,2,107.5,52.5,1522.71942322279,617.893811181788,4,1523,618,4.00724195142522,0.00724195142521822,0.00724195142521822,valid,,,Shared Pattern Plane,Region-SIFT(21/28),28,1,158.343338821048,159.766301353718,3.36354329995811
443,18,3,6,4,3,110,52.5,1540.42697192806,618.648716436495,4,1540,619,4.0160720611484,0.0160720611484013,0.0160720611484013,valid,,,Shared Pattern Plane,Region-SIFT(21/28),28,1,201.90086838808,206.852274306665,3.34730680001667
444,18,3,6,4,4,112.5,52.5,1558.20127184486,619.406467417688,4,1558,619,4.02516753636439,0.0251675363643944,0.0251675363643944,valid,,,Shared Pattern Plane,Region-SIFT(21/28),28,1,155.452058681609,157.020155647493,3.49000550003257
445,18,3,6,4,5,115,52.5,1576.04270112872,620.167080246829,4,1576,620,4.03444283271032,0.0344428327103161,0.0344428327103161,valid,,,Shared Pattern Plane,Region-SIFT(21/28),28,1,179.39187864677,182.636719123494,3.37289309996413
446,18,3,6,5,1,105,55,1504.03206233614,633.563517474001,4,1504,634,4.00126542188173,0.00126542188172518,0.00126542188172518,valid,,,Shared Pattern Plane,Region-SIFT(21/28),28,1,198.556904403242,204.596842349166,3.60538840002846
447,18,3,6,5,2,107.5,55,1521.64115759076,634.345092363207,4,1522,634,4.01042344245784,0.0104234424578395,0.0104234424578395,valid,,,Shared Pattern Plane,Region-SIFT(21/28),28,1,171.620314982581,174.11464806786,3.39164340001298
448,18,3,6,5,3,110,55,1539.31639472163,635.129602941547,4,1539,635,4.01928726432857,0.0192872643285691,0.0192872643285691,valid,,,Shared Pattern Plane,Region-SIFT(21/28),28,1,202.415464294272,204.496125737707,3.41626279999036
449,18,3,6,5,4,112.5,55,1557.05814708516,635.917065780345,4,1557,636,4.02859981893721,0.0285998189372121,0.0285998189372121,valid,,,Shared Pattern Plane,Region-SIFT(21/28),28,1,221.836542221352,226.354711244354,3.63141229999019
450,18,3,6,5,5,115,55,1574.86679085312,636.707497575879,4,1575,637,4.02607845992653,0.0260784599265333,0.0260784599265333,valid,,,Shared Pattern Plane,Region-SIFT(21/28),28,1,192.187156822568,194.843476403375,3.44128710002406
451,19,4,1,1,1,5,65,850.198707499989,665.339478679803,3.5,850,665,3.66085281259154,0.160852812591542,0.160852812591542,valid,,,Shared Pattern Plane,Region-SIFT(21/28),28,1,290.812976274036,298.300560051987,3.4145449999487
452,19,4,1,1,2,7.5,65,865.343192169305,666.117008919822,3.5,865,666,4.16456219137477,0.664562191374773,0.664562191374773,valid,,,Shared Pattern Plane,Region-SIFT(21/28),28,1,261.238583504712,266.678749821486,3.39037360000657
453,19,4,1,1,3,10,65,880.540252070674,666.897238415292,3.5,881,667,,,,failed,Region-SIFT 匹配失敗: ObjRatio 0.998651 exceeds 0.950000; ambiguous match,,,,28,,297.246249518823,302.755501745758,3.3415260000038
454,19,4,1,1,4,12.5,65,895.790161458528,667.680181246661,3.5,896,668,,,,failed,Region-SIFT 匹配失敗: ObjRatio 0.997782 exceeds 0.950000; ambiguous match,,,,28,,271.200575415798,279.007468861832,3.50337440002477
455,19,4,1,1,5,15,65,911.093196498123,668.465851592478,3.5,911,668,4.69797028130893,1.19797028130893,1.19797028130893,valid,,,Shared Pattern Plane,Region-SIFT(21/28),28,1,233.057003065644,240.291014514969,3.39023119997
456,19,4,1,2,1,5,67.5,850.263052870366,680.421849003122,3.5,850,680,3.64672379254952,0.146723792549516,0.146723792549516,valid,,,Shared Pattern Plane,Region-SIFT(21/28),28,1,194.149309390436,194.790280899742,3.44935899996199
457,19,4,1,2,2,7.5,67.5,865.383787524024,681.22424744057,3.5,865,681,3.65615397169486,0.156153971694855,0.156153971694855,valid,,,Shared Pattern Plane,Region-SIFT(21/28),28,1,232.04691253541,238.167635453104,3.33295850001741
458,19,4,1,2,3,10,67.5,880.556932109873,682.02942706879,3.5,881,682,3.64958412267423,0.149584122674233,0.149584122674233,valid,,,Shared Pattern Plane,Region-SIFT(21/28),28,1,222.185655110475,224.829645953438,3.39770549995592
459,19,4,1,2,4,12.5,67.5,895.782759587823,682.837402372701,3.5,896,683,4.1869277665236,0.686927766523601,0.686927766523601,valid,,,Shared Pattern Plane,Region-SIFT(21/28),28,1,255.403078377941,263.510050569878,3.51817449997179
460,19,4,1,2,5,15,67.5,911.06154481658,683.648187937983,3.5,911,684,4.19547749969156,0.695477499691555,0.695477499691555,valid,,,Shared Pattern Plane,Region-SIFT(21/28),28,1,215.196228529915,217.678427887711,3.51673809997737
461,19,4,1,3,1,5,70,850.327196146326,695.45684897467,3.5,850,695,4.16522100747865,0.665221007478645,0.665221007478645,valid,,,Shared Pattern Plane,Region-SIFT(21/28),28,1,219.060117981926,225.017620077857,3.4178249000106
462,19,4,1,3,2,7.5,70,865.424255157578,696.283955545019,3.5,865,696,3.6598409545954,0.159840954595404,0.159840954595404,valid,,,Shared Pattern Plane,Region-SIFT(21/28),28,1,203.551592083078,208.636337756843,3.40471929998603
463,19,4,1,3,3,10,70,880.573559579502,697.113924429306,3.5,881,697,3.68638477255466,0.186384772554662,0.186384772554662,valid,,,Shared Pattern Plane,Region-SIFT(21/28),28,1,221.732769239516,230.192576773498,3.39430109999375
464,19,4,1,3,4,12.5,70,895.775381085625,697.946770511422,3.5,896,698,4.17581609193818,0.67581609193818,0.67581609193818,valid,,,Shared Pattern Plane,Region-SIFT(21/28),28,1,238.405135794544,244.118549306161,3.55840270000044
465,19,4,1,3,5,15,70,911.029993236328,698.782508778627,3.5,911,699,4.20015398981761,0.700153989817613,0.700153989817613,valid,,,Shared Pattern Plane,Region-SIFT(21/28),28,1,244.503925245779,251.776734565633,3.36709319998045
466,19,4,1,4,1,5,72.5,850.391138278477,710.444701414052,3.5,850,710,3.65417589393817,0.154175893938168,0.154175893938168,valid,,,Shared Pattern Plane,Region-SIFT(21/28),28,1,219.052113714672,225.146827987079,3.54866009997204
467,19,4,1,4,2,7.5,72.5,865.464595671774,711.296357191261,3.5,865,711,3.66358209272413,0.163582092724126,0.163582092724126,valid,,,Shared Pattern Plane,Region-SIFT(21/28),28,1,151.664051125037,154.258853842579,3.41679190000286
468,19,4,1,4,3,10,72.5,880.590134727692,712.150955601184,3.5,881,712,3.69012437711992,0.190124377119924,0.190124377119924,valid,,,Shared Pattern Plane,Region-SIFT(21/28),28,1,179.638977043717,180.580831514203,3.38317390001612
469,19,4,1,4,4,12.5,72.5,895.768025841443,713.008511921251,3.5,896,713,4.19630315907244,0.696303159072441,0.696303159072441,valid,,,Shared Pattern Plane,Region-SIFT(21/28),28,1,185.021629514644,187.071049108585,3.70738039998105
470,19,4,1,4,5,15,72.5,910.998541283248,713.869041534825,3.5,911,714,4.204838527102,0.704838527102002,0.704838527102002,valid,,,Shared Pattern Plane,Region-SIFT(21/28),28,1,211.555012900741,215.153967775723,3.62236650002887
471,19,4,1,5,1,5,75,850.454880211473,725.385627745604,3.5,850,725,3.65794740914877,0.15794740914877,0.15794740914877,valid,,,Shared Pattern Plane,Region-SIFT(21/28),28,1,196.734320126892,200.411811218599,3.46278750000056
472,19,4,1,5,2,7.5,75,865.504809664646,726.261674932571,3.5,866,726,4.18385773216226,0.683857732162259,0.683857732162259,valid,,,Shared Pattern Plane,Region-SIFT(21/28),28,1,184.076188820127,188.047367568019,3.43703860003734
473,19,4,1,5,3,10,75,880.606657801015,727.140744274327,3.5,881,727,3.67727168867314,0.177271688673137,0.177271688673137,valid,,,Shared Pattern Plane,Region-SIFT(21/28),28,1,175.488421431042,179.831127095008,3.84469529998023
474,19,4,1,5,4,12.5,75,895.760693745481,728.022851436468,3.5,896,728,4.20102670371518,0.701026703715178,0.701026703715178,valid,,,Shared Pattern Plane,Region-SIFT(21/28),28,1,185.668648145565,187.95866217595,3.58434910001233
475,19,4,1,5,5,15,75,910.967188486209,728.908012193048,3.5,911,729,3.69586361301154,0.195863613011536,0.195863613011536,valid,,,Shared Pattern Plane,Region-SIFT(21/28),28,1,238.623138706772,246.964341245983,3.33311589999357
476,20,4,2,1,1,25,65,972.842184296321,671.636095173031,3,973,672,3.22223650397011,0.222236503970114,0.222236503970114,valid,,,Shared Pattern Plane,Region-SIFT(21/28),28,1,209.386919497939,214.68676624942,3.35859319998417
477,20,4,2,1,2,27.5,65,988.415058129086,672.435619263376,3,988,672,3.2072879119634,0.207287911963401,0.207287911963401,valid,,,Shared Pattern Plane,Region-SIFT(21/28),28,1,207.667338153294,212.94353168308,3.35168890003115
478,20,4,2,1,3,30,65,1004.04275567834,673.237958048204,3,1004,673,3.73716546509208,0.737165465092085,0.737165465092085,valid,,,Shared Pattern Plane,Region-SIFT(21/28),28,1,214.617972730707,219.960162532182,3.41069029999198
479,20,4,2,1,4,32.5,65,1019.72556696184,674.043126417263,3,1020,674,2.73113224182377,-0.268867758176235,0.268867758176235,valid,,,Shared Pattern Plane,Region-SIFT(21/28),28,1,245.966912556199,251.010654896337,3.5638520999928
480,20,4,2,1,5,35,65,1035.46378404654,674.85113936551,3,1035,675,2.74154908972027,-0.258450910279734,0.258450910279734,valid,,,Shared Pattern Plane,Region-SIFT(21/28),28,1,312.595947314066,320.952721026533,3.43037199997343
481,20,4,2,2,1,25,67.5,972.711827802558,686.919728102479,3,973,687,3.21232532002377,0.212325320023773,0.212325320023773,valid,,,Shared Pattern Plane,Region-SIFT(21/28),28,1,183.10156500226,184.833639350851,3.3990217000246
482,20,4,2,2,2,27.5,67.5,988.259592291161,687.744787348422,3,988,688,2.69847073223891,-0.301529267761093,0.301529267761093,valid,,,Shared Pattern Plane,Region-SIFT(21/28),28,1,170.949197458842,173.534595260329,3.37948469998082
483,20,4,2,2,3,30,67.5,1003.86200449589,688.572746535607,3,1004,689,3.23256819877439,0.232568198774392,0.232568198774392,valid,,,Shared Pattern Plane,Region-SIFT(21/28),28,1,196.183458956461,199.556620340621,3.39108000003034
484,20,4,2,2,4,32.5,67.5,1019.51935303995,689.403620980142,3,1020,689,3.24279123493998,0.242791234939976,0.242791234939976,valid,,,Shared Pattern Plane,Region-SIFT(21/28),28,1,166.128905098527,169.787072636325,3.54625549999764
485,20,4,2,2,5,35,67.5,1035.23192858262,690.237426106182,3,1035,690,3.25246578027107,0.252465780271073,0.252465780271073,valid,,,Shared Pattern Plane,Region-SIFT(21/28),28,1,177.951007358107,182.248380030464,3.4793212999939
486,20,4,2,3,1,25,70,972.581886456262,702.15468711228,3,973,702,3.22785353866884,0.227853538668845,0.227853538668845,valid,,,Shared Pattern Plane,Region-SIFT(21/28),28,1,220.010017137679,225.442446735878,3.47133440000471
487,20,4,2,3,2,27.5,70,988.104622433859,703.0051147954,3,988,703,3.22492138773809,0.224921387738085,0.224921387738085,valid,,,Shared Pattern Plane,Region-SIFT(21/28),28,1,171.042277952729,173.949854610146,3.67108039994491
488,20,4,2,3,3,30,70,1003.68183097335,703.858526809031,3,1004,704,3.23533694387559,0.235336943875589,0.235336943875589,valid,,,Shared Pattern Plane,Region-SIFT(21/28),28,1,169.754233084785,173.335879347587,3.38418539997656
489,20,4,2,3,4,32.5,70,1019.31379931232,704.714938889756,3,1019,705,3.24507893441378,0.245078934413783,0.245078934413783,valid,,,Shared Pattern Plane,Region-SIFT(21/28),28,1,203.943985581776,208.207690477349,4.29326259996742
490,20,4,2,3,5,35,70,1035.00081671142,705.57436688499,3,1035,706,3.25539655040961,0.255396550409606,0.255396550409606,valid,,,Shared Pattern Plane,Region-SIFT(21/28),28,1,155.104876724627,155.999638858087,3.57758889999241
491,20,4,2,4,1,25,72.5,972.452358277401,717.341204351158,3,972,717,3.21717416031611,0.217174160316107,0.217174160316107,valid,,,Shared Pattern Plane,Region-SIFT(21/28),28,1,182.037471257568,184.867485435503,3.60267860000022
492,20,4,2,4,2,27.5,72.5,987.95014618748,718.21683495555,3,988,718,3.22766616991721,0.227666169917213,0.227666169917213,valid,,,Shared Pattern Plane,Region-SIFT(21/28),28,1,184.392866663958,186.255983049726,3.5982965999865
493,20,4,2,4,3,30,72.5,1003.50223234594,719.095533430552,3,1004,719,3.23806959248194,0.23806959248194,0.23806959248194,valid,,,Shared Pattern Plane,Region-SIFT(21/28),28,1,164.518271769165,166.517420664516,3.80793370003812
494,20,4,2,4,4,32.5,72.5,1019.10890261361,719.977315927405,3,1019,720,3.24782945302904,0.247829453029043,0.247829453029043,valid,,,Shared Pattern Plane,Region-SIFT(21/28),28,1,238.658320123178,241.269719847704,3.76455370004987
495,20,4,2,4,5,35,72.5,1034.77044486147,720.86219871092,3,1035,721,3.25816794902639,0.258167949026388,0.258167949026388,valid,,,Shared Pattern Plane,Region-SIFT(21/28),28,1,184.346686522671,186.560427176189,3.58434999996098
496,20,4,2,5,1,25,75,972.323241298514,732.47951049388,3,972,732,3.21997213882705,0.219972138827052,0.219972138827052,valid,,,Shared Pattern Plane,Region-SIFT(21/28),28,1,206.644809187531,212.664878566363,4.04919519997202
497,20,4,2,5,2,27.5,75,987.796161197393,733.380179695935,3,988,733,3.23043473762703,0.230434737627033,0.230434737627033,valid,,,Shared Pattern Plane,Region-SIFT(21/28),28,1,180.004350938747,181.900749302424,3.46964440000011
498,20,4,2,5,3,30,75,1003.3232058665,734.283999467756,3,1003,734,3.24022121598799,0.240221215987994,0.240221215987994,valid,,,Shared Pattern Plane,Region-SIFT(21/28),28,1,258.40863965756,262.655033220631,4.85444920003647
499,20,4,2,5,4,32.5,75,1018.90465979868,735.190986369497,3,1019,735,3.26152571192971,0.261525711929715,0.261525711929715,valid,,,Shared Pattern Plane,Region-SIFT(21/28),28,1,230.078609010404,234.434802418083,4.30795019998914
500,20,4,2,5,5,35,75,1034.54080948411,736.101157077576,3,1035,736,3.26093253166779,0.260932531667786,0.260932531667786,valid,,,Shared Pattern Plane,Region-SIFT(21/28),28,1,203.723206418153,206.898457477603,5.75354270002572
501,21,4,3,1,1,45,65,1098.9766244793,678.111940584191,2.5,1099,678,2.78556803188265,0.285568031882645,0.285568031882645,valid,,,Shared Pattern Plane,Region-SIFT(21/28),28,1,317.098076107893,320.90983358856,4.79443159996299
502,21,4,3,1,2,47.5,65,1114.99632457655,678.934405100722,2.5,1115,679,2.78971530434236,0.289715304342357,0.289715304342357,valid,,,Shared Pattern Plane,Region-SIFT(21/28),28,1,315.089739923629,322.478595549974,4.90952099999413
503,21,4,3,1,3,50,65,1131.07322693904,679.759806428374,2.5,1131,680,2.80732181529213,0.307321815292129,0.307321815292129,valid,,,Shared Pattern Plane,Region-SIFT(21/28),28,1,356.491841105305,368.875522734178,4.25441350002075
504,21,4,3,1,4,52.5,65,1147.20763849682,680.58816032519,2.5,1147,681,2.81819276615479,0.31819276615479,0.31819276615479,valid,,,Shared Pattern Plane,Region-SIFT(21/28),28,1,341.534393748531,352.641106988341,3.49363270000322
505,21,4,3,1,5,55,65,1163.39986837972,681.419482662146,2.5,1163,681,2.83358938151498,0.333589381514983,0.333589381514983,valid,,,Shared Pattern Plane,Region-SIFT(21/28),28,1,306.316425793764,313.091595180872,3.53461720002815
506,21,4,3,2,1,45,67.5,1098.6403862004,693.602265743861,2.5,1099,694,2.78744458242036,0.287444582420359,0.287444582420359,valid,,,Shared Pattern Plane,Region-SIFT(21/28),28,1,199.740968372708,202.805775247947,3.94520580000244
507,21,4,3,2,2,47.5,67.5,1114.6335291579,694.450959488768,2.5,1115,694,2.7982704094911,0.298270409491098,0.298270409491098,valid,,,Shared Pattern Plane,Region-SIFT(21/28),28,1,188.700531376228,192.67444125367,3.46900250000181
508,21,4,3,2,3,50,67.5,1130.68368684808,695.302678783258,2.5,1131,695,2.30247477751068,-0.197525222489324,0.197525222489324,valid,,,Shared Pattern Plane,Region-SIFT(21/28),28,1,260.15064618146,264.655637835153,4.80698049999774
509,21,4,3,2,4,52.5,67.5,1146.79116469722,696.157439835112,2.5,1147,696,2.8199627475173,0.319962747517305,0.319962747517305,valid,,,Shared Pattern Plane,Region-SIFT(21/28),28,1,226.304784400375,231.343927656542,3.7936086000409
510,21,4,3,2,5,55,67.5,1162.9562703171,697.015258968088,2.5,1163,697,2.83558706619842,0.335587066198418,0.335587066198418,valid,,,Shared Pattern Plane,Region-SIFT(21/28),28,1,204.536399402316,205.928557336711,3.60836279997602
511,21,4,3,3,1,45,70,1098.30523393336,709.042558893602,2.5,1098,709,2.78852316909925,0.288523169099251,0.288523169099251,valid,,,Shared Pattern Plane,Region-SIFT(21/28),28,1,159.811293813917,161.260128849034,4.26587449997896
512,21,4,3,3,2,47.5,70,1114.27190760929,709.917308120861,2.5,1114,710,2.79947746041422,0.299477460414222,0.299477460414222,valid,,,Shared Pattern Plane,Region-SIFT(21/28),28,1,181.701181657983,185.506589094537,3.69747269997606
513,21,4,3,3,3,50,70,1130.29540940588,710.795170730133,2.5,1130,711,2.81029526074038,0.31029526074038,0.31029526074038,valid,,,Shared Pattern Plane,Region-SIFT(21/28),28,1,166.279037467512,169.247624059245,3.83796390000498
514,21,4,3,3,4,52.5,70,1146.37604325551,711.67616337264,2.5,1146,712,2.82117110257637,0.321171102576371,0.321171102576371,valid,,,Shared Pattern Plane,Region-SIFT(21/28),28,1,186.318951374639,191.221613185583,3.58779580000555
515,21,4,3,3,5,55,70,1162.51411526177,712.560302818554,2.5,1163,713,2.83263911202718,0.332639112027178,0.332639112027178,valid,,,Shared Pattern Plane,Region-SIFT(21/28),28,1,189.267171534786,192.393535782408,4.14000870002201
516,21,4,3,4,1,45,72.5,1097.97116242513,724.433062039247,2.5,1098,724,2.79032766564276,0.290327665642758,0.290327665642758,valid,,,Shared Pattern Plane,Region-SIFT(21/28),28,1,155.241887950897,157.362450096505,3.45883880002657
517,21,4,3,4,2,47.5,72.5,1113.9114542426,725.333694273944,2.5,1114,725,2.29880143589466,-0.201198564105336,0.201198564105336,valid,,,Shared Pattern Plane,Region-SIFT(21/28),28,1,176.696229474507,180.379357935305,3.41565129999071
518,21,4,3,4,3,50,72.5,1129.9083884833,726.237526825975,2.5,1130,726,2.81210289427061,0.312102894270607,0.312102894270607,valid,,,Shared Pattern Plane,Region-SIFT(21/28),28,1,195.780088200645,201.740231309625,3.39414039999247
519,21,4,3,4,4,52.5,72.5,1145.96226759537,727.14457678377,2.5,1146,727,2.31510583495617,-0.184894165043833,0.184894165043833,valid,,,Shared Pattern Plane,Region-SIFT(21/28),28,1,186.711546130912,189.755875309577,4.05463449994568
520,21,4,3,4,5,55,72.5,1162.07339618409,728.054861357636,2.5,1162,728,2.83375947971677,0.333759479716765,0.333759479716765,valid,,,Shared Pattern Plane,Region-SIFT(21/28),28,1,169.579865205856,174.448754127365,4.62481060001301
521,21,4,3,5,1,45,75,1097.63816645646,739.774015628355,2.5,1098,740,2.79227149552759,0.292271495527589,0.292271495527589,valid,,,Shared Pattern Plane,Region-SIFT(21/28),28,1,204.105934831831,208.316874949614,3.4201713000075
522,21,4,3,5,2,47.5,75,1113.55216340644,740.700359655734,2.5,1114,741,2.80317942065029,0.303179420650286,0.303179420650286,valid,,,Shared Pattern Plane,Region-SIFT(21/28),28,1,199.140250438105,200.732530964507,3.51873650000198
523,21,4,3,5,3,50,75,1129.52261799077,741.629990047474,2.5,1130,742,2.81403215615063,0.314032156150625,0.314032156150625,valid,,,Shared Pattern Plane,Region-SIFT(21/28),28,1,164.767046281017,169.048990340115,3.43447600002401
524,21,4,3,5,4,52.5,75,1145.54983118307,742.562924323061,2.5,1146,743,2.3160141067229,-0.183985893277098,0.183985893277098,valid,,,Shared Pattern Plane,Region-SIFT(21/28),28,1,200.804372642154,204.793986908343,3.44024590001209
525,21,4,3,5,5,55,75,1161.63410610003,743.499180126735,2.5,1162,743,2.8355661336464,0.335566133646402,0.335566133646402,valid,,,Shared Pattern Plane,Region-SIFT(21/28),28,1,171.155198286955,174.519275737217,3.76281390001532
526,22,4,4,1,1,65,65,1228.75323186365,684.774777840904,2,1229,685,1.86916033762156,-0.130839662378439,0.130839662378439,valid,,,Shared Pattern Plane,Region-SIFT(21/28),28,1,215.520888891674,217.020455937026,3.31757579999976
527,22,4,4,1,2,67.5,65,1245.23926870649,685.621184467691,2,1245,686,1.88131139344302,-0.118688606556982,0.118688606556982,valid,,,Shared Pattern Plane,Region-SIFT(21/28),28,1,204.412528099585,208.102703682931,3.30120200000238
528,22,4,4,1,3,70,65,1261.78502596981,686.470657189752,2,1262,686,1.89418242181249,-0.105817578187505,0.105817578187505,valid,,,Shared Pattern Plane,Region-SIFT(21/28),28,1,206.741393924895,208.895710780297,3.38302250002744
529,22,4,4,1,4,72.5,65,1278.3908287469,687.323212697642,2,1278,687,1.90624592557235,-0.0937540744276533,0.0937540744276533,valid,,,Shared Pattern Plane,Region-SIFT(21/28),28,1,219.476187842233,222.755701781665,3.36744840000756
530,22,4,4,1,5,75,65,1295.05700449493,688.178867803281,2,1295,688,2.41865206272242,0.418652062722416,0.418652062722416,valid,,,Shared Pattern Plane,Region-SIFT(21/28),28,1,233.957570875259,237.867493518281,3.58312189998105
531,22,4,4,2,1,65,67.5,1228.19920033214,700.477446903902,2,1228,700,2.37226503701867,0.372265037018672,0.372265037018672,valid,,,Shared Pattern Plane,Region-SIFT(21/28),28,1,195.030012352757,197.728359189693,3.32531379995635
532,22,4,4,2,2,67.5,67.5,1244.65713685528,701.350805431266,2,1245,701,1.8811571527652,-0.118842847234798,0.118842847234798,valid,,,Shared Pattern Plane,Region-SIFT(21/28),28,1,159.766173246676,160.287551035433,3.41108990000794
533,22,4,4,2,3,70,67.5,1261.17459382561,702.227322476712,2,1261,702,1.89326761884933,-0.106732381150672,0.106732381150672,valid,,,Shared Pattern Plane,Region-SIFT(21/28),28,1,125.125396266312,126.412777383265,3.37614369997755
534,22,4,4,2,4,72.5,67.5,1277.75189471332,703.107015205542,2,1278,703,1.90611150460069,-0.0938884953993062,0.0938884953993062,valid,,,Shared Pattern Plane,Region-SIFT(21/28),28,1,165.552431572304,168.879905190893,3.46997590002138
535,22,4,4,2,5,75,67.5,1294.38936533678,703.989900907667,2,1294,704,1.91814299172686,-0.0818570082731396,0.0818570082731396,valid,,,Shared Pattern Plane,Region-SIFT(21/28),28,1,246.045286425838,252.215072351519,3.89615970000159
536,22,4,4,3,1,65,70,1227.64698401116,716.128668262985,2,1228,716,2.37315916593401,0.373159165934013,0.373159165934013,valid,,,Shared Pattern Plane,Region-SIFT(21/28),28,1,175.015494156893,178.165013981879,3.36003749998054
537,22,4,4,3,2,67.5,70,1244.07691571853,717.028797516996,2,1244,717,1.880292978798,-0.119707021201996,0.119707021201996,valid,,,Shared Pattern Plane,Region-SIFT(21/28),28,1,170.889316739986,172.661801208058,3.42869259999134
538,22,4,4,3,3,70,70,1260.56616890218,717.932176753851,2,1261,718,1.89316102180239,-0.106838978197611,0.106838978197611,valid,,,Shared Pattern Plane,Region-SIFT(21/28),28,1,128.536695348649,129.863108114206,3.5043333999929
539,22,4,4,3,4,72.5,70,1277.11506541998,718.838823606837,2,1277,719,1.90521224615409,-0.0947877538459145,0.0947877538459145,valid,,,Shared Pattern Plane,Region-SIFT(21/28),28,1,167.751796704247,171.478363337118,3.4505022999947
540,22,4,4,3,5,75,70,1293.72392946242,719.748755837035,2,1294,720,2.41976307241684,0.419763072416842,0.419763072416842,valid,,,Shared Pattern Plane,Region-SIFT(21/28),28,1,199.737949468219,202.95611395384,3.84412259998498
541,22,4,4,4,1,65,72.5,1227.09657399435,731.728694346953,2,1227,732,2.37333864744064,0.373338647440644,0.373338647440644,valid,,,Shared Pattern Plane,Region-SIFT(21/28),28,1,207.785485459383,211.468204260956,3.29191070003435
542,22,4,4,4,2,67.5,72.5,1243.49859590442,732.655414498352,2,1243,733,2.38469288326472,0.384692883264717,0.384692883264717,valid,,,Shared Pattern Plane,Region-SIFT(21/28),28,1,158.745644161689,159.598888394141,3.35474260000046
543,22,4,4,4,3,70,72.5,1259.95974131556,733.585475148876,2,1260,734,2.39675126784759,0.396751267847593,0.396751267847593,valid,,,Shared Pattern Plane,Region-SIFT(21/28),28,1,177.512527692886,181.119150075115,3.4028924999875
544,22,4,4,4,4,72.5,72.5,1276.48033048401,734.518894393121,2,1276,735,2.40800284499695,0.408002844996952,0.408002844996952,valid,,,Shared Pattern Plane,Region-SIFT(21/28),28,1,199.961656333277,203.637056426649,3.46536680002464
545,22,4,4,4,5,75,72.5,1293.06068598318,735.455690456599,2,1293,735,2.41991214293351,0.419912142933514,0.419912142933514,valid,,,Shared Pattern Plane,Region-SIFT(21/28),28,1,220.616273429911,227.082116308484,3.62198440002976
546,22,4,4,5,1,65,75,1226.54796143353,747.277775935909,2,1227,747,1.86711587679084,-0.13288412320916,0.13288412320916,valid,,,Shared Pattern Plane,Region-SIFT(21/28),28,1,249.460701668956,255.902886683148,4.03546890005236
547,22,4,4,5,2,67.5,75,1242.92216808261,748.230908488349,2,1243,748,2.38556303850694,0.385563038506938,0.385563038506938,valid,,,Shared Pattern Plane,Region-SIFT(21/28),28,1,160.498640317261,162.338300201743,3.54517769999802
548,22,4,4,5,3,70,75,1259.35530124659,749.187471117175,2,1259,749,2.39686229698997,0.396862296989973,0.396862296989973,valid,,,Shared Pattern Plane,Region-SIFT(21/28),28,1,172.130202968032,173.442802496328,3.60424940002849
549,22,4,4,5,4,72.5,75,1275.84767959071,750.147482371694,2,1276,750,2.40847091791015,0.408470917910146,0.408470917910146,valid,,,Shared Pattern Plane,Region-SIFT(21/28),28,1,220.346271449296,225.520633053838,3.57914110005368
550,22,4,4,5,5,75,75,1292.39962408204,751.110960935205,2,1292,751,1.91628553428627,-0.0837144657137348,0.0837144657137348,valid,,,Shared Pattern Plane,Region-SIFT(21/28),28,1,245.332352027187,250.284016278831,3.58166440000059
551,23,4,5,1,1,85,65,1362.33207028667,691.632824751605,1.5,1362,692,1.47034231767921,-0.0296576823207875,0.0296576823207875,valid,,,Shared Pattern Plane,Region-SIFT(21/28),28,1,254.23187161703,257.848855332494,3.37282369995955
552,23,4,5,1,2,87.5,65,1379.30510700178,692.504234350486,1.5,1379,693,1.48368246402088,-0.0163175359791248,0.0163175359791248,valid,,,Shared Pattern Plane,Region-SIFT(21/28),28,1,206.125295870645,209.390030513569,3.34479030000512
553,23,4,5,1,3,90,65,1396.34053229379,693.378847029976,1.5,1396,693,1.49712230226079,-0.00287769773921487,0.00287769773921487,valid,,,Shared Pattern Plane,Region-SIFT(21/28),28,1,219.428500133091,223.459969854588,3.46558950003237
554,23,4,5,1,4,92.5,65,1413.43869078295,694.25668048316,1.5,1413,694,1.51036026868672,0.0103602686867215,0.0103602686867215,valid,,,Shared Pattern Plane,Region-SIFT(21/28),28,1,285.117572154696,290.429248847418,3.4249474000535
555,23,4,5,1,5,95,65,1430.59992963231,695.137752533675,1.5,1431,695,1.51835333410229,0.0183533341022879,0.0183533341022879,valid,,,Shared Pattern Plane,Region-SIFT(21/28),28,1,263.616987778396,268.71010374237,3.61048730002949
556,23,4,5,2,1,85,67.5,1361.5475449431,707.553723672381,1.5,1362,708,1.46924248755549,-0.0307575124445065,0.0307575124445065,valid,,,Shared Pattern Plane,Region-SIFT(21/28),28,1,160.667997485872,162.661583332935,3.3760361999739
557,23,4,5,2,2,87.5,67.5,1378.49083521391,708.452838030904,1.5,1378,708,1.48183139471654,-0.0181686052834622,0.0181686052834622,valid,,,Shared Pattern Plane,Region-SIFT(21/28),28,1,161.4750665261,165.298357626608,3.41550260002259
558,23,4,5,2,3,90,67.5,1395.49630065399,709.35525178326,1.5,1395,709,1.99304287421964,0.493042874219637,0.493042874219637,valid,,,Shared Pattern Plane,Region-SIFT(21/28),28,1,137.662361076395,138.27697678847,3.33047719998285
559,23,4,5,2,4,92.5,67.5,1412.56428412984,710.260983124037,1.5,1413,710,1.51454982101289,0.0145498210128854,0.0145498210128854,valid,,,Shared Pattern Plane,Region-SIFT(21/28),28,1,191.928545029454,195.184554426942,3.44091279996792
560,23,4,5,2,5,95,67.5,1429.69513103357,711.170050381849,1.5,1430,711,1.52249894123737,0.0224989412373711,0.0224989412373711,valid,,,Shared Pattern Plane,Region-SIFT(21/28),28,1,181.580399040444,185.596707309362,3.70410680002533
561,23,4,5,3,1,85,70,1360.76562752121,723.42169828963,1.5,1361,723,1.46735124304484,-0.0326487569551626,0.0326487569551626,valid,,,Shared Pattern Plane,Region-SIFT(21/28),28,1,183.16119415041,186.811670953032,3.31960049999179
562,23,4,5,3,2,87.5,70,1377.67927518004,724.348328376772,1.5,1378,724,1.48073286260081,-0.0192671373991906,0.0192671373991906,valid,,,Shared Pattern Plane,Region-SIFT(21/28),28,1,192.495886307166,197.431982048789,3.27240159997018
563,23,4,5,3,3,90,70,1394.65488569292,725.278353157123,1.5,1395,725,1.99294690129411,0.492946901294109,0.492946901294109,valid,,,Shared Pattern Plane,Region-SIFT(21/28),28,1,177.427855598611,179.888718124934,3.40760009997757
564,23,4,5,3,4,92.5,70,1411.69280018445,726.211791319515,1.5,1412,726,1.5073351117532,0.00733511175319812,0.00733511175319812,valid,,,Shared Pattern Plane,Region-SIFT(21/28),28,1,180.74068515818,183.966785023546,3.36127799999667
565,23,4,5,3,5,95,70,1428.79336228784,727.148661690217,1.5,1429,727,2.01780340304668,0.517803403046676,0.517803403046676,valid,,,Shared Pattern Plane,Region-SIFT(21/28),28,1,235.804069369684,240.256547590094,3.65408230002504
566,23,4,5,4,1,85,72.5,1359.98630503867,739.237012062166,1.5,1360,739,1.4654496978383,-0.0345503021617017,0.0345503021617017,valid,,,Shared Pattern Plane,Region-SIFT(21/28),28,1,209.832660569085,213.769396076726,3.40808429999743
567,23,4,5,4,2,87.5,72.5,1376.87041337634,740.190970270532,1.5,1377,740,1.47881751672771,-0.0211824832722851,0.0211824832722851,valid,,,Shared Pattern Plane,Region-SIFT(21/28),28,1,203.453017898842,207.407616694386,3.44841219997033
568,23,4,5,4,3,90,72.5,1393.81627333778,741.148417467905,1.5,1394,741,1.49218507660663,-0.00781492339337464,0.00781492339337464,valid,,,Shared Pattern Plane,Region-SIFT(21/28),28,1,237.320142439181,241.195044077247,3.52705259999493
569,23,4,5,4,4,92.5,72.5,1410.8242243175,742.109372830196,1.5,1411,742,2.01475771286357,0.514757712863571,0.514757712863571,valid,,,Shared Pattern Plane,Region-SIFT(21/28),28,1,279.52118275052,286.839498758155,3.41508030000841
570,23,4,5,4,5,95,72.5,1427.8946082017,743.0738556741,1.5,1428,743,0.515607859189573,-0.984392140810427,0.984392140810427,valid,,,Shared Pattern Plane,Region-SIFT(21/28),28,1,247.260103729288,252.821426718153,3.63613930001156
571,23,4,5,5,1,85,75,1359.20956459921,754.999926703027,1.5,1359,755,1.96624750956862,0.466247509568615,0.466247509568615,valid,,,Shared Pattern Plane,Region-SIFT(21/28),28,1,187.862038818743,191.152160702847,3.40789949998725
572,23,4,5,5,2,87.5,75,1376.06423636875,755.981026836214,1.5,1376,756,1.9788115279861,0.478811527986096,0.478811527986096,valid,,,Shared Pattern Plane,Region-SIFT(21/28),28,1,188.567711098484,190.616205090076,3.38063700002385
573,23,4,5,5,3,90,75,1392.98044960937,756.965709260786,1.5,1393,757,1.49029045359315,-0.0097095464068544,0.0097095464068544,valid,,,Shared Pattern Plane,Region-SIFT(21/28),28,1,237.932395520286,244.321321876229,3.42077739996603
574,23,4,5,5,4,92.5,75,1409.95854199715,757.95399363266,1.5,1410,758,0.496610838681235,-1.00338916131877,1.00338916131877,valid,,,Shared Pattern Plane,Region-SIFT(21/28),28,1,341.328388565306,352.54435700015,3.3749616999994
575,23,4,5,5,5,95,75,1426.99885368313,758.945899751822,1.5,1427,759,1.52255275800896,0.0225527580089586,0.0225527580089586,valid,,,Shared Pattern Plane,Region-SIFT(21/28),28,1,321.902431342715,329.208022885521,3.67284770001424
576,24,4,6,1,1,105,65,1499.88272221481,698.694787818937,1,1500,699,1.08374532120898,0.0837453212089752,0.0837453212089752,valid,,,Shared Pattern Plane,Region-SIFT(21/28),28,1,275.552836139618,281.709130905351,3.3309441000456
577,24,4,6,1,2,107.5,65,1517.36466096924,699.592324865099,1,1517,700,1.10707376483326,0.107073764833259,0.107073764833259,valid,,,Shared Pattern Plane,Region-SIFT(21/28),28,1,337.566624839218,346.870336184943,3.32905190001475
578,24,4,6,1,3,110,65,1534.91181779571,700.493210260466,1,1535,700,0.618145545348186,-0.381854454651814,0.381854454651814,valid,,,Shared Pattern Plane,Region-SIFT(21/28),28,1,273.072356816448,277.888082599315,3.35773980000522
579,24,4,6,1,4,112.5,65,1552.52455832977,701.397462777066,1,1553,701,1.13771156493366,0.137711564933656,0.137711564933656,valid,,,Shared Pattern Plane,Region-SIFT(21/28),28,1,261.084428658056,264.556812486662,3.37965429999167
580,24,4,6,1,5,115,65,1570.20325094529,702.305101327516,1,1570,702,1.15201753432743,0.152017534327435,0.152017534327435,valid,,,Shared Pattern Plane,Region-SIFT(21/28),28,1,240.377648686606,242.784173007507,3.55622349999612
581,24,4,6,2,1,105,67.5,1498.85415047907,714.840049916231,1,1499,715,1.08953951621345,0.0895395162134516,0.0895395162134516,valid,,,Shared Pattern Plane,Region-SIFT(21/28),28,1,261.169976225353,267.945213372299,3.44017439999152
582,24,4,6,2,2,107.5,67.5,1516.30458544681,715.766076466635,1,1516,716,1.0946957325839,0.0946957325839017,0.0946957325839017,valid,,,Shared Pattern Plane,Region-SIFT(21/28),28,1,326.183003686976,336.025026074076,3.38533680001274
583,24,4,6,2,3,110,67.5,1533.82001055654,716.695551790499,1,1534,717,1.59235329650606,0.592353296506061,0.592353296506061,valid,,,Shared Pattern Plane,Region-SIFT(21/28),28,1,364.938060869489,376.566064346633,3.44511680002324
584,24,4,6,2,4,112.5,67.5,1551.40078954689,717.628495190015,1,1551,718,,,,failed,Region-SIFT 匹配失敗: ObjRatio 0.975463 exceeds 0.950000; ambiguous match,,,,28,,359.596946028048,371.250549545261,3.36032620002516
585,24,4,6,2,5,115,67.5,1569.04728887597,718.564926111686,1,1569,719,1.14897582402503,0.14897582402503,0.14897582402503,valid,,,Shared Pattern Plane,Region-SIFT(21/28),28,1,264.028362309491,269.569698424574,3.72829519998049
586,24,4,6,3,1,105,70,1497.82904858604,730.930846663013,1,1498,731,1.0865065757841,0.0865065757841019,0.0865065757841019,valid,,,Shared Pattern Plane,Region-SIFT(21/28),28,1,274.648414156677,283.26090084477,3.29378860001452
587,24,4,6,3,2,107.5,70,1515.24809267939,731.885165368932,1,1515,732,0.585259403967176,-0.414740596032824,0.414740596032824,valid,,,Shared Pattern Plane,Region-SIFT(21/28),28,1,241.063618485385,246.298946903714,3.37300749996211
588,24,4,6,3,3,110,70,1532.73190017623,732.843032198795,1,1533,733,1.59060357872577,0.590603578725765,0.590603578725765,valid,,,Shared Pattern Plane,Region-SIFT(21/28),28,1,330.520102442383,339.49090273038,3.37103129999014
589,24,4,6,3,4,112.5,70,1550.2808329314,733.804466977157,1,1550,734,0.624628007376771,-0.375371992623229,0.375371992623229,valid,,,Shared Pattern Plane,Region-SIFT(21/28),28,1,314.88360046306,324.108913423294,3.41555440000957
590,24,4,6,3,5,115,70,1567.89525550048,734.769489676541,1,1568,735,0.143293687002622,-0.856706312997378,0.856706312997378,valid,,,Shared Pattern Plane,Region-SIFT(21/28),28,1,263.304094425585,267.800162911882,4.0311428999994
591,24,4,6,4,1,105,72.5,1496.80739900725,746.967453199988,1,1497,747,1.56353458292993,0.563534582929933,0.563534582929933,valid,,,Shared Pattern Plane,Region-SIFT(21/28),28,1,246.02902751196,252.362147326989,3.40956110000843
592,24,4,6,4,2,107.5,72.5,1514.19516453456,747.949868221154,1,1514,748,1.59420290647397,0.594202906473974,0.594202906473974,valid,,,Shared Pattern Plane,Region-SIFT(21/28),28,1,214.942692787433,218.67395252844,3.39224620000459
593,24,4,6,4,3,110,72.5,1531.64746791017,748.935929654017,1,1532,749,1.10349475514555,0.103494755145553,0.103494755145553,valid,,,Shared Pattern Plane,Region-SIFT(21/28),28,1,280.025903944994,286.953511286288,3.53519179997966
594,24,4,6,4,4,112.5,72.5,1549.16466911808,749.925657837803,1,1549,750,0.132503713003312,-0.867496286996688,0.867496286996688,valid,,,Shared Pattern Plane,Region-SIFT(21/28),28,1,275.903944714864,284.768300316485,4.06174500001362
595,24,4,6,4,5,115,72.5,1566.74713082452,750.919073263284,1,1567,751,0.647398736634019,-0.352601263365981,0.352601263365981,valid,,,Shared Pattern Plane,Region-SIFT(21/28),28,1,225.051118247219,229.52515408498,3.61271539999871
596,24,4,6,5,1,105,75,1495.78918433208,762.95014281775,1,1496,763,0.563404229466556,-0.436595770533444,0.436595770533444,valid,,,Shared Pattern Plane,Region-SIFT(21/28),28,1,255.973655026552,265.2437322022,3.40186459996039
597,24,4,6,5,2,107.5,75,1513.14578300208,763.960459808769,1,1513,764,1.59230118988766,0.592301189887662,0.592301189887662,valid,,,Shared Pattern Plane,Region-SIFT(21/28),28,1,242.400637330958,250.466971495107,3.36688149999827
598,24,4,6,5,3,110,75,1530.56669514027,764.974520447429,1,1531,765,1.61655725846326,0.61655725846326,0.61655725846326,valid,,,Shared Pattern Plane,Region-SIFT(21/28),28,1,264.143144700388,272.179656721377,3.35341600002721
599,24,4,6,5,4,112.5,75,1548.05227887268,765.992345580026,1,1548,766,1.62031459499649,0.620314594996487,0.620314594996487,valid,,,Shared Pattern Plane,Region-SIFT(21/28),28,1,288.802261840982,294.114138767269,3.40905409998959
600,24,4,6,5,5,115,75,1565.60289498919,767.01395620792,1,1566,767,,,,failed,Region-SIFT 匹配失敗: ObjRatio 0.979059 exceeds 0.950000; ambiguous match,,,,28,,274.203840230508,280.873434310406,3.58550320001086
