sample_id,block_id,row,column,sample_row,sample_column,model_x_mm,model_y_mm,u,v,true_height_mm,measured_u,measured_v,wound_height_mm,error_mm,abs_error_mm,status,failure_reason,measurement_warning,height_reference_source,method,candidate_frame,fused_count,group_score,objective_score,elapsed_seconds
1,1,1,1,1,1,5,5,651.739948514483,273.624299374282,12.5,652,274,12.0348753057787,-0.46512469422129,0.46512469422129,valid,,,Shared Pattern Plane,Grad-SIFT+Top2Geo+MidGrad+極線對齊,102,1,,,1.57004479999887
2,1,1,1,1,2,7.5,5,667.438920725342,273.757120832337,12.5,667,274,10.610107919611,-1.88989208038903,1.88989208038903,valid,,,Shared Pattern Plane,Grad-SIFT+Top2Geo+MidGrad+極線對齊,102,1,,,2.08455780000077
3,1,1,1,1,3,10,5,683.198187262887,273.890452411709,12.5,683,274,9.8203851155762,-2.6796148844238,2.6796148844238,valid,,,Shared Pattern Plane,Grad-SIFT+Top2Geo+MidGrad+極線對齊,102,1,,,1.84541030001128
4,1,1,1,1,4,12.5,5,699.018096149943,274.024297056853,12.5,699,274,11.3370524625625,-1.16294753743752,1.16294753743752,valid,,,Shared Pattern Plane,Grad-SIFT+Top2Geo+MidGrad+極線對齊,102,1,,,1.79036610000185
5,1,1,1,1,5,15,5,714.898998092912,274.158657734926,12.5,715,274,12.8821524006718,0.38215240067184,0.38215240067184,valid,,,Shared Pattern Plane,Grad-SIFT+Top2Geo+MidGradInterp+極線對齊,102,1,,,1.83950010000262
6,1,1,1,2,1,5,7.5,651.152774448528,289.896546402419,12.5,651,290,12.3745982863567,-0.125401713643306,0.125401713643306,valid,,,Shared Pattern Plane,Grad-SIFT+Top2Geo+MidGrad+極線對齊,102,1,,,1.70662799999991
7,1,1,1,2,2,7.5,7.5,666.847588044014,290.060524316904,12.5,667,290,10.2232159891649,-2.27678401083506,2.27678401083506,valid,,,Shared Pattern Plane,Grad-SIFT+Top2Geo+MidGrad+極線對齊,102,1,,,1.7632780999993
8,1,1,1,2,3,10,7.5,682.60266832476,290.225131891965,12.5,683,290,9.0977020720993,-3.4022979279007,3.4022979279007,valid,,,Shared Pattern Plane,Grad-SIFT+Top2Geo+MidGrad+極線對齊,102,1,,,1.89605989999836
9,1,1,1,2,4,12.5,7.5,698.418363086566,290.390372761338,12.5,698,290,8.7843856084587,-3.7156143915413,3.7156143915413,valid,,,Shared Pattern Plane,Grad-SIFT+Top2Geo+MidGradInterp+極線對齊,102,1,,,2.15538270000252
10,1,1,1,2,5,15,7.5,714.295022806541,290.556250586776,12.5,714,291,9.50255745794798,-2.99744254205202,2.99744254205202,valid,,,Shared Pattern Plane,Grad-SIFT+Top2Geo+MidGradInterp+極線對齊,102,1,,,1.78571130000637
11,1,1,1,3,1,5,10,650.565826817857,306.162518271125,12.5,651,306,10.1778148864601,-2.32218511353986,2.32218511353986,valid,,,Shared Pattern Plane,Grad-SIFT+Top2Geo+MidGrad+極線對齊,102,1,,,1.77177569999185
12,1,1,1,3,2,7.5,10,666.256483838583,306.357628581363,12.5,666,306,9.84563751776458,-2.65436248223542,2.65436248223542,valid,,,Shared Pattern Plane,Grad-SIFT+Top2Geo+MidGrad+極線對齊,102,1,,,2.51550450001378
13,1,1,1,3,3,10,10,682.007379921675,306.553487952786,12.5,682,307,10.4376777373815,-2.06232226261848,2.06232226261848,valid,,,Shared Pattern Plane,Grad-SIFT+Top2Geo+MidGrad+極線對齊,102,1,,,1.75899529999879
14,1,1,1,3,4,12.5,10,697.818862636108,306.750100707348,12.5,698,307,8.59970968007133,-3.90029031992867,3.90029031992867,valid,,,Shared Pattern Plane,Grad-SIFT+Top2Geo+MidGradInterp+極線對齊,102,1,,,1.70510429999558
15,1,1,1,3,5,15,10,713.691282229891,306.947471200315,12.5,714,307,11.6014746453826,-0.898525354617355,0.898525354617355,valid,,,Shared Pattern Plane,Grad-SIFT+Top2Geo+MidGradInterp+極線對齊,102,1,,,1.81803249999939
16,1,1,1,4,1,5,12.5,649.979105491512,322.42221860959,12.5,650,322,10.8662298093858,-1.63377019061424,1.63377019061424,valid,,,Shared Pattern Plane,Grad-SIFT+Top2Geo+MidGrad+極線對齊,102,1,,,2.01319509999303
17,1,1,1,4,2,7.5,12.5,665.665607976657,322.648437275796,12.5,666,323,9.69642783314213,-2.80357216685787,2.80357216685787,valid,,,Shared Pattern Plane,Grad-SIFT+Top2Geo+MidGrad+極線對齊,102,1,,,2.02152310000383
18,1,1,1,4,3,10,12.5,681.412321919793,322.875524265309,12.5,681,323,8.80904324469947,-3.69095675530053,3.69095675530053,valid,,,Shared Pattern Plane,Grad-SIFT+Top2Geo+MidGrad+極線對齊,102,1,,,1.94652569999744
19,1,1,1,4,4,12.5,12.5,697.219594663262,323.103484587234,12.5,697,323,5.45192169659921,-7.04807830340079,7.04807830340079,valid,,,Shared Pattern Plane,Grad-SIFT+Top2Geo+MidGradInterp+極線對齊,102,1,,,1.83137510000961
20,1,1,1,4,5,15,12.5,713.087776226175,323.332323289276,12.5,713,323,11.11716587533,-1.38283412467002,1.38283412467002,valid,,,Shared Pattern Plane,Grad-SIFT+Top2Geo+MidGradInterp+極線對齊,102,1,,,1.79555959999561
21,1,1,1,5,1,5,15,649.392610338639,338.675651044203,12.5,649,339,9.74610419141763,-2.75389580858237,2.75389580858237,valid,,,Shared Pattern Plane,Grad-SIFT+Top2Geo+MidGrad+極線對齊,102,1,,,1.73497189999034
22,1,1,1,5,2,7.5,15,665.074960325949,338.932954047466,12.5,665,339,8.81074286687574,-3.68925713312426,3.68925713312426,valid,,,Shared Pattern Plane,Grad-SIFT+Top2Geo+MidGrad+極線對齊,102,1,,,1.67779319999681
23,1,1,1,5,3,10,15,680.817494185377,339.191244497831,12.5,681,339,5.11410391096628,-7.38589608903372,7.38589608903372,valid,,,Shared Pattern Plane,Grad-SIFT+Top2Geo+MidGradInterp+極線對齊,102,1,,,1.97728390000702
24,1,1,1,5,4,12.5,15,696.620559032829,339.450528090488,12.5,697,339,7.35336984176151,-5.14663015823849,5.14663015823849,valid,,,Shared Pattern Plane,Grad-SIFT+Top2Geo+MidGradInterp+極線對齊,102,1,,,2.06020030000946
25,1,1,1,5,5,15,15,712.484504658711,339.710810564507,12.5,712,340,10.4808164707805,-2.01918352921946,2.01918352921946,valid,,,Shared Pattern Plane,Grad-SIFT+Top2Geo+MidGradInterp+極線對齊,102,1,,,1.81499790000089
26,2,1,2,1,1,25,5,779.039645936919,274.701320926682,12,779,275,10.3014449407092,-1.69855505929083,1.69855505929083,valid,,,Shared Pattern Plane,Grad-SIFT+Top2Geo+MidGrad+極線對齊,102,1,,,1.97399440000299
27,2,1,2,1,2,27.5,5,795.230869511778,274.838307086924,12,795,275,-3.32144191893421,-15.3214419189342,15.3214419189342,valid,,,Shared Pattern Plane,Grad-SIFT+Top2Geo+MidGradInterp+極線對齊,102,1,,,1.99873010000738
28,2,1,2,1,3,30,5,811.48524820868,274.975827572298,12,811,275,7.9366373793218,-4.0633626206782,4.0633626206782,valid,,,Shared Pattern Plane,Grad-SIFT+Top2Geo+MidGrad+極線對齊,102,1,,,1.90339360000507
29,2,1,2,1,4,32.5,5,827.803152261859,275.113885515177,12,828,275,3.62541387666775,-8.37458612333225,8.37458612333225,valid,,,Shared Pattern Plane,Grad-SIFT+Top2Geo+MidGradInterp+極線對齊,102,1,,,1.78171100000327
30,2,1,2,1,5,35,5,844.184954805112,275.252484072467,12,844,275,6.75249222214706,-5.24750777785294,5.24750777785294,valid,,,Shared Pattern Plane,Grad-SIFT+Top2Geo+MidGrad+極線對齊,102,1,,,1.96992109999701
31,2,1,2,2,1,25,7.5,778.418416114209,291.226205679925,12,778,291,9.96835389509105,-2.03164610490895,2.03164610490895,valid,,,Shared Pattern Plane,Grad-SIFT+Top2Geo+MidGrad+極線對齊,102,1,,,2.08978530000604
32,2,1,2,2,2,27.5,7.5,794.605253456517,291.395324211557,12,795,291,-1.4579445004935,-13.4579445004935,13.4579445004935,valid,,,Shared Pattern Plane,Grad-SIFT+Top2Geo+MidGradInterp+極線對齊,102,1,,,1.98843260000285
33,2,1,2,2,3,30,7.5,810.855216398115,291.565102273425,12,811,292,8.51329465261066,-3.48670534738934,3.48670534738934,valid,,,Shared Pattern Plane,Grad-SIFT+Top2Geo+MidGrad+極線對齊,102,1,,,1.73639970000659
34,2,1,2,2,4,32.5,7.5,827.168674927262,291.735543731132,12,827,292,3.44091778165752,-8.55908221834249,8.55908221834249,valid,,,Shared Pattern Plane,Grad-SIFT+Top2Geo+MidGradInterp+極線對齊,102,1,,,1.76499470000272
35,2,1,2,2,5,35,7.5,843.546001929286,291.906652480547,12,844,292,11.9049431922169,-0.0950568077830543,0.0950568077830543,valid,,,Shared Pattern Plane,Grad-SIFT+Top2Geo+MidGradInterp+極線對齊,102,1,,,2.02143860000069
36,2,1,2,3,1,25,10,777.797429581737,307.744618845659,12,778,308,12.8262755738756,0.826275573875641,0.826275573875641,valid,,,Shared Pattern Plane,Grad-SIFT+Top2Geo+MidGradInterp+極線對齊,102,1,,,1.98384389998682
37,2,1,2,3,2,27.5,10,793.97988288598,307.945844548344,12,794,308,9.61534969676622,-2.38465030323378,2.38465030323378,valid,,,Shared Pattern Plane,Grad-SIFT+Top2Geo+MidGrad+極線對齊,102,1,,,2.00063619999855
38,2,1,2,3,3,30,10,810.225432286922,308.147854838889,12,810,308,9.81427308838262,-2.18572691161738,2.18572691161738,valid,,,Shared Pattern Plane,Grad-SIFT+Top2Geo+MidGrad+極線對齊,102,1,,,1.82025520000025
39,2,1,2,3,4,32.5,10,826.534447527065,308.350654314971,12,827,308,7.86833352141163,-4.13166647858837,4.13166647858837,valid,,,Shared Pattern Plane,Grad-SIFT+Top2Geo+MidGrad+極線對齊,102,1,,,1.86713340001006
40,2,1,2,3,5,35,10,842.907301243483,308.554247610259,12,843,309,8.02091092888398,-3.97908907111602,3.97908907111602,valid,,,Shared Pattern Plane,Grad-SIFT+Top2Geo+MidGrad+極線對齊,102,1,,,1.76224250000087
41,2,1,2,4,1,25,12.5,777.176686196614,324.25656422481,12,777,324,11.6864521410217,-0.313547858978316,0.313547858978316,valid,,,Shared Pattern Plane,Grad-SIFT+Top2Geo+MidGradInterp+極線對齊,102,1,,,2.17157910000242
42,2,1,2,4,2,27.5,12.5,793.354757655708,324.489871920437,12,793,324,9.84725485548091,-2.15274514451909,2.15274514451909,valid,,,Shared Pattern Plane,Grad-SIFT+Top2Geo+MidGrad+極線對齊,102,1,,,2.71951009999611
43,2,1,2,4,3,30,12.5,809.595895729055,324.724089114238,12,810,325,10.7056223974371,-1.29437760256291,1.29437760256291,valid,,,Shared Pattern Plane,Grad-SIFT+Top2Geo+MidGrad+極線對齊,102,1,,,1.8886635999952
44,2,1,2,4,4,32.5,12.5,825.900469913616,324.959221134813,12,826,325,8.96313812565038,-3.03686187434962,3.03686187434962,valid,,,Shared Pattern Plane,Grad-SIFT+Top2Geo+MidGrad+極線對齊,102,1,,,1.82274160000088
45,2,1,2,4,5,35,12.5,842.268852598426,325.195273352471,12,842,325,9.80603660716673,-2.19396339283327,2.19396339283327,valid,,,Shared Pattern Plane,Grad-SIFT+Top2Geo+MidGrad+極線對齊,102,1,,,1.82593900000211
46,2,1,2,5,1,25,15,776.556185816061,340.762045615328,12,777,341,11.7549485775174,-0.245051422482586,0.245051422482586,valid,,,Shared Pattern Plane,Grad-SIFT+Top2Geo+MidGradInterp+極線對齊,102,1,,,2.05228979999083
47,2,1,2,5,2,27.5,15,792.729877621354,341.027410147985,12,793,341,10.5994736362727,-1.40052636372727,1.40052636372727,valid,,,Shared Pattern Plane,Grad-SIFT+Top2Geo+MidGrad+極線對齊,102,1,,,2.13054549999651
48,2,1,2,5,3,30,15,808.966606578582,341.293808941995,12,809,341,8.69696663783533,-3.30303336216467,3.30303336216467,valid,,,Shared Pattern Plane,Grad-SIFT+Top2Geo+MidGradInterp+極線對齊,102,1,,,1.86914479998813
49,2,1,2,5,4,32.5,15,825.266741939377,341.561248055733,12,825,342,9.42291352238183,-2.57708647761817,2.57708647761817,valid,,,Shared Pattern Plane,Grad-SIFT+Top2Geo+MidGradInterp+極線對齊,102,1,,,1.75619379999989
50,2,1,2,5,5,35,15,841.630655844956,341.829733594982,12,842,342,8.92480295528165,-3.07519704471835,3.07519704471835,valid,,,Shared Pattern Plane,Grad-SIFT+Top2Geo+MidGradInterp+極線對齊,102,1,,,1.91786860000866
51,3,1,3,1,1,45,5,910.358715641749,275.812348456024,11.5,910,276,13.4650939392823,1.96509393928228,1.96509393928228,valid,,,Shared Pattern Plane,Grad-SIFT+Top2Geo+MidGradInterp+極線對齊,102,1,,,1.99178379999648
52,3,1,3,1,2,47.5,5,927.065711136923,275.953698314575,11.5,927,276,16.5090192648999,5.00901926489994,5.00901926489994,valid,,,Shared Pattern Plane,Grad-SIFT+Top2Geo+MidGrad+極線對齊,102,1,,,2.14815569999337
53,3,1,3,1,3,50,5,943.838906432276,276.095608257815,11.5,944,276,13.4362017920577,1.93620179205774,1.93620179205774,valid,,,Shared Pattern Plane,Grad-SIFT+Top2Geo+MidGrad+極線對齊,102,1,,,1.97398189999512
54,3,1,3,1,4,52.5,5,960.678695774027,276.238081621273,11.5,961,276,12.8854067323268,1.3854067323268,1.3854067323268,valid,,,Shared Pattern Plane,Grad-SIFT+Top2Geo+MidGrad+極線對齊,102,1,,,1.82452930000727
55,3,1,3,1,5,55,5,977.585476545149,276.381121767015,11.5,978,276,12.3777849038624,0.877784903862409,0.877784903862409,valid,,,Shared Pattern Plane,Grad-SIFT+Top2Geo+MidGrad+極線對齊,102,1,,,1.9075954999862
56,3,1,3,2,1,45,7.5,909.70155537045,292.597839388815,11.5,910,293,12.9335128300475,1.43351283004747,1.43351283004747,valid,,,Shared Pattern Plane,Grad-SIFT+Top2Geo+MidGradInterp+極線對齊,102,1,,,1.71891530000721
57,3,1,3,2,2,47.5,7.5,926.403921421756,292.772344115195,11.5,926,293,13.7827795756603,2.2827795756603,2.2827795756603,valid,,,Shared Pattern Plane,Grad-SIFT+Top2Geo+MidGrad+極線對齊,102,1,,,1.93696639999689
58,3,1,3,2,3,50,7.5,943.172455711031,292.94754016101,11.5,943,293,13.9547008667249,2.45470086672492,2.45470086672492,valid,,,Shared Pattern Plane,Grad-SIFT+Top2Geo+MidGrad+極線對齊,102,1,,,2.16063450000365
59,3,1,3,2,4,52.5,7.5,960.007552217668,293.123431642519,11.5,960,293,13.604748470721,2.10474847072097,2.10474847072097,valid,,,Shared Pattern Plane,Grad-SIFT+Top2Geo+MidGrad+極線對齊,102,1,,,1.9530792000005
60,3,1,3,2,5,55,7.5,976.90960805506,293.300022708724,11.5,977,293,11.3283797066381,-0.171620293361913,0.171620293361913,valid,,,Shared Pattern Plane,Grad-SIFT+Top2Geo+MidGrad+極線對齊,102,1,,,1.92621689999942
61,3,1,3,3,1,45,10,909.044656522079,309.376652936541,11.5,909,309,12.814619327072,1.31461932707204,1.31461932707204,valid,,,Shared Pattern Plane,Grad-SIFT+Top2Geo+MidGradInterp+極線對齊,102,1,,,1.86220039999171
62,3,1,3,3,2,47.5,10,925.742395491483,309.58428611763,11.5,926,310,12.9513600398463,1.45136003984626,1.45136003984626,valid,,,Shared Pattern Plane,Grad-SIFT+Top2Geo+MidGrad+極線對齊,102,1,,,1.73814929999935
63,3,1,3,3,3,50,10,942.506271158607,309.792741695868,11.5,943,310,11.9890900166696,0.489090016669639,0.489090016669639,valid,,,Shared Pattern Plane,Grad-SIFT+Top2Geo+MidGrad+極線對齊,102,1,,,1.80974709999282
64,3,1,3,3,4,52.5,10,959.336677236254,310.002024566999,11.5,959,310,13.1489977871501,1.64899778715013,1.64899778715013,valid,,,Shared Pattern Plane,Grad-SIFT+Top2Geo+MidGradInterp+極線對齊,102,1,,,2.04467550000118
65,3,1,3,3,5,55,10,976.23401056848,310.212139665703,11.5,976,310,12.4866159085502,0.986615908550213,0.986615908550213,valid,,,Shared Pattern Plane,Grad-SIFT+Top2Geo+MidGradInterp+極線對齊,102,1,,,2.12898150000547
66,3,1,3,4,1,45,12.5,908.388018940673,326.148793082874,11.5,908,326,13.904883014959,2.40488301495896,2.40488301495896,valid,,,Shared Pattern Plane,Grad-SIFT+Top2Geo+MidGrad+極線對齊,102,1,,,2.15726979999454
67,3,1,3,4,2,47.5,12.5,925.08113318842,326.389528329213,11.5,925,326,12.8060962739955,1.30609627399552,1.30609627399552,valid,,,Shared Pattern Plane,Grad-SIFT+Top2Geo+MidGrad+極線對齊,102,1,,,1.76592269999674
68,3,1,3,4,3,50,12.5,941.840352615579,326.631216893573,11.5,942,327,4.77181955990036,-6.72818044009964,6.72818044009964,valid,,,Shared Pattern Plane,Grad-SIFT+Top2Geo+MidGradInterp+極線對齊,102,1,,,1.75965130000259
69,3,1,3,4,4,52.5,12.5,958.666070668602,326.873864449937,11.5,959,327,8.42860484902361,-3.07139515097639,3.07139515097639,valid,,,Shared Pattern Plane,Grad-SIFT+Top2Geo+MidGradInterp+極線對齊,102,1,,,2.03654260000621
70,3,1,3,4,5,55,12.5,975.558683922444,327.117476717403,11.5,976,327,10.6994640221185,-0.800535977881498,0.800535977881498,valid,,,Shared Pattern Plane,Grad-SIFT+Top2Geo+MidGradInterp+極線對齊,102,1,,,2.05665649998991
71,3,1,3,5,1,45,15,907.731642470392,342.91426380832,11.5,908,343,12.6420857668097,1.14208576680974,1.14208576680974,valid,,,Shared Pattern Plane,Grad-SIFT+Top2Geo+MidGradInterp+極線對齊,102,1,,,1.94457260001218
72,3,1,3,5,2,47.5,15,924.42013435501,343.188074754085,11.5,924,343,12.1038141432908,0.603814143290842,0.603814143290842,valid,,,Shared Pattern Plane,Grad-SIFT+Top2Geo+MidGradInterp+極線對齊,102,1,,,1.69478799999342
73,3,1,3,5,3,50,15,941.174699922654,343.462969782089,11.5,941,343,11.6268744951974,0.126874495197434,0.126874495197434,valid,,,Shared Pattern Plane,Grad-SIFT+Top2Geo+MidGradInterp+極線對齊,102,1,,,1.81529469999077
74,3,1,3,5,4,52.5,15,957.995732353658,343.738955343308,11.5,958,344,11.738076942525,0.238076942525032,0.238076942525032,valid,,,Shared Pattern Plane,Grad-SIFT+Top2Geo+MidGrad+極線對齊,102,1,,,2.08235080000304
75,3,1,3,5,5,55,15,974.883627954119,344.016037940004,11.5,975,344,11.7583629904166,0.258362990416556,0.258362990416556,valid,,,Shared Pattern Plane,Grad-SIFT+Top2Geo+MidGrad+極線對齊,102,1,,,1.99286830000347
76,4,1,4,1,1,65,5,1045.89057313009,276.959018357897,11,1046,277,13.5729559684678,2.57295596846784,2.57295596846784,valid,,,Shared Pattern Plane,Grad-SIFT+Top2Geo+MidGradInterp+極線對齊,102,1,,,1.90963679998822
77,4,1,4,1,2,67.5,5,1063.13838378816,277.104943793594,11,1063,277,13.6136091588858,2.61360915888585,2.61360915888585,valid,,,Shared Pattern Plane,Grad-SIFT+Top2Geo+MidGrad+極線對齊,102,1,,,1.84188970000832
78,4,1,4,1,3,70,5,1080.45563782221,277.251456756317,11,1080,277,11.4555222897115,0.455522289711535,0.455522289711535,valid,,,Shared Pattern Plane,Grad-SIFT+Top2Geo+MidGradInterp+極線對齊,102,1,,,1.75010360000306
79,4,1,4,1,4,72.5,5,1097.84275546904,277.398560801487,11,1098,277,11.1427056376682,0.142705637668232,0.142705637668232,valid,,,Shared Pattern Plane,Grad-SIFT+Top2Geo+MidGradInterp+極線對齊,102,1,,,1.97041560000798
80,4,1,4,1,5,75,5,1115.30016036308,277.546259513271,11,1115,278,10.7875046600321,-0.212495339967894,0.212495339967894,valid,,,Shared Pattern Plane,Grad-SIFT+Top2Geo+MidGradInterp+極線對齊,102,1,,,2.0525142000115
81,4,1,4,2,1,65,7.5,1045.19547842914,294.013466964983,11,1045,294,12.6257223714035,1.62572237140354,1.62572237140354,valid,,,Shared Pattern Plane,Grad-SIFT+Top2Geo+MidGradInterp+極線對齊,102,1,,,1.95253409999714
82,4,1,4,2,2,67.5,7.5,1062.43839951802,294.193619358804,11,1062,294,11.641238439798,0.641238439797959,0.641238439797959,valid,,,Shared Pattern Plane,Grad-SIFT+Top2Geo+MidGrad+極線對齊,102,1,,,2.01123079999525
83,4,1,4,2,3,70,7.5,1079.75073020709,294.374496937502,11,1080,294,11.1884638128913,0.188463812891332,0.188463812891332,valid,,,Shared Pattern Plane,Grad-SIFT+Top2Geo+MidGradInterp+極線對齊,102,1,,,1.93397440000263
84,4,1,4,2,4,72.5,7.5,1097.13289044334,294.556104088644,11,1097,295,11.0379235397345,0.0379235397345195,0.0379235397345195,valid,,,Shared Pattern Plane,Grad-SIFT+Top2Geo+MidGradInterp+極線對齊,102,1,,,1.80528919999779
85,4,1,4,2,5,75,7.5,1114.58530356835,294.738445235263,11,1115,295,10.4797407518287,-0.520259248171277,0.520259248171277,valid,,,Shared Pattern Plane,Grad-SIFT+Top2Geo+MidGradInterp+極線對齊,102,1,,,1.74281569999584
86,4,1,4,3,1,65,10,1044.50066467525,311.061022414467,11,1045,311,12.203308148759,1.20330814875899,1.20330814875899,valid,,,Shared Pattern Plane,Grad-SIFT+Top2Geo+MidGradInterp+極線對齊,102,1,,,2.05029149999609
87,4,1,4,3,2,67.5,10,1061.73869873943,311.275374061419,11,1062,311,10.954913075356,-0.0450869246440302,0.0450869246440302,valid,,,Shared Pattern Plane,Grad-SIFT+Top2Geo+MidGradInterp+極線對齊,102,1,,,2.06509910000023
88,4,1,4,3,3,70,10,1079.04610865194,311.490588383737,11,1079,311,10.6707194941636,-0.329280505836355,0.329280505836355,valid,,,Shared Pattern Plane,Grad-SIFT+Top2Geo+MidGradInterp+極線對齊,102,1,,,1.9509046000021
89,4,1,4,3,4,72.5,10,1096.42331407024,311.706670599781,11,1096,312,10.3016243495601,-0.69837565043988,0.69837565043988,valid,,,Shared Pattern Plane,Grad-SIFT+Top2Geo+MidGradInterp+極線對齊,102,1,,,1.9368342999951
90,4,1,4,3,5,75,10,1113.87073804332,311.923625970085,11,1114,312,10.6207970357386,-0.379202964261371,0.379202964261371,valid,,,Shared Pattern Plane,Grad-SIFT+Top2Geo+MidGradInterp+極線對齊,102,1,,,1.90352740000526
91,4,1,4,4,1,65,12.5,1043.80613169814,328.101688884673,11,1044,328,11.1449045423001,0.144904542300104,0.144904542300104,valid,,,Shared Pattern Plane,Grad-SIFT+Top2Geo+MidGradInterp+極線對齊,102,1,,,1.74339410000539
92,4,1,4,4,2,67.5,12.5,1061.03928128019,328.350212104981,11,1061,328,10.3263736527004,-0.673626347299624,0.673626347299624,valid,,,Shared Pattern Plane,Grad-SIFT+Top2Geo+MidGrad+極線對齊,102,1,,,1.8815811000095
93,4,1,4,4,3,70,12.5,1078.34177298265,328.599735323983,11,1078,329,10.2608749824526,-0.739125017547389,0.739125017547389,valid,,,Shared Pattern Plane,Grad-SIFT+Top2Geo+MidGrad+極線對齊,102,1,,,1.92627180001
94,4,1,4,4,4,72.5,12.5,1095.71402617369,328.850264589484,11,1096,329,9.20165708685924,-1.79834291314076,1.79834291314076,valid,,,Shared Pattern Plane,Grad-SIFT+Top2Geo+MidGrad+極線對齊,102,1,,,2.13662839999597
95,4,1,4,4,5,75,12.5,1113.15646361,329.101805998154,11,1113,329,9.82387044442802,-1.17612955557198,1.17612955557198,valid,,,Shared Pattern Plane,Grad-SIFT+Top2Geo+MidGrad+極線對齊,102,1,,,2.40020350000123
96,4,1,4,5,1,65,15,1043.11187932763,345.13547055055,11,1043,345,11.2816532608579,0.281653260857874,0.281653260857874,valid,,,Shared Pattern Plane,Grad-SIFT+Top2Geo+MidGradInterp+極線對齊,102,1,,,2.43207029999758
97,4,1,4,5,2,67.5,15,1060.34014696825,345.41813768963,11,1060,345,10.4405017443211,-0.559498255678871,0.559498255678871,valid,,,Shared Pattern Plane,Grad-SIFT+Top2Geo+MidGrad+極線對齊,102,1,,,3.08755720000772
98,4,1,4,5,3,70,15,1077.63772302527,345.701941983772,11,1078,346,10.965989720603,-0.0340102793969947,0.0340102793969947,valid,,,Shared Pattern Plane,Grad-SIFT+Top2Geo+MidGradInterp+極線對齊,102,1,,,2.20130909999716
99,4,1,4,5,4,72.5,15,1095.00502657783,345.986890308881,11,1095,346,9.73482786470137,-1.26517213529863,1.26517213529863,valid,,,Shared Pattern Plane,Grad-SIFT+Top2Geo+MidGradInterp+極線對齊,102,1,,,2.14255399999092
100,4,1,4,5,5,75,15,1112.44248009056,346.272989596406,11,1112,346,8.92836638722723,-2.07163361277277,2.07163361277277,valid,,,Shared Pattern Plane,Grad-SIFT+Top2Geo+MidGrad+極線對齊,102,1,,,2.44553199999791
101,5,1,5,1,1,85,5,1185.84124595455,278.143073732394,10.5,1186,278,12.5898068716069,2.08980687160695,2.08980687160695,valid,,,Shared Pattern Plane,Grad-SIFT+Top2Geo+MidGradInterp+極線對齊,102,1,,,1.74823709999328
102,5,1,5,1,2,87.5,5,1203.65656294927,278.293800566429,10.5,1204,278,,,,failed,Top2-Geo: HIGH/MID 均未通過支援點與 RANSAC 門檻,,,,102,,,,1.82865840000159
103,5,1,5,1,3,90,5,1221.54478230389,278.445144192291,10.5,1222,278,,,,failed,Top2-Geo: HIGH/MID 均未通過支援點與 RANSAC 門檻,,,,102,,,,0.0299877999932505
104,5,1,5,1,4,92.5,5,1239.50635242334,278.597108403717,10.5,1240,279,,,,failed,Top2-Geo: HIGH/MID 均未通過支援點與 RANSAC 門檻,,,,102,,,,0.0388779999921098
105,5,1,5,1,5,95,5,1257.54172539749,278.749697025623,10.5,1258,279,,,,failed,Top2-Geo: HIGH/MID 均未通過支援點與 RANSAC 門檻,,,,102,,,,0.0165219000045909
106,5,1,5,2,1,85,7.5,1185.10607253394,295.475239498701,10.5,1185,295,12.4096800294603,1.90968002946033,1.90968002946033,valid,,,Shared Pattern Plane,Grad-SIFT+Top2Geo+MidGradInterp+極線對齊,102,1,,,2.46204080000462
107,5,1,5,2,2,87.5,7.5,1202.9162214658,295.661318234887,10.5,1203,296,12.1043853377261,1.60438533772614,1.60438533772614,valid,,,Shared Pattern Plane,Grad-SIFT+Top2Geo+MidGrad+極線對齊,102,1,,,2.30600669998967
108,5,1,5,2,3,90,7.5,1220.79923657616,295.848158269951,10.5,1221,296,12.0045043511558,1.50450435115581,1.50450435115581,valid,,,Shared Pattern Plane,Grad-SIFT+Top2Geo+MidGrad+極線對齊,102,1,,,2.78914009999426
109,5,1,5,2,4,92.5,7.5,1238.75556595475,296.035764285492,10.5,1239,296,12.4158354315527,1.91583543155271,1.91583543155271,valid,,,Shared Pattern Plane,Grad-SIFT+Top2Geo+MidGrad+極線對齊,102,1,,,1.90796399999817
110,5,1,5,2,5,95,7.5,1256.78566137293,296.224141001574,10.5,1257,296,,,,failed,Top2-Geo: HIGH/MID 均未通過支援點與 RANSAC 門檻,,,,102,,,,0.0504450000007637
111,5,1,5,3,1,85,10,1184.37120110165,312.800285704667,10.5,1184,313,11.3538812511115,0.853881251111533,0.853881251111533,valid,,,Shared Pattern Plane,Grad-SIFT+Top2Geo+MidGradInterp+極線對齊,102,1,,,3.05010519998905
112,5,1,5,3,2,87.5,10,1202.17618471425,313.0216872605,10.5,1202,313,11.1931075400661,0.693107540066073,0.693107540066073,valid,,,Shared Pattern Plane,Grad-SIFT+Top2Geo+MidGradInterp+極線對齊,102,1,,,2.50588080000307
113,5,1,5,3,3,90,10,1220.05399835008,313.243994443701,10.5,1220,313,10.8398348750058,0.339834875005836,0.339834875005836,valid,,,Shared Pattern Plane,Grad-SIFT+Top2Geo+MidGradInterp+極線對齊,102,1,,,2.64469070000632
114,5,1,5,3,4,92.5,10,1238.00508978399,313.467212822265,10.5,1238,313,11.2220774915025,0.722077491502542,0.722077491502542,valid,,,Shared Pattern Plane,Grad-SIFT+Top2Geo+MidGradInterp+極線對齊,102,1,,,2.08217500000319
115,5,1,5,3,5,95,10,1256.0299104691,313.691348009925,10.5,1256,314,11.1089180693302,0.608918069330153,0.608918069330153,valid,,,Shared Pattern Plane,Grad-SIFT+Top2Geo+MidGradInterp+極線對齊,102,1,,,1.98810940000112
116,5,1,5,4,1,85,12.5,1183.63663147163,330.118216736159,10.5,1184,330,10.4840763562749,-0.01592364372509,0.01592364372509,valid,,,Shared Pattern Plane,Grad-SIFT+Top2Geo+MidGradInterp+極線對齊,102,1,,,1.86022740000044
117,5,1,5,4,2,87.5,12.5,1201.4364525065,330.374912056039,10.5,1201,330,10.1442181202711,-0.355781879728882,0.355781879728882,valid,,,Shared Pattern Plane,Grad-SIFT+Top2Geo+MidGrad+極線對齊,102,1,,,1.89071380000678
118,5,1,5,4,3,90,12.5,1219.30906743544,330.632657153435,10.5,1219,331,9.51963621101119,-0.980363788988813,0.980363788988813,valid,,,Shared Pattern Plane,Grad-SIFT+Top2Geo+MidGrad+極線對齊,102,1,,,2.04004439999699
119,5,1,5,4,4,92.5,12.5,1237.25492371874,330.891458481276,10.5,1237,331,9.4264213844908,-1.0735786155092,1.0735786155092,valid,,,Shared Pattern Plane,Grad-SIFT+Top2Geo+MidGrad+極線對齊,102,1,,,1.88246579999395
120,5,1,5,4,5,95,12.5,1255.27447249154,331.151322545485,10.5,1255,331,10.2787184128667,-0.221281587133346,0.221281587133346,valid,,,Shared Pattern Plane,Grad-SIFT+Top2Geo+MidGrad+極線對齊,102,1,,,2.65438569999242
121,5,1,5,5,1,85,15,1182.90236345802,347.429036975445,10.5,1183,347,9.75803105682663,-0.741968943173367,0.741968943173367,valid,,,Shared Pattern Plane,Grad-SIFT+Top2Geo+MidGradInterp+極線對齊,102,1,,,2.02706480000052
122,5,1,5,5,2,87.5,15,1200.6970246546,347.720997030643,10.5,1201,348,10.0001355881203,-0.49986441187969,0.49986441187969,valid,,,Shared Pattern Plane,Grad-SIFT+Top2Geo+MidGradInterp+極線對齊,102,1,,,2.09698299999582
123,5,1,5,5,3,90,15,1218.56444364221,348.014150835385,10.5,1219,348,9.91959991707977,-0.580400082920232,0.580400082920232,valid,,,Shared Pattern Plane,Grad-SIFT+Top2Geo+MidGradInterp+極線對齊,102,1,,,1.88634850000381
124,5,1,5,5,4,92.5,15,1236.50506756682,348.308505726071,10.5,1237,348,9.49808375580447,-1.00191624419553,1.00191624419553,valid,,,Shared Pattern Plane,Grad-SIFT+Top2Geo+MidGradInterp+極線對齊,102,1,,,1.90677960000176
125,5,1,5,5,5,95,15,1254.51934724593,348.604069099341,10.5,1255,349,9.69406211536575,-0.80593788463425,0.80593788463425,valid,,,Shared Pattern Plane,Grad-SIFT+Top2Geo+MidGradInterp+極線對齊,102,1,,,2.1316208000062
126,6,1,6,1,1,105,5,1330.43041874814,279.366373225602,10,1330,279,,,,failed,Top2-Geo: HIGH/MID 均未通過支援點與 RANSAC 門檻,,,,102,,,,0.0155194000108168
127,6,1,6,1,2,107.5,5,1348.84171899787,279.522142387495,10,1349,280,,,,failed,Top2-Geo: HIGH/MID 均未通過支援點與 RANSAC 門檻,,,,102,,,,0.0138772000063909
128,6,1,6,1,3,110,5,1367.32961418237,279.678559582314,10,1367,280,,,,failed,Top2-Geo: HIGH/MID 均未通過支援點與 RANSAC 門檻,,,,102,,,,0.0147360000119079
129,6,1,6,1,4,112.5,5,1385.89458327483,279.835628862423,10,1386,280,,,,failed,Top2-Geo: HIGH/MID 均未通過支援點與 RANSAC 門檻,,,,102,,,,0.0170595999952639
130,6,1,6,1,5,115,5,1404.53710925039,279.993354314042,10,1405,280,,,,failed,Top2-Geo: HIGH/MID 均未通過支援點與 RANSAC 門檻,,,,102,,,,0.0266184999927646
131,6,1,6,2,1,105,7.5,1329.6528698581,296.985450641161,10,1330,297,,,,failed,Top2-Geo: HIGH/MID 均未通過支援點與 RANSAC 門檻,,,,102,,,,0.0183627000078559
132,6,1,6,2,2,107.5,7.5,1348.05870357794,297.177753035158,10,1348,297,,,,failed,Top2-Geo: HIGH/MID 均未通過支援點與 RANSAC 門檻,,,,102,,,,0.0174311000009766
133,6,1,6,2,3,110,7.5,1366.54109343341,297.370855280353,10,1367,297,,,,failed,Top2-Geo: HIGH/MID 均未通過支援點與 RANSAC 門檻,,,,102,,,,0.0153856999968411
134,6,1,6,2,4,112.5,7.5,1385.1005180545,297.564762377426,10,1385,298,,,,failed,Top2-Geo: HIGH/MID 均未通過支援點與 RANSAC 門檻,,,,102,,,,0.0178572000004351
135,6,1,6,2,5,115,7.5,1403.73746006939,297.759479368832,10,1404,298,,,,failed,Top2-Geo: HIGH/MID 均未通過支援點與 RANSAC 門檻,,,,102,,,,0.015159999995376
136,6,1,6,3,1,105,10,1328.87564565379,314.597170753524,10,1329,315,,,,failed,Top2-Geo: HIGH/MID 均未通過支援點與 RANSAC 門檻,,,,102,,,,0.0132814999960829
137,6,1,6,3,2,107.5,10,1347.27601580487,314.825975826755,10,1347,315,,,,failed,Top2-Geo: HIGH/MID 均未通過支援點與 RANSAC 門檻,,,,102,,,,0.0140056999953231
138,6,1,6,3,3,110,10,1365.75290332102,315.055732378742,10,1366,315,,,,failed,Top2-Geo: HIGH/MID 均未通過支援點與 RANSAC 門檻,,,,102,,,,0.0234056000044802
139,6,1,6,3,4,112.5,10,1384.30678648934,315.286446356895,10,1384,315,,,,failed,Top2-Geo: HIGH/MID 均未通過支援點與 RANSAC 門檻,,,,102,,,,0.0131950999930268
140,6,1,6,3,5,115,10,1402.9381475914,315.518123758292,10,1403,316,,,,failed,Top2-Geo: HIGH/MID 均未通過支援點與 RANSAC 門檻,,,,102,,,,0.0201993000082439
141,6,1,6,4,1,105,12.5,1328.09874593188,332.201538170078,10,1328,332,,,,failed,Top2-Geo: HIGH/MID 均未通過支援點與 RANSAC 門檻,,,,102,,,,0.0133648999908473
142,6,1,6,4,2,107.5,12.5,1346.49365547303,332.466815398403,10,1346,332,,,,failed,Top2-Geo: HIGH/MID 均未通過支援點與 RANSAC 門檻,,,,102,,,,0.0127198999980465
143,6,1,6,4,3,110,12.5,1364.96504363727,332.733195542572,10,1365,333,,,,failed,Top2-Geo: HIGH/MID 均未通過支援點與 RANSAC 門檻,,,,102,,,,0.0147252000024309
144,6,1,6,4,4,112.5,12.5,1383.51338836909,333.00068549513,10,1384,333,,,,failed,Top2-Geo: HIGH/MID 均未通過支援點與 RANSAC 門檻,,,,102,,,,0.0140660999895772
145,6,1,6,4,5,115,12.5,1402.13917160381,333.26929220618,10,1402,333,,,,failed,Top2-Geo: HIGH/MID 均未通過支援點與 RANSAC 門檻,,,,102,,,,0.0158804999955464
146,6,1,6,5,1,105,15,1327.32217048921,349.798557494364,10,1327,350,,,,failed,Top2-Geo: HIGH/MID 均未通過支援點與 RANSAC 門檻,,,,102,,,,0.014955300008296
147,6,1,6,5,2,107.5,15,1345.711622377,350.100276382344,10,1346,350,,,,failed,Top2-Geo: HIGH/MID 均未通過支援點與 RANSAC 門檻,,,,102,,,,0.0177028000034625
148,6,1,6,5,3,110,15,1364.17751417441,350.403249433019,10,1364,350,,,,failed,Top2-Geo: HIGH/MID 均未通過支援點與 RANSAC 門檻,,,,102,,,,0.0176326000073459
149,6,1,6,5,4,112.5,15,1382.72032348369,350.70748448249,10,1383,351,,,,failed,Top2-Geo: HIGH/MID 均未通過支援點與 RANSAC 門檻,,,,102,,,,0.0148352999967756
150,6,1,6,5,5,115,15,1401.34053189419,351.012989432276,10,1401,351,,,,failed,Top2-Geo: HIGH/MID 均未通過支援點與 RANSAC 門檻,,,,102,,,,0.0137626000068849
151,7,2,1,1,1,5,25,647.048888848261,403.626774174173,9.5,647,404,8.09632532262871,-1.40367467737129,1.40367467737129,valid,,,Shared Pattern Plane,Grad-SIFT+Top2Geo+MidGradInterp+極線對齊,102,1,,,1.95723239998915
152,7,2,1,1,2,7.5,25,662.714649193102,404.008174753243,9.5,663,404,6.64078309475267,-2.85921690524733,2.85921690524733,valid,,,Shared Pattern Plane,Grad-SIFT+Top2Geo+MidGradInterp+極線對齊,102,1,,,2.0564299000107
153,7,2,1,1,3,10,25,678.440483251271,404.391037894521,9.5,678,404,6.92890386749119,-2.57109613250881,2.57109613250881,valid,,,Shared Pattern Plane,Grad-SIFT+Top2Geo+MidGradInterp+極線對齊,102,1,,,1.79847670000163
154,7,2,1,1,4,12.5,25,694.226737234858,404.775372026931,9.5,694,405,7.53416054007029,-1.96583945992971,1.96583945992971,valid,,,Shared Pattern Plane,Grad-SIFT+Top2Geo+MidGradInterp+極線對齊,102,1,,,1.86886149999918
155,7,2,1,1,5,15,25,710.073760021429,405.16118564429,9.5,710,405,8.72932890088262,-0.770671099117381,0.770671099117381,valid,,,Shared Pattern Plane,Grad-SIFT+Top2Geo+MidGradInterp+極線對齊,102,1,,,1.90216749999672
156,7,2,1,2,1,5,27.5,646.463522603428,419.848921387646,9.5,646,420,7.89435501793617,-1.60564498206383,1.60564498206383,valid,,,Shared Pattern Plane,Grad-SIFT+Top2Geo+MidGrad+極線對齊,102,1,,,2.02720349999436
157,7,2,1,2,2,7.5,27.5,662.125140617732,420.261286521548,9.5,662,420,7.18173250472909,-2.31826749527091,2.31826749527091,valid,,,Shared Pattern Plane,Grad-SIFT+Top2Geo+MidGrad+極線對齊,102,1,,,2.01602030001231
158,7,2,1,2,3,10,27.5,677.84680485176,420.675232652216,9.5,678,421,7.90541639142089,-1.59458360857911,1.59458360857911,valid,,,Shared Pattern Plane,Grad-SIFT+Top2Geo+MidGrad+極線對齊,102,1,,,1.95173529999738
159,7,2,1,2,4,12.5,27.5,693.628861292134,421.090768889362,9.5,694,421,4.33684639086321,-5.16315360913679,5.16315360913679,valid,,,Shared Pattern Plane,Grad-SIFT+Top2Geo+MidGrad+極線對齊,102,1,,,1.93880840000929
160,7,2,1,2,5,15,27.5,709.471658588697,421.507904412819,9.5,709,422,7.73886197712235,-1.76113802287765,1.76113802287765,valid,,,Shared Pattern Plane,Grad-SIFT+Top2Geo+MidGrad+極線對齊,102,1,,,1.88008879999688
161,7,2,1,3,1,5,30,645.878381749043,436.064822397002,9.5,646,436,7.18319838594055,-2.31680161405945,2.31680161405945,valid,,,Shared Pattern Plane,Grad-SIFT+Top2Geo+MidGrad+極線對齊,102,1,,,1.96482179999293
162,7,2,1,3,2,7.5,30,661.535859461994,436.508128191609,9.5,662,437,6.61345697524037,-2.88654302475963,2.88654302475963,valid,,,Shared Pattern Plane,Grad-SIFT+Top2Geo+MidGrad+極線對齊,102,1,,,1.97633949998999
163,7,2,1,3,3,10,30,677.253355919467,436.953133280171,9.5,677,437,7.77016503122482,-1.72983496877518,1.72983496877518,valid,,,Shared Pattern Plane,Grad-SIFT+Top2Geo+MidGrad+極線對齊,102,1,,,1.7985306000046
164,7,2,1,3,4,12.5,30,693.031216882813,437.399847452133,9.5,693,437,4.92300536956204,-4.57699463043796,4.57699463043796,valid,,,Shared Pattern Plane,Grad-SIFT+Top2Geo+MidGrad+極線對齊,102,1,,,2.17642179998802
165,7,2,1,3,5,15,30,708.869790774348,437.848280572278,9.5,709,438,5.66126912031636,-3.83873087968364,3.83873087968364,valid,,,Shared Pattern Plane,Grad-SIFT+Top2Geo+MidGrad+極線對齊,102,1,,,2.11092370000551
166,7,2,1,4,1,5,32.5,645.293466154956,452.274480809122,9.5,645,452,8.26703083972214,-1.23296916027786,1.23296916027786,valid,,,Shared Pattern Plane,Grad-SIFT+Top2Geo+MidGrad+極線對齊,102,1,,,1.78634579999198
167,7,2,1,4,2,7.5,32.5,660.946805594311,452.748703391029,9.5,661,453,6.62156532944051,-2.87843467055949,2.87843467055949,valid,,,Shared Pattern Plane,Grad-SIFT+Top2Geo+MidGrad+極線對齊,102,1,,,1.90066040000238
168,7,2,1,4,3,10,32.5,676.660136321379,453.22474342687,9.5,677,453,8.29374795259211,-1.20625204740789,1.20625204740789,valid,,,Shared Pattern Plane,Grad-SIFT+Top2Geo+MidGrad+極線對齊,102,1,,,1.87044969999988
169,7,2,1,4,4,12.5,32.5,692.433803872427,453.702611384769,9.5,692,454,5.6669145754401,-3.8330854245599,3.8330854245599,valid,,,Shared Pattern Plane,Grad-SIFT+Top2Geo+MidGrad+極線對齊,102,1,,,2.14428079999925
170,7,2,1,4,5,15,32.5,708.268156442441,454.182317813398,9.5,708,454,10.3233717226051,0.823371722605062,0.823371722605062,valid,,,Shared Pattern Plane,Grad-SIFT+Top2Geo+MidGradInterp+極線對齊,102,1,,,1.99383220000891
171,7,2,1,5,1,5,35,644.708775691115,468.47790022811,9.5,645,468,7.43574110428425,-2.06425889571575,2.06425889571575,valid,,,Shared Pattern Plane,Grad-SIFT+Top2Geo+MidGrad+極線對齊,102,1,,,1.89973470001132
172,7,2,1,5,2,7.5,35,660.357978883212,468.983015744612,9.5,660,469,8.11319536897494,-1.38680463102506,1.38680463102506,valid,,,Shared Pattern Plane,Grad-SIFT+Top2Geo+MidGrad+極線對齊,102,1,,,2.08361580000201
173,7,2,1,5,3,10,35,676.067145924584,469.490066737977,9.5,676,469,6.60793486466108,-2.89206513533892,2.89206513533892,valid,,,Shared Pattern Plane,Grad-SIFT+Top2Geo+MidGrad+極線對齊,102,1,,,1.92364770000859
174,7,2,1,5,4,12.5,35,691.836622126609,469.999064353956,9.5,692,470,3.57378395301411,-5.92621604698589,5.92621604698589,valid,,,Shared Pattern Plane,Grad-SIFT+Top2Geo+MidGrad+極線對齊,102,1,,,1.90220969999791
175,7,2,1,5,5,15,35,707.66675545714,470.510019824045,9.5,708,471,10.0284065338146,0.528406533814627,0.528406533814627,valid,,,Shared Pattern Plane,Grad-SIFT+Top2Geo+MidGradInterp+極線對齊,102,1,,,2.10731400000805
176,8,2,2,1,1,25,25,774.076611487886,406.719407146091,9,774,407,8.16463142001078,-0.835368579989222,0.835368579989222,valid,,,Shared Pattern Plane,Grad-SIFT+Top2Geo+MidGradInterp+極線對齊,102,1,,,1.92143909999868
177,8,2,2,1,2,27.5,25,790.232806560145,407.112747910949,9,790,407,8.36909574786285,-0.630904252137155,0.630904252137155,valid,,,Shared Pattern Plane,Grad-SIFT+Top2Geo+MidGradInterp+極線對齊,102,1,,,1.97250079999503
178,8,2,2,1,3,30,25,806.451921135984,407.507620521984,9,806,408,7.57244772180891,-1.42755227819109,1.42755227819109,valid,,,Shared Pattern Plane,Grad-SIFT+Top2Geo+MidGradInterp+極線對齊,102,1,,,1.99564839999948
179,8,2,2,1,4,32.5,25,822.734323487861,407.904033945204,9,823,408,7.94395132823855,-1.05604867176145,1.05604867176145,valid,,,Shared Pattern Plane,Grad-SIFT+Top2Geo+MidGradInterp+極線對齊,102,1,,,2.04725809999218
180,8,2,2,1,5,35,25,839.080384767885,408.301997216725,9,839,408,7.7250092720684,-1.2749907279316,1.2749907279316,valid,,,Shared Pattern Plane,Grad-SIFT+Top2Geo+MidGradInterp+極線對齊,102,1,,,1.75293349999993
181,8,2,2,2,1,25,27.5,773.457323992412,423.192625458749,9,773,423,8.00397706271979,-0.996022937280207,0.996022937280207,valid,,,Shared Pattern Plane,Grad-SIFT+Top2Geo+MidGradInterp+極線對齊,102,1,,,1.67484170000535
182,8,2,2,2,2,27.5,27.5,789.609150344141,423.617897613274,9,790,424,8.73020940286101,-0.269790597138986,0.269790597138986,valid,,,Shared Pattern Plane,Grad-SIFT+Top2Geo+MidGrad+極線對齊,102,1,,,1.82758349999494
183,8,2,2,2,3,30,27.5,805.823866837501,424.044825644073,9,806,424,7.17004399277878,-1.82995600722122,1.82995600722122,valid,,,Shared Pattern Plane,Grad-SIFT+Top2Geo+MidGrad+極線對齊,102,1,,,1.87565459999314
184,8,2,2,2,4,32.5,27.5,822.101841500689,424.473419241203,9,822,424,8.18181405413127,-0.818185945868731,0.818185945868731,valid,,,Shared Pattern Plane,Grad-SIFT+Top2Geo+MidGrad+極線對齊,102,1,,,1.87798160000239
185,8,2,2,2,5,35,27.5,838.44344523908,424.90368817048,9,838,425,6.01678345671284,-2.98321654328716,2.98321654328716,valid,,,Shared Pattern Plane,Grad-SIFT+Top2Geo+MidGradInterp+極線對齊,102,1,,,1.8222170000081
186,8,2,2,3,1,25,30,772.838278647179,439.659402508145,9,773,440,8.3551190195428,-0.644880980457202,0.644880980457202,valid,,,Shared Pattern Plane,Grad-SIFT+Top2Geo+MidGrad+極線對齊,102,1,,,1.89979060000041
187,8,2,2,3,2,27.5,30,788.985738460349,440.116581029142,9,789,440,8.71312175147171,-0.286878248528287,0.286878248528287,valid,,,Shared Pattern Plane,Grad-SIFT+Top2Geo+MidGrad+極線對齊,102,1,,,1.86431380000431
188,8,2,2,3,3,30,30,805.196059073221,440.57553931041,9,805,441,6.92756336273975,-2.07243663726025,2.07243663726025,valid,,,Shared Pattern Plane,Grad-SIFT+Top2Geo+MidGrad+極線對齊,102,1,,,1.79366229999869
189,8,2,2,3,4,32.5,30,821.469608269945,441.036287764918,9,821,441,7.90154908168152,-1.09845091831848,1.09845091831848,valid,,,Shared Pattern Plane,Grad-SIFT+Top2Geo+MidGrad+極線對齊,102,1,,,1.97848029999295
190,8,2,2,3,5,35,30,837.806756709375,441.498836887026,9,838,441,6.93005671249126,-2.06994328750874,2.06994328750874,valid,,,Shared Pattern Plane,Grad-SIFT+Top2Geo+MidGradInterp+極線對齊,102,1,,,1.92929139999615
191,8,2,2,4,1,25,32.5,772.219475310188,456.119742071479,9,772,456,8.55350910488889,-0.44649089511111,0.44649089511111,valid,,,Shared Pattern Plane,Grad-SIFT+Top2Geo+MidGradInterp+極線對齊,102,1,,,1.7113590999943
192,8,2,2,4,2,27.5,32.5,788.362570765214,456.608801957793,9,788,457,8.1541499595246,-0.845850040475401,0.845850040475401,valid,,,Shared Pattern Plane,Grad-SIFT+Top2Geo+MidGrad+極線對齊,102,1,,,1.82933200000843
193,8,2,2,4,3,30,32.5,804.568497698012,457.099765342445,9,805,457,7.25572122512449,-1.74427877487551,1.74427877487551,valid,,,Shared Pattern Plane,Grad-SIFT+Top2Geo+MidGrad+極線對齊,102,1,,,1.8076904000045
194,8,2,2,4,4,32.5,32.5,820.837623648902,457.59264336018,9,821,458,4.42524990979177,-4.57475009020823,4.57475009020823,valid,,,Shared Pattern Plane,Grad-SIFT+Top2Geo+MidGradInterp+極線對齊,102,1,,,1.87246139999479
195,8,2,2,4,5,35,32.5,837.170319030432,458.087447232754,9,837,458,6.66748539857915,-2.33251460142085,2.33251460142085,valid,,,Shared Pattern Plane,Grad-SIFT+Top2Geo+MidGradInterp+極線對齊,102,1,,,1.80171130000963
196,8,2,2,5,1,25,35,771.600913839554,472.573647922999,9,772,473,8.15825317476645,-0.841746825233551,0.841746825233551,valid,,,Shared Pattern Plane,Grad-SIFT+Top2Geo+MidGradInterp+極線對齊,102,1,,,1.93945350000286
197,8,2,2,5,2,27.5,35,787.73964711529,473.094564195489,9,788,473,7.6858453665841,-1.3141546334159,1.3141546334159,valid,,,Shared Pattern Plane,Grad-SIFT+Top2Geo+MidGrad+極線對齊,102,1,,,2.15406529999746
198,8,2,2,5,3,30,35,803.941182566856,473.617507558629,9,804,474,7.0332832241466,-1.9667167758534,1.9667167758534,valid,,,Shared Pattern Plane,Grad-SIFT+Top2Geo+MidGrad+極線對齊,102,1,,,2.14676570000302
199,8,2,2,5,4,32.5,35,820.20588749095,474.142489867801,9,820,474,4.62527983811624,-4.37472016188376,4.37472016188376,valid,,,Shared Pattern Plane,Grad-SIFT+Top2Geo+MidGradInterp+極線對齊,102,1,,,2.21261760000198
200,8,2,2,5,5,35,35,836.53413205403,474.669523071013,9,837,475,5.88216847540751,-3.11783152459249,3.11783152459249,valid,,,Shared Pattern Plane,Grad-SIFT+Top2Geo+MidGradInterp+極線對齊,102,1,,,2.16863470000681
201,9,2,3,1,1,45,25,905.108744588092,409.909532000616,8.5,905,410,10.0171412961725,1.5171412961725,1.5171412961725,valid,,,Shared Pattern Plane,Grad-SIFT+Top2Geo+MidGradInterp+極線對齊,102,1,,,1.76692660000117
202,9,2,3,1,2,47.5,25,921.778770571153,410.315382557696,8.5,922,410,10.5398957821593,2.03989578215932,2.03989578215932,valid,,,Shared Pattern Plane,Grad-SIFT+Top2Geo+MidGradInterp+極線對齊,102,1,,,1.84363750000193
203,9,2,3,1,3,50,25,938.514744470501,410.722838691072,8.5,939,411,11.1316071972145,2.63160719721446,2.63160719721446,valid,,,Shared Pattern Plane,Grad-SIFT+Top2Geo+MidGradInterp+極線對齊,102,1,,,1.88015070000256
204,9,2,3,1,4,52.5,25,955.317058404373,411.131909947303,8.5,955,411,11.9923276981966,3.49232769819663,3.49232769819663,valid,,,Shared Pattern Plane,Grad-SIFT+Top2Geo+MidGradInterp+極線對齊,102,1,,,1.82524700000067
205,9,2,3,1,5,55,25,972.186107605828,411.542605948784,8.5,972,412,11.7062768250992,3.20627682509922,3.20627682509922,valid,,,Shared Pattern Plane,Grad-SIFT+Top2Geo+MidGradInterp+極線對齊,102,1,,,1.88960229999793
206,9,2,3,2,1,45,27.5,904.453671340193,426.64171521853,8.5,904,427,10.400651676854,1.900651676854,1.900651676854,valid,,,Shared Pattern Plane,Grad-SIFT+Top2Geo+MidGradInterp+極線對齊,102,1,,,2.20346240000799
207,9,2,3,2,2,47.5,27.5,921.119086727041,427.080509999584,8.5,921,427,9.56283633275856,1.06283633275856,1.06283633275856,valid,,,Shared Pattern Plane,Grad-SIFT+Top2Geo+MidGrad+極線對齊,102,1,,,2.24268759999541
208,9,2,3,2,3,50,27.5,937.850418643095,427.521040340677,8.5,938,428,11.2063063984007,2.70630639840073,2.70630639840073,valid,,,Shared Pattern Plane,Grad-SIFT+Top2Geo+MidGrad+極線對齊,102,1,,,1.78138849999232
209,9,2,3,2,4,52.5,27.5,954.648058941655,427.963316559177,8.5,955,428,12.9102896874927,4.41028968749272,4.41028968749272,valid,,,Shared Pattern Plane,Grad-SIFT+Top2Geo+MidGrad+極線對齊,102,1,,,1.69175349999568
210,9,2,3,2,5,55,27.5,971.51240258812,428.407349054389,8.5,972,428,9.29888141268912,0.798881412689122,0.798881412689122,valid,,,Shared Pattern Plane,Grad-SIFT+Top2Geo+MidGradInterp+極線對齊,102,1,,,1.80457249999745
211,9,2,3,3,1,45,30,903.798858270987,443.367252832229,8.5,904,443,10.6210994583247,2.12109945832468,2.12109945832468,valid,,,Shared Pattern Plane,Grad-SIFT+Top2Geo+MidGradInterp+極線對齊,102,1,,,1.78936480000266
212,9,2,3,3,2,47.5,30,920.459665409871,443.838965612723,8.5,920,444,9.41932709615433,0.919327096154328,0.919327096154328,valid,,,Shared Pattern Plane,Grad-SIFT+Top2Geo+MidGrad+極線對齊,102,1,,,1.76959050000005
213,9,2,3,3,3,50,30,937.186357712681,444.312543781467,8.5,937,444,11.7938449790385,3.29384497903846,3.29384497903846,valid,,,Shared Pattern Plane,Grad-SIFT+Top2Geo+MidGrad+極線對齊,102,1,,,1.91474560000643
214,9,2,3,3,4,52.5,30,953.97932676802,444.787998425399,8.5,954,445,12.9924559974175,4.49245599741754,4.49245599741754,valid,,,Shared Pattern Plane,Grad-SIFT+Top2Geo+MidGrad+極線對齊,102,1,,,1.74949339999876
215,9,2,3,3,5,55,30,970.838967273859,445.265340719493,8.5,971,445,12.3162775832965,3.81627758329646,3.81627758329646,valid,,,Shared Pattern Plane,Grad-SIFT+Top2Geo+MidGrad+極線對齊,102,1,,,1.93691999999282
216,9,2,3,4,1,45,32.5,903.144305225498,460.086148800129,8.5,903,460,9.77145741432196,1.27145741432196,1.27145741432196,valid,,,Shared Pattern Plane,Grad-SIFT+Top2Geo+MidGradInterp+極線對齊,102,1,,,1.75472979999904
217,9,2,3,4,2,47.5,32.5,919.800506462962,460.590753378991,8.5,920,461,10.6597217185613,2.15972171856131,2.15972171856131,valid,,,Shared Pattern Plane,Grad-SIFT+Top2Geo+MidGrad+極線對齊,102,1,,,1.80850549999741
218,9,2,3,4,3,50,32.5,936.522561520854,461.097353018963,8.5,937,461,10.1572126205769,1.65721262057689,1.65721262057689,valid,,,Shared Pattern Plane,Grad-SIFT+Top2Geo+MidGrad+極線對齊,102,1,,,1.69178249999823
219,9,2,3,4,4,52.5,32.5,953.310861723312,461.605959575326,8.5,953,462,10.2365483357134,1.7365483357134,1.7365483357134,valid,,,Shared Pattern Plane,Grad-SIFT+Top2Geo+MidGrad+極線對齊,102,1,,,1.74173759999394
220,9,2,3,4,5,55,32.5,970.165801501123,462.116584997478,8.5,970,462,10.4700036599014,1.97000365990139,1.97000365990139,valid,,,Shared Pattern Plane,Grad-SIFT+Top2Geo+MidGrad+極線對齊,102,1,,,1.76818240000284
221,9,2,3,5,1,45,35,902.490012048876,476.798407077501,8.5,902,477,8.1743706999054,-0.325629300094596,0.325629300094596,valid,,,Shared Pattern Plane,Grad-SIFT+Top2Geo+MidGradInterp+極線對齊,102,1,,,1.6678724999947
222,9,2,3,5,2,47.5,35,919.141609729757,477.335877277096,8.5,919,477,10.7278450437772,2.22784504377725,2.22784504377725,valid,,,Shared Pattern Plane,Grad-SIFT+Top2Geo+MidGrad+極線對齊,102,1,,,1.77048859999923
223,9,2,3,5,3,50,35,935.859029909329,477.875472055497,8.5,936,478,11.1583029152409,2.65830291524094,2.65830291524094,valid,,,Shared Pattern Plane,Grad-SIFT+Top2Geo+MidGrad+極線對齊,102,1,,,1.73678550000477
224,9,2,3,5,4,52.5,35,952.642663647503,478.417204035098,8.5,953,478,9.62545703430976,1.12545703430976,1.12545703430976,valid,,,Shared Pattern Plane,Grad-SIFT+Top2Geo+MidGrad+極線對齊,102,1,,,1.7947193
225,9,2,3,5,5,55,35,969.492905108117,478.961085938482,8.5,969,479,8.37633474078944,-0.123665259210565,0.123665259210565,valid,,,Shared Pattern Plane,Grad-SIFT+Top2Geo+MidGrad+極線對齊,102,1,,,1.72830790000444
226,10,2,4,1,1,65,25,1040.33767251331,413.201832551772,8,1040,413,10.7068186979366,2.70681869793659,2.70681869793659,valid,,,Shared Pattern Plane,Grad-SIFT+Top2Geo+MidGradInterp+極線對齊,102,1,,,1.71374100001412
227,10,2,4,1,2,67.5,25,1057.54643775758,413.620799322919,8,1058,414,10.3946399018879,2.39463990188789,2.39463990188789,valid,,,Shared Pattern Plane,Grad-SIFT+Top2Geo+MidGradInterp+極線對齊,102,1,,,1.82922900000995
228,10,2,4,1,3,70,25,1074.82437684074,414.04145020908,8,1075,414,8.21950855983695,0.219508559836951,0.219508559836951,valid,,,Shared Pattern Plane,Grad-SIFT+Top2Geo+MidGradInterp+極線對齊,102,1,,,1.74872889999824
229,10,2,4,1,4,72.5,25,1092.17190768849,414.463795385127,8,1092,414,8.56673044704978,0.566730447049776,0.566730447049776,valid,,,Shared Pattern Plane,Grad-SIFT+Top2Geo+MidGradInterp+極線對齊,102,1,,,1.85801969999739
230,10,2,4,1,5,75,25,1109.58945159989,414.887845108061,8,1110,415,7.45842806550941,-0.541571934490586,0.541571934490586,valid,,,Shared Pattern Plane,Grad-SIFT+Top2Geo+MidGradInterp+極線對齊,102,1,,,2.36830600000394
231,10,2,4,2,1,65,27.5,1039.64482062826,430.201252702309,8,1040,430,10.8808698973203,2.88086989732028,2.88086989732028,valid,,,Shared Pattern Plane,Grad-SIFT+Top2Geo+MidGradInterp+極線對齊,102,1,,,2.18896179999865
232,10,2,4,2,2,67.5,27.5,1056.84871660638,430.654225496191,8,1057,431,11.9102641401438,3.91026414014376,3.91026414014376,valid,,,Shared Pattern Plane,Grad-SIFT+Top2Geo+MidGrad+極線對齊,102,1,,,2.89653860000544
233,10,2,4,2,3,70,27.5,1074.12175283856,431.109018729704,8,1074,431,8.14352635086538,0.143526350865377,0.143526350865377,valid,,,Shared Pattern Plane,Grad-SIFT+Top2Geo+MidGradInterp+極線對齊,102,1,,,1.89333409999381
234,10,2,4,2,4,72.5,27.5,1091.46434696276,431.565643399116,8,1091,432,8.92380531805725,0.923805318057248,0.923805318057248,valid,,,Shared Pattern Plane,Grad-SIFT+Top2Geo+MidGradInterp+極線對齊,102,1,,,1.72436170000583
235,10,2,4,2,5,75,27.5,1108.87691998735,432.024110589435,8,1109,432,8.38635124278026,0.386351242780265,0.386351242780265,valid,,,Shared Pattern Plane,Grad-SIFT+Top2Geo+MidGradInterp+極線對齊,102,1,,,1.82082919999084
236,10,2,4,3,1,65,30,1038.95224833175,447.193813027499,8,1039,447,10.6215909963409,2.62159099634093,2.62159099634093,valid,,,Shared Pattern Plane,Grad-SIFT+Top2Geo+MidGradInterp+極線對齊,102,1,,,1.7389114999969
237,10,2,4,3,2,67.5,30,1056.15127757313,447.680764340098,8,1056,448,10.5888781172895,2.58887811728953,2.58887811728953,valid,,,Shared Pattern Plane,Grad-SIFT+Top2Geo+MidGrad+極線對齊,102,1,,,1.76254090000293
238,10,2,4,3,3,70,30,1073.41941350753,448.169672251201,8,1073,448,9.35053148236967,1.35053148236967,1.35053148236967,valid,,,Shared Pattern Plane,Grad-SIFT+Top2Geo+MidGradInterp+極線對齊,102,1,,,1.68055740000273
239,10,2,4,3,4,72.5,30,1090.75707348542,448.660548577135,8,1091,449,8.25050335811434,0.250503358114337,0.250503358114337,valid,,,Shared Pattern Plane,Grad-SIFT+Top2Geo+MidGradInterp+極線對齊,102,1,,,1.70835549999902
240,10,2,4,3,5,75,30,1108.16467822471,449.153405229568,8,1108,449,7.47387052218411,-0.526129477815892,0.526129477815892,valid,,,Shared Pattern Plane,Grad-SIFT+Top2Geo+MidGradInterp+極線對齊,102,1,,,1.76459199999226
241,10,2,4,4,1,65,32.5,1038.25995545456,464.179517678753,8,1038,464,9.34910221264006,1.34910221264006,1.34910221264006,valid,,,Shared Pattern Plane,Grad-SIFT+Top2Geo+MidGradInterp+極線對齊,102,1,,,1.69354939999175
242,10,2,4,4,2,67.5,32.5,1055.45412048677,464.700420031052,8,1055,465,10.2739806560512,2.27398065605119,2.27398065605119,valid,,,Shared Pattern Plane,Grad-SIFT+Top2Geo+MidGrad+極線對齊,102,1,,,1.77455709999776
243,10,2,4,4,3,70,32.5,1072.71735867467,465.223414975182,8,1073,465,9.21267804283011,1.21267804283011,1.21267804283011,valid,,,Shared Pattern Plane,Grad-SIFT+Top2Geo+MidGradInterp+極線對齊,102,1,,,1.71594239999831
244,10,2,4,4,4,72.5,32.5,1090.05008708156,465.748515146199,8,1090,466,8.50473362888316,0.504733628883155,0.504733628883155,valid,,,Shared Pattern Plane,Grad-SIFT+Top2Geo+MidGradInterp+極線對齊,102,1,,,1.76194769999711
245,10,2,4,4,5,75,32.5,1107.45272613513,466.275733281086,8,1107,466,7.80048567383077,-0.19951432616923,0.19951432616923,valid,,,Shared Pattern Plane,Grad-SIFT+Top2Geo+MidGradInterp+極線對齊,102,1,,,1.71380139999383
246,10,2,4,5,1,65,35,1037.56794182764,481.158370804131,8,1038,481,9.43779243684725,1.43779243684725,1.43779243684725,valid,,,Shared Pattern Plane,Grad-SIFT+Top2Geo+MidGradInterp+極線對齊,102,1,,,1.74797240000044
247,10,2,4,5,2,67.5,35,1054.75724517636,481.713196742086,8,1055,482,8.64935268095046,0.649352680950459,0.649352680950459,valid,,,Shared Pattern Plane,Grad-SIFT+Top2Geo+MidGrad+極線對齊,102,1,,,1.72348980000243
248,10,2,4,5,3,70,35,1072.01558816717,482.270251099855,8,1072,482,9.39053309362215,1.39053309362215,1.39053309362215,valid,,,Shared Pattern Plane,Grad-SIFT+Top2Geo+MidGrad+極線對齊,102,1,,,1.75698789999296
249,10,2,4,5,4,72.5,35,1089.34338757644,482.829547329894,8,1089,483,8.33600055449065,0.336000554490646,0.336000554490646,valid,,,Shared Pattern Plane,Grad-SIFT+Top2Geo+MidGrad+極線對齊,102,1,,,1.74210019999009
250,10,2,4,5,5,75,35,1106.74106354194,483.391098993156,8,1107,483,7.85773653233931,-0.142263467660686,0.142263467660686,valid,,,Shared Pattern Plane,Grad-SIFT+Top2Geo+MidGrad+極線對齊,102,1,,,2.82923219999066
251,11,2,5,1,1,85,25,1179.96830385527,416.601297530003,7.5,1180,417,6.46989400000155,-1.03010599999845,1.03010599999845,valid,,,Shared Pattern Plane,Grad-SIFT+Top2Geo+MidGradInterp+極線對齊,102,1,,,1.73267740001029
252,11,2,5,1,2,87.5,25,1197.74235305187,417.034026775617,7.5,1198,417,7.09953305308015,-0.400466946919851,0.400466946919851,valid,,,Shared Pattern Plane,Grad-SIFT+Top2Geo+MidGradInterp+極線對齊,102,1,,,1.67742400000861
253,11,2,5,1,3,90,25,1215.58901588778,417.46852388206,7.5,1216,417,6.77368171210023,-0.726318287899771,0.726318287899771,valid,,,Shared Pattern Plane,Grad-SIFT+Top2Geo+MidGradInterp+極線對齊,102,1,,,1.85513899999205
254,11,2,5,1,4,92.5,25,1233.50873825464,417.904799705068,7.5,1234,418,6.83874790002732,-0.661252099972676,0.661252099972676,valid,,,Shared Pattern Plane,Grad-SIFT+Top2Geo+MidGradInterp+極線對齊,102,1,,,1.74628680000023
255,11,2,5,1,5,95,25,1251.5019697023,418.342865189437,7.5,1252,418,6.40489225592533,-1.09510774407467,1.09510774407467,valid,,,Shared Pattern Plane,Grad-SIFT+Top2Geo+MidGradInterp+極線對齊,102,1,,,1.66366560000461
256,11,2,5,2,1,85,27.5,1179.23554114077,433.876629416454,7.5,1179,434,5.99535813544665,-1.50464186455335,1.50464186455335,valid,,,Shared Pattern Plane,Grad-SIFT+Top2Geo+MidGradInterp+極線對齊,102,1,,,1.77831010000955
257,11,2,5,2,2,87.5,27.5,1197.00444416534,434.344478655807,7.5,1197,434,5.6949007511426,-1.8050992488574,1.8050992488574,valid,,,Shared Pattern Plane,Grad-SIFT+Top2Geo+MidGradInterp+極線對齊,102,1,,,1.66435039999487
258,11,2,5,2,3,90,27.5,1214.84592485629,434.814238840701,7.5,1215,435,5.85939611951858,-1.64060388048142,1.64060388048142,valid,,,Shared Pattern Plane,Grad-SIFT+Top2Geo+MidGradInterp+極線對齊,102,1,,,1.77098979998846
259,11,2,5,2,4,92.5,27.5,1232.76042879241,435.285921703075,7.5,1233,435,6.0822761787105,-1.4177238212895,1.4177238212895,valid,,,Shared Pattern Plane,Grad-SIFT+Top2Geo+MidGradInterp+極線對齊,102,1,,,1.69031980000727
260,11,2,5,2,5,95,27.5,1250.74840520734,435.759539071101,7.5,1251,436,7.09451928324278,-0.405480716757221,0.405480716757221,valid,,,Shared Pattern Plane,Grad-SIFT+Top2Geo+MidGradInterp+極線對齊,102,1,,,1.85430749999068
261,11,2,5,3,1,85,30,1178.50307893058,451.14487672887,7.5,1179,451,6.5219238116363,-0.978076188363698,0.978076188363698,valid,,,Shared Pattern Plane,Grad-SIFT+Top2Geo+MidGradInterp+極線對齊,102,1,,,1.80521729998873
262,11,2,5,3,2,87.5,30,1196.26683851019,451.647817093852,7.5,1196,452,6.3349757161834,-1.1650242838166,1.1650242838166,valid,,,Shared Pattern Plane,Grad-SIFT+Top2Geo+MidGradInterp+極線對齊,102,1,,,1.83415629999945
263,11,2,5,3,3,90,30,1214.1031398092,452.15281131228,7.5,1214,452,6.44762058758128,-1.05237941241872,1.05237941241872,valid,,,Shared Pattern Plane,Grad-SIFT+Top2Geo+MidGradInterp+極線對齊,102,1,,,1.72357349999947
264,11,2,5,3,4,92.5,30,1232.01242809382,452.659871990851,7.5,1232,453,6.45603848939331,-1.04396151060669,1.04396151060669,valid,,,Shared Pattern Plane,Grad-SIFT+Top2Geo+MidGradInterp+極線對齊,102,1,,,1.73329390000436
265,11,2,5,3,5,95,30,1249.9951522818,453.169011839651,7.5,1250,453,7.03346925540632,-0.466530744593681,0.466530744593681,valid,,,Shared Pattern Plane,Grad-SIFT+Top2Geo+MidGradInterp+極線對齊,102,1,,,1.73151509999298
266,11,2,5,4,1,85,32.5,1177.77091703989,468.406043824407,7.5,1178,468,6.94219328388014,-0.557806716119857,0.557806716119857,valid,,,Shared Pattern Plane,Grad-SIFT+Top2Geo+MidGradInterp+極線對齊,102,1,,,1.75762449999456
267,11,2,5,4,2,87.5,32.5,1195.52953589955,468.944046473577,7.5,1196,469,6.69603805554243,-0.803961944457571,0.803961944457571,valid,,,Shared Pattern Plane,Grad-SIFT+Top2Geo+MidGradInterp+極線對齊,102,1,,,1.73306940001203
268,11,2,5,4,3,90,32.5,1213.36066055755,469.484245707508,7.5,1213,469,6.5201846726568,-0.979815327343197,0.979815327343197,valid,,,Shared Pattern Plane,Grad-SIFT+Top2Geo+MidGrad+極線對齊,102,1,,,1.71754319999309
269,11,2,5,4,4,92.5,32.5,1231.26473596781,470.026655006214,7.5,1231,470,6.34289827701554,-1.15710172298446,1.15710172298446,valid,,,Shared Pattern Plane,Grad-SIFT+Top2Geo+MidGradInterp+極線對齊,102,1,,,1.67831190000288
270,11,2,5,4,5,95,32.5,1249.24221073251,470.57128796023,7.5,1249,471,6.86554397296416,-0.634456027035835,0.634456027035835,valid,,,Shared Pattern Plane,Grad-SIFT+Top2Geo+MidGradInterp+極線對齊,102,1,,,1.74221870000474
271,11,2,5,5,1,85,35,1177.03905528402,485.660135056652,7.5,1177,486,7.10195081921248,-0.398049180787518,0.398049180787518,valid,,,Shared Pattern Plane,Grad-SIFT+Top2Geo+MidGradInterp+極線對齊,102,1,,,1.74826979999489
272,11,2,5,5,2,87.5,35,1194.79253614669,486.233171175206,7.5,1195,486,6.82633152521572,-0.673668474784284,0.673668474784284,valid,,,Shared Pattern Plane,Grad-SIFT+Top2Geo+MidGradInterp+極線對齊,102,1,,,1.74404989999312
273,11,2,5,5,3,90,35,1212.61848691254,486.808546433467,7.5,1213,487,7.0253652710131,-0.474634728986902,0.474634728986902,valid,,,Shared Pattern Plane,Grad-SIFT+Top2Geo+MidGradInterp+極線對齊,102,1,,,1.69886199999019
274,11,2,5,5,4,92.5,35,1230.51735222349,487.386275183318,7.5,1231,487,7.05195781349572,-0.448042186504282,0.448042186504282,valid,,,Shared Pattern Plane,Grad-SIFT+Top2Geo+MidGradInterp+極線對齊,102,1,,,1.7107704999944
275,11,2,5,5,5,95,35,1248.48958036642,487.966371894292,7.5,1248,488,6.41320539014306,-1.08679460985694,1.08679460985694,valid,,,Shared Pattern Plane,Grad-SIFT+Top2Geo+MidGradInterp+極線對齊,102,1,,,1.7336859999923
276,12,2,6,1,1,105,25,1324.21910745363,420.113245805259,7,1324,420,8.09537883953121,1.09537883953121,1.09537883953121,valid,,,Shared Pattern Plane,Grad-SIFT+Top2Geo+MidGradInterp+極線對齊,102,1,,,1.74969589999819
277,12,2,6,1,2,107.5,25,1342.58675824819,420.560426950315,7,1343,421,6.92676693302655,-0.0732330669734509,0.0732330669734509,valid,,,Shared Pattern Plane,Grad-SIFT+Top2Geo+MidGradInterp+極線對齊,102,1,,,1.71777829999337
278,12,2,6,1,3,110,25,1361.03069438324,421.009465347902,7,1361,421,3.85464775626286,-3.14535224373714,3.14535224373714,valid,,,Shared Pattern Plane,Grad-SIFT+Top2Geo+MidGradInterp+極線對齊,102,1,,,1.68488129999605
279,12,2,6,1,4,112.5,25,1379.55139209521,421.460372592531,7,1380,421,3.89605840573534,-3.10394159426466,3.10394159426466,valid,,,Shared Pattern Plane,Grad-SIFT+Top2Geo+MidGradInterp+極線對齊,102,1,,,1.73949440001161
280,12,2,6,1,5,115,25,1398.1493315929,421.913160375427,7,1398,422,3.71858615603965,-3.28141384396035,3.28141384396035,valid,,,Shared Pattern Plane,Grad-SIFT+Top2Geo+MidGradInterp+極線對齊,102,1,,,1.62370830000145
281,12,2,6,2,1,105,27.5,1323.44415036568,437.673593586985,7,1323,438,7.44851133628816,0.448511336288163,0.448511336288163,valid,,,Shared Pattern Plane,Grad-SIFT+Top2Geo+MidGradInterp+極線對齊,102,1,,,1.81623579999723
282,12,2,6,2,2,107.5,27.5,1341.80635825564,438.157064343861,7,1342,438,6.10246196439737,-0.897538035602627,0.897538035602627,valid,,,Shared Pattern Plane,Grad-SIFT+Top2Geo+MidGrad+極線對齊,102,1,,,1.67680239999027
283,12,2,6,2,3,110,27.5,1360.24481291484,438.642542652523,7,1360,439,5.4972645764952,-1.5027354235048,1.5027354235048,valid,,,Shared Pattern Plane,Grad-SIFT+Top2Geo+MidGrad+極線對齊,102,1,,,1.67066000000341
284,12,2,6,2,4,112.5,27.5,1378.75999023907,439.130041043146,7,1379,439,,,,failed,Top2-Geo: HIGH/MID 均未通過支援點與 RANSAC 門檻,,,,102,,,,1.4589893000084
285,12,2,6,2,5,115,27.5,1397.35237009281,439.619572150401,7,1397,440,,,,failed,Top2-Geo: HIGH/MID 均未通過支援點與 RANSAC 門檻,,,,102,,,,0.0137890000041807
286,12,2,6,3,1,105,30,1322.66951634157,455.226620817144,7,1323,455,7.09044553171561,0.0904455317156145,0.0904455317156145,valid,,,Shared Pattern Plane,Grad-SIFT+Top2Geo+MidGradInterp+極線對齊,102,1,,,1.77349539998977
287,12,2,6,3,2,107.5,30,1341.02628426987,455.746350861922,7,1341,456,5.67790411205688,-1.32209588794312,1.32209588794312,valid,,,Shared Pattern Plane,Grad-SIFT+Top2Geo+MidGradInterp+極線對齊,102,1,,,1.71333250000316
288,12,2,6,3,3,110,30,1359.45926042453,456.268238568935,7,1359,456,3.2962855507329,-3.7037144492671,3.7037144492671,valid,,,Shared Pattern Plane,Grad-SIFT+Top2Geo+MidGrad+極線對齊,102,1,,,1.79540249999263
289,12,2,6,3,4,112.5,30,1377.96892036103,456.792297402451,7,1378,457,6.24446036500204,-0.755539634997958,0.755539634997958,valid,,,Shared Pattern Plane,Grad-SIFT+Top2Geo+MidGrad+極線對齊,102,1,,,1.48605880000105
290,12,2,6,3,5,115,30,1396.55574359982,457.318540938999,7,1397,457,,,,failed,Top2-Geo: HIGH/MID 均未通過支援點與 RANSAC 門檻,,,,102,,,,0.0133554999920307
291,12,2,6,4,1,105,32.5,1321.89520517932,472.772332072464,7,1322,473,6.06386997812205,-0.936130021877953,0.936130021877953,valid,,,Shared Pattern Plane,Grad-SIFT+Top2Geo+MidGradInterp+極線對齊,102,1,,,1.74760930000048
292,12,2,6,4,2,107.5,32.5,1340.24653608664,473.328291109704,7,1340,473,10.4449373384917,3.44493733849168,3.44493733849168,valid,,,Shared Pattern Plane,Grad-SIFT+Top2Geo+MidGradInterp+極線對齊,102,1,,,1.76718469998741
293,12,2,6,4,3,110,32.5,1358.67403670579,473.886557731057,7,1359,474,4.2059887349424,-2.7940112650576,2.7940112650576,valid,,,Shared Pattern Plane,Grad-SIFT+Top2Geo+MidGrad+極線對齊,102,1,,,1.78691640000034
294,12,2,6,4,4,112.5,32.5,1377.17818225223,474.447146333316,7,1377,474,5.46500215242463,-1.53499784757537,1.53499784757537,valid,,,Shared Pattern Plane,Grad-SIFT+Top2Geo+MidGrad+極線對齊,102,1,,,1.66425230000459
295,12,2,6,4,5,115,32.5,1395.75945190274,475.010071433286,7,1396,475,,,,failed,Top2-Geo: HIGH/MID 均未通過支援點與 RANSAC 門檻,,,,102,,,,0.0144234000035794
296,12,2,6,5,1,105,35,1321.12121667713,490.310731925862,7,1321,490,6.73338174675417,-0.266618253245833,0.266618253245833,valid,,,Shared Pattern Plane,Grad-SIFT+Top2Geo+MidGradInterp+極線對齊,102,1,,,1.70832479999808
297,12,2,6,5,2,107.5,35,1339.4671135019,490.902889688566,7,1339,491,10.0724483450324,3.07244834503236,3.07244834503236,valid,,,Shared Pattern Plane,Grad-SIFT+Top2Geo+MidGradInterp+極線對齊,102,1,,,1.78006639999512
298,12,2,6,5,3,110,35,1357.88914155227,491.497504768929,7,1358,491,2.81053786516958,-4.18946213483042,4.18946213483042,valid,,,Shared Pattern Plane,Grad-SIFT+Top2Geo+MidGradInterp+極線對齊,102,1,,,1.64875290000055
299,12,2,6,5,4,112.5,35,1376.38777570401,492.094592494702,7,1376,492,3.9057843667613,-3.0942156332387,3.0942156332387,valid,,,Shared Pattern Plane,Grad-SIFT+Top2Geo+MidGrad+極線對齊,102,1,,,1.50545830000192
300,12,2,6,5,5,115,35,1394.96349479055,492.694168321383,7,1395,493,,,,failed,Top2-Geo: HIGH/MID 均未通過支援點與 RANSAC 門檻,,,,102,,,,0.0158311999985017
301,13,3,1,1,1,5,45,642.372262540666,533.229259957767,6.5,642,533,6.64060571356646,0.140605713566456,0.140605713566456,valid,,,Shared Pattern Plane,Grad-SIFT+Top2Geo+MidGradInterp+極線對齊,102,1,,,1.78279779999866
302,13,3,1,1,2,7.5,45,658.004940978716,533.857709098892,6.5,658,534,6.64734971276957,0.147349712769572,0.147349712769572,valid,,,Shared Pattern Plane,Grad-SIFT+Top2Geo+MidGradInterp+極線對齊,102,1,,,1.93828079999366
303,13,3,1,1,3,10,45,673.697473695698,534.488564441253,6.5,674,534,6.83964616951397,0.339646169513967,0.339646169513967,valid,,,Shared Pattern Plane,Grad-SIFT+Top2Geo+MidGradInterp+極線對齊,102,1,,,1.8890764000098
304,13,3,1,1,4,12.5,45,689.45020510536,535.121839830624,6.5,689,535,5.05654903930886,-1.44345096069114,1.44345096069114,valid,,,Shared Pattern Plane,Grad-SIFT+Top2Geo+MidGradInterp+極線對齊,102,1,,,1.94332180000492
305,13,3,1,1,5,15,45,705.263482268965,535.757549219211,6.5,705,536,8.05589269615489,1.55589269615489,1.55589269615489,valid,,,Shared Pattern Plane,Grad-SIFT+Top2Geo+MidGradInterp+極線對齊,102,1,,,1.70669580000686
306,13,3,1,2,1,5,47.5,641.788695780773,549.401538375647,6.5,642,549,5.83175580323045,-0.668244196769546,0.668244196769546,valid,,,Shared Pattern Plane,Grad-SIFT+Top2Geo+MidGrad+極線對齊,102,1,,,1.678262299989
307,13,3,1,2,2,7.5,47.5,657.417248081972,550.060761497622,6.5,657,550,8.18087340434031,1.68087340434031,1.68087340434031,valid,,,Shared Pattern Plane,Grad-SIFT+Top2Geo+MidGrad+極線對齊,102,1,,,1.72356470000523
308,13,3,1,2,3,10,47.5,673.105627315289,550.722508160883,6.5,673,551,8.03696955872999,1.53696955872999,1.53696955872999,valid,,,Shared Pattern Plane,Grad-SIFT+Top2Geo+MidGrad+極線對齊,102,1,,,1.70395480000298
309,13,3,1,2,4,12.5,47.5,688.854177670544,551.386792883593,6.5,689,551,6.72981238081175,0.229812380811746,0.229812380811746,valid,,,Shared Pattern Plane,Grad-SIFT+Top2Geo+MidGrad+極線對齊,102,1,,,1.71108590000949
310,13,3,1,2,5,15,47.5,704.66324598284,552.053630295498,6.5,705,552,6.38894085342876,-0.111059146571239,0.111059146571239,valid,,,Shared Pattern Plane,Grad-SIFT+Top2Geo+MidGradInterp+極線對齊,102,1,,,1.71463539999968
311,13,3,1,3,1,5,50,641.205353372913,565.567599366855,6.5,641,566,5.87525371103979,-0.624746288960209,0.624746288960209,valid,,,Shared Pattern Plane,Grad-SIFT+Top2Geo+MidGrad+極線對齊,102,1,,,1.69933230000606
312,13,3,1,3,2,7.5,50,656.829781555096,566.257572740739,6.5,657,566,6.40630273838958,-0.0936972616104166,0.0936972616104166,valid,,,Shared Pattern Plane,Grad-SIFT+Top2Geo+MidGrad+極線對齊,102,1,,,1.79474659998959
313,13,3,1,3,3,10,50,672.514009340858,566.950186859855,6.5,673,567,6.42841620175703,-0.0715837982429655,0.0715837982429655,valid,,,Shared Pattern Plane,Grad-SIFT+Top2Geo+MidGrad+極線對齊,102,1,,,1.69821079999383
314,13,3,1,3,4,12.5,50,688.258380696287,567.645456913716,6.5,688,568,5.63437407863802,-0.865625921361982,0.865625921361982,valid,,,Shared Pattern Plane,Grad-SIFT+Top2Geo+MidGrad+極線對齊,102,1,,,2.00773050000134
315,13,3,1,3,5,15,50,704.063242230515,568.343398208551,6.5,704,568,7.99281138017692,1.49281138017692,1.49281138017692,valid,,,Shared Pattern Plane,Grad-SIFT+Top2Geo+MidGradInterp+極線對齊,102,1,,,1.70268660000875
316,13,3,1,4,1,5,52.5,640.622235187732,581.727446516134,6.5,641,582,6.41878861107974,-0.081211388920261,0.081211388920261,valid,,,Shared Pattern Plane,Grad-SIFT+Top2Geo+MidGrad+極線對齊,102,1,,,1.69003019999946
317,13,3,1,4,2,7.5,52.5,656.242541267321,582.448146433537,6.5,656,582,6.90407098780345,0.404070987803453,0.404070987803453,valid,,,Shared Pattern Plane,Grad-SIFT+Top2Geo+MidGrad+極線對齊,102,1,,,1.70265809999546
318,13,3,1,4,3,10,52.5,671.922619640212,583.171604164174,6.5,672,583,5.79878586708038,-0.701214132919623,0.701214132919623,valid,,,Shared Pattern Plane,Grad-SIFT+Top2Geo+MidGrad+極線對齊,102,1,,,1.77635859999282
319,13,3,1,4,4,12.5,52.5,687.662814048948,583.897835567866,6.5,688,584,4.65972639155947,-1.84027360844053,1.84027360844053,valid,,,Shared Pattern Plane,Grad-SIFT+Top2Geo+MidGrad+極線對齊,102,1,,,1.69511830000556
320,13,3,1,4,5,15,52.5,703.463470876889,584.626856626274,6.5,703,585,6.59265215255695,0.0926521525569548,0.0926521525569548,valid,,,Shared Pattern Plane,Grad-SIFT+Top2Geo+MidGradInterp+極線對齊,102,1,,,1.64486479999323
321,13,3,1,5,1,5,55,640.039341095977,597.881083405471,6.5,640,598,6.48921050934042,-0.0107894906595787,0.0107894906595787,valid,,,Shared Pattern Plane,Grad-SIFT+Top2Geo+MidGrad+極線對齊,102,1,,,1.87728620000416
322,13,3,1,5,2,7.5,55,655.655527087982,598.632486178535,6.5,656,599,5.49374114069114,-1.00625885930886,1.00625885930886,valid,,,Shared Pattern Plane,Grad-SIFT+Top2Geo+MidGrad+極線對齊,102,1,,,1.63776439998765
323,13,3,1,5,3,10,55,671.331458081257,599.386763697049,6.5,671,599,5.60713767444972,-0.892862325550276,0.892862325550276,valid,,,Shared Pattern Plane,Grad-SIFT+Top2Geo+MidGrad+極線對齊,102,1,,,1.63763189999736
324,13,3,1,5,4,12.5,55,687.067477594992,600.143932490098,6.5,687,600,4.93225460160844,-1.56774539839156,1.56774539839156,valid,,,Shared Pattern Plane,Grad-SIFT+Top2Geo+MidGrad+極線對齊,102,1,,,1.59992029999557
325,13,3,1,5,5,15,55,702.863931786966,600.90400921373,6.5,703,601,6.4566284439765,-0.0433715560234953,0.0433715560234953,valid,,,Shared Pattern Plane,Grad-SIFT+Top2Geo+MidGradInterp+極線對齊,102,1,,,1.64399290000438
326,14,3,2,1,1,25,45,769.129083786699,538.325009592702,6,769,538,4.85776275024646,-1.14223724975354,1.14223724975354,valid,,,Shared Pattern Plane,Grad-SIFT+Top2Geo+MidGradInterp+極線對齊,102,1,,,1.64870629999496
327,14,3,2,1,2,27.5,45,785.25039010277,538.973102058001,6,785,539,5.92880591221157,-0.0711940877884301,0.0711940877884301,valid,,,Shared Pattern Plane,Grad-SIFT+Top2Geo+MidGrad+極線對齊,102,1,,,1.61540680000326
328,14,3,2,1,3,30,45,801.434381586382,539.62371452906,6,801,540,4.87607035507584,-1.12392964492416,1.12392964492416,valid,,,Shared Pattern Plane,Grad-SIFT+Top2Geo+MidGradInterp+極線對齊,102,1,,,1.64369389999774
329,14,3,2,1,4,32.5,45,817.681424561875,540.276861732479,6,818,540,3.93234050231122,-2.06765949768878,2.06765949768878,valid,,,Shared Pattern Plane,Grad-SIFT+Top2Geo+MidGradInterp+極線對齊,102,1,,,1.61187300000165
330,14,3,2,1,5,35,45,833.991888213498,540.932558509831,6,834,541,4.21766527529188,-1.78233472470812,1.78233472470812,valid,,,Shared Pattern Plane,Grad-SIFT+Top2Geo+MidGrad+極線對齊,102,1,,,1.65378700000292
331,14,3,2,2,1,25,47.5,768.511729523406,554.74680339572,6,769,555,5.06122224140554,-0.93877775859446,0.93877775859446,valid,,,Shared Pattern Plane,Grad-SIFT+Top2Geo+MidGradInterp+極線對齊,102,1,,,1.61976839999261
332,14,3,2,2,2,27.5,47.5,784.628684531177,555.426627680925,6,785,555,5.37504408473243,-0.624955915267567,0.624955915267567,valid,,,Shared Pattern Plane,Grad-SIFT+Top2Geo+MidGrad+極線對齊,102,1,,,1.64020609999716
333,14,3,2,2,3,30,47.5,800.808295504199,556.109094837986,6,801,556,4.54931911903738,-1.45068088096262,1.45068088096262,valid,,,Shared Pattern Plane,Grad-SIFT+Top2Geo+MidGrad+極線對齊,102,1,,,1.59637549999752
334,14,3,2,2,4,32.5,47.5,817.050928524252,556.794220308485,6,817,557,4.31372596203531,-1.68627403796469,1.68627403796469,valid,,,Shared Pattern Plane,Grad-SIFT+Top2Geo+MidGrad+極線對齊,102,1,,,1.62430250000034
335,14,3,2,2,5,35,47.5,833.35695253057,557.482019654533,6,833,557,4.11455899081641,-1.88544100918359,1.88544100918359,valid,,,Shared Pattern Plane,Grad-SIFT+Top2Geo+MidGrad+極線對齊,102,1,,,1.59319640000467
336,14,3,2,3,1,25,50,767.894616277469,571.162186070562,6,768,571,4.44210015874553,-1.55789984125447,1.55789984125447,valid,,,Shared Pattern Plane,Grad-SIFT+Top2Geo+MidGradInterp+極線對齊,102,1,,,1.63100860000122
337,14,3,2,3,2,27.5,50,784.007222146488,571.873717328146,6,784,572,4.0407043534321,-1.9592956465679,1.9592956465679,valid,,,Shared Pattern Plane,Grad-SIFT+Top2Geo+MidGrad+極線對齊,102,1,,,1.61937760000001
338,14,3,2,3,3,30,50,800.182454798346,572.58801417895,6,800,573,3.66927078096783,-2.33072921903217,2.33072921903217,valid,,,Shared Pattern Plane,Grad-SIFT+Top2Geo+MidGrad+極線對齊,102,1,,,1.65795849999995
339,14,3,2,3,4,32.5,50,816.420680072474,573.305092778412,6,816,573,4.27707516916826,-1.72292483083174,1.72292483083174,valid,,,Shared Pattern Plane,Grad-SIFT+Top2Geo+MidGrad+極線對齊,102,1,,,1.58906160001061
340,14,3,2,3,5,35,50,832.722266663305,574.024969408044,6,833,574,3.80696585456484,-2.19303414543516,2.19303414543516,valid,,,Shared Pattern Plane,Grad-SIFT+Top2Geo+MidGrad+極線對齊,102,1,,,1.65891949999786
341,14,3,2,4,1,25,52.5,767.277743907773,587.571161370887,6,767,588,4.15446438558478,-1.84553561441522,1.84553561441522,valid,,,Shared Pattern Plane,Grad-SIFT+Top2Geo+MidGradInterp+極線對齊,102,1,,,1.66823949999525
342,14,3,2,4,2,27.5,52.5,783.386002806042,588.314374775178,6,783,588,4.33202095380832,-1.66797904619168,1.66797904619168,valid,,,Shared Pattern Plane,Grad-SIFT+Top2Geo+MidGrad+極線對齊,102,1,,,1.66751689999364
343,14,3,2,4,3,30,52.5,799.556859324598,589.060476349492,6,800,589,2.97852110824667,-3.02147889175333,3.02147889175333,valid,,,Shared Pattern Plane,Grad-SIFT+Top2Geo+MidGrad+極線對齊,102,1,,,1.60893879999639
344,14,3,2,4,4,32.5,52.5,815.790679060736,589.809482961997,6,816,590,3.32486210497076,-2.67513789502924,2.67513789502924,valid,,,Shared Pattern Plane,Grad-SIFT+Top2Geo+MidGrad+極線對齊,102,1,,,1.61886070000764
345,14,3,2,4,5,35,52.5,832.087830464298,590.561411612473,6,832,591,4.1235254308837,-1.8764745691163,1.8764745691163,valid,,,Shared Pattern Plane,Grad-SIFT+Top2Geo+MidGrad+極線對齊,102,1,,,1.62630039999203
346,14,3,2,5,1,25,55,766.661112273316,603.973733047426,6,767,604,3.91303527216349,-2.08696472783651,2.08696472783651,valid,,,Shared Pattern Plane,Grad-SIFT+Top2Geo+MidGradInterp+極線對齊,102,1,,,1.65080909999961
347,14,3,2,5,2,27.5,55,782.765026367292,604.748603794585,6,783,605,2.88618492495912,-3.11381507504088,3.11381507504088,valid,,,Shared Pattern Plane,Grad-SIFT+Top2Geo+MidGrad+極線對齊,102,1,,,1.65252620000683
348,14,3,2,5,3,30,55,798.931508938846,605.526485144178,6,799,606,3.86864760433788,-2.13135239566212,2.13135239566212,valid,,,Shared Pattern Plane,Grad-SIFT+Top2Geo+MidGrad+極線對齊,102,1,,,1.61021500000788
349,14,3,2,5,4,32.5,55,815.160925343345,606.30739467598,6,815,606,3.69485327167412,-2.30514672832588,2.30514672832588,valid,,,Shared Pattern Plane,Grad-SIFT+Top2Geo+MidGrad+極線對齊,102,1,,,1.62663739999698
350,14,3,2,5,5,35,55,831.453643786257,607.091350106904,6,831,607,3.21018035074907,-2.78981964925093,2.78981964925093,valid,,,Shared Pattern Plane,Grad-SIFT+Top2Geo+MidGrad+極線對齊,102,1,,,1.62012500000128
351,15,3,3,1,1,45,45,899.875434938339,543.581142277324,5.5,900,544,6.66181656142249,1.16181656142249,1.16181656142249,valid,,,Shared Pattern Plane,Grad-SIFT+Top2Geo+MidGradInterp+極線對齊,102,1,,,1.64398459999938
352,15,3,3,1,2,47.5,45,916.508641807203,544.249813651351,5.5,917,544,5.7815526136084,0.281552613608398,0.281552613608398,valid,,,Shared Pattern Plane,Grad-SIFT+Top2Geo+MidGradInterp+極線對齊,102,1,,,1.60646169999382
353,15,3,3,1,3,50,45,933.207546105041,544.921126127027,5.5,933,545,6.14570857726031,0.645708577260312,0.645708577260312,valid,,,Shared Pattern Plane,Grad-SIFT+Top2Geo+MidGradInterp+極線對齊,102,1,,,1.6435851000133
354,15,3,3,1,4,52.5,45,949.97253783719,545.595095382953,5.5,950,546,5.61747006097725,0.117470060977249,0.117470060977249,valid,,,Shared Pattern Plane,Grad-SIFT+Top2Geo+MidGradInterp+極線對齊,102,1,,,1.61313459998928
355,15,3,3,1,5,55,45,966.804010102071,546.271737222076,5.5,967,546,5.57728747477708,0.0772874747770764,0.0772874747770764,valid,,,Shared Pattern Plane,Grad-SIFT+Top2Geo+MidGradInterp+極線對齊,102,1,,,1.66642139999021
356,15,3,3,2,1,45,47.5,899.222438787587,560.260271321351,5.5,899,560,6.09904586350422,0.599045863504218,0.599045863504218,valid,,,Shared Pattern Plane,Grad-SIFT+Top2Geo+MidGradInterp+極線對齊,102,1,,,1.63339119999728
357,15,3,3,2,2,47.5,47.5,915.851053798525,560.961677778608,5.5,916,561,5.48984280168849,-0.0101571983115081,0.0101571983115081,valid,,,Shared Pattern Plane,Grad-SIFT+Top2Geo+MidGradInterp+極線對齊,102,1,,,1.64498470000399
358,15,3,3,2,3,50,47.5,932.545335025217,561.665854082164,5.5,933,562,5.49931656812677,-0.000683431873229168,0.000683431873229168,valid,,,Shared Pattern Plane,Grad-SIFT+Top2Geo+MidGradInterp+極線對齊,102,1,,,1.62182700000994
359,15,3,3,2,4,52.5,47.5,949.305672209939,562.372816671618,5.5,949,562,4.58395101088482,-0.91604898911518,0.91604898911518,valid,,,Shared Pattern Plane,Grad-SIFT+Top2Geo+MidGradInterp+極線對齊,102,1,,,1.6306493000011
360,15,3,3,2,5,55,47.5,966.132458185351,563.082582116922,5.5,966,563,4.4218996905774,-1.0781003094226,1.0781003094226,valid,,,Shared Pattern Plane,Grad-SIFT+Top2Geo+MidGradInterp+極線對齊,102,1,,,1.61169689999952
361,15,3,3,3,1,45,50,898.569701579174,576.932786340652,5.5,899,577,5.49932201048961,-0.000677989510389665,0.000677989510389665,valid,,,Shared Pattern Plane,Grad-SIFT+Top2Geo+MidGradInterp+極線對齊,102,1,,,1.80525790000684
362,15,3,3,3,2,47.5,50,915.193727066823,577.6669018436,5.5,915,578,5.17936431235736,-0.320635687642636,0.320635687642636,valid,,,Shared Pattern Plane,Grad-SIFT+Top2Geo+MidGradInterp+極線對齊,102,1,,,1.83769509999547
363,15,3,3,3,3,50,50,931.883387578649,578.403915783441,5.5,932,578,4.90629387180543,-0.593706128194572,0.593706128194572,valid,,,Shared Pattern Plane,Grad-SIFT+Top2Geo+MidGradInterp+極線對齊,102,1,,,1.68252099999518
364,15,3,3,3,4,52.5,50,948.639072594104,579.143845359554,5.5,949,579,4.94411582829372,-0.555884171706285,0.555884171706285,valid,,,Shared Pattern Plane,Grad-SIFT+Top2Geo+MidGradInterp+極線對齊,102,1,,,1.67399609999848
365,15,3,3,3,5,55,50,965.461174680318,579.886707907668,5.5,965,580,3.88590950141726,-1.61409049858274,1.61409049858274,valid,,,Shared Pattern Plane,Grad-SIFT+Top2Geo+MidGradInterp+極線對齊,102,1,,,1.62443680000433
366,15,3,3,4,1,45,52.5,897.917223159106,593.598691268586,5.5,898,594,5.03539815841362,-0.464601841586378,0.464601841586378,valid,,,Shared Pattern Plane,Grad-SIFT+Top2Geo+MidGradInterp+極線對齊,102,1,,,1.64774349999789
367,15,3,3,4,2,47.5,52.5,914.53666145641,594.365489802949,5.5,915,594,5.05728086855467,-0.442719131445334,0.442719131445334,valid,,,Shared Pattern Plane,Grad-SIFT+Top2Geo+MidGradInterp+極線對齊,102,1,,,1.67815419999533
368,15,3,3,4,3,50,52.5,931.221703607937,595.135315210927,5.5,931,595,4.46445535842837,-1.03554464157163,1.03554464157163,valid,,,Shared Pattern Plane,Grad-SIFT+Top2Geo+MidGradInterp+極線對齊,102,1,,,1.70274130000325
369,15,3,3,4,4,52.5,52.5,947.972738830547,595.908185450462,5.5,948,596,3.86540306218076,-1.63459693781924,1.63459693781924,valid,,,Shared Pattern Plane,Grad-SIFT+Top2Geo+MidGradInterp+極線對齊,102,1,,,1.62495270000363
370,15,3,3,4,5,55,52.5,964.790159426082,596.684118621833,5.5,965,597,3.37623403518444,-2.12376596481556,2.12376596481556,valid,,,Shared Pattern Plane,Grad-SIFT+Top2Geo+MidGradInterp+極線對齊,102,1,,,1.64905949999229
371,15,3,3,5,1,45,55,897.265003373514,610.25799003539,5.5,897,610,4.53751201638344,-0.962487983616565,0.962487983616565,valid,,,Shared Pattern Plane,Grad-SIFT+Top2Geo+MidGradInterp+極線對齊,102,1,,,1.60352650001005
372,15,3,3,5,2,47.5,55,913.879856811721,611.057445610132,5.5,914,611,4.19928374226809,-1.30071625773191,1.30071625773191,valid,,,Shared Pattern Plane,Grad-SIFT+Top2Geo+MidGradInterp+極線對齊,102,1,,,1.64540920000582
373,15,3,3,5,3,50,55,930.560282955804,611.860056341521,5.5,931,612,4.31422397382749,-1.18577602617251,1.18577602617251,valid,,,Shared Pattern Plane,Grad-SIFT+Top2Geo+MidGradInterp+極線對齊,102,1,,,1.68623059999663
374,15,3,3,5,4,52.5,55,947.306670760262,612.66584094485,5.5,947,613,2.44769720878396,-3.05230279121604,3.05230279121604,valid,,,Shared Pattern Plane,Grad-SIFT+Top2Geo+MidGradInterp+極線對齊,102,1,,,1.637341499998
375,15,3,3,5,5,55,55,964.119412261883,613.47481828372,5.5,964,613,2.57068417618836,-2.92931582381164,2.92931582381164,valid,,,Shared Pattern Plane,Grad-SIFT+Top2Geo+MidGradInterp+極線對齊,102,1,,,1.68299519999709
376,16,3,4,1,1,65,45,1034.80267644612,549.005350891088,5,1035,549,5.27061487216245,0.270614872162452,0.270614872162452,valid,,,Shared Pattern Plane,Grad-SIFT+Top2Geo+MidGradInterp+極線對齊,102,1,,,1.61491629999364
377,16,3,4,1,2,67.5,45,1051.9725582803,549.695597129739,5,1052,550,6.44608489964065,1.44608489964065,1.44608489964065,valid,,,Shared Pattern Plane,Grad-SIFT+Top2Geo+MidGradInterp+極線對齊,102,1,,,1.70314589999907
378,16,3,4,1,3,70,45,1069.21134593903,550.388613450717,5,1069,550,6.42777676864087,1.42777676864087,1.42777676864087,valid,,,Shared Pattern Plane,Grad-SIFT+Top2Geo+MidGradInterp+極線對齊,102,1,,,1.63749470000039
379,16,3,4,1,4,72.5,45,1086.51945505353,551.084416562807,5,1087,551,6.16070896264808,1.16070896264808,1.16070896264808,valid,,,Shared Pattern Plane,Grad-SIFT+Top2Geo+MidGradInterp+極線對齊,102,1,,,1.67670809999981
380,16,3,4,1,5,75,45,1103.89730460445,551.783023309446,5,1104,552,6.53419340274655,1.53419340274655,1.53419340274655,valid,,,Shared Pattern Plane,Grad-SIFT+Top2Geo+MidGradInterp+極線對齊,102,1,,,1.67387020000024
381,16,3,4,2,1,65,47.5,1034.11205653934,565.950008491026,5,1034,566,4.40694192231157,-0.593058077688429,0.593058077688429,valid,,,Shared Pattern Plane,Grad-SIFT+Top2Geo+MidGradInterp+極線對齊,102,1,,,1.7449176999944
382,16,3,4,2,2,67.5,47.5,1051.27708929042,566.674041418766,5,1051,567,4.23140431483959,-0.768595685160408,0.768595685160408,valid,,,Shared Pattern Plane,Grad-SIFT+Top2Geo+MidGradInterp+極線對齊,102,1,,,1.6575262999977
383,16,3,4,2,3,70,47.5,1068.51099447076,567.400979433104,5,1069,567,4.48846529692642,-0.511534703073584,0.511534703073584,valid,,,Shared Pattern Plane,Grad-SIFT+Top2Geo+MidGradInterp+極線對齊,102,1,,,1.65194519999204
384,16,3,4,2,4,72.5,47.5,1085.81418742595,568.130840053603,5,1086,568,4.59443227249386,-0.405567727506145,0.405567727506145,valid,,,Shared Pattern Plane,Grad-SIFT+Top2Geo+MidGradInterp+極線對齊,102,1,,,1.62219259999983
385,16,3,4,2,5,75,47.5,1103.187086848,568.863640940982,5,1103,569,5.20597097256709,0.205970972567087,0.205970972567087,valid,,,Shared Pattern Plane,Grad-SIFT+Top2Geo+MidGradInterp+極線對齊,102,1,,,1.61317810000037
386,16,3,4,3,1,65,50,1033.42171487131,582.887839383313,5,1033,583,3.75730332056169,-1.24269667943831,1.24269667943831,valid,,,Shared Pattern Plane,Grad-SIFT+Top2Geo+MidGradInterp+極線對齊,102,1,,,1.66237180000462
387,16,3,4,3,2,67.5,50,1050.58190105377,583.645631695372,5,1051,584,3.49847778721932,-1.50152221278068,1.50152221278068,valid,,,Shared Pattern Plane,Grad-SIFT+Top2Geo+MidGradInterp+極線對齊,102,1,,,1.63965710000775
388,16,3,4,3,3,70,50,1067.81092629381,584.406463934158,5,1068,584,3.85780643196463,-1.14219356803537,1.14219356803537,valid,,,Shared Pattern Plane,Grad-SIFT+Top2Geo+MidGradInterp+極線對齊,102,1,,,1.67109109999728
389,16,3,4,3,4,72.5,50,1085.10920565162,585.170354428691,5,1085,585,3.89831468140946,-1.10168531859054,1.10168531859054,valid,,,Shared Pattern Plane,Grad-SIFT+Top2Geo+MidGradInterp+極線對齊,102,1,,,1.67386040001293
390,16,3,4,3,5,75,50,1102.47715753085,585.937321655641,5,1102,586,4.24856887416409,-0.751431125835909,0.751431125835909,valid,,,Shared Pattern Plane,Grad-SIFT+Top2Geo+MidGradInterp+極線對齊,102,1,,,1.66530350000539
391,16,3,4,4,1,65,52.5,1032.7316512739,599.818847692661,5,1033,600,3.52609166814001,-1.47390833185999,1.47390833185999,valid,,,Shared Pattern Plane,Grad-SIFT+Top2Geo+MidGradInterp+極線對齊,102,1,,,1.62096849999216
392,16,3,4,4,2,67.5,52.5,1049.88699340038,600.610372109056,5,1050,601,3.382878109277,-1.617121890723,1.617121890723,valid,,,Shared Pattern Plane,Grad-SIFT+Top2Geo+MidGradInterp+極線對齊,102,1,,,1.61657719999494
393,16,3,4,4,3,70,52.5,1067.11114123633,601.405071128361,5,1067,601,3.31683672186037,-1.68316327813963,1.68316327813963,valid,,,Shared Pattern Plane,Grad-SIFT+Top2Geo+MidGradInterp+極線對齊,102,1,,,1.67616909999924
394,16,3,4,4,4,72.5,52.5,1084.40450955679,602.202963887739,5,1084,602,2.8674718608848,-2.1325281391152,2.1325281391152,valid,,,Shared Pattern Plane,Grad-SIFT+Top2Geo+MidGradInterp+極線對齊,102,1,,,1.69062439999834
395,16,3,4,4,5,75,52.5,1101.76751647734,603.004069678479,5,1102,603,3.47639678825341,-1.52360321174659,1.52360321174659,valid,,,Shared Pattern Plane,Grad-SIFT+Top2Geo+MidGradInterp+極線對齊,102,1,,,1.6347989999922
396,16,3,4,5,1,65,55,1032.04186557914,616.743037540459,5,1032,617,2.9715883668432,-2.0284116331568,2.0284116331568,valid,,,Shared Pattern Plane,Grad-SIFT+Top2Geo+MidGradInterp+極線對齊,102,1,,,1.71017859999847
397,16,3,4,5,2,67.5,55,1049.19236616042,617.568266805966,5,1049,618,2.64282652606339,-2.35717347393661,2.35717347393661,valid,,,Shared Pattern Plane,Grad-SIFT+Top2Geo+MidGradInterp+極線對齊,102,1,,,1.67387729999609
398,16,3,4,5,3,70,55,1066.41163912659,618.39680518682,5,1066,618,2.6058704666075,-2.3941295333925,2.3941295333925,valid,,,Shared Pattern Plane,Grad-SIFT+Top2Geo+MidGradInterp+極線對齊,102,1,,,1.68139220000012
399,16,3,4,5,4,72.5,55,1083.70009896785,619.228672627011,5,1084,619,2.92362282444041,-2.07637717555959,2.07637717555959,valid,,,Shared Pattern Plane,Grad-SIFT+Top2Geo+MidGradInterp+極線對齊,102,1,,,1.6903844000044
400,16,3,4,5,5,75,55,1101.05816351191,620.063889231123,5,1101,620,2.60048788006699,-2.39951211993301,2.39951211993301,valid,,,Shared Pattern Plane,Grad-SIFT+Top2Geo+MidGradInterp+極線對齊,102,1,,,1.86930459999712
401,17,3,5,1,1,85,45,1174.11460592086,554.605828299599,4.5,1174,555,5.20411760071588,0.704117600715877,0.704117600715877,valid,,,Shared Pattern Plane,Grad-SIFT+Top2Geo+MidGradInterp+極線對齊,102,1,,,2.27405940000608
402,17,3,5,1,2,87.5,45,1191.84756198407,555.318710679397,4.5,1192,555,5.04710008447703,0.547100084477031,0.547100084477031,valid,,,Shared Pattern Plane,Grad-SIFT+Top2Geo+MidGradInterp+極線對齊,102,1,,,2.26772350000101
403,17,3,5,1,3,90,45,1209.65284462833,556.034500659317,4.5,1210,556,4.8502271788036,0.350227178803596,0.350227178803596,valid,,,Shared Pattern Plane,Grad-SIFT+Top2Geo+MidGradInterp+極線對齊,102,1,,,1.95140479999827
404,17,3,5,1,4,92.5,45,1227.53089725047,556.75321606435,4.5,1228,557,4.54110386564556,0.0411038656455602,0.0411038656455602,valid,,,Shared Pattern Plane,Grad-SIFT+Top2Geo+MidGradInterp+極線對齊,102,1,,,2.1952736999956
405,17,3,5,1,5,95,45,1245.48216687902,557.474874865487,4.5,1245,557,4.51835127756893,0.0183512775689305,0.0183512775689305,valid,,,Shared Pattern Plane,Grad-SIFT+Top2Geo+MidGradInterp+極線對齊,102,1,,,2.31060910000815
406,17,3,5,2,1,85,47.5,1173.38424207446,571.824605394395,4.5,1173,572,4.58191163367387,0.0819116336738723,0.0819116336738723,valid,,,Shared Pattern Plane,Grad-SIFT+Top2Geo+MidGradInterp+極線對齊,102,1,,,1.78065200000128
407,17,3,5,2,2,87.5,47.5,1191.11207372469,572.572377568112,4.5,1191,573,3.92710100430918,-0.572898995690823,0.572898995690823,valid,,,Shared Pattern Plane,Grad-SIFT+Top2Geo+MidGradInterp+極線對齊,102,1,,,1.84990640000615
408,17,3,5,2,3,90,47.5,1208.91219618996,573.323199018298,4.5,1209,573,4.14610890286122,-0.35389109713878,0.35389109713878,valid,,,Shared Pattern Plane,Grad-SIFT+Top2Geo+MidGradInterp+極線對齊,102,1,,,1.81630529998802
409,17,3,5,2,4,92.5,47.5,1226.78505255651,574.077088434637,4.5,1227,574,3.51447041713757,-0.985529582862432,0.985529582862432,valid,,,Shared Pattern Plane,Grad-SIFT+Top2Geo+MidGradInterp+極線對齊,102,1,,,1.82674110001244
410,17,3,5,2,5,95,47.5,1244.73108953904,574.834064659862,4.5,1245,575,3.59259937312762,-0.907400626872383,0.907400626872383,valid,,,Shared Pattern Plane,Grad-SIFT+Top2Geo+MidGradInterp+極線對齊,102,1,,,1.7869892000017
411,17,3,5,3,1,85,50,1172.65417725808,589.0363326726,4.5,1173,589,4.01945056174208,-0.48054943825792,0.48054943825792,valid,,,Shared Pattern Plane,Grad-SIFT+Top2Geo+MidGradInterp+極線對齊,102,1,,,1.95751629999722
412,17,3,5,3,2,87.5,50,1190.376887206,589.818965984651,4.5,1190,590,2.88087862104055,-1.61912137895945,1.61912137895945,valid,,,Shared Pattern Plane,Grad-SIFT+Top2Geo+MidGradInterp+極線對齊,102,1,,,2.33315120000043
413,17,3,5,3,3,90,50,1208.17185222868,590.604790074447,4.5,1208,591,3.89120248667464,-0.608797513325357,0.608797513325357,valid,,,Shared Pattern Plane,Grad-SIFT+Top2Geo+MidGradInterp+極線對齊,102,1,,,2.30670349999855
414,17,3,5,3,4,92.5,50,1226.03951510211,591.393824494935,4.5,1226,591,3.44899446764671,-1.05100553235329,1.05100553235329,valid,,,Shared Pattern Plane,Grad-SIFT+Top2Geo+MidGradInterp+極線對齊,102,1,,,2.2176671000052
415,17,3,5,3,5,95,50,1243.9803222274,592.18608895915,4.5,1244,592,3.20567844239445,-1.29432155760555,1.29432155760555,valid,,,Shared Pattern Plane,Grad-SIFT+Top2Geo+MidGradInterp+極線對齊,102,1,,,2.0582304999989
416,17,3,5,4,1,85,52.5,1171.92441128811,606.241014462896,4.5,1172,606,3.22803181235075,-1.27196818764925,1.27196818764925,valid,,,Shared Pattern Plane,Grad-SIFT+Top2Geo+MidGradInterp+極線對齊,102,1,,,2.43317450000905
417,17,3,5,4,2,87.5,52.5,1189.64200224234,607.058480284131,4.5,1190,607,2.7838239382091,-1.7161760617909,1.7161760617909,valid,,,Shared Pattern Plane,Grad-SIFT+Top2Geo+MidGradInterp+極線對齊,102,1,,,2.01918550000119
418,17,3,5,4,3,90,52.5,1207.4318125568,607.879278209531,4.5,1207,608,2.92345794177146,-1.57654205822854,1.57654205822854,valid,,,Shared Pattern Plane,Grad-SIFT+Top2Geo+MidGradInterp+極線對齊,102,1,,,2.53251190000447
419,17,3,5,4,4,92.5,52.5,1225.29428469747,608.703428653881,4.5,1225,609,2.39931927835711,-2.10068072164289,2.10068072164289,valid,,,Shared Pattern Plane,Grad-SIFT+Top2Geo+MidGradInterp+極線對齊,102,1,,,1.77529429999413
420,17,3,5,4,5,95,52.5,1243.2298647522,609.530952199076,4.5,1243,610,2.89944926768458,-1.60055073231542,1.60055073231542,valid,,,Shared Pattern Plane,Grad-SIFT+Top2Geo+MidGradInterp+極線對齊,102,1,,,2.05335560000094
421,17,3,5,5,1,85,55,1171.19494398108,623.438655090423,4.5,1171,623,2.83766150471552,-1.66233849528448,1.66233849528448,valid,,,Shared Pattern Plane,Grad-SIFT+Top2Geo+MidGradInterp+極線對齊,102,1,,,1.97272180000436
422,17,3,5,5,2,87.5,55,1188.90741864821,624.290924818096,4.5,1189,624,1.74430697559248,-2.75569302440752,2.75569302440752,valid,,,Shared Pattern Plane,Grad-SIFT+Top2Geo+MidGradInterp+極線對齊,102,1,,,1.74284990000888
423,17,3,5,5,3,90,55,1206.69207698673,625.146667801716,4.5,1207,625,2.41603026809169,-2.08396973190831,2.08396973190831,valid,,,Shared Pattern Plane,Grad-SIFT+Top2Geo+MidGradInterp+極線對齊,102,1,,,1.98469139999361
424,17,3,5,5,4,92.5,55,1224.54936115293,626.00590531648,4.5,1225,626,1.41607352464169,-3.08392647535831,3.08392647535831,valid,,,Shared Pattern Plane,Grad-SIFT+Top2Geo+MidGradInterp+極線對齊,102,1,,,1.88467410000158
425,17,3,5,5,5,95,55,1242.47971692167,626.868658811703,4.5,1242,627,1.55411701073145,-2.94588298926855,2.94588298926855,valid,,,Shared Pattern Plane,Grad-SIFT+Top2Geo+MidGradInterp+極線對齊,102,1,,,1.79834199999459
426,18,3,6,1,1,105,45,1318.02848523859,560.391308645245,4,1318,560,3.27450506005051,-0.725494939949488,0.725494939949488,valid,,,Shared Pattern Plane,Grad-SIFT+Top2Geo+MidGradInterp+極線對齊,102,1,,,1.8563809000043
427,18,3,6,1,2,107.5,45,1336.35267507231,561.127959207619,4,1336,561,2.96733454525061,-1.03266545474939,1.03266545474939,valid,,,Shared Pattern Plane,Grad-SIFT+Top2Geo+MidGradInterp+極線對齊,102,1,,,1.83218599999964
428,18,3,6,1,3,110,45,1354.75284246928,561.867664143213,4,1355,562,1.34984482330202,-2.65015517669798,2.65015517669798,valid,,,Shared Pattern Plane,Grad-SIFT+Top2Geo+MidGradInterp+極線對齊,102,1,,,1.9003578999982
429,18,3,6,1,4,112.5,45,1373.22946094968,562.610442488006,4,1373,563,1.94571308074104,-2.05428691925896,2.05428691925896,valid,,,Shared Pattern Plane,Grad-SIFT+Top2Geo+MidGradInterp+極線對齊,102,1,,,1.76165620000393
430,18,3,6,1,5,115,45,1391.78300797674,563.356313436492,4,1392,563,3.26412339945953,-0.735876600540472,0.735876600540472,valid,,,Shared Pattern Plane,Grad-SIFT+Top2Geo+HighGrad+極線對齊,102,1,,,2.0393577000068
431,18,3,6,2,1,105,47.5,1317.25610701542,577.893219949531,4,1317,578,3.82589001900853,-0.17410998099147,0.17410998099147,valid,,,Shared Pattern Plane,Grad-SIFT+Top2Geo+MidGradInterp+極線對齊,102,1,,,1.87827499999548
432,18,3,6,2,2,107.5,47.5,1335.57487742491,578.665918327945,4,1336,579,2.37836756695293,-1.62163243304707,1.62163243304707,valid,,,Shared Pattern Plane,Grad-SIFT+Top2Geo+MidGradInterp+極線對齊,102,1,,,2.08596339999349
433,18,3,6,2,3,110,47.5,1353.96958705256,579.441819874989,4,1354,579,0.930189049469318,-3.06981095053068,3.06981095053068,valid,,,Shared Pattern Plane,Grad-SIFT+Top2Geo+MidGrad+極線對齊,102,1,,,1.72870249999687
434,18,3,6,2,4,112.5,47.5,1372.44070908044,580.220944549811,4,1372,580,1.33913533140894,-2.66086466859106,2.66086466859106,valid,,,Shared Pattern Plane,Grad-SIFT+Top2Geo+MidGrad+極線對齊,102,1,,,1.98275910000666
435,18,3,6,2,5,115,47.5,1390.98872063007,581.003312477724,4,1391,581,2.43230526831111,-1.56769473168889,1.56769473168889,valid,,,Shared Pattern Plane,Grad-SIFT+Top2Geo+MidGrad+極線對齊,102,1,,,1.80630209999799
436,18,3,6,3,1,105,50,1316.48405024498,595.387847209507,4,1316,595,3.32184844772615,-0.678151552273846,0.678151552273846,valid,,,Shared Pattern Plane,Grad-SIFT+Top2Geo+MidGradInterp+極線對齊,102,1,,,1.85926909999398
437,18,3,6,3,2,107.5,50,1334.79740415515,596.196563306966,4,1335,596,2.86109397834739,-1.13890602165261,1.13890602165261,valid,,,Shared Pattern Plane,Grad-SIFT+Top2Geo+MidGradInterp+極線對齊,102,1,,,1.87583969999105
438,18,3,6,3,3,110,50,1353.18665896654,597.008631181545,4,1353,597,4.16046874595479,0.160468745954794,0.160468745954794,valid,,,Shared Pattern Plane,Grad-SIFT+Top2Geo+MidGradInterp+極線對齊,102,1,,,2.20108470000559
439,18,3,6,3,4,112.5,50,1371.65228752344,597.824071714006,4,1372,598,0.854827072205216,-3.14517292779478,3.14517292779478,valid,,,Shared Pattern Plane,Grad-SIFT+Top2Geo+MidGrad+極線對齊,102,1,,,1.79667930000869
440,18,3,6,3,5,115,50,1390.19476660593,598.642905958916,4,1390,599,,,,failed,Top2-Geo: HIGH/MID 均未通過支援點與 RANSAC 門檻,,,,102,,,,0.0141801999998279
441,18,3,6,4,1,105,52.5,1315.71231472664,612.875194971499,4,1316,613,4.58171033093619,0.581710330936185,0.581710330936185,valid,,,Shared Pattern Plane,Grad-SIFT+Top2Geo+MidGradInterp+極線對齊,102,1,,,1.87473219999811
442,18,3,6,4,2,107.5,52.5,1334.02025506016,613.719898719232,4,1334,614,0.667492240295104,-3.3325077597049,3.3325077597049,valid,,,Shared Pattern Plane,Grad-SIFT+Top2Geo+MidGrad+極線對齊,102,1,,,1.83931690000463
443,18,3,6,4,3,110,52.5,1352.40405800608,614.568102665887,4,1352,615,1.42657165449636,-2.57342834550364,2.57342834550364,valid,,,Shared Pattern Plane,Grad-SIFT+Top2Geo+MidGrad+極線對齊,102,1,,,1.82669280000846
444,18,3,6,4,4,112.5,52.5,1370.86419607123,615.419828612293,4,1371,615,3.98578476803787,-0.0142152319621265,0.0142152319621265,valid,,,Shared Pattern Plane,Grad-SIFT+Top2Geo+MidGrad+極線對齊,102,1,,,1.62343539998983
445,18,3,6,4,5,115,52.5,1389.40114569457,616.275098540703,4,1389,616,,,,failed,Top2-Geo: HIGH/MID 均未通過支援點與 RANSAC 門檻,,,,102,,,,0.0187034000118729
446,18,3,6,5,1,105,55,1314.94090025994,630.355267778049,4,1315,630,4.06890056091178,0.0689005609117759,0.0689005609117759,valid,,,Shared Pattern Plane,Grad-SIFT+Top2Geo+MidGradInterp+極線對齊,102,1,,,1.96824980000383
447,18,3,6,5,2,107.5,55,1333.24342993723,631.235929135479,4,1333,631,3.77778657940252,-0.222213420597482,0.222213420597482,valid,,,Shared Pattern Plane,Grad-SIFT+Top2Geo+MidGradInterp+極線對齊,102,1,,,1.94143890000123
448,18,3,6,5,3,110,55,1351.6217839662,632.120238927178,4,1352,632,1.05533998296631,-2.94466001703369,2.94466001703369,valid,,,Shared Pattern Plane,Grad-SIFT+Top2Geo+MidGrad+極線對齊,102,1,,,1.80345720000332
449,18,3,6,5,4,112.5,55,1370.07643451652,633.008219872495,4,1370,633,2.35290945526789,-1.64709054473211,1.64709054473211,valid,,,Shared Pattern Plane,Grad-SIFT+Top2Geo+MidGrad+極線對齊,102,1,,,1.83699359999446
450,18,3,6,5,5,115,55,1388.60785768639,633.899894879811,4,1389,634,,,,failed,Top2-Geo: HIGH/MID 均未通過支援點與 RANSAC 門檻,,,,102,,,,0.0152403999964008
451,19,4,1,1,1,5,65,637.710003081613,662.433599906847,3.5,638,662,4.61574527167695,1.11574527167695,1.11574527167695,valid,,,Shared Pattern Plane,Grad-SIFT+Top2Geo+MidGradInterp+極線對齊,102,1,,,1.74058189999778
452,19,4,1,1,2,7.5,65,653.309728845205,663.307577633881,3.5,653,663,3.50785802744031,0.00785802744031239,0.00785802744031239,valid,,,Shared Pattern Plane,Grad-SIFT+Top2Geo+MidGradInterp+極線對齊,102,1,,,1.80442709999625
453,19,4,1,1,3,10,65,668.969090624066,664.184896480488,3.5,669,664,2.71629184438994,-0.783708155610064,0.783708155610064,valid,,,Shared Pattern Plane,Grad-SIFT+Top2Geo+MidGradInterp+極線對齊,102,1,,,1.69035910000093
454,19,4,1,1,4,12.5,65,684.688431045881,665.065575642451,3.5,685,665,4.80573488195249,1.30573488195249,1.30573488195249,valid,,,Shared Pattern Plane,Grad-SIFT+Top2Geo+MidGradInterp+極線對齊,102,1,,,1.75065950000135
455,19,4,1,1,5,15,65,700.468095368048,665.949634462884,3.5,700,666,4.32947437051847,0.82947437051847,0.82947437051847,valid,,,Shared Pattern Plane,Grad-SIFT+Top2Geo+MidGradInterp+極線對齊,102,1,,,1.76760370000557
456,19,4,1,2,1,5,67.5,637.128227521653,678.556239130027,3.5,637,679,2.58567093375108,-0.914329066248921,0.914329066248921,valid,,,Shared Pattern Plane,Grad-SIFT+Top2Geo+MidGradInterp+極線對齊,102,1,,,1.84203480000724
457,19,4,1,2,2,7.5,67.5,652.723843251588,679.460801580676,3.5,653,679,3.29221567200041,-0.207784327999591,0.207784327999591,valid,,,Shared Pattern Plane,Grad-SIFT+Top2Geo+MidGrad+極線對齊,102,1,,,1.7483143999998
458,19,4,1,2,3,10,67.5,668.379067795743,680.368821406526,3.5,668,680,4.30145363190312,0.801453631903121,0.801453631903121,valid,,,Shared Pattern Plane,Grad-SIFT+Top2Geo+MidGrad+極線對齊,102,1,,,1.71534149999206
459,19,4,1,2,4,12.5,67.5,684.094243559406,681.280318467452,3.5,684,681,0.71039462331437,-2.78960537668563,2.78960537668563,valid,,,Shared Pattern Plane,Grad-SIFT+Top2Geo+MidGradInterp+極線對齊,102,1,,,1.76389020000352
460,19,4,1,2,5,15,67.5,699.869715575358,682.195312775724,3.5,700,682,2.90949738418963,-0.590502615810365,0.590502615810365,valid,,,Shared Pattern Plane,Grad-SIFT+Top2Geo+MidGradInterp+極線對齊,102,1,,,1.71507209999254
461,19,4,1,3,1,5,70,636.546675281679,694.672689527473,3.5,637,695,2.85294467676721,-0.647055323232794,0.647055323232794,valid,,,Shared Pattern Plane,Grad-SIFT+Top2Geo+MidGradInterp+極線對齊,102,1,,,1.75049409999338
462,19,4,1,3,2,7.5,70,652.138182984525,695.60781313663,3.5,652,696,2.99257202699236,-0.507427973007637,0.507427973007637,valid,,,Shared Pattern Plane,Grad-SIFT+Top2Geo+MidGrad+極線對齊,102,1,,,1.79976379999425
463,19,4,1,3,3,10,70,667.789272318693,696.546510241767,3.5,668,697,1.73352097553899,-1.76647902446101,1.76647902446101,valid,,,Shared Pattern Plane,Grad-SIFT+Top2Geo+MidGrad+極線對齊,102,1,,,1.74867149999773
464,19,4,1,3,4,12.5,70,683.500285467262,697.48880136582,3.5,684,697,3.10623809939446,-0.393761900605544,0.393761900605544,valid,,,Shared Pattern Plane,Grad-SIFT+Top2Geo+MidGrad+極線對齊,102,1,,,1.76424940000288
465,19,4,1,3,5,15,70,699.271567238588,698.434707189176,3.5,699,698,2.35062769475287,-1.14937230524713,1.14937230524713,valid,,,Shared Pattern Plane,Grad-SIFT+Top2Geo+MidGradInterp+極線對齊,102,1,,,1.72009659999458
466,19,4,1,4,1,5,72.5,635.965346233129,710.782954661961,3.5,636,711,0.460872418925827,-3.03912758107417,3.03912758107417,valid,,,Shared Pattern Plane,Grad-SIFT+Top2Geo+MidGradInterp+極線對齊,102,1,,,1.84193250001408
467,19,4,1,4,2,7.5,72.5,651.552747914054,711.748615884901,3.5,652,712,2.86010260823436,-0.639897391765636,0.639897391765636,valid,,,Shared Pattern Plane,Grad-SIFT+Top2Geo+MidGrad+極線對齊,102,1,,,1.67784649999521
468,19,4,1,4,3,10,72.5,667.199704061535,712.71796658991,3.5,667,713,0.806946719082023,-2.69305328091798,2.69305328091798,valid,,,Shared Pattern Plane,Grad-SIFT+Top2Geo+MidGrad+極線對齊,102,1,,,1.78360589999647
469,19,4,1,4,4,12.5,72.5,682.906556636632,713.691027961952,3.5,683,714,3.92190703723146,0.421907037231461,0.421907037231461,valid,,,Shared Pattern Plane,Grad-SIFT+Top2Geo+MidGrad+極線對齊,102,1,,,1.70243419999315
470,19,4,1,4,5,15,72.5,698.673650223472,714.667821348493,3.5,699,715,2.39772450855039,-1.10227549144961,1.10227549144961,valid,,,Shared Pattern Plane,Grad-SIFT+Top2Geo+MidGradInterp+極線對齊,102,1,,,1.86230569999316
471,19,4,1,5,1,5,75,635.384240247542,726.887038093529,3.5,635,727,-0.550237660242659,-4.05023766024266,4.05023766024266,valid,,,Shared Pattern Plane,Grad-SIFT+Top2Geo+MidGradInterp+極線對齊,102,1,,,1.80789159999404
472,19,4,1,5,2,7.5,75,650.967537910311,727.883213405894,3.5,651,728,-0.982250542467026,-4.48225054246703,4.48225054246703,valid,,,Shared Pattern Plane,Grad-SIFT+Top2Geo+MidGrad+極線對齊,102,1,,,2.12519750000502
473,19,4,1,5,3,10,75,666.610362892988,728.883194051879,3.5,667,729,-0.0608082528614511,-3.56080825286145,3.56080825286145,valid,,,Shared Pattern Plane,Grad-SIFT+Top2Geo+MidGrad+極線對齊,102,1,,,2.10440959999687
474,19,4,1,5,4,12.5,75,682.313056934803,729.887001877449,3.5,682,730,2.09235114820743,-1.40764885179257,1.40764885179257,valid,,,Shared Pattern Plane,Grad-SIFT+Top2Geo+MidGrad+極線對齊,102,1,,,2.20511110000371
475,19,4,1,5,5,15,75,698.075964395846,730.894658896111,3.5,698,731,3.0858650513355,-0.414134948664497,0.414134948664497,valid,,,Shared Pattern Plane,Grad-SIFT+Top2Geo+MidGradInterp+極線對齊,102,1,,,1.99512750000576
476,20,4,2,1,1,25,65,764.196990271651,669.520058427916,3,764,670,1.97785295319327,-1.02214704680673,1.02214704680673,valid,,,Shared Pattern Plane,Grad-SIFT+Top2Geo+MidGradInterp+極線對齊,102,1,,,1.84302780000144
477,20,4,2,1,2,27.5,65,780.283546782179,670.421310944014,3,780,670,3.10344336378918,0.103443363789175,0.103443363789175,valid,,,Shared Pattern Plane,Grad-SIFT+Top2Geo+MidGrad+極線對齊,102,1,,,2.23493239999516
478,20,4,2,1,3,30,65,796.432555397516,671.326062351659,3,796,671,1.14492013265237,-1.85507986734763,1.85507986734763,valid,,,Shared Pattern Plane,Grad-SIFT+Top2Geo+MidGrad+極線對齊,102,1,,,2.17229899999802
479,20,4,2,1,4,32.5,65,812.644380507428,672.23433306586,3,813,672,2.03620607134003,-0.963793928659969,0.963793928659969,valid,,,Shared Pattern Plane,Grad-SIFT+Top2Geo+MidGradInterp+極線對齊,102,1,,,2.04172700000345
480,20,4,2,1,5,35,65,828.919389342014,673.146143660756,3,829,673,1.42466103483189,-1.57533896516811,1.57533896516811,valid,,,Shared Pattern Plane,Grad-SIFT+Top2Geo+MidGradInterp+極線對齊,102,1,,,1.75767620000988
481,20,4,2,2,1,25,67.5,763.581560202182,685.890668144118,3,764,686,1.4803222261553,-1.5196777738447,1.5196777738447,valid,,,Shared Pattern Plane,Grad-SIFT+Top2Geo+MidGradInterp+極線對齊,102,1,,,2.19455129999551
482,20,4,2,2,2,27.5,67.5,779.663782717579,686.823454310584,3,780,687,1.95281120519319,-1.04718879480681,1.04718879480681,valid,,,Shared Pattern Plane,Grad-SIFT+Top2Geo+MidGrad+極線對齊,102,1,,,2.21734829999332
483,20,4,2,2,3,30,67.5,795.808428294022,687.759861081588,3,796,688,1.32948474605889,-1.67051525394111,1.67051525394111,valid,,,Shared Pattern Plane,Grad-SIFT+Top2Geo+MidGrad+極線對齊,102,1,,,2.34742540000298
484,20,4,2,2,4,32.5,67.5,812.015861080402,688.699909578157,3,812,689,-0.0403948049819269,-3.04039480498193,3.04039480498193,valid,,,Shared Pattern Plane,Grad-SIFT+Top2Geo+MidGradInterp+極線對齊,102,1,,,2.2860714999988
485,20,4,2,2,5,35,67.5,828.286448063507,689.643621085916,3,828,690,1.25720181987959,-1.74279818012041,1.74279818012041,valid,,,Shared Pattern Plane,Grad-SIFT+Top2Geo+MidGradInterp+極線對齊,102,1,,,2.71989490000124
486,20,4,2,3,1,25,70,762.966370024238,702.254896679543,3,763,702,1.07325547925512,-1.92674452074488,1.92674452074488,valid,,,Shared Pattern Plane,Grad-SIFT+Top2Geo+MidGradInterp+極線對齊,102,1,,,2.29173120000632
487,20,4,2,3,2,27.5,70,779.044260701721,703.219191823059,3,779,703,1.56514989443634,-1.43485010556366,1.43485010556366,valid,,,Shared Pattern Plane,Grad-SIFT+Top2Geo+MidGradInterp+極線對齊,102,1,,,2.02314419999311
488,20,4,2,3,3,30,70,795.184545416224,704.187229140725,3,795,704,0.886448099016473,-2.11355190098353,2.11355190098353,valid,,,Shared Pattern Plane,Grad-SIFT+Top2Geo+MidGrad+極線對齊,102,1,,,2.06049309999798
489,20,4,2,3,4,32.5,70,811.387588075972,705.159030458473,3,811,705,-0.422610731627844,-3.42261073162784,3.42261073162784,valid,,,Shared Pattern Plane,Grad-SIFT+Top2Geo+MidGradInterp+極線對齊,102,1,,,2.30262950000179
490,20,4,2,3,5,35,70,827.653755424654,706.134617772293,3,828,706,0.925354410774783,-2.07464558922522,2.07464558922522,valid,,,Shared Pattern Plane,Grad-SIFT+Top2Geo+MidGradInterp+極線對齊,102,1,,,2.20649190001132
491,20,4,2,4,1,25,72.5,762.351419597583,718.612747764494,3,762,719,0.16076156015465,-2.83923843984535,2.83923843984535,valid,,,Shared Pattern Plane,Grad-SIFT+Top2Geo+MidGradInterp+極線對齊,102,1,,,2.25677000000724
492,20,4,2,4,2,27.5,72.5,778.424980592834,719.608527233414,3,778,720,-0.245536359594603,-3.2455363595946,3.2455363595946,valid,,,Shared Pattern Plane,Grad-SIFT+Top2Geo+MidGradInterp+極線對齊,102,1,,,2.26990959999966
493,20,4,2,4,3,30,72.5,794.560906620799,720.608170302887,3,795,721,0.277426871138764,-2.72257312886124,2.72257312886124,valid,,,Shared Pattern Plane,Grad-SIFT+Top2Geo+MidGrad+極線對齊,102,1,,,1.71246480000264
494,20,4,2,4,4,32.5,72.5,810.759561349245,721.611699502638,3,811,722,1.58635083683353,-1.41364916316647,1.41364916316647,valid,,,Shared Pattern Plane,Grad-SIFT+Top2Geo+MidGrad+極線對齊,102,1,,,2.00395769999886
495,20,4,2,4,5,35,72.5,827.021311278975,722.619137537901,3,827,723,0.702771207800364,-2.29722879219964,2.29722879219964,valid,,,Shared Pattern Plane,Grad-SIFT+Top2Geo+MidGrad+極線對齊,102,1,,,2.14717120000569
496,20,4,2,5,1,25,75,761.736708782092,734.964225126363,3,762,735,-0.257403119544314,-3.25740311954431,3.25740311954431,valid,,,Shared Pattern Plane,Grad-SIFT+Top2Geo+MidGradInterp+極線對齊,102,1,,,4.10874929999409
497,20,4,2,5,2,27.5,75,777.80594224926,735.991464290694,3,778,736,-2.10979573986747,-5.10979573986747,5.10979573986747,valid,,,Shared Pattern Plane,Grad-SIFT+Top2Geo+MidGrad+極線對齊,102,1,,,2.43082690000301
498,20,4,2,5,3,30,75,793.937511764536,737.022688338939,3,794,737,-2.55671076251234,-5.55671076251234,5.55671076251234,valid,,,Shared Pattern Plane,Grad-SIFT+Top2Geo+MidGrad+極線對齊,102,1,,,2.49743440000748
499,20,4,2,5,4,32.5,75,810.13178075544,738.057920503507,3,810,738,0.727958229220547,-2.27204177077945,2.27204177077945,valid,,,Shared Pattern Plane,Grad-SIFT+Top2Geo+MidGrad+極線對齊,102,1,,,1.63876789998903
500,20,4,2,5,5,35,75,826.389115480101,739.097184197754,3,826,739,,,,failed,Top2-Geo: HIGH/MID 均未通過支援點與 RANSAC 門檻,,,,102,,,,2.56289590000233
501,21,4,3,1,1,45,65,894.658707502748,676.829201987139,2.5,895,677,3.81173407531006,1.31173407531006,1.31173407531006,valid,,,Shared Pattern Plane,Grad-SIFT+Top2Geo+MidGradInterp+極線對齊,102,1,,,2.4677895999921
502,21,4,3,1,2,47.5,65,911.255244783264,677.75902627693,2.5,911,678,3.05176753159581,0.551767531595809,0.551767531595809,valid,,,Shared Pattern Plane,Grad-SIFT+Top2Geo+MidGradInterp+極線對齊,102,1,,,2.33135330000368
503,21,4,3,1,3,50,65,927.917230391918,678.692517322273,2.5,928,679,2.51225584280486,0.0122558428048571,0.0122558428048571,valid,,,Shared Pattern Plane,Grad-SIFT+Top2Geo+MidGradInterp+極線對齊,102,1,,,2.08913390000816
504,21,4,3,1,4,52.5,65,944.645052236098,679.629696855758,2.5,945,680,1.94511061826763,-0.554889381732373,0.554889381732373,valid,,,Shared Pattern Plane,Grad-SIFT+Top2Geo+MidGradInterp+極線對齊,102,1,,,1.86185900001146
505,21,4,3,1,5,55,65,961.439101294725,680.570586782055,2.5,961,681,0.928214138478051,-1.57178586152195,1.57178586152195,valid,,,Shared Pattern Plane,Grad-SIFT+Top2Geo+MidGradInterp+極線對齊,102,1,,,1.7621075000061
506,21,4,3,2,1,45,67.5,894.007778585735,693.455528792965,2.5,894,693,3.5152349502018,1.0152349502018,1.0152349502018,valid,,,Shared Pattern Plane,Grad-SIFT+Top2Geo+MidGradInterp+極線對齊,102,1,,,1.69830549998733
507,21,4,3,2,2,47.5,67.5,910.599742638064,694.417880515664,2.5,911,694,3.3834528780459,0.883452878045897,0.883452878045897,valid,,,Shared Pattern Plane,Grad-SIFT+Top2Geo+MidGradInterp+極線對齊,102,1,,,1.75599239999428
508,21,4,3,2,3,50,67.5,927.257123977914,695.384026511249,2.5,927,695,1.3272904657963,-1.1727095342037,1.1727095342037,valid,,,Shared Pattern Plane,Grad-SIFT+Top2Geo+MidGradInterp+極線對齊,102,1,,,1.75081939999654
509,21,4,3,2,4,52.5,67.5,943.980310251473,696.353989263617,2.5,944,696,1.75826934769738,-0.741730652302622,0.741730652302622,valid,,,Shared Pattern Plane,Grad-SIFT+Top2Geo+MidGradInterp+極線對齊,102,1,,,1.91249809999135
510,21,4,3,2,5,55,67.5,960.769692173784,697.327791434658,2.5,961,697,0.787234568088604,-1.7127654319114,1.7127654319114,valid,,,Shared Pattern Plane,Grad-SIFT+Top2Geo+MidGradInterp+極線對齊,102,1,,,2.19187110000348
511,21,4,3,3,1,45,70,893.357107382529,710.075272953786,2.5,893,710,3.35824464680485,0.858244646804849,0.858244646804849,valid,,,Shared Pattern Plane,Grad-SIFT+Top2Geo+MidGrad+極線對齊,102,1,,,1.75089979999757
512,21,4,3,3,2,47.5,70,909.944500527797,711.070126257271,2.5,910,711,3.60819708190004,1.10819708190004,1.10819708190004,valid,,,Shared Pattern Plane,Grad-SIFT+Top2Geo+MidGrad+極線對齊,102,1,,,1.88630169999669
513,21,4,3,3,3,50,70,926.597279941456,712.068901198385,2.5,927,712,0.0648094328591023,-2.4351905671409,2.4351905671409,valid,,,Shared Pattern Plane,Grad-SIFT+Top2Geo+MidGrad+極線對齊,102,1,,,1.75936589999765
514,21,4,3,3,4,52.5,70,943.315833008727,713.071621011125,2.5,943,713,-1.44875115524016,-3.94875115524016,3.94875115524016,valid,,,Shared Pattern Plane,Grad-SIFT+Top2Geo+MidGradInterp+極線對齊,102,1,,,1.79486039999756
515,21,4,3,3,5,55,70,960.100550181007,714.078309113388,2.5,960,714,-0.340929711586155,-2.84092971158615,2.84092971158615,valid,,,Shared Pattern Plane,Grad-SIFT+Top2Geo+MidGradInterp+極線對齊,102,1,,,1.7818438999966
516,21,4,3,4,1,45,72.5,892.70669374011,726.6884383781,2.5,893,727,3.24920138724167,0.749201387241671,0.749201387241671,valid,,,Shared Pattern Plane,Grad-SIFT+Top2Geo+MidGrad+極線對齊,102,1,,,1.77371769999445
517,21,4,3,4,2,47.5,72.5,909.289518297762,727.715767433317,2.5,909,728,2.48246786199229,-0.0175321380077129,0.0175321380077129,valid,,,Shared Pattern Plane,Grad-SIFT+Top2Geo+MidGrad+極線對齊,102,1,,,1.76576680000289
518,21,4,3,4,3,50,72.5,925.937698126142,728.747145338492,2.5,926,729,2.60590609162486,0.105906091624864,0.105906091624864,valid,,,Shared Pattern Plane,Grad-SIFT+Top2Geo+MidGrad+極線對齊,102,1,,,1.69944300000498
519,21,4,3,4,4,52.5,72.5,942.651620349735,729.782596076527,2.5,943,730,0.515288697233517,-1.98471130276648,1.98471130276648,valid,,,Shared Pattern Plane,Grad-SIFT+Top2Geo+MidGrad+極線對齊,102,1,,,1.75656539999181
520,21,4,3,4,5,55,72.5,959.431675156529,730.82214382011,2.5,959,731,0.291557340774157,-2.20844265922584,2.20844265922584,valid,,,Shared Pattern Plane,Grad-SIFT+Top2Geo+MidGrad+極線對齊,102,1,,,1.73933379999653
521,21,4,3,5,1,45,75,892.056537505581,743.295028971312,2.5,892,743,,,,failed,Top2-Geo: HIGH/MID 均未通過支援點與 RANSAC 門檻,,,,102,,,,1.73772520000057
522,21,4,3,5,2,47.5,75,908.634795793379,744.354807972246,2.5,909,744,1.66990473739937,-0.830095262600628,0.830095262600628,valid,,,Shared Pattern Plane,Grad-SIFT+Top2Geo+MidGrad+極線對齊,102,1,,,1.84742570000526
523,21,4,3,5,3,50,75,925.278378375692,745.418762883242,2.5,925,745,1.86627368359132,-0.633726316408678,0.633726316408678,valid,,,Shared Pattern Plane,Grad-SIFT+Top2Geo+MidGrad+極線對齊,102,1,,,2.21255419999943
524,21,4,3,5,4,52.5,75,941.9876721165,746.486918434902,2.5,942,746,0.63073272713019,-1.86926727286981,1.86926727286981,valid,,,Shared Pattern Plane,Grad-SIFT+Top2Geo+MidGrad+極線對齊,102,1,,,1.83969559999241
525,21,4,3,5,5,55,75,958.763066940612,747.559299553494,2.5,959,748,-0.577733897739907,-3.07773389773991,3.07773389773991,valid,,,Shared Pattern Plane,Grad-SIFT+Top2Geo+MidGradInterp+極線對齊,102,1,,,1.70828880000045
526,22,4,4,1,1,65,65,1029.28549847182,684.371694627853,2,1029,684,-0.191703350465596,-2.1917033504656,2.1917033504656,valid,,,Shared Pattern Plane,Grad-SIFT+Top2Geo+MidGradInterp+極線對齊,102,1,,,1.73952660000941
527,22,4,4,1,2,67.5,65,1046.41665794294,685.331471231809,2,1046,685,-1.35350195935001,-3.35350195935001,3.35350195935001,valid,,,Shared Pattern Plane,Grad-SIFT+Top2Geo+MidGradInterp+極線對齊,102,1,,,2.80151900000055
528,22,4,4,1,3,70,65,1063.61645673578,686.295093367365,2,1064,686,-1.29682544676091,-3.29682544676091,3.29682544676091,valid,,,Shared Pattern Plane,Grad-SIFT+Top2Geo+MidGradInterp+極線對齊,102,1,,,1.71828040000401
529,22,4,4,1,4,72.5,65,1080.88530820361,687.262584192722,2,1081,687,-0.900185768618618,-2.90018576861862,2.90018576861862,valid,,,Shared Pattern Plane,Grad-SIFT+Top2Geo+MidGradInterp+極線對齊,102,1,,,1.7628595999995
530,22,4,4,1,5,75,65,1098.2236290254,688.233967052398,2,1098,688,-0.54376432117013,-2.54376432117013,2.54376432117013,valid,,,Shared Pattern Plane,Grad-SIFT+Top2Geo+MidGradInterp+極線對齊,102,1,,,1.84190349999699
531,22,4,4,2,1,65,67.5,1028.5970997754,701.261853872701,2,1029,701,-0.50720302004598,-2.50720302004598,2.50720302004598,valid,,,Shared Pattern Plane,Grad-SIFT+Top2Geo+MidGradInterp+極線對齊,102,1,,,1.71601950000331
532,22,4,4,2,2,67.5,67.5,1045.72343022739,702.2551994201,2,1046,702,-1.15159884684249,-3.15159884684249,3.15159884684249,valid,,,Shared Pattern Plane,Grad-SIFT+Top2Geo+MidGradInterp+極線對齊,102,1,,,1.75423979999323
533,22,4,4,2,3,70,67.5,1062.91836679396,703.252524195778,2,1063,703,-1.48486439052275,-3.48486439052275,3.48486439052275,valid,,,Shared Pattern Plane,Grad-SIFT+Top2Geo+MidGradInterp+極線對齊,102,1,,,1.80585520000022
534,22,4,4,2,4,72.5,67.5,1080.18232254482,704.25385215822,2,1080,704,-0.262752990784625,-2.26275299078462,2.26275299078462,valid,,,Shared Pattern Plane,Grad-SIFT+Top2Geo+MidGradInterp+極線對齊,102,1,,,1.83074299999862
535,22,4,4,2,5,75,67.5,1097.51571387237,705.259207458634,2,1098,705,-2.16416024708731,-4.16416024708731,4.16416024708731,valid,,,Shared Pattern Plane,Grad-SIFT+Top2Geo+MidGradInterp+極線對齊,102,1,,,1.76274840001133
536,22,4,4,3,1,65,70,1027.9089779766,718.145219314757,2,1028,718,-0.741494447195585,-2.74149444719559,2.74149444719559,valid,,,Shared Pattern Plane,Grad-SIFT+Top2Geo+MidGradInterp+極線對齊,102,1,,,1.78691399999661
537,22,4,4,3,2,67.5,70,1045.03048190913,719.17210669837,2,1045,719,-2.14583079658291,-4.14583079658291,4.14583079658291,valid,,,Shared Pattern Plane,Grad-SIFT+Top2Geo+MidGradInterp+極線對齊,102,1,,,1.72611560000223
538,22,4,4,3,3,70,70,1062.22055877254,720.203106844382,2,1062,720,-2.00354795006481,-4.00354795006481,4.00354795006481,valid,,,Shared Pattern Plane,Grad-SIFT+Top2Geo+MidGradInterp+極線對齊,102,1,,,1.70189320000645
539,22,4,4,3,4,72.5,70,1079.47962135318,721.238244510261,2,1079,721,-0.707638360051198,-2.7076383600512,2.7076383600512,valid,,,Shared Pattern Plane,Grad-SIFT+Top2Geo+MidGradInterp+極線對齊,102,1,,,1.78870489999827
540,22,4,4,3,5,75,70,1096.80808575721,722.277544652586,2,1097,722,-1.55168659744009,-3.55168659744009,3.55168659744009,valid,,,Shared Pattern Plane,Grad-SIFT+Top2Geo+MidGrad+極線對齊,102,1,,,1.73509719999856
541,22,4,4,4,1,65,72.5,1027.2211329084,735.021795052247,2,1027,735,0.158370056928745,-1.84162994307126,1.84162994307126,valid,,,Shared Pattern Plane,Grad-SIFT+Top2Geo+MidGradInterp+極線對齊,102,1,,,1.74798639999062
542,22,4,4,4,2,67.5,72.5,1044.33781281929,736.08219718942,2,1044,736,-3.69364738148291,-5.69364738148291,5.69364738148291,valid,,,Shared Pattern Plane,Grad-SIFT+Top2Geo+MidGrad+極線對齊,102,1,,,1.75884019999648
543,22,4,4,4,3,70,72.5,1061.52303250075,737.146845460748,2,1062,737,0.482196925698481,-1.51780307430152,1.51780307430152,valid,,,Shared Pattern Plane,Grad-SIFT+Top2Geo+MidGrad+極線對齊,102,1,,,1.79881410000962
544,22,4,4,4,4,72.5,72.5,1078.77720445607,738.215765421384,2,1079,738,-0.642008922809304,-2.6420089228093,2.6420089228093,valid,,,Shared Pattern Plane,Grad-SIFT+Top2Geo+MidGrad+極線對齊,102,1,,,1.73727179999696
545,22,4,4,4,5,75,72.5,1096.10074450536,739.288982831963,2,1096,739,-1.45428276261036,-3.45428276261036,3.45428276261036,valid,,,Shared Pattern Plane,Grad-SIFT+Top2Geo+MidGrad+極線對齊,102,1,,,1.78976749999856
546,22,4,4,5,1,65,75,1026.53356440388,751.891585180105,2,1027,752,-4.14690959867232,-6.14690959867232,6.14690959867232,valid,,,Shared Pattern Plane,Grad-SIFT+Top2Geo+MidGrad+極線對齊,102,1,,,1.79678070000955
547,22,4,4,5,2,67.5,75,1043.64542278913,752.985475012729,2,1044,753,-2.14190202203925,-4.14190202203925,4.14190202203925,valid,,,Shared Pattern Plane,Grad-SIFT+Top2Geo+MidGrad+極線對齊,102,1,,,1.72624789999099
548,22,4,4,5,3,70,75,1060.82578780801,754.0837441891,2,1061,754,1.4895183166699,-0.510481683330102,0.510481683330102,valid,,,Shared Pattern Plane,Grad-SIFT+Top2Geo+MidGrad+極線對齊,102,1,,,1.81069070000376
549,22,4,4,5,4,72.5,75,1078.07507168099,755.186419060754,2,1078,755,-0.841774085101707,-2.84177408510171,2.84177408510171,valid,,,Shared Pattern Plane,Grad-SIFT+Top2Geo+MidGrad+極線對齊,102,1,,,1.72111399999994
550,22,4,4,5,5,75,75,1095.39368994243,756.293526191072,2,1095,756,-2.69348263377706,-4.69348263377706,4.69348263377706,valid,,,Shared Pattern Plane,Grad-SIFT+Top2Geo+MidGrad+極線對齊,102,1,,,1.77045320000616
551,23,4,5,1,1,85,65,1168.28005771853,692.158892351807,1.5,1168,692,-0.96062859539098,-2.46062859539098,2.46062859539098,valid,,,Shared Pattern Plane,Grad-SIFT+Top2Geo+MidGradInterp+極線對齊,102,1,,,1.76456779999717
552,23,4,5,1,2,87.5,65,1185.97209426239,693.150092204903,1.5,1186,693,-0.684835712389994,-2.18483571238999,2.18483571238999,valid,,,Shared Pattern Plane,Grad-SIFT+Top2Geo+MidGradInterp+極線對齊,102,1,,,1.85203510000429
553,23,4,5,1,3,90,65,1203.73617197889,694.145328178971,1.5,1204,694,-0.329517979310417,-1.82951797931042,1.82951797931042,valid,,,Shared Pattern Plane,Grad-SIFT+Top2Geo+MidGradInterp+極線對齊,102,1,,,1.75591989999521
554,23,4,5,1,4,92.5,65,1221.57273178835,695.144624976659,1.5,1222,695,-0.301672783602474,-1.80167278360247,1.80167278360247,valid,,,Shared Pattern Plane,Grad-SIFT+Top2Geo+MidGradInterp+極線對齊,102,1,,,1.84115140000358
555,23,4,5,1,5,95,65,1239.48221821655,696.148007502614,1.5,1239,696,0.525649140447501,-0.974350859552499,0.974350859552499,valid,,,Shared Pattern Plane,Grad-SIFT+Top2Geo+MidGradInterp+極線對齊,102,1,,,1.67330409999704
556,23,4,5,2,1,85,67.5,1167.55208097962,709.321391918815,1.5,1168,709,-0.331347699028878,-1.83134769902888,1.83134769902888,valid,,,Shared Pattern Plane,Grad-SIFT+Top2Geo+MidGradInterp+極線對齊,102,1,,,1.72184379999817
557,23,4,5,2,2,87.5,67.5,1185.23901473878,710.347253059709,1.5,1185,710,0.30216615666013,-1.19783384333987,1.19783384333987,valid,,,Shared Pattern Plane,Grad-SIFT+Top2Geo+MidGradInterp+極線對齊,102,1,,,1.78580829998828
558,23,4,5,2,3,90,67.5,1202.99795410993,711.37729060338,1.5,1203,711,-0.162210581974475,-1.66221058197448,1.66221058197448,valid,,,Shared Pattern Plane,Grad-SIFT+Top2Geo+MidGradInterp+極線對齊,102,1,,,1.72545220000029
559,23,4,5,2,4,92.5,67.5,1220.82933970508,712.411530105797,1.5,1221,712,0.373185020970263,-1.12681497902974,1.12681497902974,valid,,,Shared Pattern Plane,Grad-SIFT+Top2Geo+MidGrad+極線對齊,102,1,,,1.73327860000427
560,23,4,5,2,5,95,67.5,1238.73361573848,713.449997331864,1.5,1239,713,-3.07582748760109,-4.57582748760109,4.57582748760109,valid,,,Shared Pattern Plane,Grad-SIFT+Top2Geo+MidGrad+極線對齊,102,1,,,1.73091289999138
561,23,4,5,3,1,85,70,1166.82440180605,726.476876199685,1.5,1167,726,0.288010338878382,-1.21198966112162,1.21198966112162,valid,,,Shared Pattern Plane,Grad-SIFT+Top2Geo+MidGradInterp+極線對齊,102,1,,,1.82329310000932
562,23,4,5,3,2,87.5,70,1184.50623547491,727.537370183465,1.5,1185,728,1.15068723552397,-0.349312764476028,0.349312764476028,valid,,,Shared Pattern Plane,Grad-SIFT+Top2Geo+MidGradInterp+極線對齊,102,1,,,1.73196740000276
563,23,4,5,3,3,90,70,1202.26003922065,728.602180678472,1.5,1202,729,-0.0447840301194955,-1.5447840301195,1.5447840301195,valid,,,Shared Pattern Plane,Grad-SIFT+Top2Geo+MidGrad+極線對齊,102,1,,,1.8195490000071
564,23,4,5,3,4,92.5,70,1220.0862533473,729.671334092586,1.5,1220,730,0.970199114494265,-0.529800885505735,0.529800885505735,valid,,,Shared Pattern Plane,Grad-SIFT+Top2Geo+MidGrad+極線對齊,102,1,,,1.69858080000267
565,23,4,5,3,5,95,70,1237.98532175782,730.744857049544,1.5,1238,731,-2.75210956303681,-4.25210956303681,4.25210956303681,valid,,,Shared Pattern Plane,Grad-SIFT+Top2Geo+MidGradInterp+極線對齊,102,1,,,1.75329009999405
566,23,4,5,4,1,85,72.5,1166.09702001542,743.625349494856,1.5,1166,744,-0.176932412007217,-1.67693241200722,1.67693241200722,valid,,,Shared Pattern Plane,Grad-SIFT+Top2Geo+MidGradInterp+極線對齊,102,1,,,1.83724869998696
567,23,4,5,4,2,87.5,72.5,1183.77375628634,744.720447902813,1.5,1184,745,0.678960794289178,-0.821039205710822,0.821039205710822,valid,,,Shared Pattern Plane,Grad-SIFT+Top2Geo+MidGradInterp+極線對齊,102,1,,,1.84448050000356
568,23,4,5,4,3,90,72.5,1201.52242712458,745.820002757308,1.5,1202,746,0.209161417990559,-1.29083858200944,1.29083858200944,valid,,,Shared Pattern Plane,Grad-SIFT+Top2Geo+MidGrad+極線對齊,102,1,,,1.77183240000159
569,23,4,5,4,4,92.5,72.5,1219.34347252644,746.924041316723,1.5,1219,747,-7.65387388617514,-9.15387388617514,9.15387388617514,valid,,,Shared Pattern Plane,Grad-SIFT+Top2Geo+MidGradInterp+極線對齊,102,1,,,1.70526280000922
570,23,4,5,4,5,95,72.5,1237.23733608393,748.0325910622,1.5,1237,748,-4.03429273439587,-5.53429273439587,5.53429273439587,valid,,,Shared Pattern Plane,Grad-SIFT+Top2Geo+MidGradInterp+極線對齊,102,1,,,1.74335230000725
571,23,4,5,5,1,85,75,1165.36993542547,760.766816101252,1.5,1165,761,-1.5789176227945,-3.0789176227945,3.0789176227945,valid,,,Shared Pattern Plane,Grad-SIFT+Top2Geo+MidGradInterp+極線對齊,102,1,,,1.73016270001244
572,23,4,5,5,2,87.5,75,1183.04157698879,761.896490540855,1.5,1183,762,-3.08763621164792,-4.58763621164792,4.58763621164792,valid,,,Shared Pattern Plane,Grad-SIFT+Top2Geo+MidGrad+極線對齊,102,1,,,1.76466469999286
573,23,4,5,5,3,90,75,1200.78511763539,763.030761189378,1.5,1201,763,-4.11063868207534,-5.61063868207534,5.61063868207534,valid,,,Shared Pattern Plane,Grad-SIFT+Top2Geo+MidGrad+極線對齊,102,1,,,1.73104199999943
574,23,4,5,5,4,92.5,75,1218.60099705412,764.169656154301,1.5,1219,764,-9.59621072640986,-11.0962107264099,11.0962107264099,valid,,,Shared Pattern Plane,Grad-SIFT+Top2Geo+MidGradInterp+極線對齊,102,1,,,1.71091949999391
575,23,4,5,5,5,95,75,1236.4896585263,765.31320377275,1.5,1236,765,-5.2536775568489,-6.7536775568489,6.7536775568489,valid,,,Shared Pattern Plane,Grad-SIFT+Top2Geo+MidGradInterp+極線對齊,102,1,,,1.76237579999724
576,24,4,6,1,1,105,65,1311.85844890589,700.202900168534,1,1312,700,1.61594846069453,0.615948460694532,0.615948460694532,valid,,,Shared Pattern Plane,Grad-SIFT+Top2Geo+MidGradInterp+極線對齊,102,1,,,1.74212399999669
577,24,4,6,1,2,107.5,65,1330.1393651178,701.227092121721,1,1330,701,0.162922695808054,-0.837077304191946,0.837077304191946,valid,,,Shared Pattern Plane,Grad-SIFT+Top2Geo+MidGrad+極線對齊,102,1,,,1.8032530000055
578,24,4,6,1,3,110,65,1348.4959529189,702.255523590686,1,1348,702,-0.900799320575173,-1.90079932057517,1.90079932057517,valid,,,Shared Pattern Plane,Grad-SIFT+Top2Geo+MidGradInterp+極線對齊,102,1,,,1.72135479999997
579,24,4,6,1,4,112.5,65,1366.9286831334,703.28822095345,1,1367,703,0.152674186731511,-0.847325813268489,0.847325813268489,valid,,,Shared Pattern Plane,Grad-SIFT+Top2Geo+MidGradInterp+極線對齊,102,1,,,2.04627439999604
580,24,4,6,1,5,115,65,1385.43803049955,704.325210807318,1,1385,704,0.228239180315191,-0.771760819684809,0.771760819684809,valid,,,Shared Pattern Plane,Grad-SIFT+Top2Geo+MidGradInterp+極線對齊,102,1,,,2.63551449999795
581,24,4,6,2,1,105,67.5,1311.08863669615,717.646666203912,1,1311,718,1.48942608051746,0.48942608051746,0.48942608051746,valid,,,Shared Pattern Plane,Grad-SIFT+Top2Geo+MidGradInterp+極線對齊,102,1,,,2.79064650001237
582,24,4,6,2,2,107.5,67.5,1329.36415682043,718.706665985695,1,1329,719,0.477250275777596,-0.522749724222404,0.522749724222404,valid,,,Shared Pattern Plane,Grad-SIFT+Top2Geo+MidGrad+極線對齊,102,1,,,2.37926590000279
583,24,4,6,2,3,110,67.5,1347.71531041323,719.771052589828,1,1348,720,-0.740508687218451,-1.74050868721845,1.74050868721845,valid,,,Shared Pattern Plane,Grad-SIFT+Top2Geo+MidGrad+極線對齊,102,1,,,2.12639980000677
584,24,4,6,2,4,112.5,67.5,1366.1425679632,720.839853305156,1,1366,721,-0.214114617124167,-1.21411461712417,1.21411461712417,valid,,,Shared Pattern Plane,Grad-SIFT+Top2Geo+MidGradInterp+極線對齊,102,1,,,2.19632050000655
585,24,4,6,2,5,115,67.5,1384.6464038694,721.913095647336,1,1385,722,-1.06727026726411,-2.06727026726411,2.06727026726411,valid,,,Shared Pattern Plane,Grad-SIFT+Top2Geo+MidGradInterp+極線對齊,102,1,,,2.01892669999506
586,24,4,6,3,1,105,70,1310.31914433873,735.083184459892,1,1310,735,3.49964622312279,2.49964622312279,2.49964622312279,valid,,,Shared Pattern Plane,Grad-SIFT+Top2Geo+MidGradInterp+極線對齊,102,1,,,2.33442020000075
587,24,4,6,3,2,107.5,70,1328.5892712824,736.178962198192,1,1329,736,,,,failed,Top2-Geo: HIGH/MID 均未通過支援點與 RANSAC 門檻,,,,102,,,,1.89648750000924
588,24,4,6,3,3,110,70,1346.93499360187,737.279273880353,1,1347,737,,,,failed,Top2-Geo: HIGH/MID 均未通過支援點與 RANSAC 門檻,,,,102,,,,1.45375570000033
589,24,4,6,3,4,112.5,70,1365.35678145051,738.384147704517,1,1365,738,,,,failed,Top2-Geo: HIGH/MID 均未通過支援點與 RANSAC 門檻,,,,102,,,,0.0180942000006326
590,24,4,6,3,5,115,70,1383.85510888853,739.493612103142,1,1384,739,,,,failed,Top2-Geo: HIGH/MID 均未通過支援點與 RANSAC 門檻,,,,102,,,,0.014886100005242
591,24,4,6,4,1,105,72.5,1309.54997163434,752.51245945265,1,1310,753,2.17198032837551,1.17198032837551,1.17198032837551,valid,,,Shared Pattern Plane,Grad-SIFT+Top2Geo+HighGrad+極線對齊,102,1,,,1.97264940000605
592,24,4,6,4,2,107.5,72.5,1327.81470830219,753.64398530336,1,1328,754,6.81769941995703,5.81769941995703,5.81769941995703,valid,,,Shared Pattern Plane,Grad-SIFT+Top2Geo+HighGrad+極線對齊,102,1,,,1.62066060000507
593,24,4,6,4,3,110,72.5,1346.15500228102,754.780192034617,1,1346,755,,,,failed,Top2-Geo: HIGH/MID 均未通過支援點與 RANSAC 門檻,,,,102,,,,0.0140332000009948
594,24,4,6,4,4,112.5,72.5,1364.57132338925,755.921108752327,1,1365,756,,,,failed,Top2-Geo: HIGH/MID 均未通過支援點與 RANSAC 門檻,,,,102,,,,0.0194966999988537
595,24,4,6,4,5,115,72.5,1383.06414534855,757.066764804207,1,1383,757,,,,failed,Top2-Geo: HIGH/MID 均未通過支援點與 RANSAC 門檻,,,,102,,,,0.0169518000038806
596,24,4,6,5,1,105,75,1308.78111838382,769.93449569461,1,1309,770,1.22673589237148,0.226735892371484,0.226735892371484,valid,,,Shared Pattern Plane,Grad-SIFT+Top2Geo+HighGrad+極線對齊,102,1,,,1.90585140000621
597,24,4,6,5,2,107.5,75,1327.04046767843,771.101739841566,1,1327,771,,,,failed,Top2-Geo: HIGH/MID 均未通過支援點與 RANSAC 門檻,,,,102,,,,2.00463969999691
598,24,4,6,5,3,110,75,1345.37533624708,772.27381162116,1,1345,772,,,,failed,Top2-Geo: HIGH/MID 均未通過支援點與 RANSAC 門檻,,,,102,,,,0.0166059999901336
599,24,4,6,5,4,112.5,75,1363.78619357355,773.450741045535,1,1364,773,,,,failed,Top2-Geo: HIGH/MID 均未通過支援點與 RANSAC 門檻,,,,102,,,,0.0178599999926519
600,24,4,6,5,5,115,75,1382.27351304127,774.632558376121,1,1382,775,,,,failed,Top2-Geo: HIGH/MID 均未通過支援點與 RANSAC 門檻,,,,102,,,,0.0160049999976764
