sample_id,block_id,row,column,sample_row,sample_column,model_x_mm,model_y_mm,u,v,true_height_mm,measured_u,measured_v,wound_height_mm,error_mm,abs_error_mm,status,failure_reason,measurement_warning,height_reference_source,method,candidate_frame,fused_count,group_score,objective_score,elapsed_seconds
1,1,1,1,1,1,5,5,681.663786600966,313.661004319991,12.5,682,314,12.7814679864341,0.281467986434093,0.281467986434093,valid,,,Shared Pattern Plane,Grad-SIFT+Top2Geo+MidGradInterp+極線對齊,109,1,,,1.86960999999428
2,1,1,1,1,2,7.5,5,698.289674934252,313.620788163045,12.5,698,314,14.4368706573363,1.93687065733631,1.93687065733631,valid,,,Shared Pattern Plane,Grad-SIFT+Top2Geo+MidGradInterp+極線對齊,109,1,,,2.24670340000011
3,1,1,1,1,3,10,5,715.003624500733,313.580358995864,12.5,715,314,14.1790732135511,1.67907321355113,1.67907321355113,valid,,,Shared Pattern Plane,Grad-SIFT+Top2Geo+MidGrad+極線對齊,109,1,,,2.50180299999192
4,1,1,1,1,4,12.5,5,731.806336800289,313.5397151216,12.5,732,314,16.3607760089312,3.86077600893115,3.86077600893115,valid,,,Shared Pattern Plane,Grad-SIFT+Top2Geo+MidGrad+極線對齊,109,1,,,2.3518436000013
5,1,1,1,1,5,15,5,748.698520803545,313.49885482533,12.5,749,313,15.6335182532795,3.13351825327952,3.13351825327952,valid,,,Shared Pattern Plane,Grad-SIFT+Top2Geo+MidGradInterp+極線對齊,109,1,,,2.09798989999399
6,1,1,1,2,1,5,7.5,682.223072613388,331.674395386979,12.5,682,332,14.1890613582765,1.68906135827654,1.68906135827654,valid,,,Shared Pattern Plane,Grad-SIFT+Top2Geo+MidGrad+極線對齊,109,1,,,2.2886290000024
7,1,1,1,2,2,7.5,7.5,698.831648356272,331.681750067921,12.5,699,332,15.3010605500472,2.80106055004715,2.80106055004715,valid,,,Shared Pattern Plane,Grad-SIFT+Top2Geo+MidGrad+極線對齊,109,1,,,2.23551040000166
8,1,1,1,2,3,10,7.5,715.528093960487,331.689143659773,12.5,716,332,15.4247168374553,2.92471683745531,2.92471683745531,valid,,,Shared Pattern Plane,Grad-SIFT+Top2Geo+MidGrad+極線對齊,109,1,,,2.19511749999947
9,1,1,1,2,4,12.5,7.5,732.31310860623,331.696576472148,12.5,732,332,14.8936498060366,2.39364980603661,2.39364980603661,valid,,,Shared Pattern Plane,Grad-SIFT+Top2Geo+MidGrad+極線對齊,109,1,,,2.48519209999358
10,1,1,1,2,5,15,7.5,749.187398911254,331.704048817955,12.5,749,332,14.6933109168904,2.19331091689043,2.19331091689043,valid,,,Shared Pattern Plane,Grad-SIFT+Top2Geo+MidGradInterp+極線對齊,109,1,,,2.28499620000366
11,1,1,1,3,1,5,10,682.781099322977,349.647227037313,12.5,683,350,15.1802446910678,2.68024469106777,2.68024469106777,valid,,,Shared Pattern Plane,Grad-SIFT+Top2Geo+MidGrad+極線對齊,109,1,,,2.36538040000596
12,1,1,1,3,2,7.5,10,699.37239824095,349.701938273529,12.5,699,350,14.2933026026039,1.79330260260386,1.79330260260386,valid,,,Shared Pattern Plane,Grad-SIFT+Top2Geo+MidGrad+極線對齊,109,1,,,2.39301980000164
13,1,1,1,3,3,10,10,716.051376270574,349.756938639162,12.5,716,350,14.3469033596292,1.84690335962918,1.84690335962918,valid,,,Shared Pattern Plane,Grad-SIFT+Top2Geo+MidGrad+極線對齊,109,1,,,2.26043500000378
14,1,1,1,3,4,12.5,10,732.818730282569,349.812230432204,12.5,733,350,14.4441909174607,1.94419091746071,1.94419091746071,valid,,,Shared Pattern Plane,Grad-SIFT+Top2Geo+MidGrad+極線對齊,109,1,,,2.37462760000199
15,1,1,1,3,5,15,10,749.675164552214,349.867815975062,12.5,750,350,15.1472187997823,2.64721879978235,2.64721879978235,valid,,,Shared Pattern Plane,Grad-SIFT+Top2Geo+MidGradInterp+極線對齊,109,1,,,2.47913069999777
16,1,1,1,4,1,5,12.5,683.337870978168,367.579636103892,12.5,683,368,14.458107530445,1.95810753044501,1.95810753044501,valid,,,Shared Pattern Plane,Grad-SIFT+Top2Geo+MidGrad+極線對齊,109,1,,,2.65450099999725
17,1,1,1,4,2,7.5,12.5,699.911928726928,367.68149069778,12.5,700,368,13.0276454164937,0.52764541649371,0.52764541649371,valid,,,Shared Pattern Plane,Grad-SIFT+Top2Geo+MidGrad+極線對齊,109,1,,,2.25777519999247
18,1,1,1,4,3,10,12.5,716.57347545715,367.783882948458,12.5,717,368,13.7763151258282,1.27631512582821,1.27631512582821,valid,,,Shared Pattern Plane,Grad-SIFT+Top2Geo+MidGrad+極線對齊,109,1,,,2.14359210000839
19,1,1,1,4,4,12.5,12.5,733.323205740236,367.88681712436,12.5,733,368,13.7125439847316,1.2125439847316,1.2125439847316,valid,,,Shared Pattern Plane,Grad-SIFT+Top2Geo+MidGrad+極線對齊,109,1,,,2.30574280000292
20,1,1,1,4,5,15,12.5,750.161821519323,367.990297539224,12.5,750,368,13.9626896144175,1.46268961441745,1.46268961441745,valid,,,Shared Pattern Plane,Grad-SIFT+Top2Geo+MidGradInterp+極線對齊,109,1,,,2.39018100000976
21,1,1,1,5,1,5,15,683.893391808307,385.471758804804,12.5,684,385,13.9481153540355,1.44811535403553,1.44811535403553,valid,,,Shared Pattern Plane,Grad-SIFT+Top2Geo+MidGrad+極線對齊,109,1,,,2.42269029999443
22,1,1,1,5,2,7.5,15,700.450243934202,385.620544637271,12.5,700,386,12.7194307942351,0.219430794235148,0.219430794235148,valid,,,Shared Pattern Plane,Grad-SIFT+Top2Geo+MidGrad+極線對齊,109,1,,,2.40996599999198
23,1,1,1,5,3,10,15,717.094395528189,385.77011497418,12.5,717,386,13.3691307126192,0.869130712619151,0.869130712619151,valid,,,Shared Pattern Plane,Grad-SIFT+Top2Geo+MidGrad+極線對齊,109,1,,,2.35830980000901
24,1,1,1,5,4,12.5,15,733.826538872446,385.920476036628,12.5,734,386,13.3465204377499,0.846520437749943,0.846520437749943,valid,,,Shared Pattern Plane,Grad-SIFT+Top2Geo+MidGrad+極線對齊,109,1,,,2.30737740000768
25,1,1,1,5,5,15,15,750.647373588252,386.071634111663,12.5,751,386,14.1157842315607,1.61578423156072,1.61578423156072,valid,,,Shared Pattern Plane,Grad-SIFT+Top2Geo+MidGradInterp+極線對齊,109,1,,,2.43667559999449
26,2,1,2,1,1,25,5,817.176420371341,313.333214475705,12,817,313,15.8511663044913,3.85116630449127,3.85116630449127,valid,,,Shared Pattern Plane,Grad-SIFT+Top2Geo+MidGrad+極線對齊,109,1,,,2.28648290000274
27,2,1,2,1,2,27.5,5,834.526865999233,313.291245696024,12,835,313,14.0906827936641,2.09068279366412,2.09068279366412,valid,,,Shared Pattern Plane,Grad-SIFT+Top2Geo+MidGrad+極線對齊,109,1,,,2.22836759999336
28,2,1,2,1,3,30,5,851.971199738157,313.249049811546,12,852,313,12.8085694412446,0.808569441244623,0.808569441244623,valid,,,Shared Pattern Plane,Grad-SIFT+Top2Geo+MidGrad+極線對齊,109,1,,,2.20861060000607
29,2,1,2,1,4,32.5,5,869.510185737846,313.206624973877,12,870,313,9.85874195052969,-2.14125804947031,2.14125804947031,valid,,,Shared Pattern Plane,Grad-SIFT+Top2Geo+MidGrad+極線對齊,109,1,,,2.29447870000149
30,2,1,2,1,5,35,5,887.144596463081,313.163969314512,12,887,313,15.0804912397279,3.08049123972787,3.08049123972787,valid,,,Shared Pattern Plane,Grad-SIFT+Top2Geo+MidGrad+極線對齊,109,1,,,2.2320369000081
31,2,1,2,2,1,25,7.5,817.591714991603,331.734339911401,12,818,332,14.3278923451236,2.32789234512361,2.32789234512361,valid,,,Shared Pattern Plane,Grad-SIFT+Top2Geo+MidGrad+極線對齊,109,1,,,2.19877770000312
32,2,1,2,2,2,27.5,7.5,834.923250205087,331.742014736365,12,835,332,13.70174267792,1.70174267792002,1.70174267792002,valid,,,Shared Pattern Plane,Grad-SIFT+Top2Geo+MidGrad+極線對齊,109,1,,,2.31762560000061
33,2,1,2,2,3,30,7.5,852.348462639152,331.749731043879,12,852,332,14.2122445481557,2.21224454815569,2.21224454815569,valid,,,Shared Pattern Plane,Grad-SIFT+Top2Geo+MidGrad+極線對齊,109,1,,,2.37298739999824
34,2,1,2,2,4,32.5,7.5,869.868113842166,331.757489171174,12,870,332,14.9197773816282,2.91977738162817,2.91977738162817,valid,,,Shared Pattern Plane,Grad-SIFT+Top2Geo+MidGrad+極線對齊,109,1,,,2.16780320000544
35,2,1,2,2,5,35,7.5,887.482973639595,331.765289459149,12,887,332,16.3983652118071,4.39836521180711,4.39836521180711,valid,,,Shared Pattern Plane,Grad-SIFT+Top2Geo+MidGrad+極線對齊,109,1,,,2.24463139999716
36,2,1,2,3,1,25,10,818.006054438916,350.093142965789,12,818,350,13.1981639496773,1.19816394967735,1.19816394967735,valid,,,Shared Pattern Plane,Grad-SIFT+Top2Geo+MidGrad+極線對齊,109,1,,,2.33316330000525
37,2,1,2,3,2,27.5,10,835.318720277385,350.150232971514,12,835,350,13.0606941203938,1.0606941203938,1.0606941203938,valid,,,Shared Pattern Plane,Grad-SIFT+Top2Geo+MidGrad+極線對齊,109,1,,,2.41555969999172
38,2,1,2,3,3,30,10,852.724853155211,350.207631192846,12,853,350,13.0943511503803,1.09435115038029,1.09435115038029,valid,,,Shared Pattern Plane,Grad-SIFT+Top2Geo+MidGrad+極線對齊,109,1,,,2.25145260000136
39,2,1,2,3,4,32.5,10,870.225212031187,350.265340132517,12,870,350,14.4795736983946,2.47957369839456,2.47957369839456,valid,,,Shared Pattern Plane,Grad-SIFT+Top2Geo+MidGrad+極線對齊,109,1,,,2.31685430000653
40,2,1,2,3,5,35,10,887.820564103472,350.323362320429,12,888,350,13.0075619015589,1.00756190155892,1.00756190155892,valid,,,Shared Pattern Plane,Grad-SIFT+Top2Geo+MidGrad+極線對齊,109,1,,,2.27930939999351
41,2,1,2,4,1,25,12.5,818.419442004823,368.40976948265,12,818,368,14.5353600955254,2.53536009552539,2.53536009552539,valid,,,Shared Pattern Plane,Grad-SIFT+Top2Geo+MidGrad+極線對齊,109,1,,,2.2440201999998
42,2,1,2,4,2,27.5,12.5,835.71327937472,368.516047426698,12,836,369,13.708337365457,1.70833736545696,1.70833736545696,valid,,,Shared Pattern Plane,Grad-SIFT+Top2Geo+MidGrad+極線對齊,109,1,,,2.15011059999233
43,2,1,2,4,3,30,12.5,853.100374308801,368.622898477916,12,853,369,13.4719496289472,1.47194962894721,1.47194962894721,valid,,,Shared Pattern Plane,Grad-SIFT+Top2Geo+MidGrad+極線對齊,109,1,,,2.30900449999899
44,2,1,2,4,4,32.5,12.5,870.58148318801,368.730327284585,12,871,369,12.983779555444,0.983779555443965,0.983779555443965,valid,,,Shared Pattern Plane,Grad-SIFT+Top2Geo+MidGrad+極線對齊,109,1,,,2.40295719999995
45,2,1,2,4,5,35,12.5,888.157370595136,368.838338545389,12,888,369,12.6426817600569,0.642681760056913,0.642681760056913,valid,,,Shared Pattern Plane,Grad-SIFT+Top2Geo+MidGrad+極線對齊,109,1,,,2.38035110000055
46,2,1,2,5,1,25,15,818.831880965764,386.684364636426,12,819,387,13.6235678176739,1.62356781767386,1.62356781767386,valid,,,Shared Pattern Plane,Grad-SIFT+Top2Geo+MidGrad+極線對齊,109,1,,,2.26434159999189
47,2,1,2,5,2,27.5,15,836.10693064115,386.839604450572,12,836,387,12.6592818217643,0.659281821764329,0.659281821764329,valid,,,Shared Pattern Plane,Grad-SIFT+Top2Geo+MidGrad+極線對齊,109,1,,,2.29900040000211
48,2,1,2,5,3,30,15,853.475029108443,386.995680434653,12,853,387,12.3720491615374,0.372049161537401,0.372049161537401,valid,,,Shared Pattern Plane,Grad-SIFT+Top2Geo+MidGrad+極線對齊,109,1,,,2.38197030000447
49,2,1,2,5,4,32.5,15,870.936930182396,387.152599362719,12,871,387,12.1136757418977,0.113675741897726,0.113675741897726,valid,,,Shared Pattern Plane,Grad-SIFT+Top2Geo+MidGrad+極線對齊,109,1,,,2.24491850000049
50,2,1,2,5,5,35,15,888.493395842299,387.310368082192,12,888,387,12.2112668375761,0.211266837576089,0.211266837576089,valid,,,Shared Pattern Plane,Grad-SIFT+Top2Geo+MidGrad+極線對齊,109,1,,,2.2861217000027
51,3,1,3,1,1,45,5,958.652233345176,312.991000370535,11.5,959,313,,,,failed,Top2-Geo: HIGH/MID 均未通過支援點與 RANSAC 門檻,,,,109,,,,2.31477260000247
52,3,1,3,1,2,47.5,5,976.775653740465,312.94716185169,11.5,977,313,,,,failed,Top2-Geo: HIGH/MID 均未通過支援點與 RANSAC 門檻,,,,109,,,,2.20455229999789
53,3,1,3,1,3,50,5,994.999314749226,312.903080862057,11.5,995,313,12.7957708098392,1.29577080983919,1.29577080983919,valid,,,Shared Pattern Plane,Grad-SIFT+Top2Geo+MidGrad+極線對齊,109,1,,,2.2672018000012
54,3,1,3,1,4,52.5,5,1013.3240503238,312.858755384398,11.5,1013,313,14.0409295020456,2.54092950204563,2.54092950204563,valid,,,Shared Pattern Plane,Grad-SIFT+Top2Geo+MidGrad+極線對齊,109,1,,,2.20669599999383
55,3,1,3,1,5,55,5,1031.75070369301,312.81418337904,11.5,1032,313,9.82507017385756,-1.67492982614244,1.67492982614244,valid,,,Shared Pattern Plane,Grad-SIFT+Top2Geo+MidGrad+極線對齊,109,1,,,2.28473759999906
56,3,1,3,2,1,45,7.5,958.910191347843,331.796919166895,11.5,959,332,,,,failed,Top2-Geo: HIGH/MID 均未通過支援點與 RANSAC 門檻,,,,109,,,,2.24230139999418
57,3,1,3,2,2,47.5,7.5,977.012939195477,331.804935503554,11.5,977,332,,,,failed,Top2-Geo: HIGH/MID 均未通過支援點與 RANSAC 門檻,,,,109,,,,2.23949449999782
58,3,1,3,2,3,50,7.5,995.215694855312,331.812996126103,11.5,995,332,13.1170328523061,1.61703285230614,1.61703285230614,valid,,,Shared Pattern Plane,Grad-SIFT+Top2Geo+MidGrad+極線對齊,109,1,,,2.31805950000125
59,3,1,3,2,4,52.5,7.5,1013.51928935579,331.821101402542,11.5,1014,332,11.8345281245903,0.334528124590321,0.334528124590321,valid,,,Shared Pattern Plane,Grad-SIFT+Top2Geo+MidGrad+極線對齊,109,1,,,2.39971589999914
60,3,1,3,2,5,55,7.5,1031.92456295834,331.829251704957,11.5,1032,332,13.7692423432209,2.2692423432209,2.2692423432209,valid,,,Shared Pattern Plane,Grad-SIFT+Top2Geo+MidGrad+極線對齊,109,1,,,2.38408010000421
61,3,1,3,3,1,45,10,959.167543026716,350.558635124352,11.5,959,351,12.2664592080254,0.766459208025433,0.766459208025433,valid,,,Shared Pattern Plane,Grad-SIFT+Top2Geo+MidGrad+極線對齊,109,1,,,2.25523490000342
62,3,1,3,3,2,47.5,10,977.249665382466,350.618262479171,11.5,977,351,12.4262470120273,0.926247012027291,0.926247012027291,valid,,,Shared Pattern Plane,Grad-SIFT+Top2Geo+MidGrad+極線對齊,109,1,,,2.41293000000587
63,3,1,3,3,3,50,10,995.43156355901,350.678218853347,11.5,995,351,13.1025388744789,1.60253887447885,1.60253887447885,valid,,,Shared Pattern Plane,Grad-SIFT+Top2Geo+MidGrad+極線對齊,109,1,,,2.31521729999804
64,3,1,3,3,4,52.5,10,1013.71406567455,350.738506977671,11.5,1014,351,11.9232191653883,0.423219165388296,0.423219165388296,valid,,,Shared Pattern Plane,Grad-SIFT+Top2Geo+MidGrad+極線對齊,109,1,,,2.3781386000046
65,3,1,3,3,5,55,10,1032.09800903699,350.799129613237,11.5,1032,351,12.0313533693612,0.531353369361195,0.531353369361195,valid,,,Shared Pattern Plane,Grad-SIFT+Top2Geo+MidGrad+極線對齊,109,1,,,2.36317150000832
66,3,1,3,4,1,45,12.5,959.424290517009,369.276303906457,11.5,959,369,11.3355864036555,-0.164413596344472,0.164413596344472,valid,,,Shared Pattern Plane,Grad-SIFT+Top2Geo+MidGrad+極線對齊,109,1,,,2.4006204999896
67,3,1,3,4,2,47.5,12.5,977.485834276348,369.387299730925,11.5,977,369,11.7755589137533,0.27555891375332,0.27555891375332,valid,,,Shared Pattern Plane,Grad-SIFT+Top2Geo+MidGrad+極線對齊,109,1,,,2.29991080000764
68,3,1,3,4,3,50,12.5,995.646922671184,369.498907299274,11.5,996,369,12.1329605013072,0.632960501307151,0.632960501307151,valid,,,Shared Pattern Plane,Grad-SIFT+Top2Geo+MidGrad+極線對齊,109,1,,,2.39990739998757
69,3,1,3,4,4,52.5,12.5,1013.90838092305,369.611131682841,11.5,1014,370,11.6918763867703,0.191876386770316,0.191876386770316,valid,,,Shared Pattern Plane,Grad-SIFT+Top2Geo+MidGrad+極線對齊,109,1,,,2.48292389999551
70,3,1,3,4,5,55,12.5,1032.27104340017,369.72397800917,11.5,1032,370,12.0549683315108,0.5549683315108,0.5549683315108,valid,,,Shared Pattern Plane,Grad-SIFT+Top2Geo+MidGrad+極線對齊,109,1,,,2.49604759999784
71,3,1,3,5,1,45,15,959.680435943922,387.950080446708,11.5,960,388,11.5086762089015,0.00867620890154619,0.00867620890154619,valid,,,Shared Pattern Plane,Grad-SIFT+Top2Geo+MidGrad+極線對齊,109,1,,,2.65436020000197
72,3,1,3,5,2,47.5,15,977.72144784275,388.112203473084,11.5,978,388,10.6925158538802,-0.807484146119823,0.807484146119823,valid,,,Shared Pattern Plane,Grad-SIFT+Top2Geo+MidGrad+極線對齊,109,1,,,2.48352419999719
73,3,1,3,5,3,50,15,995.861773994162,388.27521897308,11.5,996,388,12.3694693849336,0.869469384933616,0.869469384933616,valid,,,Shared Pattern Plane,Grad-SIFT+Top2Geo+MidGrad+極線對齊,109,1,,,2.39534409999033
74,3,1,3,5,4,52.5,15,1014.10223673652,388.439134336525,11.5,1014,388,11.822900856929,0.322900856929031,0.322900856929031,valid,,,Shared Pattern Plane,Grad-SIFT+Top2Geo+MidGrad+極線對齊,109,1,,,2.36425310000777
75,3,1,3,5,5,55,15,1032.4436675121,388.603957035057,11.5,1032,389,10.9462699158547,-0.553730084145299,0.553730084145299,valid,,,Shared Pattern Plane,Grad-SIFT+Top2Geo+MidGrad+極線對齊,109,1,,,2.34235849999823
76,4,1,4,1,1,65,5,1106.49369167411,312.633388484053,11,1106,313,11.5467463242808,0.546746324280779,0.546746324280779,valid,,,Shared Pattern Plane,Grad-SIFT+Top2Geo+MidGrad+極線對齊,109,1,,,2.36306920000061
77,4,1,4,1,2,67.5,5,1125.44291630271,312.587552437498,11,1125,313,10.6092640546742,-0.390735945325762,0.390735945325762,valid,,,Shared Pattern Plane,Grad-SIFT+Top2Geo+MidGrad+極線對齊,109,1,,,2.35876500001177
78,4,1,4,1,3,70,5,1144.4993203027,312.541457136078,11,1144,313,11.2248413366154,0.224841336615413,0.224841336615413,valid,,,Shared Pattern Plane,Grad-SIFT+Top2Geo+MidGrad+極線對齊,109,1,,,2.38400210000691
79,4,1,4,1,4,72.5,5,1163.6638155845,312.495100373986,11,1164,312,10.0764404904048,-0.923559509595227,0.923559509595227,valid,,,Shared Pattern Plane,Grad-SIFT+Top2Geo+MidGrad+極線對齊,109,1,,,2.66716389999783
80,4,1,4,1,5,75,5,1182.93732443299,312.448479920316,11,1183,312,10.4501038814128,-0.549896118587164,0.549896118587164,valid,,,Shared Pattern Plane,Grad-SIFT+Top2Geo+MidGrad+極線對齊,109,1,,,2.3438121000072
81,4,1,4,2,1,65,7.5,1106.57958403244,331.862310762471,11,1107,332,11.3242002761114,0.32420027611141,0.32420027611141,valid,,,Shared Pattern Plane,Grad-SIFT+Top2Geo+MidGrad+極線對齊,109,1,,,2.5090504999971
82,4,1,4,2,2,67.5,7.5,1125.50618934293,331.870691923236,11,1126,332,,,,failed,Top2-Geo: HIGH/MID 均未通過支援點與 RANSAC 門檻,,,,109,,,,2.3260874000116
83,4,1,4,2,3,70,7.5,1144.53971657012,331.879120431624,11,1145,332,,,,failed,Top2-Geo: HIGH/MID 均未通過支援點與 RANSAC 門檻,,,,109,,,,2.31996699998854
84,4,1,4,2,4,72.5,7.5,1163.68107433018,331.887596689992,11,1164,332,11.7009083493251,0.700908349325099,0.700908349325099,valid,,,Shared Pattern Plane,Grad-SIFT+Top2Geo+MidGrad+極線對齊,109,1,,,2.59492740000132
85,4,1,4,2,5,75,7.5,1182.93118156372,331.896121105269,11,1183,332,11.9765060891968,0.976506089196759,0.976506089196759,valid,,,Shared Pattern Plane,Grad-SIFT+Top2Geo+MidGrad+極線對齊,109,1,,,2.33091550000245
86,4,1,4,3,1,65,10,1106.66526997194,351.045021574267,11,1107,351,11.5797372648493,0.579737264849348,0.579737264849348,valid,,,Shared Pattern Plane,Grad-SIFT+Top2Geo+MidGrad+極線對齊,109,1,,,2.48185079998802
87,4,1,4,3,2,67.5,10,1125.56930989588,351.107359273011,11,1126,351,11.8424673124248,0.842467312424823,0.842467312424823,valid,,,Shared Pattern Plane,Grad-SIFT+Top2Geo+MidGrad+極線對齊,109,1,,,2.34938400000101
88,4,1,4,3,3,70,10,1144.58001520835,351.170048710054,11,1145,351,10.2295353994209,-0.77046460057911,0.77046460057911,valid,,,Shared Pattern Plane,Grad-SIFT+Top2Geo+MidGrad+極線對齊,109,1,,,2.60945800000627
89,4,1,4,3,4,72.5,10,1163.69829124714,351.233092870826,11,1164,351,,,,failed,Top2-Geo: HIGH/MID 均未通過支援點與 RANSAC 門檻,,,,109,,,,2.50751510000555
90,4,1,4,3,5,75,10,1182.92505362469,351.296494774637,11,1183,351,,,,failed,Top2-Geo: HIGH/MID 均未通過支援點與 RANSAC 門檻,,,,109,,,,2.35382000000391
91,4,1,4,4,1,65,12.5,1106.75075023581,370.181687304482,11,1107,370,11.1131197789884,0.113119778988443,0.113119778988443,valid,,,Shared Pattern Plane,Grad-SIFT+Top2Geo+MidGrad+極線對齊,109,1,,,2.48437689999992
92,4,1,4,4,2,67.5,12.5,1125.63227851214,370.297722280571,11,1126,370,10.8378886327834,-0.162111367216601,0.162111367216601,valid,,,Shared Pattern Plane,Grad-SIFT+Top2Geo+MidGrad+極線對齊,109,1,,,2.54456569999456
93,4,1,4,4,3,70,12.5,1144.6202165709,370.414411189773,11,1145,370,10.8554627102181,-0.144537289781871,0.144537289781871,valid,,,Shared Pattern Plane,Grad-SIFT+Top2Geo+MidGrad+極線對齊,109,1,,,2.39606139999523
94,4,1,4,4,4,72.5,12.5,1163.71546648726,370.531759575721,11,1164,371,,,,failed,Top2-Geo: HIGH/MID 均未通過支援點與 RANSAC 門檻,,,,109,,,,2.40205640000931
95,4,1,4,4,5,75,12.5,1182.91894056155,370.649773044886,11,1183,371,13.3625809340185,2.36258093401846,2.36258093401846,valid,,,Shared Pattern Plane,Grad-SIFT+Top2Geo+MidGrad+極線對齊,109,1,,,2.44959960000415
96,4,1,4,5,1,65,15,1106.8360255637,389.272473540353,11,1107,389,11.0677644098973,0.0677644098972987,0.0677644098972987,valid,,,Shared Pattern Plane,Grad-SIFT+Top2Geo+MidGradInterp+極線對齊,109,1,,,2.47229289999814
97,4,1,4,5,2,67.5,15,1125.69509573962,389.441947932849,11,1126,389,12.3395837726821,1.33958377268206,1.33958377268206,valid,,,Shared Pattern Plane,Grad-SIFT+Top2Geo+MidGrad+極線對齊,109,1,,,2.33569690000149
98,4,1,4,5,3,70,15,1144.66032100956,389.612376273228,11,1145,390,11.3439727112201,0.343972711220118,0.343972711220118,valid,,,Shared Pattern Plane,Grad-SIFT+Top2Geo+MidGrad+極線對齊,109,1,,,2.39756040000066
99,4,1,4,5,4,72.5,15,1163.73260020168,389.783766638683,11,1164,390,11.7023129800159,0.702312980015867,0.702312980015867,valid,,,Shared Pattern Plane,Grad-SIFT+Top2Geo+MidGrad+極線對齊,109,1,,,2.47306460000982
100,4,1,4,5,5,75,15,1182.91284232019,389.956127197854,11,1183,390,,,,failed,Top2-Geo: HIGH/MID 均未通過支援點與 RANSAC 門檻,,,,109,,,,2.21250249999866
101,5,1,5,1,1,85,5,1261.14031265435,312.259315673275,10.5,1261,312,9.98718496533443,-0.512815034665568,0.512815034665568,valid,,,Shared Pattern Plane,Grad-SIFT+Top2Geo+MidGradInterp+極線對齊,109,1,,,2.33265119999123
102,5,1,5,1,2,87.5,5,1280.97309721585,312.211342394457,10.5,1281,312,11.4605221253511,0.960522125351128,0.960522125351128,valid,,,Shared Pattern Plane,Grad-SIFT+Top2Geo+MidGrad+極線對齊,109,1,,,2.40452010001172
103,5,1,5,1,3,90,5,1300.92065538294,312.163091491175,10.5,1301,312,10.5577802213238,0.0577802213237781,0.0577802213237781,valid,,,Shared Pattern Plane,Grad-SIFT+Top2Geo+MidGrad+極線對齊,109,1,,,2.39583470000071
104,5,1,5,1,4,92.5,5,1320.98398635023,312.11456054649,10.5,1321,312,12.1954796178,1.6954796178,1.6954796178,valid,,,Shared Pattern Plane,Grad-SIFT+Top2Geo+MidGrad+極線對齊,109,1,,,2.30544400001236
105,5,1,5,1,5,95,5,1341.16410094445,312.065747115326,10.5,1341,312,9.83165949676015,-0.668340503239847,0.668340503239847,valid,,,Shared Pattern Plane,Grad-SIFT+Top2Geo+MidGrad+極線對齊,109,1,,,2.31646919999912
106,5,1,5,2,1,85,7.5,1261.03785370463,331.930708637754,10.5,1261,332,12.031701510252,1.53170151025204,1.53170151025204,valid,,,Shared Pattern Plane,Grad-SIFT+Top2Geo+MidGrad+極線對齊,109,1,,,2.31606529999408
107,5,1,5,2,2,87.5,7.5,1280.84586420514,331.939480106156,10.5,1281,332,10.571720655611,0.0717206556109531,0.0717206556109531,valid,,,Shared Pattern Plane,Grad-SIFT+Top2Geo+MidGrad+極線對齊,109,1,,,2.41397320000397
108,5,1,5,2,3,90,7.5,1300.76836304974,331.948302272778,10.5,1301,332,10.4034991763901,-0.0965008236099223,0.0965008236099223,valid,,,Shared Pattern Plane,Grad-SIFT+Top2Geo+MidGrad+極線對齊,109,1,,,2.26488420000533
109,5,1,5,2,4,92.5,7.5,1320.80634571229,331.957175578442,10.5,1321,332,9.86470707408489,-0.63529292591511,0.63529292591511,valid,,,Shared Pattern Plane,Grad-SIFT+Top2Geo+MidGrad+極線對齊,109,1,,,2.35702250000031
110,5,1,5,2,5,95,7.5,1340.96081924102,331.966100469092,10.5,1341,332,10.4825786058041,-0.0174213941959103,0.0174213941959103,valid,,,Shared Pattern Plane,Grad-SIFT+Top2Geo+MidGrad+極線對齊,109,1,,,2.3031450999988
111,5,1,5,3,1,85,10,1260.93564664016,351.553741419575,10.5,1261,352,10.5791323396175,0.0791323396174999,0.0791323396174999,valid,,,Shared Pattern Plane,Grad-SIFT+Top2Geo+MidGrad+極線對齊,109,1,,,2.25166969999555
112,5,1,5,3,2,87.5,10,1280.71894488448,351.618978548308,10.5,1281,352,11.1894652628724,0.689465262872373,0.689465262872373,valid,,,Shared Pattern Plane,Grad-SIFT+Top2Geo+MidGrad+極線對齊,109,1,,,2.21959340000467
113,5,1,5,3,3,90,10,1300.61644727353,351.684592275039,10.5,1301,352,10.9878567823211,0.487856782321124,0.487856782321124,valid,,,Shared Pattern Plane,Grad-SIFT+Top2Geo+MidGrad+極線對齊,109,1,,,2.24416539999947
114,5,1,5,3,4,92.5,10,1320.62914557886,351.750585870219,10.5,1321,352,10.7976483050499,0.297648305049895,0.297648305049895,valid,,,Shared Pattern Plane,Grad-SIFT+Top2Geo+MidGrad+極線對齊,109,1,,,2.30112699999881
115,5,1,5,3,5,95,10,1340.758043089,351.816962642278,10.5,1341,352,,,,failed,Top2-Geo: HIGH/MID 均未通過支援點與 RANSAC 門檻,,,,109,,,,3.59727079998993
116,5,1,5,4,1,85,12.5,1260.83369053321,371.128592132919,10.5,1261,371,10.3610825682614,-0.138917431738646,0.138917431738646,valid,,,Shared Pattern Plane,Grad-SIFT+Top2Geo+MidGrad+極線對齊,109,1,,,2.48498259999906
117,5,1,5,4,2,87.5,12.5,1280.59233809522,371.250017377945,10.5,1281,371,11.0034151171421,0.503415117142076,0.503415117142076,valid,,,Shared Pattern Plane,Grad-SIFT+Top2Geo+MidGrad+極線對齊,109,1,,,2.27385640000284
118,5,1,5,4,3,90,12.5,1300.46490665945,371.372142715705,10.5,1300,371,11.6032341018717,1.10323410187165,1.10323410187165,valid,,,Shared Pattern Plane,Grad-SIFT+Top2Geo+MidGrad+極線對齊,109,1,,,2.33933430000616
119,5,1,5,4,4,92.5,12.5,1320.45238431346,371.494974218416,10.5,1320,371,10.526693293548,0.0266932935479822,0.0266932935479822,valid,,,Shared Pattern Plane,Grad-SIFT+Top2Geo+MidGrad+極線對齊,109,1,,,2.34296229999745
120,5,1,5,4,5,95,12.5,1340.55577060479,371.61851802872,10.5,1341,372,10.8444578666544,0.344457866654425,0.344457866654425,valid,,,Shared Pattern Plane,Grad-SIFT+Top2Geo+MidGrad+極線對齊,109,1,,,2.15613790000498
121,5,1,5,5,1,85,15,1260.73198446062,390.655438018366,10.5,1261,391,11.4723693510629,0.972369351062907,0.972369351062907,valid,,,Shared Pattern Plane,Grad-SIFT+Top2Geo+MidGrad+極線對齊,109,1,,,2.23618740000529
122,5,1,5,5,2,87.5,15,1280.46604268439,390.832775368392,10.5,1280,391,10.2615295675791,-0.238470432420907,0.238470432420907,valid,,,Shared Pattern Plane,Grad-SIFT+Top2Geo+MidGrad+極線對齊,109,1,,,2.37304280001263
123,5,1,5,5,3,90,15,1300.31373981947,391.011133918577,10.5,1300,391,10.6362939716987,0.136293971698725,0.136293971698725,valid,,,Shared Pattern Plane,Grad-SIFT+Top2Geo+MidGrad+極線對齊,109,1,,,2.24643369999831
124,5,1,5,5,4,92.5,15,1320.2760602877,391.19052251529,10.5,1320,391,11.0594562148155,0.559456214815489,0.559456214815489,valid,,,Shared Pattern Plane,Grad-SIFT+Top2Geo+MidGrad+極線對齊,109,1,,,2.2774139999965
125,5,1,5,5,5,95,15,1340.35399991417,391.370950107373,10.5,1340,391,10.9817133364078,0.481713336407816,0.481713336407816,valid,,,Shared Pattern Plane,Grad-SIFT+Top2Geo+MidGrad+極線對齊,109,1,,,2.31591309999931
126,6,1,6,1,1,105,5,1423.07302884026,311.867618616354,10,1423,312,,,,failed,Top2-Geo: HIGH/MID 均未通過支援點與 RANSAC 門檻,,,,109,,,,2.32529280000017
127,6,1,6,1,2,107.5,5,1443.85264314654,311.817355062704,10,1444,312,,,,failed,Top2-Geo: HIGH/MID 均未通過支援點與 RANSAC 門檻,,,,109,,,,2.27225130000443
128,6,1,6,1,3,110,5,1464.75536003367,311.766793737734,10,1465,312,,,,failed,Top2-Geo: HIGH/MID 均未通過支援點與 RANSAC 門檻,,,,109,,,,2.48800630000187
129,6,1,6,1,4,112.5,5,1485.78227667797,311.715931987498,10,1486,312,,,,failed,Top2-Geo: HIGH/MID 均未通過支援點與 RANSAC 門檻,,,,109,,,,2.42178770000464
130,6,1,6,1,5,115,5,1506.934503333,311.664767126417,10,1507,312,,,,failed,Top2-Geo: HIGH/MID 均未通過支援點與 RANSAC 門檻,,,,109,,,,2.40010970000003
131,6,1,6,2,1,105,7.5,1422.76417761674,332.002324984074,10,1423,332,,,,failed,Top2-Geo: HIGH/MID 均未通過支援點與 RANSAC 門檻,,,,109,,,,2.12885360000655
132,6,1,6,2,2,107.5,7.5,1443.51662828024,332.011514673531,10,1444,332,,,,failed,Top2-Geo: HIGH/MID 均未通過支援點與 RANSAC 門檻,,,,109,,,,2.00522399999318
133,6,1,6,2,3,110,7.5,1464.39186481962,332.020758735557,10,1464,332,,,,failed,Top2-Geo: HIGH/MID 均未通過支援點與 RANSAC 門檻,,,,109,,,,2.08695300000545
134,6,1,6,2,4,112.5,7.5,1485.39098019773,332.030057654143,10,1485,332,,,,failed,Top2-Geo: HIGH/MID 均未通過支援點與 RANSAC 門檻,,,,109,,,,1.96851160000369
135,6,1,6,2,5,115,7.5,1506.51508038781,332.039411919042,10,1507,332,,,,failed,Top2-Geo: HIGH/MID 均未通過支援點與 RANSAC 門檻,,,,109,,,,2.14354719998664
136,6,1,6,3,1,105,10,1422.45610351508,352.086369028387,10,1422,352,,,,failed,Top2-Geo: HIGH/MID 均未通過支援點與 RANSAC 門檻,,,,109,,,,1.96048430001247
137,6,1,6,3,2,107.5,10,1443.18146137478,352.154712679786,10,1443,352,,,,failed,Top2-Geo: HIGH/MID 均未通過支援點與 RANSAC 門檻,,,,109,,,,1.91142170000239
138,6,1,6,3,3,110,10,1464.02928962561,352.223460187842,10,1464,352,,,,failed,Top2-Geo: HIGH/MID 均未通過支援點與 RANSAC 門檻,,,,109,,,,1.95535269999527
139,6,1,6,3,4,112.5,10,1485.00067703844,352.292615142869,10,1485,352,,,,failed,Top2-Geo: HIGH/MID 均未通過支援點與 RANSAC 門檻,,,,109,,,,1.96607710000535
140,6,1,6,3,5,115,10,1506.09672532818,352.362181177868,10,1506,352,-9.01413661012193,-19.0141366101219,19.0141366101219,valid,,,Shared Pattern Plane,Grad-SIFT+Top2Geo+MidGradInterp+極線對齊,109,1,,,1.93282049999107
141,6,1,6,4,1,105,12.5,1422.14880360592,372.119941721482,10,1422,372,,,,failed,Top2-Geo: HIGH/MID 均未通過支援點與 RANSAC 門檻,,,,109,,,,1.96761259999766
142,6,1,6,4,2,107.5,12.5,1442.84713922437,372.247141747,10,1443,372,,,,failed,Top2-Geo: HIGH/MID 均未通過支援點與 RANSAC 門檻,,,,109,,,,2.88581020000856
143,6,1,6,4,3,110,12.5,1463.66763096312,372.375092473536,10,1464,372,,,,failed,Top2-Geo: HIGH/MID 均未通過支援點與 RANSAC 門檻,,,,109,,,,2.43173669998941
144,6,1,6,4,4,112.5,12.5,1484.61136342251,372.503800566417,10,1485,373,-3.16035034031964,-13.1603503403196,13.1603503403196,valid,,,Shared Pattern Plane,Grad-SIFT+Top2Geo+HighGrad+極線對齊,109,1,,,2.09860120000667
145,6,1,6,4,5,115,12.5,1505.67943408092,372.633272770114,10,1506,373,0.0753368490289596,-9.92466315097104,9.92466315097104,valid,,,Shared Pattern Plane,Grad-SIFT+Top2Geo+MidGrad+極線對齊,109,1,,,2.14234690000012
146,6,1,6,5,1,105,15,1421.84227497459,392.103233076925,10,1422,392,,,,failed,Top2-Geo: HIGH/MID 均未通過支援點與 RANSAC 門檻,,,,109,,,,2.38932070000737
147,6,1,6,5,2,107.5,15,1442.51365863935,392.288993570733,10,1443,392,,,,failed,Top2-Geo: HIGH/MID 均未通過支援點與 RANSAC 門檻,,,,109,,,,2.37390950000554
148,6,1,6,5,3,110,15,1463.3068853613,392.475848990107,10,1463,392,,,,failed,Top2-Geo: HIGH/MID 均未通過支援點與 RANSAC 門檻,,,,109,,,,2.26738489999843
149,6,1,6,5,4,112.5,15,1484.2230355915,392.663809044371,10,1484,393,7.20069283368122,-2.79930716631878,2.79930716631878,valid,,,Shared Pattern Plane,Grad-SIFT+Top2Geo+MidGradInterp+極線對齊,109,1,,,2.40064999999595
150,6,1,6,5,5,115,15,1505.26320259352,392.852883557982,10,1505,393,7.08492272818698,-2.91507727181302,2.91507727181302,valid,,,Shared Pattern Plane,Grad-SIFT+Top2Geo+HighGrad+極線對齊,109,1,,,2.33237849999568
151,7,2,1,1,1,5,25,686.103050803148,456.640088987751,9.5,686,457,10.2012936202814,0.701293620281444,0.701293620281444,valid,,,Shared Pattern Plane,Grad-SIFT+Top2Geo+MidGradInterp+極線對齊,109,1,,,2.40534519999346
152,7,2,1,1,2,7.5,25,702.591433729497,456.974499928653,9.5,703,457,10.3878523966276,0.887852396627592,0.887852396627592,valid,,,Shared Pattern Plane,Grad-SIFT+Top2Geo+MidGradInterp+極線對齊,109,1,,,2.26199329999508
153,7,2,1,1,3,10,25,719.166364185639,457.310666192742,9.5,719,457,10.1141570298856,0.614157029885625,0.614157029885625,valid,,,Shared Pattern Plane,Grad-SIFT+Top2Geo+MidGradInterp+極線對齊,109,1,,,2.45738439999695
154,7,2,1,1,4,12.5,25,735.828525396735,457.648601636925,9.5,736,458,10.0175692634788,0.517569263478824,0.517569263478824,valid,,,Shared Pattern Plane,Grad-SIFT+Top2Geo+MidGrad+極線對齊,109,1,,,2.51839080000354
155,7,2,1,1,5,15,25,752.578607798293,457.988320264343,9.5,753,458,9.61133208655213,0.111332086552128,0.111332086552128,valid,,,Shared Pattern Plane,Grad-SIFT+Top2Geo+MidGradInterp+極線對齊,109,1,,,2.36564949998865
156,7,2,1,2,1,5,27.5,686.652380287575,474.332801853499,9.5,687,474,10.606157061011,1.10615706101097,1.10615706101097,valid,,,Shared Pattern Plane,Grad-SIFT+Top2Geo+MidGrad+極線對齊,109,1,,,2.43295539999963
157,7,2,1,2,2,7.5,27.5,703.123733697954,474.713099390653,9.5,703,475,10.8817791591169,1.38177915911691,1.38177915911691,valid,,,Shared Pattern Plane,Grad-SIFT+Top2Geo+MidGrad+極線對齊,109,1,,,2.51299020000442
158,7,2,1,2,3,10,27.5,719.681448169218,475.095390868313,9.5,720,475,10.7399791806323,1.23997918063226,1.23997918063226,valid,,,Shared Pattern Plane,Grad-SIFT+Top2Geo+MidGrad+極線對齊,109,1,,,2.48210120000294
159,7,2,1,2,4,12.5,27.5,736.326204686975,475.479692009361,9.5,736,475,10.2980042769345,0.798004276934469,0.798004276934469,valid,,,Shared Pattern Plane,Grad-SIFT+Top2Geo+MidGrad+極線對齊,109,1,,,2.36068719999457
160,7,2,1,2,5,15,27.5,753.058691415427,475.866018702423,9.5,753,476,9.49567561592231,-0.00432438407769453,0.00432438407769453,valid,,,Shared Pattern Plane,Grad-SIFT+Top2Geo+MidGradInterp+極線對齊,109,1,,,2.50301749999926
161,7,2,1,3,1,5,30,687.200483928112,491.986032942667,9.5,687,492,13.2465095161848,3.74650951618477,3.74650951618477,valid,,,Shared Pattern Plane,Grad-SIFT+Top2Geo+MidGrad+極線對齊,109,1,,,2.31885480000346
162,7,2,1,3,2,7.5,30,703.65484272198,492.412011293964,9.5,704,492,11.2937014168149,1.79370141681486,1.79370141681486,valid,,,Shared Pattern Plane,Grad-SIFT+Top2Geo+MidGrad+極線對齊,109,1,,,2.45158680000168
163,7,2,1,3,3,10,30,720.195376708893,492.84022059009,9.5,720,493,10.0396480613879,0.53964806138792,0.53964806138792,valid,,,Shared Pattern Plane,Grad-SIFT+Top2Geo+MidGrad+極線對齊,109,1,,,2.33646069999668
164,7,2,1,3,4,12.5,30,736.822764644673,493.270678403001,9.5,737,493,10.673585161926,1.17358516192597,1.17358516192597,valid,,,Shared Pattern Plane,Grad-SIFT+Top2Geo+MidGrad+極線對齊,109,1,,,2.21743360000255
165,7,2,1,3,5,15,30,753.537692432165,493.703402489679,9.5,754,494,10.7081102217193,1.20811022171934,1.20811022171934,valid,,,Shared Pattern Plane,Grad-SIFT+Top2Geo+MidGradInterp+極線對齊,109,1,,,2.33205660000385
166,7,2,1,4,1,5,32.5,687.747365823442,509.599914264975,9.5,688,510,14.3225074447577,4.82250744475771,4.82250744475771,valid,,,Shared Pattern Plane,Grad-SIFT+Top2Geo+MidGrad+極線對齊,109,1,,,2.49587130000873
167,7,2,1,4,2,7.5,32.5,704.184764793959,510.071368682541,9.5,704,510,10.1312779224721,0.631277922472078,0.631277922472078,valid,,,Shared Pattern Plane,Grad-SIFT+Top2Geo+MidGrad+極線對齊,109,1,,,2.29390590000548
168,7,2,1,4,3,10,32.5,720.708153688171,510.545289447092,9.5,721,511,13.787224983266,4.28722498326597,4.28722498326597,valid,,,Shared Pattern Plane,Grad-SIFT+Top2Geo+MidGrad+極線對齊,109,1,,,2.47111720000976
169,7,2,1,4,4,12.5,32.5,737.318209041832,511.0216959629,9.5,737,511,2.09315613379729,-7.40684386620271,7.40684386620271,valid,,,Shared Pattern Plane,Grad-SIFT+Top2Geo+MidGradInterp+極線對齊,109,1,,,2.12534460000461
170,7,2,1,4,5,15,32.5,754.01561450632,511.500607838328,9.5,754,512,9.17711432057254,-0.322885679427465,0.322885679427465,valid,,,Shared Pattern Plane,Grad-SIFT+Top2Geo+MidGradInterp+極線對齊,109,1,,,2.43311430000176
171,7,2,1,5,1,5,35,688.293030053996,527.174577242284,9.5,688,527,10.4232295820715,0.923229582071503,0.923229582071503,valid,,,Shared Pattern Plane,Grad-SIFT+Top2Geo+MidGrad+極線對齊,109,1,,,2.41310759999033
172,7,2,1,5,2,7.5,35,704.713503888449,527.69130400633,9.5,705,528,9.30082664153997,-0.199173358460033,0.199173358460033,valid,,,Shared Pattern Plane,Grad-SIFT+Top2Geo+MidGrad+極線對齊,109,1,,,2.28073379999842
173,7,2,1,5,3,10,35,721.219782973174,528.210730928102,9.5,721,528,9.14880820902148,-0.351191790978524,0.351191790978524,valid,,,Shared Pattern Plane,Grad-SIFT+Top2Geo+MidGrad+極線對齊,109,1,,,2.4234160999913
174,7,2,1,5,4,12.5,35,737.812541633522,528.732879227572,9.5,738,529,8.10150835963577,-1.39849164036423,1.39849164036423,valid,,,Shared Pattern Plane,Grad-SIFT+Top2Geo+MidGrad+極線對齊,109,1,,,2.48216879999381
175,7,2,1,5,5,15,35,754.492461279244,529.257770347643,9.5,754,529,9.41641047392079,-0.0835895260792139,0.0835895260792139,valid,,,Shared Pattern Plane,Grad-SIFT+Top2Geo+MidGradInterp+極線對齊,109,1,,,2.69350519998989
176,8,2,2,1,1,25,25,820.472215764757,459.365311896737,9,820,459,9.57833872415471,0.578338724154706,0.578338724154706,valid,,,Shared Pattern Plane,Grad-SIFT+Top2Geo+MidGradInterp+極線對齊,109,1,,,2.70273389999056
177,8,2,2,1,2,27.5,25,837.672519774924,459.714161742931,9,838,460,9.02274464907343,0.0227446490734309,0.0227446490734309,valid,,,Shared Pattern Plane,Grad-SIFT+Top2Geo+MidGrad+極線對齊,109,1,,,2.77848380000796
178,8,2,2,1,3,30,25,854.965044454335,460.064881972709,9,855,460,9.50592424385015,0.505924243850149,0.505924243850149,valid,,,Shared Pattern Plane,Grad-SIFT+Top2Geo+MidGradInterp+極線對齊,109,1,,,2.61853570000676
179,8,2,2,1,4,32.5,25,872.350533468244,460.417487668802,9,872,460,9.21186124373181,0.211861243731807,0.211861243731807,valid,,,Shared Pattern Plane,Grad-SIFT+Top2Geo+MidGradInterp+極線對齊,109,1,,,2.50943869999901
180,8,2,2,1,5,35,25,889.829738499317,460.771994076541,9,890,461,9.48996476896801,0.489964768968008,0.489964768968008,valid,,,Shared Pattern Plane,Grad-SIFT+Top2Geo+MidGrad+極線對齊,109,1,,,2.42498750000959
181,8,2,2,2,1,25,27.5,820.879960324758,477.431904691889,9,821,477,8.98417017152528,-0.01582982847472,0.01582982847472,valid,,,Shared Pattern Plane,Grad-SIFT+Top2Geo+MidGrad+極線對齊,109,1,,,2.45834510000714
182,8,2,2,2,2,27.5,27.5,838.061678544793,477.828603430624,9,838,478,10.0164469585241,1.01644695852406,1.01644695852406,valid,,,Shared Pattern Plane,Grad-SIFT+Top2Geo+MidGrad+極線對齊,109,1,,,2.68282819999149
183,8,2,2,2,3,30,27.5,855.335412129541,478.227426658811,9,855,478,9.4486873559433,0.448687355943305,0.448687355943305,valid,,,Shared Pattern Plane,Grad-SIFT+Top2Geo+MidGrad+極線對齊,109,1,,,2.51290919999883
184,8,2,2,2,4,32.5,27.5,872.701902235372,478.628391488579,9,873,479,8.53382269127966,-0.466177308720336,0.466177308720336,valid,,,Shared Pattern Plane,Grad-SIFT+Top2Geo+MidGrad+極線對齊,109,1,,,2.49673680000706
185,8,2,2,2,5,35,27.5,890.161897999811,479.031515216332,9,890,479,8.77481940245712,-0.225180597542876,0.225180597542876,valid,,,Shared Pattern Plane,Grad-SIFT+Top2Geo+MidGrad+極線對齊,109,1,,,2.50398259999929
186,8,2,2,3,1,25,30,821.286775626001,495.457323327454,9,821,495,8.73930073537994,-0.26069926462006,0.26069926462006,valid,,,Shared Pattern Plane,Grad-SIFT+Top2Geo+MidGrad+極線對齊,109,1,,,2.82544709999638
187,8,2,2,3,2,27.5,30,838.449948047508,495.901651786723,9,838,496,8.54524882500211,-0.454751174997892,0.454751174997892,valid,,,Shared Pattern Plane,Grad-SIFT+Top2Geo+MidGrad+極線對齊,109,1,,,2.50606900001003
188,8,2,2,3,3,30,30,855.704931213519,496.348357086686,9,856,496,8.75877833499914,-0.241221665000857,0.241221665000857,valid,,,Shared Pattern Plane,Grad-SIFT+Top2Geo+MidGrad+極線對齊,109,1,,,2.39839509999729
189,8,2,2,3,4,32.5,30,873.052463782794,496.797458350096,9,873,497,8.76513537885229,-0.234864621147715,0.234864621147715,valid,,,Shared Pattern Plane,Grad-SIFT+Top2Geo+MidGrad+極線對齊,109,1,,,2.6514870999963
190,8,2,2,3,5,35,30,890.493292359186,497.248974905393,9,890,497,8.59684022250577,-0.403159777494231,0.403159777494231,valid,,,Shared Pattern Plane,Grad-SIFT+Top2Geo+MidGrad+極線對齊,109,1,,,2.48096090000763
191,8,2,2,4,1,25,32.5,821.692664841572,513.441708398435,9,822,513,8.69169999781443,-0.308300002185566,0.308300002185566,valid,,,Shared Pattern Plane,Grad-SIFT+Top2Geo+MidGrad+極線對齊,109,1,,,2.38022779999301
192,8,2,2,4,2,27.5,32.5,838.837331327688,513.93344853123,9,839,514,7.65053789265464,-1.34946210734536,1.34946210734536,valid,,,Shared Pattern Plane,Grad-SIFT+Top2Geo+MidGrad+極線對齊,109,1,,,2.53473320000921
193,8,2,2,4,3,30,32.5,856.073604619388,514.427816113371,9,856,514,8.43705411457124,-0.562945885428759,0.562945885428759,valid,,,Shared Pattern Plane,Grad-SIFT+Top2Geo+MidGrad+極線對齊,109,1,,,2.4368625000061
194,8,2,2,4,4,32.5,32.5,873.402220889025,514.924832259617,9,873,515,7.33617688017375,-1.66382311982625,1.66382311982625,valid,,,Shared Pattern Plane,Grad-SIFT+Top2Geo+MidGrad+極線對齊,109,1,,,2.39405190000252
195,8,2,2,4,5,35,32.5,890.823924218193,515.424518311576,9,891,515,7.80136223763666,-1.19863776236334,1.19863776236334,valid,,,Shared Pattern Plane,Grad-SIFT+Top2Geo+MidGrad+極線對齊,109,1,,,2.42458829999669
196,8,2,2,5,1,25,35,822.097631130126,531.385199860455,9,822,531,6.44860290346488,-2.55139709653512,2.55139709653512,valid,,,Shared Pattern Plane,Grad-SIFT+Top2Geo+MidGrad+極線對齊,109,1,,,2.42536039999686
197,8,2,2,5,2,27.5,35,839.223831416071,531.924134737936,9,839,532,8.37852344284022,-0.621476557159777,0.621476557159777,valid,,,Shared Pattern Plane,Grad-SIFT+Top2Geo+MidGrad+極線對齊,109,1,,,2.60237239999697
198,8,2,2,5,3,30,35,856.441435246948,532.465945942767,9,856,532,8.09189837472148,-0.908101625278519,0.908101625278519,valid,,,Shared Pattern Plane,Grad-SIFT+Top2Geo+MidGrad+極線對齊,109,1,,,2.17473520000931
199,8,2,2,5,4,32.5,35,873.751176319846,533.010656563254,9,874,533,8.97638533609718,-0.0236146639028192,0.0236146639028192,valid,,,Shared Pattern Plane,Grad-SIFT+Top2Geo+MidGrad+極線對齊,109,1,,,2.46028460000525
200,8,2,2,5,5,35,35,891.153796205446,533.558289935473,9,891,534,9.37926499091081,0.379264990910807,0.379264990910807,valid,,,Shared Pattern Plane,Grad-SIFT+Top2Geo+MidGrad+極線對齊,109,1,,,2.39118570000574
201,9,2,3,1,1,45,25,960.699039174549,462.209337545924,8.5,961,462,8.84848191748206,0.348481917482061,0.348481917482061,valid,,,Shared Pattern Plane,Grad-SIFT+Top2Geo+MidGradInterp+極線對齊,109,1,,,2.28589189999911
202,9,2,3,1,2,47.5,25,978.65838782411,462.573582038953,8.5,979,463,8.53210567086375,0.0321056708637482,0.0321056708637482,valid,,,Shared Pattern Plane,Grad-SIFT+Top2Geo+MidGradInterp+極線對齊,109,1,,,2.25253389999853
203,9,2,3,1,3,50,25,996.716137144587,462.939822255947,8.5,997,463,9.17054185303931,0.670541853039314,0.670541853039314,valid,,,Shared Pattern Plane,Grad-SIFT+Top2Geo+MidGradInterp+極線對齊,109,1,,,2.33147380000446
204,9,2,3,1,4,52.5,25,1014.873098075,463.308074644055,8.5,1015,463,8.37262222039362,-0.127377779606375,0.127377779606375,valid,,,Shared Pattern Plane,Grad-SIFT+Top2Geo+MidGradInterp+極線對齊,109,1,,,2.55221940000774
205,9,2,3,1,5,55,25,1033.13009048971,463.678355831647,8.5,1033,464,9.00350968234096,0.503509682340958,0.503509682340958,valid,,,Shared Pattern Plane,Grad-SIFT+Top2Geo+MidGrad+極線對齊,109,1,,,2.44388479999907
206,9,2,3,2,1,45,27.5,960.952205816149,480.665951625179,8.5,961,481,8.28260623091664,-0.217393769083357,0.217393769083357,valid,,,Shared Pattern Plane,Grad-SIFT+Top2Geo+MidGradInterp+極線對齊,109,1,,,2.45840420000604
207,9,2,3,2,2,47.5,27.5,978.891253916269,481.080135914799,8.5,979,481,7.69397010717915,-0.806029892820846,0.806029892820846,valid,,,Shared Pattern Plane,Grad-SIFT+Top2Geo+MidGradInterp+極線對齊,109,1,,,2.31023350000032
208,9,2,3,2,3,50,27.5,996.928476261112,481.496586892683,8.5,997,481,8.06667327562348,-0.433326724376515,0.433326724376515,valid,,,Shared Pattern Plane,Grad-SIFT+Top2Geo+MidGradInterp+極線對齊,109,1,,,2.54427040000155
209,9,2,3,2,4,52.5,27.5,1015.06468097281,481.915323217097,8.5,1015,482,7.65629446080033,-0.843705539199673,0.843705539199673,valid,,,Shared Pattern Plane,Grad-SIFT+Top2Geo+MidGradInterp+極線對齊,109,1,,,2.61413689999608
210,9,2,3,2,5,55,27.5,1033.30068506733,482.336363751647,8.5,1033,482,7.15181681937485,-1.34818318062515,1.34818318062515,valid,,,Shared Pattern Plane,Grad-SIFT+Top2Geo+MidGrad+極線對齊,109,1,,,2.34674380000797
211,9,2,3,3,1,45,30,961.20478293853,499.079587969815,8.5,961,499,7.41612831196295,-1.08387168803705,1.08387168803705,valid,,,Shared Pattern Plane,Grad-SIFT+Top2Geo+MidGrad+極線對齊,109,1,,,2.48880279999867
212,9,2,3,3,2,47.5,30,979.123576282706,499.543478306813,8.5,979,500,10.5694054611097,2.06940546110972,2.06940546110972,valid,,,Shared Pattern Plane,Grad-SIFT+Top2Geo+MidGrad+極線對齊,109,1,,,2.32041360001313
213,9,2,3,3,3,50,30,997.140318225864,500.009904384233,8.5,997,500,8.20449350768299,-0.295506492317012,0.295506492317012,valid,,,Shared Pattern Plane,Grad-SIFT+Top2Geo+MidGrad+極線對齊,109,1,,,2.40348310000263
214,9,2,3,3,4,52.5,30,1015.25581408629,500.478887050542,8.5,1015,500,10.7571225291675,2.25712252916753,2.25712252916753,valid,,,Shared Pattern Plane,Grad-SIFT+Top2Geo+MidGrad+極線對齊,109,1,,,2.31100070000684
215,9,2,3,3,5,55,30,1033.4708780348,500.950447383385,8.5,1033,501,8.55987998978046,0.0598799897804625,0.0598799897804625,valid,,,Shared Pattern Plane,Grad-SIFT+Top2Geo+MidGrad+極線對齊,109,1,,,2.48921759999939
216,9,2,3,4,1,45,32.5,961.456772598411,517.450396521008,8.5,961,517,9.08108405406648,0.581084054066482,0.581084054066482,valid,,,Shared Pattern Plane,Grad-SIFT+Top2Geo+MidGrad+極線對齊,109,1,,,2.41163219998998
217,9,2,3,4,2,47.5,32.5,979.355356825542,517.963760382115,8.5,979,518,8.85079549005435,0.350795490054352,0.350795490054352,valid,,,Shared Pattern Plane,Grad-SIFT+Top2Geo+MidGrad+極線對齊,109,1,,,2.33556359999056
218,9,2,3,4,3,50,32.5,997.351664782783,518.479927137058,8.5,997,518,11.1798440837126,2.67984408371261,2.67984408371261,valid,,,Shared Pattern Plane,Grad-SIFT+Top2Geo+MidGrad+極線對齊,109,1,,,2.38609050000377
219,9,2,3,4,4,52.5,32.5,1015.44649899753,518.998919803779,8.5,1015,519,8.44957772294369,-0.0504222770563132,0.0504222770563132,valid,,,Shared Pattern Plane,Grad-SIFT+Top2Geo+MidGrad+極線對齊,109,1,,,2.42204340000171
220,9,2,3,4,5,55,32.5,1033.64067080865,519.520761652948,8.5,1034,520,8.63473876274086,0.134738762740863,0.134738762740863,valid,,,Shared Pattern Plane,Grad-SIFT+Top2Geo+MidGrad+極線對齊,109,1,,,2.42828110000119
221,9,2,3,5,1,45,35,961.708176842958,535.778526523259,8.5,962,536,12.209599619369,3.70959961936901,3.70959961936901,valid,,,Shared Pattern Plane,Grad-SIFT+Top2Geo+MidGrad+極線對齊,109,1,,,2.58226300000388
222,9,2,3,5,2,47.5,35,979.586597438034,536.341132603538,8.5,980,536,10.7897446245283,2.28974462452829,2.28974462452829,valid,,,Shared Pattern Plane,Grad-SIFT+Top2Geo+MidGrad+極線對齊,109,1,,,2.53260090001277
223,9,2,3,5,3,50,35,997.562517667659,536.906806845624,8.5,998,537,12.9070914339657,4.40709143396571,4.40709143396571,valid,,,Shared Pattern Plane,Grad-SIFT+Top2Geo+MidGrad+極線對齊,109,1,,,2.79114039998967
224,9,2,3,5,4,52.5,35,1015.63673728121,537.475574416384,8.5,1016,537,8.21599983796028,-0.284000162039723,0.284000162039723,valid,,,Shared Pattern Plane,Grad-SIFT+Top2Geo+MidGrad+極線對齊,109,1,,,2.73169710001093
225,9,2,3,5,5,55,35,1033.81006479873,538.047460758686,8.5,1034,538,8.47534034046327,-0.0246596595367343,0.0246596595367343,valid,,,Shared Pattern Plane,Grad-SIFT+Top2Geo+MidGrad+極線對齊,109,1,,,2.37852129999374
226,10,2,4,1,1,65,25,1107.17509218497,465.180107628448,8,1107,465,8.56746895515154,0.567468955151543,0.567468955151543,valid,,,Shared Pattern Plane,Grad-SIFT+Top2Geo+MidGradInterp+極線對齊,109,1,,,2.79806220000319
227,10,2,4,1,2,67.5,25,1125.94486162867,465.560788759413,8,1126,466,8.79640622966136,0.796406229661356,0.796406229661356,valid,,,Shared Pattern Plane,Grad-SIFT+Top2Geo+MidGradInterp+極線對齊,109,1,,,2.68203069998708
228,10,2,4,1,3,70,25,1144.81977650198,465.943602408903,8,1145,466,9.23093621002084,1.23093621002084,1.23093621002084,valid,,,Shared Pattern Plane,Grad-SIFT+Top2Geo+MidGradInterp+極線對齊,109,1,,,2.54044820000126
229,10,2,4,1,4,72.5,25,1163.80072279989,466.328566546323,8,1164,466,10.0429775416659,2.04297754166585,2.04297754166585,valid,,,Shared Pattern Plane,Grad-SIFT+Top2Geo+MidGrad+極線對齊,109,1,,,2.53986469999654
230,10,2,4,1,5,75,25,1182.88859649968,466.715699343534,8,1183,467,8.12319850131914,0.123198501319139,0.123198501319139,valid,,,Shared Pattern Plane,Grad-SIFT+Top2Geo+MidGradInterp+極線對齊,109,1,,,2.65676440000243
231,10,2,4,2,1,65,27.5,1107.25935380449,484.043952610385,8,1107,484,8.27892908799437,0.278929087994374,0.278929087994374,valid,,,Shared Pattern Plane,Grad-SIFT+Top2Geo+MidGradInterp+極線對齊,109,1,,,2.7641913999978
232,10,2,4,2,2,67.5,27.5,1126.00693003968,484.476804537741,8,1126,484,8.11928759941097,0.119287599410969,0.119287599410969,valid,,,Shared Pattern Plane,Grad-SIFT+Top2Geo+MidGradInterp+極線對齊,109,1,,,2.55155259999447
233,10,2,4,2,3,70,27.5,1144.8594015391,484.912078331088,8,1145,485,7.86602276276292,-0.13397723723708,0.13397723723708,valid,,,Shared Pattern Plane,Grad-SIFT+Top2Geo+MidGradInterp+極線對齊,109,1,,,2.48921269999119
234,10,2,4,2,4,72.5,27.5,1163.81765112764,485.349794373458,8,1164,485,9.35617276161904,1.35617276161904,1.35617276161904,valid,,,Shared Pattern Plane,Grad-SIFT+Top2Geo+MidGrad+極線對齊,109,1,,,2.64655669999775
235,10,2,4,2,5,75,27.5,1182.88257156482,485.789973277258,8,1183,486,8.19641554263992,0.196415542639917,0.196415542639917,valid,,,Shared Pattern Plane,Grad-SIFT+Top2Geo+MidGradInterp+極線對齊,109,1,,,2.95265639999707
236,10,2,4,3,1,65,30,1107.34341485229,502.862895132571,8,1107,503,9.60575553251804,1.60575553251804,1.60575553251804,valid,,,Shared Pattern Plane,Grad-SIFT+Top2Geo+MidGradInterp+極線對齊,109,1,,,2.35276449999947
237,10,2,4,3,2,67.5,30,1126.06885029478,503.347668208024,8,1126,503,8.48941689432674,0.489416894326739,0.489416894326739,valid,,,Shared Pattern Plane,Grad-SIFT+Top2Geo+MidGradInterp+極線對齊,109,1,,,2.65189959999407
238,10,2,4,3,3,70,30,1144.89893172785,503.835150409192,8,1145,504,8.58112866738037,0.581128667380366,0.581128667380366,valid,,,Shared Pattern Plane,Grad-SIFT+Top2Geo+MidGradInterp+極線對齊,109,1,,,2.47142959998746
239,10,2,4,3,4,72.5,30,1163.83453882141,504.325364509393,8,1164,504,9.85758117891729,1.85758117891729,1.85758117891729,valid,,,Shared Pattern Plane,Grad-SIFT+Top2Geo+MidGrad+極線對齊,109,1,,,2.44748570000229
240,10,2,4,3,5,75,30,1182.87656113258,504.818333537909,8,1183,505,7.92179460024935,-0.0782053997506518,0.0782053997506518,valid,,,Shared Pattern Plane,Grad-SIFT+Top2Geo+MidGrad+極線對齊,109,1,,,2.66545190000033
241,10,2,4,4,1,65,32.5,1107.42727604364,521.637095329439,8,1107,522,11.3143926918493,3.31439269184934,3.31439269184934,valid,,,Shared Pattern Plane,Grad-SIFT+Top2Geo+MidGradInterp+極線對齊,109,1,,,2.86516280000797
242,10,2,4,4,2,67.5,32.5,1126.13062292379,522.173541243159,8,1126,522,10.6258042126412,2.62580421264121,2.62580421264121,valid,,,Shared Pattern Plane,Grad-SIFT+Top2Geo+MidGradInterp+極線對齊,109,1,,,2.54123879999679
243,10,2,4,4,3,70,32.5,1144.93836740837,522.712981469535,8,1145,523,9.23931079448644,1.23931079448644,1.23931079448644,valid,,,Shared Pattern Plane,Grad-SIFT+Top2Geo+MidGrad+極線對齊,109,1,,,3.00861949998944
244,10,2,4,4,4,72.5,32.5,1163.85138602731,523.255441149038,8,1164,523,10.8159170667068,2.8159170667068,2.8159170667068,valid,,,Shared Pattern Plane,Grad-SIFT+Top2Geo+MidGrad+極線對齊,109,1,,,3.07303830000455
245,10,2,4,4,5,75,32.5,1182.87056515065,523.800945704367,8,1183,524,10.6488627906964,2.64886279069643,2.64886279069643,valid,,,Shared Pattern Plane,Grad-SIFT+Top2Geo+MidGrad+極線對齊,109,1,,,3.06955149999703
246,10,2,4,5,1,65,35,1107.51093809047,540.366712574881,8,1108,540,10.9140455579117,2.91404555791167,2.91404555791167,valid,,,Shared Pattern Plane,Grad-SIFT+Top2Geo+MidGradInterp+極線對齊,109,1,,,2.48586149999755
247,10,2,4,5,2,67.5,35,1126.19224845404,540.954584347013,8,1126,541,11.7641015501892,3.76410155018921,3.76410155018921,valid,,,Shared Pattern Plane,Grad-SIFT+Top2Geo+MidGradInterp+極線對齊,109,1,,,2.58275379998668
248,10,2,4,5,3,70,35,1144.97770891918,541.5457335608,8,1145,542,12.1115960480112,4.11159604801116,4.11159604801116,valid,,,Shared Pattern Plane,Grad-SIFT+Top2Geo+MidGrad+極線對齊,109,1,,,2.61944239999866
249,10,2,4,5,4,72.5,35,1163.86819289079,542.140187700937,8,1164,542,11.5358176817293,3.53581768172935,3.53581768172935,valid,,,Shared Pattern Plane,Grad-SIFT+Top2Geo+MidGrad+極線對齊,109,1,,,2.50950299999386
250,10,2,4,5,5,75,35,1182.86458356699,542.737974560294,8,1183,543,10.8490243159564,2.84902431595641,2.84902431595641,valid,,,Shared Pattern Plane,Grad-SIFT+Top2Geo+MidGrad+極線對齊,109,1,,,2.53824180000811
251,11,2,5,1,1,85,25,1260.3276422084,468.286287815046,7.5,1260,468,7.74738025604072,0.247380256040716,0.247380256040716,valid,,,Shared Pattern Plane,Grad-SIFT+Top2Geo+MidGradInterp+極線對齊,109,1,,,2.7147760999942
252,11,2,5,1,2,87.5,25,1279.96395196356,468.684543778071,7.5,1280,469,7.92910878454651,0.42910878454651,0.42910878454651,valid,,,Shared Pattern Plane,Grad-SIFT+Top2Geo+MidGradInterp+極線對齊,109,1,,,2.48094439999841
253,11,2,5,1,3,90,25,1299.71278267912,469.085081847256,7.5,1300,469,8.45435800785392,0.954358007853916,0.954358007853916,valid,,,Shared Pattern Plane,Grad-SIFT+Top2Geo+MidGrad+極線對齊,109,1,,,2.66676019999431
254,11,2,5,1,4,92.5,25,1319.5751042939,469.487921694521,7.5,1320,469,8.08497785150115,0.584977851501153,0.584977851501153,valid,,,Shared Pattern Plane,Grad-SIFT+Top2Geo+MidGrad+極線對齊,109,1,,,2.41444970000884
255,11,2,5,1,5,95,25,1339.55189792675,469.893083218535,7.5,1340,470,7.78106246784165,0.281062467841649,0.281062467841649,valid,,,Shared Pattern Plane,Grad-SIFT+Top2Geo+MidGrad+極線對齊,109,1,,,2.27795889999834
256,11,2,5,2,1,85,27.5,1260.22717261753,487.575737965784,7.5,1260,488,7.95244971323502,0.452449713235016,0.452449713235016,valid,,,Shared Pattern Plane,Grad-SIFT+Top2Geo+MidGradInterp+極線對齊,109,1,,,2.69004600000335
257,11,2,5,2,2,87.5,27.5,1279.83919634743,488.028548620577,7.5,1280,488,6.11245971640421,-1.38754028359579,1.38754028359579,valid,,,Shared Pattern Plane,Grad-SIFT+Top2Geo+MidGradInterp+極線對齊,109,1,,,2.48523560000467
258,11,2,5,2,3,90,27.5,1299.56346412755,488.483950813223,7.5,1300,488,6.58673456829205,-0.913265431707952,0.913265431707952,valid,,,Shared Pattern Plane,Grad-SIFT+Top2Geo+MidGrad+極線對齊,109,1,,,2.44786590000149
259,11,2,5,2,4,92.5,27.5,1319.40094232042,488.941966855507,7.5,1319,489,6.8735563892555,-0.626443610744499,0.626443610744499,valid,,,Shared Pattern Plane,Grad-SIFT+Top2Geo+MidGrad+極線對齊,109,1,,,2.66829719999805
260,11,2,5,2,5,95,27.5,1339.35260841362,489.402619316074,7.5,1339,489,7.13111610617187,-0.368883893828128,0.368883893828128,valid,,,Shared Pattern Plane,Grad-SIFT+Top2Geo+MidGrad+極線對齊,109,1,,,2.47971859999234
261,11,2,5,3,1,85,30,1260.12694761605,506.818228683234,7.5,1260,507,7.68067453701245,0.180674537012455,0.180674537012455,valid,,,Shared Pattern Plane,Grad-SIFT+Top2Geo+MidGradInterp+極線對齊,109,1,,,2.38295339999604
262,11,2,5,3,2,87.5,30,1279.71474530967,507.325327007246,7.5,1280,507,6.40026820481872,-1.09973179518128,1.09973179518128,valid,,,Shared Pattern Plane,Grad-SIFT+Top2Geo+MidGrad+極線對齊,109,1,,,3.15575469999749
263,11,2,5,3,3,90,30,1299.41451116423,507.83532401684,7.5,1299,508,7.21377707859618,-0.286222921403816,0.286222921403816,valid,,,Shared Pattern Plane,Grad-SIFT+Top2Geo+MidGrad+極線對齊,109,1,,,2.59090029999788
264,11,2,5,3,4,92.5,30,1319.2272079835,508.348244637543,7.5,1319,508,6.67018547026272,-0.829814529737279,0.829814529737279,valid,,,Shared Pattern Plane,Grad-SIFT+Top2Geo+MidGrad+極線對齊,109,1,,,2.45198800000071
265,11,2,5,3,5,95,30,1339.15380964172,508.864114081479,7.5,1339,509,6.40859080324118,-1.09140919675882,1.09140919675882,valid,,,Shared Pattern Plane,Grad-SIFT+Top2Geo+MidGrad+極線對齊,109,1,,,3.15338479999627
266,11,2,5,4,1,85,32.5,1260.0269663119,526.013931240351,7.5,1260,526,8.79985498039187,1.29985498039187,1.29985498039187,valid,,,Shared Pattern Plane,Grad-SIFT+Top2Geo+MidGrad+極線對齊,109,1,,,2.47875840000052
267,11,2,5,4,2,87.5,32.5,1279.59059773625,526.575051675231,7.5,1280,527,8.71209047043523,1.21209047043523,1.21209047043523,valid,,,Shared Pattern Plane,Grad-SIFT+Top2Geo+MidGrad+極線對齊,109,1,,,2.53368279999995
268,11,2,5,4,3,90,32.5,1299.26592244814,527.139375676194,7.5,1299,527,7.4331241610849,-0.0668758389150996,0.0668758389150996,valid,,,Shared Pattern Plane,Grad-SIFT+Top2Geo+MidGrad+極線對齊,109,1,,,2.60411469999235
269,11,2,5,4,4,92.5,32.5,1319.05389971005,527.706930756627,7.5,1319,528,6.70319922536628,-0.796800774633717,0.796800774633717,valid,,,Shared Pattern Plane,Grad-SIFT+Top2Geo+MidGrad+極線對齊,109,1,,,2.50215159999789
270,11,2,5,4,5,95,32.5,1338.95549980064,528.277744745882,7.5,1339,528,6.6957370091734,-0.804262990826597,0.804262990826597,valid,,,Shared Pattern Plane,Grad-SIFT+Top2Geo+MidGrad+極線對齊,109,1,,,2.40518000000156
271,11,2,5,5,1,85,35,1259.92722781733,545.1630160782,7.5,1260,545,7.6929036501901,0.192903650190097,0.192903650190097,valid,,,Shared Pattern Plane,Grad-SIFT+Top2Geo+MidGradInterp+極線對齊,109,1,,,2.62279779999517
272,11,2,5,5,2,87.5,35,1279.46675251856,545.777894520299,7.5,1279,546,7.86097020906152,0.360970209061521,0.360970209061521,valid,,,Shared Pattern Plane,Grad-SIFT+Top2Geo+MidGradInterp+極線對齊,109,1,,,2.95088600000599
273,11,2,5,5,3,90,35,1299.11769664484,546.396279158353,7.5,1299,546,6.97098956364282,-0.529010436357183,0.529010436357183,valid,,,Shared Pattern Plane,Grad-SIFT+Top2Geo+MidGradInterp+極線對齊,109,1,,,2.52788769999461
274,11,2,5,5,4,92.5,35,1318.88101593468,547.018200067968,7.5,1319,547,7.05767801514272,-0.442321984857279,0.442321984857279,valid,,,Shared Pattern Plane,Grad-SIFT+Top2Geo+MidGradInterp+極線對齊,109,1,,,2.46258490000037
275,11,2,5,5,5,95,35,1338.75767708885,547.643687669712,7.5,1339,548,6.23064735249854,-1.26935264750146,1.26935264750146,valid,,,Shared Pattern Plane,Grad-SIFT+Top2Geo+MidGrad+極線對齊,109,1,,,2.65287859999808
276,12,2,6,1,1,105,25,1420.62381544379,471.537352176788,7,1421,472,7.36510507694108,0.365105076941082,0.365105076941082,valid,,,Shared Pattern Plane,Grad-SIFT+Top2Geo+MidGradInterp+極線對齊,109,1,,,2.47941420000279
277,12,2,6,1,2,107.5,25,1441.18808871908,471.954428733396,7,1441,472,7.54778090945346,0.547780909453465,0.547780909453465,valid,,,Shared Pattern Plane,Grad-SIFT+Top2Geo+MidGradInterp+極線對齊,109,1,,,2.59666719999223
278,12,2,6,1,3,110,25,1461.87296475331,472.373951308044,7,1462,472,7.61906943053902,0.619069430539021,0.619069430539021,valid,,,Shared Pattern Plane,Grad-SIFT+Top2Geo+MidGrad+極線對齊,109,1,,,2.56390049999754
279,12,2,6,1,4,112.5,25,1482.67950761047,472.795941481663,7,1483,473,5.97040541472502,-1.02959458527498,1.02959458527498,valid,,,Shared Pattern Plane,Grad-SIFT+Top2Geo+MidGrad+極線對齊,109,1,,,2.36118500000157
280,12,2,6,1,5,115,25,1503.60879390896,473.220421089805,7,1504,473,7.27860043078972,0.278600430789721,0.278600430789721,valid,,,Shared Pattern Plane,Grad-SIFT+Top2Geo+MidGrad+極線對齊,109,1,,,2.41175320000912
281,12,2,6,2,1,105,27.5,1420.32109998989,491.272053913604,7,1420,491,6.97589893927236,-0.0241010607276388,0.0241010607276388,valid,,,Shared Pattern Plane,Grad-SIFT+Top2Geo+MidGradInterp+極線對齊,109,1,,,2.39904910000041
282,12,2,6,2,2,107.5,27.5,1440.85876867386,491.746236248522,7,1441,492,6.71505722170269,-0.284942778297306,0.284942778297306,valid,,,Shared Pattern Plane,Grad-SIFT+Top2Geo+MidGrad+極線對齊,109,1,,,2.60185869999987
283,12,2,6,2,3,110,27.5,1461.51673300036,492.223196019844,7,1462,492,7.19787269232735,0.197872692327349,0.197872692327349,valid,,,Shared Pattern Plane,Grad-SIFT+Top2Geo+MidGrad+極線對齊,109,1,,,2.31740709999576
284,12,2,6,2,4,112.5,27.5,1482.29605298846,492.702957701736,7,1482,493,11.8903589136886,4.89035891368859,4.89035891368859,valid,,,Shared Pattern Plane,Grad-SIFT+Top2Geo+MidGrad+極線對齊,109,1,,,2.31480199999351
285,12,2,6,2,5,115,27.5,1503.1978011481,493.185546056759,7,1503,493,,,,failed,Top2-Geo: HIGH/MID 均未通過支援點與 RANSAC 門檻,,,,109,,,,2.60462260000349
286,12,2,6,3,1,105,30,1420.01913862951,510.957594596328,7,1420,511,6.35292673742993,-0.647073262570073,0.647073262570073,valid,,,Shared Pattern Plane,Grad-SIFT+Top2Geo+MidGrad+極線對齊,109,1,,,2.44511729999795
287,12,2,6,3,2,107.5,30,1440.53027138936,511.488596662451,7,1441,511,7.6155633574808,0.615563357480799,0.615563357480799,valid,,,Shared Pattern Plane,Grad-SIFT+Top2Geo+MidGrad+極線對齊,109,1,,,2.36462179999216
288,12,2,6,3,3,110,30,1461.16139384655,512.022705079547,7,1461,512,7.65174646878516,0.651746468785156,0.651746468785156,valid,,,Shared Pattern Plane,Grad-SIFT+Top2Geo+MidGrad+極線對齊,109,1,,,2.37415199998941
289,12,2,6,3,4,112.5,30,1481.9135619957,512.559947185712,7,1482,513,,,,failed,Top2-Geo: HIGH/MID 均未通過支援點與 RANSAC 門檻,,,,109,,,,2.32173619999958
290,12,2,6,3,5,115,30,1502.7878442592,513.100350640779,7,1503,513,,,,failed,Top2-Geo: HIGH/MID 均未通過支援點與 RANSAC 門檻,,,,109,,,,2.38674829999218
291,12,2,6,4,1,105,32.5,1419.71792854839,530.594157693865,7,1420,531,5.51275678340463,-1.48724321659537,1.48724321659537,valid,,,Shared Pattern Plane,Grad-SIFT+Top2Geo+MidGrad+極線對齊,109,1,,,2.32653960000607
292,12,2,6,4,2,107.5,32.5,1440.20259378608,531.181695049136,7,1440,531,10.5688309341113,3.56883093411129,3.56883093411129,valid,,,Shared Pattern Plane,Grad-SIFT+Top2Geo+MidGrad+極線對齊,109,1,,,2.46940089999407
293,12,2,6,4,3,110,32.5,1460.80694394123,531.77266518493,7,1461,532,6.95249697524258,-0.0475030247574164,0.0475030247574164,valid,,,Shared Pattern Plane,Grad-SIFT+Top2Geo+MidGrad+極線對齊,109,1,,,3.47776059999887
294,12,2,6,4,4,112.5,32.5,1481.53203100433,532.367098274245,7,1482,532,6.34732060466347,-0.652679395336532,0.652679395336532,valid,,,Shared Pattern Plane,Grad-SIFT+Top2Geo+MidGrad+極線對齊,109,1,,,2.38411990000168
295,12,2,6,4,5,115,32.5,1502.37891933095,532.965024844727,7,1502,533,7.99145696992842,0.991456969928416,0.991456969928416,valid,,,Shared Pattern Plane,Grad-SIFT+Top2Geo+MidGrad+極線對齊,109,1,,,2.42744320000929
296,12,2,6,5,1,105,35,1419.41746694622,550.181925763312,7,1419,550,5.59209595251918,-1.40790404748082,1.40790404748082,valid,,,Shared Pattern Plane,Grad-SIFT+Top2Geo+MidGrad+極線對齊,109,1,,,2.40963969999575
297,12,2,6,5,2,107.5,35,1439.87573279989,550.825715560069,7,1440,551,6.84502413653223,-0.154975863467773,0.154975863467773,valid,,,Shared Pattern Plane,Grad-SIFT+Top2Geo+MidGrad+極線對齊,109,1,,,2.49619350000285
298,12,2,6,5,3,110,35,1460.4533799505,551.473262100504,7,1460,551,8.07354717418725,1.07354717418725,1.07354717418725,valid,,,Shared Pattern Plane,Grad-SIFT+Top2Geo+MidGrad+極線對齊,109,1,,,2.39265290000185
299,12,2,6,5,4,112.5,35,1481.15145640465,552.124598363753,7,1481,552,7.00749965685842,0.00749965685842469,0.00749965685842469,valid,,,Shared Pattern Plane,Grad-SIFT+Top2Geo+MidGrad+極線對齊,109,1,,,2.39617320000252
300,12,2,6,5,5,115,35,1501.9710224717,552.779757716103,7,1502,553,,,,failed,Top2-Geo: HIGH/MID 均未通過支援點與 RANSAC 門檻,,,,109,,,,2.30656779999845
301,13,3,1,1,1,5,45,690.463591303938,597.083653746316,6.5,690,597,9.13646424941841,2.63646424941841,2.63646424941841,valid,,,Shared Pattern Plane,Grad-SIFT+Top2Geo+MidGradInterp+極線對齊,109,1,,,2.38587330000883
302,13,3,1,1,2,7.5,45,706.816709364371,597.779453047232,6.5,707,598,,,,failed,Top2-Geo: HIGH/MID 均未通過支援點與 RANSAC 門檻,,,,109,,,,2.46809460000077
303,13,3,1,1,3,10,45,723.254899889881,598.478872046943,6.5,723,598,10.5633809728198,4.06338097281976,4.06338097281976,valid,,,Shared Pattern Plane,Grad-SIFT+Top2Geo+HighGrad+極線對齊,109,1,,,2.37383759999648
304,13,3,1,1,4,12.5,45,739.77882845982,599.181939064797,6.5,740,599,8.7547209219336,2.2547209219336,2.2547209219336,valid,,,Shared Pattern Plane,Grad-SIFT+Top2Geo+MidGrad+極線對齊,109,1,,,2.95911500000511
305,13,3,1,1,5,15,45,756.389167614728,599.888682716329,6.5,756,600,9.28902167335696,2.78902167335696,2.78902167335696,valid,,,Shared Pattern Plane,Grad-SIFT+Top2Geo+MidGrad+極線對齊,109,1,,,2.83677890000399
306,13,3,1,2,1,5,47.5,691.003227785338,614.464175979248,6.5,691,614,11.8717902004513,5.37179020045131,5.37179020045131,valid,,,Shared Pattern Plane,Grad-SIFT+Top2Geo+MidGrad+極線對齊,109,1,,,2.211535800001
307,13,3,1,2,2,7.5,47.5,707.339592572845,615.204244236711,6.5,707,615,9.89990402008259,3.39990402008259,3.39990402008259,valid,,,Shared Pattern Plane,Grad-SIFT+Top2Geo+MidGrad+極線對齊,109,1,,,2.42855189999682
308,13,3,1,2,3,10,47.5,723.76084809368,615.948158205133,6.5,724,616,9.74831064723544,3.24831064723544,3.24831064723544,valid,,,Shared Pattern Plane,Grad-SIFT+Top2Geo+MidGrad+極線對齊,109,1,,,2.49747309999657
309,13,3,1,2,4,12.5,47.5,740.267657764337,616.695947938537,6.5,740,617,8.94679666768307,2.44679666768307,2.44679666768307,valid,,,Shared Pattern Plane,Grad-SIFT+Top2Geo+MidGrad+極線對齊,109,1,,,2.51152689999435
310,13,3,1,2,5,15,47.5,756.860691932118,617.447643804925,6.5,757,617,9.84693821084119,3.34693821084119,3.34693821084119,valid,,,Shared Pattern Plane,Grad-SIFT+Top2Geo+MidGradInterp+極線對齊,109,1,,,2.39034500000707
311,13,3,1,3,1,5,50,691.541670706898,631.806256234934,6.5,692,632,4.38341198237484,-2.11658801762516,2.11658801762516,valid,,,Shared Pattern Plane,Grad-SIFT+Top2Geo+MidGrad+極線對齊,109,1,,,2.42329810000956
312,13,3,1,3,2,7.5,50,707.861316282378,632.590395770897,6.5,708,633,4.35175392381412,-2.14824607618588,2.14824607618588,valid,,,Shared Pattern Plane,Grad-SIFT+Top2Geo+MidGrad+極線對齊,109,1,,,2.3459637999913
313,13,3,1,3,3,10,50,724.265671440272,633.378605501419,6.5,724,633,11.1944504296533,4.69445042965327,4.69445042965327,valid,,,Shared Pattern Plane,Grad-SIFT+Top2Geo+MidGrad+極線對齊,109,1,,,2.61816560001171
314,13,3,1,3,4,12.5,50,740.755397443575,634.170917199401,6.5,741,634,8.6860219150186,2.1860219150186,2.1860219150186,valid,,,Shared Pattern Plane,Grad-SIFT+Top2Geo+MidGrad+極線對齊,109,1,,,2.43848769999749
315,13,3,1,3,5,15,50,757.331162455868,634.967362969307,6.5,757,635,7.45041014568638,0.950410145686384,0.950410145686384,valid,,,Shared Pattern Plane,Grad-SIFT+Top2Geo+MidGradInterp+極線對齊,109,1,,,2.27305909999995
316,13,3,1,4,1,5,52.5,692.078924024089,649.110021910567,6.5,692,649,5.57341233452652,-0.926587665473478,0.926587665473478,valid,,,Shared Pattern Plane,Grad-SIFT+Top2Geo+MidGrad+極線對齊,109,1,,,2.33623709999665
317,13,3,1,4,2,7.5,52.5,708.381884345499,649.938036033198,6.5,708,650,4.68428893646904,-1.81571106353096,1.81571106353096,valid,,,Shared Pattern Plane,Grad-SIFT+Top2Geo+MidGrad+極線對齊,109,1,,,4.02891919999092
318,13,3,1,4,3,10,52.5,724.769373676778,650.770343315633,6.5,725,651,12.4535310187059,5.95353101870587,5.95353101870587,valid,,,Shared Pattern Plane,Grad-SIFT+Top2Geo+MidGrad+極線對齊,109,1,,,2.38534680000157
319,13,3,1,4,4,12.5,52.5,741.242051136722,651.606977233981,6.5,741,652,5.69091400165122,-0.809085998348782,0.809085998348782,valid,,,Shared Pattern Plane,Grad-SIFT+Top2Geo+MidGrad+極線對齊,109,1,,,2.29144829999132
320,13,3,1,4,5,15,52.5,757.800582714665,652.4479716133,6.5,758,652,11.3880823452048,4.88808234520481,4.88808234520481,valid,,,Shared Pattern Plane,Grad-SIFT+Top2Geo+MidGradInterp+極線對齊,109,1,,,2.18273580000096
321,13,3,1,5,1,5,55,692.614991674927,666.37559984103,6.5,693,666,,,,failed,Top2-Geo: HIGH/MID 均未通過支援點與 RANSAC 門檻,,,,109,,,,2.49655809999967
322,13,3,1,5,2,7.5,55,708.901300597691,667.2472928389,6.5,709,667,6.27111043513954,-0.228889564860458,0.228889564860458,valid,,,Shared Pattern Plane,Grad-SIFT+Top2Geo+MidGrad+極線對齊,109,1,,,2.74172740000358
323,13,3,1,5,3,10,55,725.271958533691,668.123500453591,6.5,725,668,3.971950301024,-2.528049698976,2.528049698976,valid,,,Shared Pattern Plane,Grad-SIFT+Top2Geo+MidGrad+極線對齊,109,1,,,2.36797540000407
324,13,3,1,5,4,12.5,55,741.72762246678,669.004257848885,6.5,742,669,6.37532015725948,-0.12467984274052,0.12467984274052,valid,,,Shared Pattern Plane,Grad-SIFT+Top2Geo+MidGrad+極線對齊,109,1,,,2.25505120000162
325,13,3,1,5,5,15,55,758.268956221461,669.889600554698,6.5,758,670,7.40165729296675,0.901657292966746,0.901657292966746,valid,,,Shared Pattern Plane,Grad-SIFT+Top2Geo+MidGradInterp+極線對齊,109,1,,,2.28018440000596
326,14,3,2,1,1,25,45,823.708329686801,602.753006555668,6,824,603,7.85803805112658,1.85803805112658,1.85803805112658,valid,,,Shared Pattern Plane,Grad-SIFT+Top2Geo+MidGradInterp+極線對齊,109,1,,,2.17973629999324
327,14,3,2,1,2,27.5,45,840.76105998487,603.478573250427,6,841,603,7.29112492910488,1.29112492910488,1.29112492910488,valid,,,Shared Pattern Plane,Grad-SIFT+Top2Geo+MidGradInterp+極線對齊,109,1,,,2.25976339999761
328,14,3,2,1,3,30,45,857.904387508153,604.207994713784,6,858,604,7.35978053142125,1.35978053142125,1.35978053142125,valid,,,Shared Pattern Plane,Grad-SIFT+Top2Geo+MidGrad+極線對齊,109,1,,,2.48884839999664
329,14,3,2,1,4,32.5,45,875.139036162883,604.941301746802,6,875,605,7.609056874565,1.609056874565,1.609056874565,valid,,,Shared Pattern Plane,Grad-SIFT+Top2Geo+MidGradInterp+極線對齊,109,1,,,2.54226819999167
330,14,3,2,1,5,35,45,892.465737588273,605.678525479574,6,892,606,7.1783613759409,1.1783613759409,1.1783613759409,valid,,,Shared Pattern Plane,Grad-SIFT+Top2Geo+MidGradInterp+極線對齊,109,1,,,2.65147270000307
331,14,3,2,2,1,25,47.5,824.108728220753,620.49410718165,6,824,620,9.59779171551648,3.59779171551648,3.59779171551648,valid,,,Shared Pattern Plane,Grad-SIFT+Top2Geo+MidGrad+極線對齊,109,1,,,2.70224410000083
332,14,3,2,2,2,27.5,47.5,841.143189094919,621.26580051367,6,841,621,7.48074013562007,1.48074013562007,1.48074013562007,valid,,,Shared Pattern Plane,Grad-SIFT+Top2Geo+MidGrad+極線對齊,109,1,,,2.44458660000237
333,14,3,2,2,3,30,47.5,858.268047280287,622.041589015053,6,858,622,8.47836874525823,2.47836874525823,2.47836874525823,valid,,,Shared Pattern Plane,Grad-SIFT+Top2Geo+MidGrad+極線對齊,109,1,,,2.31365530000767
334,14,3,2,2,4,32.5,47.5,875.484024262619,622.821505370471,6,875,623,9.40025237519925,3.40025237519925,3.40025237519925,valid,,,Shared Pattern Plane,Grad-SIFT+Top2Geo+MidGrad+極線對齊,109,1,,,2.4321065999975
335,14,3,2,2,5,35,47.5,892.791849225994,623.605582613342,6,893,624,7.18443162562191,1.18443162562191,1.18443162562191,valid,,,Shared Pattern Plane,Grad-SIFT+Top2Geo+MidGrad+極線對齊,109,1,,,2.27079070000036
336,14,3,2,3,1,25,50,824.508222481137,638.195140706997,6,825,638,11.1092834248083,5.1092834248083,5.1092834248083,valid,,,Shared Pattern Plane,Grad-SIFT+Top2Geo+MidGrad+極線對齊,109,1,,,2.70507379999617
337,14,3,2,3,2,27.5,50,841.524452910439,639.01275031567,6,842,639,8.10149286478091,2.10149286478091,2.10149286478091,valid,,,Shared Pattern Plane,Grad-SIFT+Top2Geo+MidGrad+極線對齊,109,1,,,2.46664850000525
338,14,3,2,3,3,30,50,858.630881397434,639.834693833605,6,859,640,7.68728807125978,1.68728807125978,1.68728807125978,valid,,,Shared Pattern Plane,Grad-SIFT+Top2Geo+MidGrad+極線對齊,109,1,,,2.52139789999637
339,14,3,2,3,4,32.5,50,875.828227018188,640.66100581155,6,876,641,7.12315774352001,1.12315774352001,1.12315774352001,valid,,,Shared Pattern Plane,Grad-SIFT+Top2Geo+MidGrad+極線對齊,109,1,,,2.56058089999715
340,14,3,2,3,5,35,50,893.117216512615,641.491721168493,6,893,641,10.1607871756476,4.16078717564761,4.16078717564761,valid,,,Shared Pattern Plane,Grad-SIFT+Top2Geo+MidGrad+極線對齊,109,1,,,2.70075030000589
341,14,3,2,4,1,25,52.5,824.906815527861,655.856242711948,6,825,656,10.9834189057697,4.98341890576966,4.98341890576966,valid,,,Shared Pattern Plane,Grad-SIFT+Top2Geo+MidGrad+極線對齊,109,1,,,2.4660625999968
342,14,3,2,4,2,27.5,52.5,841.904854367172,656.719559308351,6,842,657,11.272753986389,5.27275398638898,5.27275398638898,valid,,,Shared Pattern Plane,Grad-SIFT+Top2Geo+MidGrad+極線對齊,109,1,,,2.48239319999993
343,14,3,2,4,3,30,52.5,858.992892668263,657.587446904371,6,859,658,8.56442744382362,2.56442744382362,2.56442744382362,valid,,,Shared Pattern Plane,Grad-SIFT+Top2Geo+MidGrad+極線對齊,109,1,,,2.46483500000613
344,14,3,2,4,4,32.5,52.5,876.171647108223,658.459941899456,6,876,658,7.61902964121827,1.61902964121827,1.61902964121827,valid,,,Shared Pattern Plane,Grad-SIFT+Top2Geo+MidGrad+極線對齊,109,1,,,2.56218269999954
345,14,3,2,4,5,35,52.5,893.441841993709,659.337081080552,6,893,659,8.2781343075935,2.2781343075935,2.2781343075935,valid,,,Shared Pattern Plane,Grad-SIFT+Top2Geo+MidGrad+極線對齊,109,1,,,2.82964280000306
346,14,3,2,5,1,25,55,825.304510407043,673.477548165726,6,825,673,6.10840665511171,0.108406655111715,0.108406655111715,valid,,,Shared Pattern Plane,Grad-SIFT+Top2Geo+MidGrad+極線對齊,109,1,,,2.70571169999312
347,14,3,2,5,2,27.5,55,842.284396387591,674.386363526166,6,842,674,5.2435453342284,-0.756454665771597,0.756454665771597,valid,,,Shared Pattern Plane,Grad-SIFT+Top2Geo+MidGrad+極線對齊,109,1,,,2.38760929999989
348,14,3,2,5,3,30,55,859.354083888718,675.299985338273,6,859,675,5.65688251429539,-0.343117485704615,0.343117485704615,valid,,,Shared Pattern Plane,Grad-SIFT+Top2Geo+MidGrad+極線對齊,109,1,,,2.3810150000063
349,14,3,2,5,4,32.5,55,876.514287199188,676.218451832965,6,877,676,6.49402674201967,0.494026742019672,0.494026742019672,valid,,,Shared Pattern Plane,Grad-SIFT+Top2Geo+MidGrad+極線對齊,109,1,,,2.52580389998911
350,14,3,2,5,5,35,55,893.765728203251,677.141801647691,6,894,677,7.38232761548404,1.38232761548404,1.38232761548404,valid,,,Shared Pattern Plane,Grad-SIFT+Top2Geo+MidGrad+極線對齊,109,1,,,2.57517240000016
351,15,3,3,1,1,45,45,962.707980279719,608.667221774611,5.5,963,609,8.80839629697375,3.30839629697375,3.30839629697375,valid,,,Shared Pattern Plane,Grad-SIFT+Top2Geo+MidGradInterp+極線對齊,109,1,,,2.44688199998927
352,15,3,3,1,2,47.5,45,980.50619814245,609.424507785797,5.5,981,609,8.89616758767149,3.39616758767149,3.39616758767149,valid,,,Shared Pattern Plane,Grad-SIFT+Top2Geo+MidGradInterp+極線對齊,109,1,,,2.40059380000457
353,15,3,3,1,3,50,45,998.401026920064,610.185904438562,5.5,998,610,7.89979188101586,2.39979188101586,2.39979188101586,valid,,,Shared Pattern Plane,Grad-SIFT+Top2Geo+MidGradInterp+極線對齊,109,1,,,2.48905129999912
354,15,3,3,1,4,52.5,45,1016.3932553772,610.951445293593,5.5,1016,611,8.17669881626264,2.67669881626264,2.67669881626264,valid,,,Shared Pattern Plane,Grad-SIFT+Top2Geo+MidGradInterp+極線對齊,109,1,,,2.35131649998948
355,15,3,3,1,5,55,45,1034.48368088827,611.721164277909,5.5,1034,612,8.47938959396697,2.97938959396697,2.97938959396697,valid,,,Shared Pattern Plane,Grad-SIFT+Top2Geo+MidGrad+極線對齊,109,1,,,2.41246520000277
356,15,3,3,2,1,45,47.5,962.956487824455,626.784173597231,5.5,963,627,8.47337862727516,2.97337862727516,2.97337862727516,valid,,,Shared Pattern Plane,Grad-SIFT+Top2Geo+MidGradInterp+極線對齊,109,1,,,2.41621309999027
357,15,3,3,2,2,47.5,47.5,980.734767195525,627.589563315567,5.5,981,628,8.10729845628624,2.60729845628624,2.60729845628624,valid,,,Shared Pattern Plane,Grad-SIFT+Top2Geo+MidGradInterp+極線對齊,109,1,,,2.46920739999041
358,15,3,3,2,3,50,47.5,998.609437199754,628.399319712099,5.5,999,628,7.55258138269088,2.05258138269088,2.05258138269088,valid,,,Shared Pattern Plane,Grad-SIFT+Top2Geo+MidGradInterp+極線對齊,109,1,,,2.65420959999028
359,15,3,3,2,4,52.5,47.5,1016.58128388707,629.213478396376,5.5,1017,629,7.7838265602278,2.2838265602278,2.2838265602278,valid,,,Shared Pattern Plane,Grad-SIFT+Top2Geo+MidGradInterp+極線對齊,109,1,,,2.60977360000834
360,15,3,3,2,5,55,47.5,1034.6511018775,630.032075366192,5.5,1035,630,7.63115120722765,2.13115120722765,2.13115120722765,valid,,,Shared Pattern Plane,Grad-SIFT+Top2Geo+MidGradInterp+極線對齊,109,1,,,2.39720130000205
361,15,3,3,3,1,45,50,963.204422039241,644.859327932031,5.5,963,645,8.12374657268209,2.62374657268209,2.62374657268209,valid,,,Shared Pattern Plane,Grad-SIFT+Top2Geo+MidGradInterp+極線對齊,109,1,,,2.49361780000618
362,15,3,3,3,2,47.5,50,980.962807494569,645.712597205924,5.5,981,646,7.7580697461016,2.2580697461016,2.2580697461016,valid,,,Shared Pattern Plane,Grad-SIFT+Top2Geo+MidGradInterp+極線對齊,109,1,,,2.16374910000013
363,15,3,3,3,3,50,50,998.817364053696,646.570487386831,5.5,999,647,7.61081361510075,2.11081361510075,2.11081361510075,valid,,,Shared Pattern Plane,Grad-SIFT+Top2Geo+MidGradInterp+極線對齊,109,1,,,2.37247149999894
364,15,3,3,3,4,52.5,50,1016.76887506427,647.433036113674,5.5,1017,647,6.73517173208955,1.23517173208955,1.23517173208955,valid,,,Shared Pattern Plane,Grad-SIFT+Top2Geo+MidGradInterp+極線對齊,109,1,,,2.30963170000177
365,15,3,3,3,5,55,50,1034.81813240464,648.300281435263,5.5,1035,648,5.85669122521857,0.356691225218567,0.356691225218567,valid,,,Shared Pattern Plane,Grad-SIFT+Top2Geo+MidGradInterp+極線對齊,109,1,,,2.54357130000426
366,15,3,3,4,1,45,52.5,963.45178490588,662.892829258368,5.5,963,663,8.70824233420115,3.20824233420115,3.20824233420115,valid,,,Shared Pattern Plane,Grad-SIFT+Top2Geo+MidGradInterp+極線對齊,109,1,,,2.39073539999663
367,15,3,3,4,2,47.5,52.5,981.190320872231,663.793755102838,5.5,981,664,8.98711894142027,3.48711894142027,3.48711894142027,valid,,,Shared Pattern Plane,Grad-SIFT+Top2Geo+MidGradInterp+極線對齊,109,1,,,2.41063559999748
368,15,3,3,4,3,50,52.5,999.024809161966,664.699554287935,5.5,999,665,6.57353791181469,1.07353791181469,1.07353791181469,valid,,,Shared Pattern Plane,Grad-SIFT+Top2Geo+MidGradInterp+極線對齊,109,1,,,2.3667659000057
369,15,3,3,4,4,52.5,52.5,1016.95603043283,665.610266462631,5.5,1017,666,4.63320805143263,-0.866791948567372,0.866791948567372,valid,,,Shared Pattern Plane,Grad-SIFT+Top2Geo+MidGradInterp+極線對齊,109,1,,,2.38136519999534
370,15,3,3,4,5,55,52.5,1034.98477383406,666.525931707175,5.5,1035,667,4.43551094213547,-1.06448905786453,1.06448905786453,valid,,,Shared Pattern Plane,Grad-SIFT+Top2Geo+MidGradInterp+極線對齊,109,1,,,2.31629740000062
371,15,3,3,5,1,45,55,963.698578397049,680.884821390477,5.5,964,681,8.01573504417753,2.51573504417753,2.51573504417753,valid,,,Shared Pattern Plane,Grad-SIFT+Top2Geo+MidGradInterp+極線對齊,109,1,,,2.11162860000331
372,15,3,3,5,2,47.5,55,981.4173091527,681.833181979981,5.5,981,682,5.5572087360834,0.0572087360834006,0.0572087360834006,valid,,,Shared Pattern Plane,Grad-SIFT+Top2Geo+MidGrad+極線對齊,109,1,,,2.52608750000945
373,15,3,3,5,3,50,55,999.231774196859,682.786666561014,5.5,999,683,5.3949099697801,-0.105090030219896,0.105090030219896,valid,,,Shared Pattern Plane,Grad-SIFT+Top2Geo+MidGrad+極線對齊,109,1,,,2.4198017000017
374,15,3,3,5,4,52.5,55,1017.14275150967,683.745316773448,5.5,1017,684,4.53883714695881,-0.961162853041193,0.961162853041193,valid,,,Shared Pattern Plane,Grad-SIFT+Top2Geo+MidGradInterp+極線對齊,109,1,,,2.46772239998973
375,15,3,3,5,5,55,55,1035.1510275238,684.709174709563,5.5,1035,685,4.28984668378857,-1.21015331621143,1.21015331621143,valid,,,Shared Pattern Plane,Grad-SIFT+Top2Geo+MidGradInterp+極線對齊,109,1,,,2.35143590001098
376,16,3,4,1,1,65,45,1107.84360895252,614.842513153013,5,1108,615,8.33945642575171,3.33945642575171,3.33945642575171,valid,,,Shared Pattern Plane,Grad-SIFT+Top2Geo+MidGradInterp+極線對齊,109,1,,,2.48158070001227
377,16,3,4,1,2,67.5,45,1126.43729004613,615.633644866157,5,1126,616,8.97249116645246,3.97249116645246,3.97249116645246,valid,,,Shared Pattern Plane,Grad-SIFT+Top2Geo+MidGradInterp+極線對齊,109,1,,,2.21381180000026
378,16,3,4,1,3,70,45,1145.13413997943,616.429166250205,5,1145,616,7.62578768019313,2.62578768019313,2.62578768019313,valid,,,Shared Pattern Plane,Grad-SIFT+Top2Geo+MidGradInterp+極線對齊,109,1,,,2.3285060999915
379,16,3,4,1,4,72.5,45,1163.93501980468,617.229113941567,5,1164,617,7.44873432251004,2.44873432251004,2.44873432251004,valid,,,Shared Pattern Plane,Grad-SIFT+Top2Geo+MidGrad+極線對齊,109,1,,,2.39989090000745
380,16,3,4,1,5,75,45,1182.84080018272,618.033524985486,5,1183,618,6.19597587702564,1.19597587702564,1.19597587702564,valid,,,Shared Pattern Plane,Grad-SIFT+Top2Geo+MidGrad+極線對齊,109,1,,,2.40420849999646
381,16,3,4,2,1,65,47.5,1107.9262858376,633.351579944721,5,1108,633,6.48694007909265,1.48694007909265,1.48694007909265,valid,,,Shared Pattern Plane,Grad-SIFT+Top2Geo+MidGradInterp+極線對齊,109,1,,,2.44316539999272
382,16,3,4,2,2,67.5,47.5,1126.49818790494,634.192922273907,5,1126,634,6.53907876514135,1.53907876514135,1.53907876514135,valid,,,Shared Pattern Plane,Grad-SIFT+Top2Geo+MidGradInterp+極線對齊,109,1,,,2.44498349999776
383,16,3,4,2,3,70,47.5,1145.17301566331,635.038927331784,5,1145,635,5.49728703180349,0.497287031803486,0.497287031803486,valid,,,Shared Pattern Plane,Grad-SIFT+Top2Geo+MidGradInterp+極線對齊,109,1,,,2.35199219999777
384,16,3,4,2,4,72.5,47.5,1163.95162711322,635.889633987401,5,1164,636,5.8993802827431,0.899380282743095,0.899380282743095,valid,,,Shared Pattern Plane,Grad-SIFT+Top2Geo+MidGradInterp+極線對齊,109,1,,,2.23788950000016
385,16,3,4,2,5,75,47.5,1182.83488981833,636.745081543034,5,1183,637,5.47978280615562,0.479782806155622,0.479782806155622,valid,,,Shared Pattern Plane,Grad-SIFT+Top2Geo+MidGradInterp+極線對齊,109,1,,,2.34914330000174
386,16,3,4,3,1,65,50,1108.00876777929,651.817004307339,5,1108,652,4.63714928807352,-0.362850711926478,0.362850711926478,valid,,,Shared Pattern Plane,Grad-SIFT+Top2Geo+MidGradInterp+極線對齊,109,1,,,2.3854607000103
387,16,3,4,3,2,67.5,50,1126.5589417767,652.708318077792,5,1127,653,4.89315808317799,-0.106841916822014,0.106841916822014,valid,,,Shared Pattern Plane,Grad-SIFT+Top2Geo+MidGradInterp+極線對齊,109,1,,,2.33252310000535
388,16,3,4,3,3,70,50,1145.21179917501,653.604565663381,5,1145,654,4.71223388856152,-0.287766111438482,0.287766111438482,valid,,,Shared Pattern Plane,Grad-SIFT+Top2Geo+MidGradInterp+極線對齊,109,1,,,2.42901839999831
389,16,3,4,3,4,72.5,50,1163.96819493744,654.505788144068,5,1164,655,4.18142791079833,-0.818572089201666,0.818572089201666,valid,,,Shared Pattern Plane,Grad-SIFT+Top2Geo+MidGradInterp+極線對齊,109,1,,,2.41217759999563
390,16,3,4,3,5,75,50,1182.8289935451,655.412027057143,5,1183,655,5.1633587187057,0.1633587187057,0.1633587187057,valid,,,Shared Pattern Plane,Grad-SIFT+Top2Geo+MidGradInterp+極線對齊,109,1,,,2.28486960000009
391,16,3,4,4,1,65,52.5,1108.09105546627,670.238940415477,5,1108,670,3.38428742952053,-1.61571257047947,1.61571257047947,valid,,,Shared Pattern Plane,Grad-SIFT+Top2Geo+MidGradInterp+極線對齊,109,1,,,2.37359569998807
392,16,3,4,4,2,67.5,52.5,1126.61955217147,671.179987724711,5,1127,671,3.98676996779428,-1.01323003220572,1.01323003220572,valid,,,Shared Pattern Plane,Grad-SIFT+Top2Geo+MidGradInterp+極線對齊,109,1,,,2.49556119999033
393,16,3,4,4,3,70,52.5,1145.25049084196,672.126237978218,5,1145,672,3.30800243632849,-1.69199756367151,1.69199756367151,valid,,,Shared Pattern Plane,Grad-SIFT+Top2Geo+MidGradInterp+極線對齊,109,1,,,2.37722299998859
394,16,3,4,4,4,72.5,52.5,1163.98472341799,673.077734445349,5,1164,673,3.58928784303914,-1.41071215696086,1.41071215696086,valid,,,Shared Pattern Plane,Grad-SIFT+Top2Geo+MidGradInterp+極線對齊,109,1,,,2.35943810000026
395,16,3,4,4,5,75,52.5,1182.8231113127,674.034520876579,5,1183,674,3.45135237135651,-1.54864762864349,1.54864762864349,valid,,,Shared Pattern Plane,Grad-SIFT+Top2Geo+MidGradInterp+極線對齊,109,1,,,2.16569090000121
396,16,3,4,5,1,65,55,1108.17314958398,688.6175417184,5,1108,689,3.43616673620765,-1.56383326379235,1.56383326379235,valid,,,Shared Pattern Plane,Grad-SIFT+Top2Geo+MidGradInterp+極線對齊,109,1,,,2.56347720000485
397,16,3,4,5,2,67.5,55,1126.68001959689,689.608085928218,5,1127,690,3.48150445295304,-1.51849554704696,1.51849554704696,valid,,,Shared Pattern Plane,Grad-SIFT+Top2Geo+MidGradInterp+極線對齊,109,1,,,2.46012520001386
398,16,3,4,5,3,70,55,1145.28909099002,690.604100268064,5,1145,691,2.98591051064688,-2.01408948935312,2.01408948935312,valid,,,Shared Pattern Plane,Grad-SIFT+Top2Geo+MidGradInterp+極線對齊,109,1,,,2.40382569999201
399,16,3,4,5,4,72.5,55,1164.00121269483,691.605630175346,5,1164,692,2.84074797544262,-2.15925202455738,2.15925202455738,valid,,,Shared Pattern Plane,Grad-SIFT+Top2Geo+MidGradInterp+極線對齊,109,1,,,2.44214980000106
400,16,3,4,5,5,75,55,1182.81724307102,692.612721592095,5,1183,693,3.14306349066146,-1.85693650933854,1.85693650933854,valid,,,Shared Pattern Plane,Grad-SIFT+Top2Geo+MidGradInterp+極線對齊,109,1,,,2.36596659998759
401,17,3,5,1,1,85,45,1259.53068433002,621.296558223542,4.5,1260,621,5.93480779137835,1.43480779137835,1.43480779137835,valid,,,Shared Pattern Plane,Grad-SIFT+Top2Geo+MidGradInterp+極線對齊,109,1,,,2.38113589999557
402,17,3,5,1,2,87.5,45,1278.97437322099,622.123856423651,4.5,1279,622,5.82223427431015,1.32223427431015,1.32223427431015,valid,,,Shared Pattern Plane,Grad-SIFT+Top2Geo+MidGradInterp+極線對齊,109,1,,,2.37228969999705
403,17,3,5,1,3,90,45,1298.52839609741,622.95584916028,4.5,1299,623,5.29133659981159,0.791336599811586,0.791336599811586,valid,,,Shared Pattern Plane,Grad-SIFT+Top2Geo+MidGradInterp+極線對齊,109,1,,,2.5000960000034
404,17,3,5,1,4,92.5,45,1318.19369477333,623.792576506127,4.5,1318,624,5.27173786870057,0.771737868700573,0.771737868700573,valid,,,Shared Pattern Plane,Grad-SIFT+Top2Geo+MidGradInterp+極線對齊,109,1,,,2.36700050000218
405,17,3,5,1,5,95,45,1337.97122181255,624.634078991273,4.5,1338,625,5.29849138229959,0.798491382299594,0.798491382299594,valid,,,Shared Pattern Plane,Grad-SIFT+Top2Geo+MidGradInterp+極線對齊,109,1,,,2.44035030000668
406,17,3,5,2,1,85,47.5,1259.43214671694,640.215082315957,4.5,1259,640,5.08291939540737,0.582919395407365,0.582919395407365,valid,,,Shared Pattern Plane,Grad-SIFT+Top2Geo+MidGradInterp+極線對齊,109,1,,,2.43105119999382
407,17,3,5,2,2,87.5,47.5,1278.85202334042,641.09483949816,4.5,1279,641,5.01374483002866,0.513744830028659,0.513744830028659,valid,,,Shared Pattern Plane,Grad-SIFT+Top2Geo+MidGradInterp+極線對齊,109,1,,,2.37901319999946
408,17,3,5,2,3,90,47.5,1298.38196506768,641.97958283797,4.5,1298,642,5.04874042145414,0.548740421454145,0.548740421454145,valid,,,Shared Pattern Plane,Grad-SIFT+Top2Geo+MidGradInterp+極線對齊,109,1,,,2.22468220000155
409,17,3,5,2,4,92.5,47.5,1318.02291027398,642.869354845563,4.5,1318,643,4.92816340776212,0.428163407762123,0.428163407762123,valid,,,Shared Pattern Plane,Grad-SIFT+Top2Geo+MidGradInterp+極線對齊,109,1,,,2.43926120000833
410,17,3,5,2,5,95,47.5,1337.77580803197,643.764198515728,4.5,1338,644,4.84967110698787,0.349671106987874,0.349671106987874,valid,,,Shared Pattern Plane,Grad-SIFT+Top2Geo+MidGradInterp+極線對齊,109,1,,,2.4203078999999
411,17,3,5,3,1,85,50,1259.33384667649,659.087994145756,4.5,1259,659,5.23534330624439,0.735343306244388,0.735343306244388,valid,,,Shared Pattern Plane,Grad-SIFT+Top2Geo+MidGradInterp+極線對齊,109,1,,,2.33842040000309
412,17,3,5,3,2,87.5,50,1278.72996927605,660.019954739161,4.5,1279,660,4.00904196323352,-0.490958036766483,0.490958036766483,valid,,,Shared Pattern Plane,Grad-SIFT+Top2Geo+MidGrad+極線對齊,109,1,,,2.61297049999121
413,17,3,5,3,3,90,50,1298.23588907936,660.957190957457,4.5,1298,661,3.63926497175179,-0.860735028248209,0.860735028248209,valid,,,Shared Pattern Plane,Grad-SIFT+Top2Geo+MidGrad+極線對齊,109,1,,,2.34356429999752
414,17,3,5,3,4,92.5,50,1317.85254103959,661.899747724029,4.5,1318,662,6.13079412606806,1.63079412606806,1.63079412606806,valid,,,Shared Pattern Plane,Grad-SIFT+Top2Geo+MidGrad+極線對齊,109,1,,,2.37618409999413
415,17,3,5,3,5,95,50,1337.58087075534,662.847670473764,4.5,1338,663,3.39662514413461,-1.10337485586539,1.10337485586539,valid,,,Shared Pattern Plane,Grad-SIFT+Top2Geo+MidGrad+極線對齊,109,1,,,2.38828430000285
416,17,3,5,4,1,85,52.5,1259.23578335052,677.915458469992,4.5,1259,678,3.53534930177006,-0.964650698229936,0.964650698229936,valid,,,Shared Pattern Plane,Grad-SIFT+Top2Geo+MidGrad+極線對齊,109,1,,,2.37038140000368
417,17,3,5,4,2,87.5,52.5,1278.60820995633,678.899368293913,4.5,1279,679,3.03268203486801,-1.46731796513199,1.46731796513199,valid,,,Shared Pattern Plane,Grad-SIFT+Top2Geo+MidGrad+極線對齊,109,1,,,2.38209240000288
418,17,3,5,4,3,90,52.5,1298.09016684272,679.888841071887,4.5,1298,680,5.05759547618434,0.557595476184341,0.557595476184341,valid,,,Shared Pattern Plane,Grad-SIFT+Top2Geo+MidGradInterp+極線對齊,109,1,,,2.17444909999904
419,17,3,5,4,4,92.5,52.5,1317.68258555743,680.883924116465,4.5,1318,681,4.49971692964392,-0.000283070356076998,0.000283070356076998,valid,,,Shared Pattern Plane,Grad-SIFT+Top2Geo+MidGradInterp+極線對齊,109,1,,,2.19665630000236
420,17,3,5,4,5,95,52.5,1337.38640824187,681.884665278247,4.5,1337,682,5.04563461703662,0.545634617036618,0.545634617036618,valid,,,Shared Pattern Plane,Grad-SIFT+Top2Geo+MidGrad+極線對齊,109,1,,,2.50539469999785
421,17,3,5,5,1,85,55,1259.13795588503,696.697639253175,4.5,1259,697,3.44293712967715,-1.05706287032285,1.05706287032285,valid,,,Shared Pattern Plane,Grad-SIFT+Top2Geo+MidGrad+極線對齊,109,1,,,2.2949704000057
422,17,3,5,5,2,87.5,55,1278.4867443149,697.733245508193,4.5,1278,698,3.80553175793571,-0.694468242064294,0.694468242064294,valid,,,Shared Pattern Plane,Grad-SIFT+Top2Geo+MidGrad+極線對齊,109,1,,,2.39587600000959
423,17,3,5,5,3,90,55,1297.94479707432,698.774699923863,4.5,1298,699,3.21389603694925,-1.28610396305075,1.28610396305075,valid,,,Shared Pattern Plane,Grad-SIFT+Top2Geo+MidGrad+極線對齊,109,1,,,2.37171300000045
424,17,3,5,5,4,92.5,55,1317.51304232208,699.822052178076,4.5,1318,700,4.89609748131669,0.396097481316692,0.396097481316692,valid,,,Shared Pattern Plane,Grad-SIFT+Top2Geo+MidGrad+極線對齊,109,1,,,2.19399410000187
425,17,3,5,5,5,95,55,1337.19241875929,700.875352512984,4.5,1337,701,6.14252337152477,1.64252337152477,1.64252337152477,valid,,,Shared Pattern Plane,Grad-SIFT+Top2Geo+MidGrad+極線對齊,109,1,,,2.20327750001161
426,18,3,6,1,1,105,45,1418.22304980611,628.048667304574,4,1418,628,,,,failed,Top2-Geo: HIGH/MID 均未通過支援點與 RANSAC 門檻,,,,109,,,,2.47664310000255
427,18,3,6,1,2,107.5,45,1438.5763942752,628.91466991035,4,1439,629,6.34030220534581,2.34030220534581,2.34030220534581,valid,,,Shared Pattern Plane,Grad-SIFT+Top2Geo+MidGrad+極線對齊,109,1,,,2.29052420001244
428,18,3,6,1,3,110,45,1459.04791703614,629.785700815472,4,1459,630,7.90108450630246,3.90108450630246,3.90108450630246,valid,,,Shared Pattern Plane,Grad-SIFT+Top2Geo+MidGrad+極線對齊,109,1,,,2.37085509998724
429,18,3,6,1,4,112.5,45,1479.63865035951,630.661803941421,4,1480,631,5.85298008769334,1.85298008769334,1.85298008769334,valid,,,Shared Pattern Plane,Grad-SIFT+Top2Geo+MidGrad+極線對齊,109,1,,,2.4072457000002
430,18,3,6,1,5,115,45,1500.34963857333,631.543023722702,4,1500,632,7.32503717325897,3.32503717325897,3.32503717325897,valid,,,Shared Pattern Plane,Grad-SIFT+Top2Geo+MidGradInterp+極線對齊,109,1,,,2.34399660000054
431,18,3,6,2,1,105,47.5,1417.92628907792,647.395167070487,4,1418,647,,,,failed,Top2-Geo: HIGH/MID 均未通過支援點與 RANSAC 門檻,,,,109,,,,2.32286450000538
432,18,3,6,2,2,107.5,47.5,1438.253570943,648.316031428289,4,1438,648,,,,failed,Top2-Geo: HIGH/MID 均未通過支援點與 RANSAC 門檻,,,,109,,,,2.04798930000106
433,18,3,6,2,3,110,47.5,1458.69873318899,649.242235990549,4,1459,649,,,,failed,Top2-Geo: HIGH/MID 均未通過支援點與 RANSAC 門檻,,,,109,,,,2.18041909999738
434,18,3,6,2,4,112.5,47.5,1479.26280420175,650.173827345096,4,1479,650,6.21844153716712,2.21844153716712,2.21844153716712,valid,,,Shared Pattern Plane,Grad-SIFT+Top2Geo+MidGrad+極線對齊,109,1,,,2.44956339999044
435,18,3,6,2,5,115,47.5,1499.9468243642,651.110852623245,4,1500,651,9.92477998116125,5.92477998116125,5.92477998116125,valid,,,Shared Pattern Plane,Grad-SIFT+Top2Geo+MidGrad+極線對齊,109,1,,,2.49590619999799
436,18,3,6,3,1,105,50,1417.63026031586,666.693948316854,4,1418,667,6.91311119077829,2.91311119077829,2.91311119077829,valid,,,Shared Pattern Plane,Grad-SIFT+Top2Geo+HighGrad+極線對齊,109,1,,,2.46060079999734
437,18,3,6,3,2,107.5,50,1437.93154616011,667.66940092627,4,1438,668,,,,failed,Top2-Geo: HIGH/MID 均未通過支援點與 RANSAC 門檻,,,,109,,,,2.35791360000439
438,18,3,6,3,3,110,50,1458.35041559902,668.650503287387,4,1458,669,,,,failed,Top2-Geo: HIGH/MID 均未通過支援點與 RANSAC 門檻,,,,109,,,,2.32729199998721
439,18,3,6,3,4,112.5,50,1478.88789315321,669.637304627202,4,1479,670,,,,failed,Top2-Geo: HIGH/MID 均未通過支援點與 RANSAC 門檻,,,,109,,,,2.4837203000061
440,18,3,6,3,5,115,50,1499.54501528036,670.62985474627,4,1500,671,6.78156548058599,2.78156548058599,2.78156548058599,valid,,,Shared Pattern Plane,Grad-SIFT+Top2Geo+MidGrad+極線對齊,109,1,,,2.61824770001112
441,18,3,6,4,1,105,52.5,1417.33496081516,685.945187374203,4,1417,686,5.43992621693531,1.43992621693531,1.43992621693531,valid,,,Shared Pattern Plane,Grad-SIFT+Top2Geo+MidGrad+極線對齊,109,1,,,2.28632830000424
442,18,3,6,4,2,107.5,52.5,1437.61031696719,686.974956256925,4,1438,687,5.48692659202619,1.48692659202619,1.48692659202619,valid,,,Shared Pattern Plane,Grad-SIFT+Top2Geo+MidGrad+極線對齊,109,1,,,2.36059839998779
443,18,3,6,4,3,110,52.5,1458.00296104671,688.01068209829,4,1458,688,,,,failed,Top2-Geo: HIGH/MID 均未通過支援點與 RANSAC 門檻,,,,109,,,,2.47806280000077
444,18,3,6,4,4,112.5,52.5,1478.51391372841,689.052416737535,4,1479,689,,,,failed,Top2-Geo: HIGH/MID 均未通過支援點與 RANSAC 門檻,,,,109,,,,2.41778370000247
445,18,3,6,4,5,115,52.5,1499.14420756443,690.100212617147,4,1499,690,,,,failed,Top2-Geo: HIGH/MID 均未通過支援點與 RANSAC 門檻,,,,109,,,,2.67862310000055
446,18,3,6,5,1,105,55,1417.04038788434,705.149059705357,4,1417,705,4.7699948914627,0.769994891462697,0.769994891462697,valid,,,Shared Pattern Plane,Grad-SIFT+Top2Geo+MidGrad+極線對齊,109,1,,,2.39702869999746
447,18,3,6,5,2,107.5,55,1437.28988041954,706.232874395172,4,1437,706,5.32250876605612,1.32250876605612,1.32250876605612,valid,,,Shared Pattern Plane,Grad-SIFT+Top2Geo+MidGrad+極線對齊,109,1,,,2.42038699999102
448,18,3,6,5,3,110,55,1457.65636632846,707.322950927688,4,1458,707,5.86679793108654,1.86679793108654,1.86679793108654,valid,,,Shared Pattern Plane,Grad-SIFT+Top2Geo+MidGrad+極線對齊,109,1,,,2.48609849999775
449,18,3,6,5,4,112.5,55,1478.14086245913,708.419343727719,4,1478,708,5.13484978645098,1.13484978645098,1.13484978645098,valid,,,Shared Pattern Plane,Grad-SIFT+Top2Geo+MidGrad+極線對齊,109,1,,,2.45097340000211
450,18,3,6,5,5,115,55,1498.74439747773,709.52210785262,4,1499,710,-1.11629201005607,-5.11629201005607,5.11629201005607,valid,,,Shared Pattern Plane,Grad-SIFT+Top2Geo+MidGradInterp+極線對齊,109,1,,,2.37551240000175
451,19,4,1,1,1,5,65,694.747483769316,735.05855130113,3.5,695,735,4.17276952966586,0.67276952966586,0.67276952966586,valid,,,Shared Pattern Plane,Grad-SIFT+Top2Geo+MidGrad+極線對齊,109,1,,,2.40010719999555
452,19,4,1,1,2,7.5,65,710.967523615365,736.103022092338,3.5,711,736,5.98196696939194,2.48196696939194,2.48196696939194,valid,,,Shared Pattern Plane,Grad-SIFT+Top2Geo+MidGradInterp+極線對齊,109,1,,,2.53067140000348
453,19,4,1,1,3,10,65,727.271198198575,737.152878446153,3.5,727,737,6.50215185792621,3.00215185792621,3.00215185792621,valid,,,Shared Pattern Plane,Grad-SIFT+Top2Geo+MidGrad+極線對齊,109,1,,,2.47836400000961
454,19,4,1,1,4,12.5,65,743.659156054588,738.208162124283,3.5,744,738,6.34452031623476,2.84452031623476,2.84452031623476,valid,,,Shared Pattern Plane,Grad-SIFT+Top2Geo+MidGradInterp+極線對齊,109,1,,,2.65893060000963
455,19,4,1,1,5,15,65,760.132052441747,739.268915321333,3.5,760,739,7.16618313377974,3.66618313377974,3.66618313377974,valid,,,Shared Pattern Plane,Grad-SIFT+Top2Geo+MidGradInterp+極線對齊,109,1,,,3.2227705999976
456,19,4,1,2,1,5,67.5,695.277681554229,752.135073564076,3.5,695,752,3.77849981067188,0.278499810671883,0.278499810671883,valid,,,Shared Pattern Plane,Grad-SIFT+Top2Geo+MidGrad+極線對齊,109,1,,,2.76198490000388
457,19,4,1,2,2,7.5,67.5,711.481237755004,753.2222591786,3.5,711,753,8.42711722259585,4.92711722259585,4.92711722259585,valid,,,Shared Pattern Plane,Grad-SIFT+Top2Geo+MidGradInterp+極線對齊,109,1,,,2.44763370000874
458,19,4,1,2,3,10,67.5,727.768251539485,754.315044420965,3.5,728,754,5.19314371644828,1.69314371644828,1.69314371644828,valid,,,Shared Pattern Plane,Grad-SIFT+Top2Geo+MidGrad+極線對齊,109,1,,,2.63043989999278
459,19,4,1,2,4,12.5,67.5,744.139369353905,755.4134726648,3.5,744,755,4.53831340014231,1.03831340014231,1.03831340014231,valid,,,Shared Pattern Plane,Grad-SIFT+Top2Geo+MidGrad+極線對齊,109,1,,,2.79372149999836
460,19,4,1,2,5,15,67.5,760.595244338106,756.517587732848,3.5,761,757,6.78042538950245,3.28042538950245,3.28042538950245,valid,,,Shared Pattern Plane,Grad-SIFT+Top2Geo+MidGradInterp+極線對齊,109,1,,,2.54047620001074
461,19,4,1,3,1,5,70,695.806716939579,769.17415745484,3.5,696,769,1.28573645952535,-2.21426354047465,2.21426354047465,valid,,,Shared Pattern Plane,Grad-SIFT+Top2Geo+MidGrad+極線對齊,109,1,,,2.57915879999928
462,19,4,1,3,2,7.5,70,711.993822743821,770.303867943733,3.5,712,770,1.08485654294499,-2.41514345705501,2.41514345705501,valid,,,Shared Pattern Plane,Grad-SIFT+Top2Geo+MidGrad+極線對齊,109,1,,,2.40965190000134
463,19,4,1,3,3,10,70,728.264209539764,771.439390676704,3.5,728,771,3.73816747636361,0.238167476363613,0.238167476363613,valid,,,Shared Pattern Plane,Grad-SIFT+Top2Geo+MidGrad+極線對齊,109,1,,,2.35954820000916
464,19,4,1,3,4,12.5,70,744.618521693189,772.580770624534,3.5,745,773,5.24943538232928,1.74943538232928,1.74943538232928,valid,,,Shared Pattern Plane,Grad-SIFT+Top2Geo+MidGrad+極線對齊,109,1,,,2.32503940000606
465,19,4,1,3,5,15,70,761.057410234557,773.728053223135,3.5,761,774,5.9461818336779,2.4461818336779,2.4461818336779,valid,,,Shared Pattern Plane,Grad-SIFT+Top2Geo+MidGradInterp+極線對齊,109,1,,,2.44694729999173
466,19,4,1,4,1,5,72.5,696.334593743829,786.175925957797,3.5,696,786,1.32549692219829,-2.17450307780171,2.17450307780171,valid,,,Shared Pattern Plane,Grad-SIFT+Top2Geo+MidGrad+極線對齊,109,1,,,2.49195830000099
467,19,4,1,4,2,7.5,72.5,712.505282300565,787.347972312903,3.5,713,787,6.78259388706914,3.28259388706914,3.28259388706914,valid,,,Shared Pattern Plane,Grad-SIFT+Top2Geo+MidGrad+極線對齊,109,1,,,2.41500629999791
468,19,4,1,4,3,10,72.5,728.759075816078,788.526042088947,3.5,729,789,1.66754795491097,-1.83245204508903,1.83245204508903,valid,,,Shared Pattern Plane,Grad-SIFT+Top2Geo+MidGrad+極線對齊,109,1,,,2.29320929999813
469,19,4,1,4,4,12.5,72.5,745.096616584611,789.71018183921,3.5,745,790,3.87610710773288,0.376107107732885,0.376107107732885,valid,,,Shared Pattern Plane,Grad-SIFT+Top2Geo+MidGrad+極線對齊,109,1,,,2.43778409999504
470,19,4,1,4,5,15,72.5,761.518553536314,790.900438597944,3.5,762,791,2.60952212206921,-0.890477877930787,0.890477877930787,valid,,,Shared Pattern Plane,Grad-SIFT+Top2Geo+MidGrad+極線對齊,109,1,,,3.45998739999777
471,19,4,1,5,1,5,75,696.861315768733,803.140501519241,3.5,697,803,0.702353234176182,-2.79764676582382,2.79764676582382,valid,,,Shared Pattern Plane,Grad-SIFT+Top2Geo+MidGrad+極線對齊,109,1,,,2.42840040000738
472,19,4,1,5,2,7.5,75,713.015620127669,804.354695667691,3.5,713,804,0.843184668265684,-2.65681533173432,2.65681533173432,valid,,,Shared Pattern Plane,Grad-SIFT+Top2Geo+MidGrad+極線對齊,109,1,,,2.28241759999946
473,19,4,1,5,3,10,75,729.252853969187,805.57512298411,3.5,729,806,1.61676043348812,-1.88323956651188,1.88323956651188,valid,,,Shared Pattern Plane,Grad-SIFT+Top2Geo+MidGrad+極線對齊,109,1,,,2.50072029999865
474,19,4,1,5,4,12.5,75,745.573657524857,806.801831589754,3.5,746,807,3.63219129166228,0.132191291662283,0.132191291662283,valid,,,Shared Pattern Plane,Grad-SIFT+Top2Geo+MidGradInterp+極線對齊,109,1,,,2.62703769998916
475,19,4,1,5,5,15,75,761.978677633536,808.034870102499,3.5,762,808,3.12460506346539,-0.375394936534611,0.375394936534611,valid,,,Shared Pattern Plane,Grad-SIFT+Top2Geo+MidGradInterp+極線對齊,109,1,,,2.57916019999539
476,20,4,2,1,1,25,65,826.886368692379,743.567482659798,3,827,744,7.26553017305537,4.26553017305537,4.26553017305537,valid,,,Shared Pattern Plane,Grad-SIFT+Top2Geo+MidGrad+極線對齊,109,1,,,2.70078759999888
477,20,4,2,1,2,27.5,65,843.794028095525,744.656231920705,3,844,745,5.27585359933355,2.27585359933355,2.27585359933355,valid,,,Shared Pattern Plane,Grad-SIFT+Top2Geo+MidGradInterp+極線對齊,109,1,,,2.34816160000628
478,20,4,2,1,3,30,65,860.790703744324,745.750713280264,3,861,746,4.96209589662717,1.96209589662717,1.96209589662717,valid,,,Shared Pattern Plane,Grad-SIFT+Top2Geo+MidGradInterp+極線對齊,109,1,,,2.36069859999407
479,20,4,2,1,4,32.5,65,877.877100479632,746.850972125889,3,878,747,6.64160418681648,3.64160418681648,3.64160418681648,valid,,,Shared Pattern Plane,Grad-SIFT+Top2Geo+MidGradInterp+極線對齊,109,1,,,2.44838790000358
480,20,4,2,1,5,35,65,895.053930603346,747.957054325442,3,895,748,,,,failed,Top2-Geo: HIGH/MID 均未通過支援點與 RANSAC 門檻,,,,109,,,,2.51064979999501
481,20,4,2,2,1,25,67.5,827.279617948364,760.991808749784,3,827,761,4.55643086990529,1.55643086990529,1.55643086990529,valid,,,Shared Pattern Plane,Grad-SIFT+Top2Geo+MidGrad+極線對齊,109,1,,,2.46640030000708
482,20,4,2,2,2,27.5,67.5,844.169316312425,762.12503141199,3,844,762,5.0456216178886,2.0456216178886,2.0456216178886,valid,,,Shared Pattern Plane,Grad-SIFT+Top2Geo+MidGrad+極線對齊,109,1,,,2.50176980000106
483,20,4,2,2,3,30,67.5,861.147836211711,763.264213599017,3,861,763,5.0198685880928,2.0198685880928,2.0198685880928,valid,,,Shared Pattern Plane,Grad-SIFT+Top2Geo+MidGrad+極線對齊,109,1,,,2.62276420000126
484,20,4,2,2,4,32.5,67.5,878.215880151156,764.40940244578,3,878,764,4.85319054770165,1.85319054770165,1.85319054770165,valid,,,Shared Pattern Plane,Grad-SIFT+Top2Geo+MidGrad+極線對齊,109,1,,,2.56789929998922
485,20,4,2,2,5,35,67.5,895.374158063591,765.560645585574,3,895,766,,,,failed,Top2-Geo: HIGH/MID 均未通過支援點與 RANSAC 門檻,,,,109,,,,2.42504170000029
486,20,4,2,3,1,25,70,827.671987028231,778.377135463475,3,828,778,4.58949155370509,1.58949155370509,1.58949155370509,valid,,,Shared Pattern Plane,Grad-SIFT+Top2Geo+MidGrad+極線對齊,109,1,,,2.38271629999508
487,20,4,2,3,2,27.5,70,844.543762353445,779.554629561657,3,845,780,4.96228118601869,1.96228118601869,1.96228118601869,valid,,,Shared Pattern Plane,Grad-SIFT+Top2Geo+MidGrad+極線對齊,109,1,,,2.43695139999909
488,20,4,2,3,3,30,70,861.504165141163,780.738309038201,3,862,781,,,,failed,Top2-Geo: HIGH/MID 均未通過支援點與 RANSAC 門檻,,,,109,,,,2.85712220000278
489,20,4,2,3,4,32.5,70,878.553895570707,781.928222759159,3,879,782,,,,failed,Top2-Geo: HIGH/MID 均未通過支援點與 RANSAC 門檻,,,,109,,,,2.69441450000159
490,20,4,2,3,5,35,70,895.693661216333,783.124420106677,3,896,783,,,,failed,Top2-Geo: HIGH/MID 均未通過支援點與 RANSAC 門檻,,,,109,,,,2.48447559999477
491,20,4,2,4,1,25,72.5,828.063478883709,795.723593587949,3,828,796,2.28015481718245,-0.71984518281755,0.71984518281755,valid,,,Shared Pattern Plane,Grad-SIFT+Top2Geo+MidGrad+極線對齊,109,1,,,3.11756339999556
492,20,4,2,4,2,27.5,72.5,844.917369050268,796.945158178088,3,845,797,2.47675724473494,-0.523242755265064,0.523242755265064,valid,,,Shared Pattern Plane,Grad-SIFT+Top2Geo+MidGrad+極線對齊,109,1,,,2.62079990000348
493,20,4,2,4,3,30,72.5,861.859693241539,798.173132438167,3,862,798,1.92442384972678,-1.07557615027322,1.07557615027322,valid,,,Shared Pattern Plane,Grad-SIFT+Top2Geo+MidGrad+極線對齊,109,1,,,2.79939319999539
494,20,4,2,4,4,32.5,72.5,878.891149321484,799.407566949141,3,879,799,1.20043859061739,-1.79956140938261,1.79956140938261,valid,,,Shared Pattern Plane,Grad-SIFT+Top2Geo+MidGrad+極線對齊,109,1,,,3.99667529998987
495,20,4,2,4,5,35,72.5,896.012442516214,800.648512825576,3,896,801,,,,failed,Top2-Geo: HIGH/MID 均未通過支援點與 RANSAC 門檻,,,,109,,,,2.65155680000316
496,20,4,2,5,1,25,75,828.454096453346,813.031313326136,3,828,813,2.18362683716932,-0.816373162830675,0.816373162830675,valid,,,Shared Pattern Plane,Grad-SIFT+Top2Geo+MidGrad+極線對齊,109,1,,,2.65779899999325
497,20,4,2,5,2,27.5,75,845.2901392219,814.296748479419,3,845,814,0.861860768192907,-2.13813923180709,2.13813923180709,valid,,,Shared Pattern Plane,Grad-SIFT+Top2Geo+MidGrad+極線對齊,109,1,,,2.58044049999444
498,20,4,2,5,3,30,75,862.214423209537,815.568816042832,3,862,816,3.26275713597971,0.262757135979708,0.262757135979708,valid,,,Shared Pattern Plane,Grad-SIFT+Top2Geo+MidGrad+極線對齊,109,1,,,2.52923020000162
499,20,4,2,5,4,32.5,75,879.227643975053,816.84756829615,3,879,817,3.14952372481081,0.149523724810813,0.149523724810813,valid,,,Shared Pattern Plane,Grad-SIFT+Top2Geo+MidGradInterp+極線對齊,109,1,,,2.4374061999988
500,20,4,2,5,5,35,75,896.330504406793,818.133058070056,3,896,818,3.09350100971502,0.0935010097150193,0.0935010097150193,valid,,,Shared Pattern Plane,Grad-SIFT+Top2Geo+MidGradInterp+極線對齊,109,1,,,2.46083470000303
501,21,4,3,1,1,45,65,964.680097744218,752.440551195525,2.5,965,752,,,,failed,Top2-Geo: HIGH/MID 均未通過支援點與 RANSAC 門檻,,,,109,,,,2.61700670000573
502,21,4,3,1,2,47.5,65,982.320047493064,753.576455450133,2.5,982,754,5.92558933596836,3.42558933596836,3.42558933596836,valid,,,Shared Pattern Plane,Grad-SIFT+Top2Geo+MidGrad+極線對齊,109,1,,,2.56438799999887
503,21,4,3,1,3,50,65,1000.05486677896,754.718468719353,2.5,1000,755,4.11401839404685,1.61401839404685,1.61401839404685,valid,,,Shared Pattern Plane,Grad-SIFT+Top2Geo+MidGrad+極線對齊,109,1,,,2.42828390000795
504,21,4,3,1,4,52.5,65,1017.88532299325,755.866640418467,2.5,1018,756,3.66550817292141,1.16550817292141,1.16550817292141,valid,,,Shared Pattern Plane,Grad-SIFT+Top2Geo+MidGradInterp+極線對齊,109,1,,,2.80949129999499
505,21,4,3,1,5,55,65,1035.81219182612,757.021020497151,2.5,1036,757,3.45320590401239,0.953205904012385,0.953205904012385,valid,,,Shared Pattern Plane,Grad-SIFT+Top2Geo+MidGradInterp+極線對齊,109,1,,,3.35568249999778
506,21,4,3,2,1,45,67.5,964.924073632554,770.227131556988,2.5,965,770,,,,failed,Top2-Geo: HIGH/MID 均未通過支援點與 RANSAC 門檻,,,,109,,,,3.00177930000063
507,21,4,3,2,2,47.5,67.5,982.544437357716,771.409378572847,2.5,983,771,,,,failed,Top2-Geo: HIGH/MID 均未通過支援點與 RANSAC 門檻,,,,109,,,,3.1488657000009
508,21,4,3,2,3,50,67.5,1000.2594562624,772.597976524775,2.5,1000,773,,,,failed,Top2-Geo: HIGH/MID 均未通過支援點與 RANSAC 門檻,,,,109,,,,3.07165460000397
509,21,4,3,2,4,52.5,67.5,1018.0698951208,773.792976725674,2.5,1018,774,5.03837709039202,2.53837709039202,2.53837709039202,valid,,,Shared Pattern Plane,Grad-SIFT+Top2Geo+MidGrad+極線對齊,109,1,,,2.66687400000228
510,21,4,3,2,5,55,67.5,1035.97652696809,774.994431042722,2.5,1036,775,3.82114679097804,1.32114679097804,1.32114679097804,valid,,,Shared Pattern Plane,Grad-SIFT+Top2Geo+MidGrad+極線對齊,109,1,,,3.36682520000613
511,21,4,3,3,1,45,70,965.167491792815,787.973051854378,2.5,965,788,,,,failed,Top2-Geo: HIGH/MID 均未通過支援點與 RANSAC 門檻,,,,109,,,,3.0526816000056
512,21,4,3,3,2,47.5,70,982.768312895367,789.201426614706,2.5,983,789,4.11562040398847,1.61562040398847,1.61562040398847,valid,,,Shared Pattern Plane,Grad-SIFT+Top2Geo+MidGrad+極線對齊,109,1,,,2.647281499987
513,21,4,3,3,3,50,70,1000.46357554544,790.436392522834,2.5,1000,790,3.72535907003756,1.22535907003756,1.22535907003756,valid,,,Shared Pattern Plane,Grad-SIFT+Top2Geo+MidGrad+極線對齊,109,1,,,2.86142089999339
514,21,4,3,3,4,52.5,70,1018.25404191197,791.678002771116,2.5,1018,792,3.98648426520477,1.48648426520477,1.48648426520477,valid,,,Shared Pattern Plane,Grad-SIFT+Top2Geo+MidGrad+極線對齊,109,1,,,2.65428870001051
515,21,4,3,3,5,55,70,1036.14048238722,792.926311125817,2.5,1036,793,2.99691785812181,0.49691785812181,0.49691785812181,valid,,,Shared Pattern Plane,Grad-SIFT+Top2Geo+MidGrad+極線對齊,109,1,,,2.65350919999764
516,21,4,3,4,1,45,72.5,965.410354135261,805.678451351676,2.5,965,806,,,,failed,Top2-Geo: HIGH/MID 均未通過支援點與 RANSAC 門檻,,,,109,,,,2.89553730000625
517,21,4,3,4,2,47.5,72.5,982.991675872337,806.952739950309,2.5,983,807,3.13384863417518,0.633848634175182,0.633848634175182,valid,,,Shared Pattern Plane,Grad-SIFT+Top2Geo+MidGrad+極線對齊,109,1,,,2.70261009999376
518,21,4,3,4,3,50,72.5,1000.66722624719,808.23385821059,2.5,1001,808,4.41865022196417,1.91865022196417,1.91865022196417,valid,,,Shared Pattern Plane,Grad-SIFT+Top2Geo+MidGrad+極線對齊,109,1,,,2.73582489999535
519,21,4,3,4,4,52.5,72.5,1018.43776483532,809.521861186309,2.5,1018,810,4.49856757177574,1.99856757177574,1.99856757177574,valid,,,Shared Pattern Plane,Grad-SIFT+Top2Geo+MidGrad+極線對齊,109,1,,,2.68378669999947
520,21,4,3,4,5,55,72.5,1036.30405939812,810.816804524566,2.5,1036,811,3.5240085638178,1.0240085638178,1.0240085638178,valid,,,Shared Pattern Plane,Grad-SIFT+Top2Geo+MidGrad+極線對齊,109,1,,,2.93922119999479
521,21,4,3,5,1,45,75,965.652662561445,823.343468677602,2.5,966,823,2.84931341676221,0.349313416762211,0.349313416762211,valid,,,Shared Pattern Plane,Grad-SIFT+Top2Geo+MidGradInterp+極線對齊,109,1,,,2.77730169999995
522,21,4,3,5,2,47.5,75,983.214528046866,824.66345831222,2.5,983,825,2.34878249816326,-0.151217501836741,0.151217501836741,valid,,,Shared Pattern Plane,Grad-SIFT+Top2Geo+MidGrad+極線對齊,109,1,,,2.72237609999138
523,21,4,3,5,3,50,75,1000.87040997933,825.990514436198,2.5,1001,826,3.50250414124467,1.00250414124467,1.00250414124467,valid,,,Shared Pattern Plane,Grad-SIFT+Top2Geo+MidGrad+極線對齊,109,1,,,2.91931670000486
524,21,4,3,5,4,52.5,75,1018.62106535266,827.324693946907,2.5,1019,827,2.93909915503567,0.439099155035673,0.439099155035673,valid,,,Shared Pattern Plane,Grad-SIFT+Top2Geo+MidGrad+極線對齊,109,1,,,2.98156640000525
525,21,4,3,5,5,55,75,1036.46725930931,828.666054354189,2.5,1036,829,2.82210304728953,0.322103047289533,0.322103047289533,valid,,,Shared Pattern Plane,Grad-SIFT+Top2Geo+MidGrad+極線對齊,109,1,,,2.41788829999859
526,22,4,4,1,1,65,65,1108.49960395831,761.701642713935,2,1108,762,2.43898888824162,0.438988888241624,0.438988888241624,valid,,,Shared Pattern Plane,Grad-SIFT+Top2Geo+MidGradInterp+極線對齊,109,1,,,2.44012079999084
527,22,4,4,1,2,67.5,65,1126.9204696749,762.887833153191,2,1127,763,1.79199163081774,-0.208008369182257,0.208008369182257,valid,,,Shared Pattern Plane,Grad-SIFT+Top2Geo+MidGradInterp+極線對齊,109,1,,,2.76754340001207
528,22,4,4,1,3,70,65,1145.44258285698,764.080543306418,2,1145,764,1.78760957952032,-0.21239042047968,0.21239042047968,valid,,,Shared Pattern Plane,Grad-SIFT+Top2Geo+MidGradInterp+極線對齊,109,1,,,2.34151260000363
529,22,4,4,1,4,72.5,65,1164.06678054163,765.279827073654,2,1164,765,1.72988948481728,-0.270110515182716,0.270110515182716,valid,,,Shared Pattern Plane,Grad-SIFT+Top2Geo+MidGradInterp+極線對齊,109,1,,,2.40300819999538
530,22,4,4,1,5,75,65,1182.79390901809,766.485738950722,2,1183,766,2.12124268422798,0.121242684227977,0.121242684227977,valid,,,Shared Pattern Plane,Grad-SIFT+Top2Geo+MidGradInterp+極線對齊,109,1,,,2.48831000000064
531,22,4,4,2,1,65,67.5,1108.58074039902,779.865846639266,2,1109,780,2.42847590759771,0.428475907597715,0.428475907597715,valid,,,Shared Pattern Plane,Grad-SIFT+Top2Geo+MidGradInterp+極線對齊,109,1,,,2.39576709999528
532,22,4,4,2,2,67.5,67.5,1126.98022978524,781.100369476563,2,1127,781,2.93942550400995,0.939425504009949,0.939425504009949,valid,,,Shared Pattern Plane,Grad-SIFT+Top2Geo+MidGradInterp+極線對齊,109,1,,,2.35930039999948
533,22,4,4,2,3,70,67.5,1145.480730245,782.34166970178,2,1145,782,2.37036460148099,0.370364601480988,0.370364601480988,valid,,,Shared Pattern Plane,Grad-SIFT+Top2Geo+MidGradInterp+極線對齊,109,1,,,2.19390670000575
534,22,4,4,2,4,72.5,67.5,1164.08307587657,783.589803279154,2,1164,784,1.89205583133665,-0.107944168663352,0.107944168663352,valid,,,Shared Pattern Plane,Grad-SIFT+Top2Geo+MidGradInterp+極線對齊,109,1,,,2.47461080001085
535,22,4,4,2,5,75,67.5,1182.78810998696,784.844826790784,2,1183,785,1.34800614164293,-0.651993858357073,0.651993858357073,valid,,,Shared Pattern Plane,Grad-SIFT+Top2Geo+MidGrad+極線對齊,109,1,,,2.69227709999541
536,22,4,4,3,1,65,70,1108.66168731607,797.987621459244,2,1109,798,3.51918858328421,1.51918858328421,1.51918858328421,valid,,,Shared Pattern Plane,Grad-SIFT+Top2Geo+MidGrad+極線對齊,109,1,,,2.51367399998708
537,22,4,4,3,2,67.5,70,1127.03984992243,799.270247477389,2,1127,799,2.80574510429977,0.805745104299773,0.805745104299773,valid,,,Shared Pattern Plane,Grad-SIFT+Top2Geo+MidGrad+極線對齊,109,1,,,2.40933150000637
538,22,4,4,3,3,70,70,1145.51878803731,800.559906695315,2,1146,801,2.8611175919382,0.861117591938199,0.861117591938199,valid,,,Shared Pattern Plane,Grad-SIFT+Top2Geo+MidGradInterp+極線對齊,109,1,,,2.16554539999925
539,22,4,4,3,4,72.5,70,1164.09933283389,801.856657121234,2,1164,802,0.885869406347443,-1.11413059365256,1.11413059365256,valid,,,Shared Pattern Plane,Grad-SIFT+Top2Geo+MidGrad+極線對齊,109,1,,,2.2580864999909
540,22,4,4,3,5,75,70,1182.78232465095,803.160557403032,2,1183,803,1.44359060578235,-0.556409394217646,0.556409394217646,valid,,,Shared Pattern Plane,Grad-SIFT+Top2Geo+MidGrad+極線對齊,109,1,,,2.34168850000424
541,22,4,4,4,1,65,72.5,1108.74244537272,816.067115663356,2,1109,816,2.74858671444725,0.748586714447248,0.748586714447248,valid,,,Shared Pattern Plane,Grad-SIFT+Top2Geo+MidGrad+極線對齊,109,1,,,2.68058460000611
542,22,4,4,4,2,67.5,72.5,1127.09933057767,817.397616855069,2,1127,817,3.8243126296502,1.8243126296502,1.8243126296502,valid,,,Shared Pattern Plane,Grad-SIFT+Top2Geo+MidGrad+極線對齊,109,1,,,2.44057180000527
543,22,4,4,4,3,70,72.5,1145.55675654918,818.735405209514,2,1146,819,2.12942385166313,0.129423851663132,0.129423851663132,valid,,,Shared Pattern Plane,Grad-SIFT+Top2Geo+MidGrad+極線對齊,109,1,,,2.8096446999989
544,22,4,4,4,4,72.5,72.5,1164.115551549,820.080540758838,2,1164,820,2.51136865271821,0.511368652718209,0.511368652718209,valid,,,Shared Pattern Plane,Grad-SIFT+Top2Geo+MidGrad+極線對齊,109,1,,,3.07572040001105
545,22,4,4,4,5,75,72.5,1182.77655296161,821.4330841964,2,1183,821,1.9140233580691,-0.0859766419308983,0.0859766419308983,valid,,,Shared Pattern Plane,Grad-SIFT+Top2Geo+MidGrad+極線對齊,109,1,,,2.70614499998919
546,22,4,4,5,1,65,75,1108.82301522917,834.104477049004,2,1109,834,1.25711228790113,-0.742887712098866,0.742887712098866,valid,,,Shared Pattern Plane,Grad-SIFT+Top2Geo+MidGrad+極線對齊,109,1,,,2.36087990000669
547,22,4,4,5,2,67.5,75,1127.15867223987,835.482626609376,2,1127,835,1.75564578260794,-0.244354217392063,0.244354217392063,valid,,,Shared Pattern Plane,Grad-SIFT+Top2Geo+MidGrad+極線對齊,109,1,,,2.62469529999362
548,22,4,4,5,3,70,75,1145.59463609442,836.868315459595,2,1146,837,1.54219171670031,-0.457808283299692,0.457808283299692,valid,,,Shared Pattern Plane,Grad-SIFT+Top2Geo+MidGrad+極線對齊,109,1,,,2.34612400000333
549,22,4,4,5,4,72.5,75,1164.13173215668,838.261605635883,2,1164,838,1.43915312588807,-0.560846874111931,0.560846874111931,valid,,,Shared Pattern Plane,Grad-SIFT+Top2Geo+MidGrad+極線對齊,109,1,,,2.39077650000399
550,22,4,4,5,5,75,75,1182.77079487069,839.662559856943,2,1183,840,1.73382668315371,-0.266173316846288,0.266173316846288,valid,,,Shared Pattern Plane,Grad-SIFT+Top2Geo+MidGrad+極線對齊,109,1,,,2.72287739999592
551,23,4,5,1,1,85,65,1258.74898769063,771.376778792197,1.5,1259,771,3.13601346887841,1.63601346887841,1.63601346887841,valid,,,Shared Pattern Plane,Grad-SIFT+Top2Geo+MidGrad+極線對齊,109,1,,,2.36564760000329
552,23,4,5,1,2,87.5,65,1278.00379738387,772.616670093682,1.5,1278,773,3.43469141477777,1.93469141477777,1.93469141477777,valid,,,Shared Pattern Plane,Grad-SIFT+Top2Geo+MidGrad+極線對齊,109,1,,,2.47046569999657
553,23,4,5,1,3,90,65,1297.36681722996,773.863529463373,1.5,1297,774,2.18335177863419,0.683351778634191,0.683351778634191,valid,,,Shared Pattern Plane,Grad-SIFT+Top2Geo+MidGrad+極線對齊,109,1,,,2.62490839998645
554,23,4,5,1,4,92.5,65,1316.8389619951,775.117415806587,1.5,1317,775,1.75710601919253,0.257106019192528,0.257106019192528,valid,,,Shared Pattern Plane,Grad-SIFT+Top2Geo+MidGrad+極線對齊,109,1,,,2.2781157999998
555,23,4,5,1,5,95,65,1336.4211567854,776.378388694468,1.5,1336,776,0.338838186973002,-1.161161813027,1.161161813027,valid,,,Shared Pattern Plane,Grad-SIFT+Top2Geo+MidGrad+極線對齊,109,1,,,2.41519960000005
556,23,4,5,2,1,85,67.5,1258.65232686006,789.934973930065,1.5,1259,790,6.16944950491806,4.66944950491806,4.66944950491806,valid,,,Shared Pattern Plane,Grad-SIFT+Top2Geo+MidGradInterp+極線對齊,109,1,,,3.19483759999275
557,23,4,5,2,2,87.5,67.5,1277.88378431711,791.22531807641,1.5,1278,791,2.15688493690513,0.656884936905127,0.656884936905127,valid,,,Shared Pattern Plane,Grad-SIFT+Top2Geo+MidGrad+極線對齊,109,1,,,2.69066819999716
558,23,4,5,2,3,90,67.5,1297.22319076647,792.522905113764,1.5,1297,793,0.591145393386096,-0.908854606613904,0.908854606613904,valid,,,Shared Pattern Plane,Grad-SIFT+Top2Geo+MidGrad+極線對齊,109,1,,,2.33078950000345
559,23,4,5,2,4,92.5,67.5,1316.6714576665,793.827796196879,1.5,1317,794,2.8566825626706,1.3566825626706,1.3566825626706,valid,,,Shared Pattern Plane,Grad-SIFT+Top2Geo+MidGrad+極線對齊,109,1,,,2.41285880000214
560,23,4,5,2,5,95,67.5,1336.22950676562,795.140053170919,1.5,1336,795,4.64871043733275,3.14871043733275,3.14871043733275,valid,,,Shared Pattern Plane,Grad-SIFT+Top2Geo+MidGrad+極線對齊,109,1,,,1.84759789999225
561,23,4,5,3,1,85,70,1258.55589685119,808.448852934719,1.5,1259,808,1.89772696389558,0.397726963895575,0.397726963895575,valid,,,Shared Pattern Plane,Grad-SIFT+Top2Geo+MidGrad+極線對齊,109,1,,,2.0607183999964
562,23,4,5,3,2,87.5,70,1277.76405863726,809.789405230139,1.5,1278,810,3.37351940417434,1.87351940417434,1.87351940417434,valid,,,Shared Pattern Plane,Grad-SIFT+Top2Geo+MidGrad+極線對齊,109,1,,,1.89243690000148
563,23,4,5,3,3,90,70,1297.07990919935,811.137473207564,1.5,1297,811,3.80519580951394,2.30519580951394,2.30519580951394,valid,,,Shared Pattern Plane,Grad-SIFT+Top2Geo+MidGrad+極線對齊,109,1,,,2.03067340000416
564,23,4,5,3,4,92.5,70,1316.50435670392,812.493120248624,1.5,1317,812,0.990958883769476,-0.509041116230524,0.509041116230524,valid,,,Shared Pattern Plane,Grad-SIFT+Top2Geo+MidGrad+極線對齊,109,1,,,1.64617440001166
565,23,4,5,3,5,95,70,1336.03831955794,813.856410449647,1.5,1336,814,4.25892007760442,2.75892007760442,2.75892007760442,valid,,,Shared Pattern Plane,Grad-SIFT+Top2Geo+MidGrad+極線對齊,109,1,,,1.77326300001005
566,23,4,5,4,1,85,72.5,1258.45969683823,826.918574354248,1.5,1258,827,2.19714923813991,0.697149238139911,0.697149238139911,valid,,,Shared Pattern Plane,Grad-SIFT+Top2Geo+MidGradInterp+極線對齊,109,1,,,1.86299639999925
567,23,4,5,4,2,87.5,72.5,1277.64461931327,828.30909142351,1.5,1278,828,1.36241701331785,-0.137582986682149,0.137582986682149,valid,,,Shared Pattern Plane,Grad-SIFT+Top2Geo+MidGrad+極線對齊,109,1,,,1.65419309999561
568,23,4,5,4,3,90,72.5,1296.93697128777,829.70739494867,1.5,1297,830,2.08003338439945,0.580033384399449,0.580033384399449,valid,,,Shared Pattern Plane,Grad-SIFT+Top2Geo+MidGrad+極線對齊,109,1,,,1.61852960000397
569,23,4,5,4,4,92.5,72.5,1316.3376576521,831.113550515892,1.5,1316,831,0.367478457474659,-1.13252154252534,1.13252154252534,valid,,,Shared Pattern Plane,Grad-SIFT+Top2Geo+MidGrad+極線對齊,109,1,,,1.59296380000887
570,23,4,5,4,5,95,72.5,1335.84759348793,832.527624450006,1.5,1336,833,-0.667574131335808,-2.16757413133581,2.16757413133581,valid,,,Shared Pattern Plane,Grad-SIFT+Top2Geo+MidGrad+極線對齊,109,1,,,1.65823670000827
571,23,4,5,5,1,85,75,1258.3637259993,845.344295981333,1.5,1258,845,1.50418361112832,0.00418361112831933,0.00418361112831933,valid,,,Shared Pattern Plane,Grad-SIFT+Top2Geo+MidGradInterp+極線對齊,109,1,,,2.12736589999986
572,23,4,5,5,2,87.5,75,1277.52546531902,846.784535761343,1.5,1278,847,0.834151978229276,-0.665848021770724,0.665848021770724,valid,,,Shared Pattern Plane,Grad-SIFT+Top2Geo+MidGrad+極線對齊,109,1,,,2.1232170000003
573,23,4,5,5,3,90,75,1296.79437579683,848.232830768625,1.5,1297,848,0.749514467379882,-0.750485532620118,0.750485532620118,valid,,,Shared Pattern Plane,Grad-SIFT+Top2Geo+MidGrad+極線對齊,109,1,,,1.85718510000152
574,23,4,5,5,4,92.5,75,1316.17135906277,849.689248771738,1.5,1316,850,1.27419376567975,-0.225806234320247,0.225806234320247,valid,,,Shared Pattern Plane,Grad-SIFT+Top2Geo+MidGrad+極線對齊,109,1,,,1.59734550000576
575,23,4,5,5,5,95,75,1335.65732688922,851.153858301562,1.5,1336,851,0.759174538543249,-0.740825461456751,0.740825461456751,valid,,,Shared Pattern Plane,Grad-SIFT+Top2Geo+MidGrad+極線對齊,109,1,,,1.64314229998854
576,24,4,6,1,1,105,65,1415.86930849189,781.494360952271,1,1416,781,4.61587292054374,3.61587292054374,3.61587292054374,valid,,,Shared Pattern Plane,Grad-SIFT+Top2Geo+MidGradInterp+極線對齊,109,1,,,1.6379833999963
577,24,4,6,1,2,107.5,65,1436.01600229316,782.791684104037,1,1436,783,5.03093332771351,4.03093332771351,4.03093332771351,valid,,,Shared Pattern Plane,Grad-SIFT+Top2Geo+MidGrad+極線對齊,109,1,,,2.20267889999377
578,24,4,6,1,3,110,65,1456.27852227638,784.096465749434,1,1456,784,5.12766849207363,4.12766849207363,4.12766849207363,valid,,,Shared Pattern Plane,Grad-SIFT+Top2Geo+MidGrad+極線對齊,109,1,,,1.89427680001245
579,24,4,6,1,4,112.5,65,1476.65787017266,785.408770393784,1,1477,785,1.89995952909063,0.89995952909063,0.89995952909063,valid,,,Shared Pattern Plane,Grad-SIFT+Top2Geo+MidGrad+極線對齊,109,1,,,1.72604599999613
580,24,4,6,1,5,115,65,1497.15505929791,786.7286632884,1,1497,787,6.2719397646464,5.2719397646464,5.2719397646464,valid,,,Shared Pattern Plane,Grad-SIFT+Top2Geo+MidGradInterp+極線對齊,109,1,,,1.63387210000656
581,24,4,6,2,1,105,67.5,1415.57832849865,800.464001596108,1,1416,800,3.07378262879281,2.07378262879281,2.07378262879281,valid,,,Shared Pattern Plane,Grad-SIFT+Top2Geo+HighGrad+極線對齊,109,1,,,1.64579389999562
582,24,4,6,2,2,107.5,67.5,1435.69948530584,801.814040560228,1,1436,802,,,,failed,Top2-Geo: HIGH/MID 均未通過支援點與 RANSAC 門檻,,,,109,,,,2.27536689999397
583,24,4,6,2,3,110,67.5,1455.93617922536,803.171831544023,1,1456,803,7.9854064999352,6.9854064999352,6.9854064999352,valid,,,Shared Pattern Plane,Grad-SIFT+Top2Geo+MidGradInterp+極線對齊,109,1,,,2.15423450000526
584,24,4,6,2,4,112.5,67.5,1476.28940825598,804.537441508713,1,1476,805,,,,failed,Top2-Geo: HIGH/MID 均未通過支援點與 RANSAC 門檻,,,,109,,,,1.90672949999862
585,24,4,6,2,5,115,67.5,1496.76018192379,805.910938188951,1,1497,806,2.51502405801537,1.51502405801537,1.51502405801537,valid,,,Shared Pattern Plane,Grad-SIFT+Top2Geo+MidGrad+極線對齊,109,1,,,1.61905829999887
586,24,4,6,3,1,105,70,1415.28805920147,819.387310364683,1,1415,819,3.74206498730964,2.74206498730964,2.74206498730964,valid,,,Shared Pattern Plane,Grad-SIFT+Top2Geo+HighGrad+極線對齊,109,1,,,1.61008450000372
587,24,4,6,3,2,107.5,70,1435.38374359715,820.789803541525,1,1435,821,1.69960376751737,0.699603767517373,0.699603767517373,valid,,,Shared Pattern Plane,Grad-SIFT+Top2Geo+MidGrad+極線對齊,109,1,,,1.65175780000573
588,24,4,6,3,3,110,70,1455.594677116,822.200340042781,1,1456,822,0.400090091038593,-0.599909908961407,0.599909908961407,valid,,,Shared Pattern Plane,Grad-SIFT+Top2Geo+MidGrad+極線對齊,109,1,,,1.96853820000251
589,24,4,6,3,4,112.5,70,1475.92185404295,823.618989260355,1,1476,824,1.34967109606219,0.349671096062189,0.349671096062189,valid,,,Shared Pattern Plane,Grad-SIFT+Top2Geo+MidGrad+極線對齊,109,1,,,2.11108790000435
590,24,4,6,3,5,115,70,1496.36628013318,825.045821386668,1,1496,825,-0.396010304324108,-1.39601030432411,1.39601030432411,valid,,,Shared Pattern Plane,Grad-SIFT+Top2Geo+MidGrad+極線對齊,109,1,,,2.02040429999761
591,24,4,6,4,1,105,72.5,1414.99849799979,838.264456793973,1,1415,838,0.489050338353551,-0.510949661646449,0.510949661646449,valid,,,Shared Pattern Plane,Grad-SIFT+Top2Geo+MidGradInterp+極線對齊,109,1,,,1.60020659999282
592,24,4,6,4,2,107.5,72.5,1435.0687743221,839.719144028039,1,1435,840,0.500279661985026,-0.499720338014974,0.499720338014974,valid,,,Shared Pattern Plane,Grad-SIFT+Top2Geo+MidGrad+極線對齊,109,1,,,1.8850717000023
593,24,4,6,4,3,110,72.5,1455.25401285352,841.182163686398,1,1455,841,0.845329171487628,-0.154670828512372,0.154670828512372,valid,,,Shared Pattern Plane,Grad-SIFT+Top2Geo+MidGrad+極線對齊,109,1,,,1.80533339999965
594,24,4,6,4,4,112.5,72.5,1475.55520418353,842.653587566659,1,1476,843,0.187953964154178,-0.812046035845822,0.812046035845822,valid,,,Shared Pattern Plane,Grad-SIFT+Top2Geo+MidGrad+極線對齊,109,1,,,2.05413530000078
595,24,4,6,4,5,115,72.5,1495.97335031514,844.133488293683,1,1496,844,-0.268637188542331,-1.26863718854233,1.26863718854233,valid,,,Shared Pattern Plane,Grad-SIFT+Top2Geo+MidGrad+極線對齊,109,1,,,1.9259757999971
596,24,4,6,5,1,105,75,1414.70964230573,857.095609593815,1,1415,857,0.698126839292704,-0.301873160707296,0.301873160707296,valid,,,Shared Pattern Plane,Grad-SIFT+Top2Geo+MidGradInterp+極線對齊,109,1,,,1.6657092999958
597,24,4,6,5,2,107.5,75,1434.75457464963,858.602232164324,1,1435,859,1.67280948674937,0.672809486749367,0.672809486749367,valid,,,Shared Pattern Plane,Grad-SIFT+Top2Geo+MidGrad+極線對齊,109,1,,,1.69323469999654
598,24,4,6,5,3,110,75,1454.91418335831,860.11747407046,1,1455,860,-0.339034272809817,-1.33903427280982,1.33903427280982,valid,,,Shared Pattern Plane,Grad-SIFT+Top2Geo+MidGrad+極線對齊,109,1,,,1.5645291999972
599,24,4,6,5,4,112.5,75,1475.18945534411,861.641409490791,1,1475,862,0.411102137696085,-0.588897862303915,0.588897862303915,valid,,,Shared Pattern Plane,Grad-SIFT+Top2Geo+MidGrad+極線對齊,109,1,,,1.68407099999604
600,24,4,6,5,5,115,75,1495.5813888765,863.174113457515,1,1496,863,0.266339608754718,-0.733660391245282,0.733660391245282,valid,,,Shared Pattern Plane,Grad-SIFT+Top2Geo+MidGrad+極線對齊,109,1,,,2.09044790000189
