sample_id,block_id,row,column,sample_row,sample_column,model_x_mm,model_y_mm,u,v,true_height_mm,measured_u,measured_v,wound_height_mm,error_mm,abs_error_mm,status,failure_reason,measurement_warning,height_reference_source,method,candidate_frame,fused_count,group_score,objective_score,elapsed_seconds
1,1,1,1,1,1,5.0,5.0,752.7360221035864,330.98496762431535,12.5,753.0,331.0,11.854039500231476,-0.645960499768524,0.645960499768524,valid,,,Shared Pattern Plane,Region-SIFT(21/28),81,1,165.6013086066675,170.88535525398123,4.060864400002174
2,1,1,1,1,2,7.5,5.0,769.4974353951885,330.6483105606726,12.5,769.0,331.0,11.833138264923734,-0.6668617350762656,0.6668617350762656,valid,,,Shared Pattern Plane,Region-SIFT(21/28),81,1,201.91243199948912,206.17881835894056,3.303862799992203
3,1,1,1,1,3,10.0,5.0,786.333228543996,330.3101595595029,12.5,786.0,330.0,11.242590506447488,-1.2574094935525117,1.2574094935525117,valid,,,Shared Pattern Plane,Region-SIFT(21/28),81,1,228.13929557194786,231.0803076257085,2.8866030999924988
4,1,1,1,1,4,12.5,5.0,803.2438977491186,329.97050465452634,12.5,803.0,330.0,12.391931959054595,-0.10806804094540468,0.10806804094540468,valid,,,Shared Pattern Plane,Region-SIFT(21/28),81,1,182.4648698014557,184.4621021061766,3.199584899994079
5,1,1,1,1,5,15.0,5.0,820.2299436331261,329.629335790617,12.5,820.0,330.0,12.36759371223798,-0.13240628776202001,0.13240628776202001,valid,,,Shared Pattern Plane,Region-SIFT(21/28),81,1,183.677860326111,186.64119343418412,2.7044685000000754
6,1,1,1,2,1,5.0,7.5,753.6504088928763,348.71466055807446,12.5,754.0,349.0,11.855954763338367,-0.6440452366616327,0.6440452366616327,valid,,,Shared Pattern Plane,Region-SIFT(21/28),81,1,206.9124657797435,214.2103472371652,2.7774661000003107
7,1,1,1,2,2,7.5,7.5,770.3916854992601,348.41764790103116,12.5,770.0,348.0,12.420875492103589,-0.07912450789641134,0.07912450789641134,valid,,,Shared Pattern Plane,Region-SIFT(21/28),81,1,245.9259094228189,251.66060946504862,2.738411199999973
8,1,1,1,2,3,10.0,7.5,787.2071541764328,348.1193189773378,12.5,787.0,348.0,11.225115128793421,-1.274884871206579,1.274884871206579,valid,,,Shared Pattern Plane,Region-SIFT(21/28),81,1,154.68104361226318,155.2624019270641,3.2965878999966662
9,1,1,1,2,4,12.5,7.5,804.0973092135345,347.8196650176434,12.5,804.0,348.0,11.790690393299185,-0.7093096067008151,0.7093096067008151,valid,,,Shared Pattern Plane,Region-SIFT(21/28),81,1,161.99124131833435,163.62335890471095,2.735109100001864
10,1,1,1,2,5,15.0,7.5,821.062649300275,347.51867717452495,12.5,821.0,348.0,12.349891675673508,-0.15010832432649224,0.15010832432649224,valid,,,Shared Pattern Plane,Region-SIFT(21/28),81,1,236.602848396604,242.64090928961525,2.7148178999923402
11,1,1,1,3,1,5.0,10.0,754.5623865814673,366.39764173250364,12.5,755.0,366.0,11.879617366474257,-0.6203826335257432,0.6203826335257432,valid,,,Shared Pattern Plane,Region-SIFT(21/28),81,1,190.5670173897314,193.88653522911542,2.706773700003396
12,1,1,1,3,2,7.5,10.0,771.2835743537947,366.1400656610819,12.5,771.0,366.0,11.248586167327316,-1.251413832672684,1.251413832672684,valid,,,Shared Pattern Plane,Region-SIFT(21/28),81,1,183.49706476706046,185.55027358333388,2.6930425000027753
13,1,1,1,3,3,10.0,10.0,788.0787671192182,365.88134960393387,12.5,788.0,366.0,11.228081083618497,-1.2719189163815035,1.2719189163815035,valid,,,Shared Pattern Plane,Region-SIFT(21/28),81,1,177.310885841632,179.77807981975795,2.7306065000011586
14,1,1,1,3,4,12.5,10.0,804.9484572666898,365.62148597621484,12.5,805.0,366.0,11.792668889122382,-0.7073311108776181,0.7073311108776181,valid,,,Shared Pattern Plane,Region-SIFT(21/28),81,1,166.05866884504047,166.8614157338477,2.614727499996661
15,1,1,1,3,5,15.0,10.0,821.8931415629886,365.36046712564337,12.5,822.0,365.0,12.369698357282036,-0.13030164271796352,0.13030164271796352,valid,,,Shared Pattern Plane,Region-SIFT(21/28),81,1,245.61671488928417,248.28010112160453,2.621385899998131
16,1,1,1,4,1,5.0,12.5,755.4719646775854,384.0340955093271,12.5,755.0,384.0,11.861090429700376,-0.6389095702996244,0.6389095702996244,valid,,,Shared Pattern Plane,Region-SIFT(21/28),81,1,154.49428315894312,157.9598626613536,2.7392158000002382
17,1,1,1,4,2,7.5,12.5,772.1731112987093,383.8157494311229,12.5,772.0,384.0,11.838855838567598,-0.6611441614324018,0.6611441614324018,valid,,,Shared Pattern Plane,Region-SIFT(21/28),81,1,152.98182168032127,154.770975158542,2.6075348000013037
18,1,1,1,4,3,10.0,12.5,788.9480765404073,383.5964382691033,12.5,789.0,384.0,11.816769801763966,-0.6832301982360338,0.6832301982360338,valid,,,Shared Pattern Plane,Region-SIFT(21/28),81,1,162.61841922790285,165.3713949017762,2.678500100009842
19,1,1,1,4,4,12.5,12.5,805.7973509011623,383.3761556106298,12.5,806.0,383.0,11.21050399404962,-1.2894960059503795,1.2894960059503795,valid,,,Shared Pattern Plane,Region-SIFT(21/28),81,1,172.32366653119445,173.1187029368881,2.909186100005172
20,1,1,1,4,5,15.0,12.5,822.721429234687,383.15489498612436,12.5,823.0,383.0,12.3518154852778,-0.14818451472219962,0.14818451472219962,valid,,,Shared Pattern Plane,Region-SIFT(21/28),81,1,292.6755498694364,298.40422353972855,2.6739381999941543
21,1,1,1,5,1,5.0,15.0,756.3791526394862,401.62420528135993,12.5,756.0,402.0,12.447820254824329,-0.052179745175671144,0.052179745175671144,valid,,,Shared Pattern Plane,Region-SIFT(21/28),81,1,230.0356811361969,233.36891551201086,2.6859710999997333
22,1,1,1,5,2,7.5,15.0,773.0603056247276,401.4448838239384,12.5,773.0,401.0,11.840789632573916,-0.6592103674260841,0.6592103674260841,valid,,,Shared Pattern Plane,Region-SIFT(21/28),81,1,180.09676888783773,181.31771278619976,2.8552494999894407
23,1,1,1,5,3,10.0,15.0,789.8150915596607,401.26477081644447,12.5,790.0,401.0,11.818678964631383,-0.681321035368617,0.681321035368617,valid,,,Shared Pattern Plane,Region-SIFT(21/28),81,1,163.3060198122862,165.02643100386916,2.7175629999983357
24,1,1,1,5,4,12.5,15.0,806.6439990619554,401.0838610062656,12.5,807.0,401.0,11.796661129619023,-0.7033388703809766,0.7033388703809766,valid,,,Shared Pattern Plane,Region-SIFT(21/28),81,1,174.02130673120894,176.44150838755513,2.69166129999212
25,1,1,1,5,5,15.0,15.0,823.547521082061,400.9021490942122,12.5,824.0,401.0,11.774729007758138,-0.7252709922418621,0.7252709922418621,valid,,,Shared Pattern Plane,Region-SIFT(21/28),81,1,199.1144454552383,201.83898971603978,2.6416441000037594
26,2,1,2,1,1,25.0,5.0,888.9380640157285,328.24931647756716,12.0,889.0,328.0,11.099307132800385,-0.9006928671996146,0.9006928671996146,valid,,,Shared Pattern Plane,Region-SIFT(21/28),81,1,255.32506518691937,259.3560145427623,2.52371980001044
27,2,1,2,1,2,27.5,5.0,906.3086609494553,327.90042381227147,12.0,906.0,328.0,11.063892840022623,-0.9361071599773769,0.9361071599773769,valid,,,Shared Pattern Plane,Region-SIFT(21/28),81,1,255.00044564343006,259.63631932928166,2.690040699992096
28,2,1,2,1,3,30.0,5.0,923.7577340037325,327.549954935003,12.0,924.0,328.0,11.05840557950128,-0.9415944204987206,0.9415944204987206,valid,,,Shared Pattern Plane,Region-SIFT(21/28),81,1,194.78886445666114,196.82327103572743,2.882037899995339
29,2,1,2,1,4,32.5,5.0,941.285816186521,327.19789914016724,12.0,941.0,327.0,11.038415525871157,-0.9615844741288431,0.9615844741288431,valid,,,Shared Pattern Plane,Region-SIFT(21/28),81,1,208.7678416459018,211.29153850759587,2.6074007999995956
30,2,1,2,1,5,35.0,5.0,958.8934453436367,326.844245625,12.0,959.0,327.0,11.589929612880441,-0.4100703871195588,0.4100703871195588,valid,,,Shared Pattern Plane,Region-SIFT(21/28),81,1,265.06436280144584,273.30012133558597,2.650904599999194
31,2,1,2,2,1,25.0,7.5,889.6859907248318,346.30120723773865,12.0,890.0,346.0,11.10229129512815,-0.8977087048718495,0.8977087048718495,valid,,,Shared Pattern Plane,Region-SIFT(21/28),81,1,274.1055994487944,283.54721843927337,2.651771999997436
32,2,1,2,2,2,27.5,7.5,907.0348938982004,345.9934144720219,12.0,907.0,346.0,11.658613792897754,-0.34138620710224643,0.34138620710224643,valid,,,Shared Pattern Plane,Region-SIFT(21/28),81,1,210.05380740796448,212.42817489139696,2.7794779000105336
33,2,1,2,2,3,30.0,7.5,924.4620694666472,345.68423304924016,12.0,924.0,346.0,11.637182564008215,-0.3628174359917846,0.3628174359917846,valid,,,Shared Pattern Plane,Region-SIFT(21/28),81,1,173.67959803525733,174.61711109007902,2.70357939999667
34,2,1,2,2,4,32.5,7.5,941.9680483357449,345.373653550418,12.0,942.0,345.0,11.614423679065776,-0.38557632093422356,0.38557632093422356,valid,,,Shared Pattern Plane,Region-SIFT(21/28),81,1,224.47654891745754,228.35839917121885,2.5896419000055175
35,2,1,2,2,5,35.0,7.5,959.5533662233107,345.06166647120415,12.0,960.0,345.0,11.591919652209997,-0.408080347790003,0.408080347790003,valid,,,Shared Pattern Plane,Region-SIFT(21/28),81,1,276.9579476189992,279.6018221580752,2.660467099995003
36,2,1,2,3,1,25.0,10.0,890.431911545035,364.3046840465687,12.0,890.0,364.0,11.122911062152008,-0.8770889378479918,0.8770889378479918,valid,,,Shared Pattern Plane,Region-SIFT(21/28),81,1,364.24225176654795,377.6421674824328,2.679062100010924
37,2,1,2,3,2,27.5,10.0,907.7591747613257,364.03777188407685,12.0,908.0,364.0,11.10111219507201,-0.8988878049279894,0.8988878049279894,valid,,,Shared Pattern Plane,Region-SIFT(21/28),81,1,291.4757884434291,298.34680113922093,2.8893338999914704
38,2,1,2,3,3,30.0,10.0,925.1645074384778,363.76965712609376,12.0,925.0,364.0,11.639247184514314,-0.36075281548568583,0.36075281548568583,valid,,,Shared Pattern Plane,Region-SIFT(21/28),81,1,305.07069644221554,317.12301499820796,2.618297299995902
39,2,1,2,3,4,32.5,10.0,942.6484383907117,363.5003316266732,12.0,943.0,364.0,12.199710246959755,0.19971024695975537,0.19971024695975537,valid,,,Shared Pattern Plane,Region-SIFT(21/28),81,1,308.6680469977162,316.3722685645754,2.9168948999868007
40,2,1,2,3,5,35.0,10.0,960.2115012190515,363.229787166133,12.0,960.0,363.0,10.464955438355593,-1.5350445616444066,1.5350445616444066,valid,,,Shared Pattern Plane,Region-SIFT(21/28),81,1,330.38237266944196,343.14036801054584,2.60490320000099
41,2,1,2,4,1,25.0,12.5,891.1758345350195,382.2599414076541,12.0,891.0,382.0,11.12612829467451,-0.8738717053254899,0.8738717053254899,valid,,,Shared Pattern Plane,Region-SIFT(21/28),81,1,352.9370804438515,365.9360315110521,2.8721004000108223
42,2,1,2,4,2,27.5,12.5,908.4815113989621,382.0336918716412,12.0,908.0,382.0,10.528164526417576,-1.4718354735824235,1.4718354735824235,valid,,,Shared Pattern Plane,Region-SIFT(21/28),81,1,369.8667138357011,384.6370002411777,2.7094896999915363
43,2,1,2,4,3,30.0,12.5,925.865055576717,381.8064243203401,12.0,926.0,382.0,9.929353433977953,-2.070646566022047,2.070646566022047,valid,,,Shared Pattern Plane,Region-SIFT(21/28),81,1,364.82849052873235,378.227196015157,2.4990539999998873
44,2,1,2,4,4,32.5,12.5,943.3269938021177,381.57813186738133,12.0,943.0,382.0,10.503971502073158,-1.496028497926842,1.496028497926842,valid,,,Shared Pattern Plane,Region-SIFT(21/28),81,1,323.9379689817075,330.3647286059196,2.6434519000031287
45,2,1,2,4,5,35.0,12.5,960.867857570526,381.3488075641444,12.0,961.0,381.0,12.177441150970703,0.17744115097070257,0.17744115097070257,valid,,,Shared Pattern Plane,Region-SIFT(21/28),81,1,295.4096095715881,302.55218302814325,2.647391999998945
46,2,1,2,5,1,25.0,15.0,891.9177677103562,400.1671727840911,12.0,892.0,400.0,12.276100386685108,0.2761003866851084,0.2761003866851084,valid,,,Shared Pattern Plane,Region-SIFT(21/28),81,1,328.3124374389648,337.76752510418066,2.597676400007913
47,2,1,2,5,2,27.5,15.0,909.201911629097,399.98136920801136,12.0,909.0,400.0,11.698045195852105,-0.3019548041478952,0.3019548041478952,valid,,,Shared Pattern Plane,Region-SIFT(21/28),81,1,326.7616258994612,334.5976993251865,2.839326000001165
48,2,1,2,5,3,30.0,15.0,926.5637214977095,399.79473072733373,12.0,927.0,400.0,11.658783838865924,-0.34121616113407605,0.34121616113407605,valid,,,Shared Pattern Plane,Region-SIFT(21/28),81,1,303.2971606784397,314.8189060024641,2.6657195999869145
49,2,1,2,5,4,32.5,15.0,944.003721980532,399.6072517019463,12.0,944.0,400.0,12.189292865567074,0.18929286556707403,0.18929286556707403,valid,,,Shared Pattern Plane,Region-SIFT(21/28),81,1,241.12975162526288,248.63527872718075,2.6630643000098644
50,2,1,2,5,5,35.0,15.0,961.5224424783229,399.4189264408205,12.0,962.0,399.0,12.178824453593444,0.17882445359344423,0.17882445359344423,valid,,,Shared Pattern Plane,Region-SIFT(21/28),81,1,220.77250796020348,226.70999819754812,2.577628699989873
51,3,1,3,1,1,45.0,5.0,1030.130361058593,325.4134348424999,11.5,1030.0,325.0,10.366757939593873,-1.1332420604061273,1.1332420604061273,valid,,,Shared Pattern Plane,Region-SIFT(21/28),81,1,347.7234545127425,359.9817374919847,2.747857099995599
52,3,1,3,1,2,47.5,5.0,1048.1439659929783,325.05162720508133,11.5,1048.0,325.0,10.915255446101382,-0.5847445538986182,0.5847445538986182,valid,,,Shared Pattern Plane,Region-SIFT(21/28),81,1,302.9659087579717,312.97953744236116,2.670327499989071
53,3,1,3,1,3,50.0,5.0,1066.2404497056732,324.68815492723786,11.5,1066.0,325.0,10.89491301768265,-0.6050869823173493,0.6050869823173493,valid,,,Shared Pattern Plane,Region-SIFT(21/28),81,1,217.62115457726534,220.75749292121264,2.829131000005873
54,3,1,3,1,4,52.5,5.0,1084.4203854908535,324.3230064942165,11.5,1084.0,324.0,11.435476157964372,-0.06452384203562822,0.06452384203562822,valid,,,Shared Pattern Plane,Region-SIFT(21/28),81,1,276.56651153463537,284.96130824608815,2.6194955999962986
55,3,1,3,1,5,55.0,5.0,1102.6843519424162,323.956170284818,11.5,1103.0,324.0,9.725486565620201,-1.7745134343797986,1.7745134343797986,valid,,,Shared Pattern Plane,Region-SIFT(21/28),81,1,339.7683602994081,349.3806368323168,2.6365323000063654
56,3,1,3,2,1,45.0,7.5,1030.6989138244414,343.7994492205942,11.5,1031.0,344.0,10.93890761888783,-0.5610923811121697,0.5610923811121697,valid,,,Shared Pattern Plane,Region-SIFT(21/28),81,1,296.9434548433495,306.4287929902263,3.0047570999886375
57,3,1,3,2,2,47.5,7.5,1048.6891348676572,343.48027861739166,11.5,1049.0,343.0,10.918249172454919,-0.5817508275450809,0.5817508275450809,valid,,,Shared Pattern Plane,Region-SIFT(21/28),81,1,254.65095257733867,262.5077574579923,2.8948683999915374
58,3,1,3,2,3,50.0,7.5,1066.7620134065862,343.1596415595689,11.5,1067.0,343.0,10.897905361923112,-0.6020946380768883,0.6020946380768883,valid,,,Shared Pattern Plane,Region-SIFT(21/28),81,1,286.95089745899986,295.5924699842089,2.9305011999967974
59,3,1,3,2,4,52.5,7.5,1084.9181204175443,342.83752791724186,11.5,1085.0,343.0,10.314633300348524,-1.1853666996514765,1.1853666996514765,valid,,,Shared Pattern Plane,Region-SIFT(21/28),81,1,310.0755578419519,319.6165800671263,2.8837381999910576
60,3,1,3,2,5,55.0,7.5,1103.1580321478575,342.5139274670116,11.5,1103.0,343.0,10.849277505146228,-0.6507224948537722,0.6507224948537722,valid,,,Shared Pattern Plane,Region-SIFT(21/28),81,1,311.8300767081124,322.7462273749197,2.6144041000079596
61,3,1,3,3,1,45.0,10.0,1031.2659139128175,362.13525269118804,11.5,1031.0,362.0,9.817216870500186,-1.6827831294998141,1.6827831294998141,valid,,,Shared Pattern Plane,Region-SIFT(21/28),81,1,236.415202281084,242.25785738034162,2.769329899994773
62,3,1,3,3,2,47.5,10.0,1049.2328115168834,361.8584874898457,11.5,1049.0,362.0,10.35728594294161,-1.1427140570583898,1.1427140570583898,valid,,,Shared Pattern Plane,Region-SIFT(21/28),81,1,254.20661250119488,261.73368986816433,2.7945968999993056
63,3,1,3,3,3,50.0,10.0,1067.2821462185177,361.58045241317984,11.5,1067.0,362.0,10.902321859200452,-0.5976781407995482,0.5976781407995482,valid,,,Shared Pattern Plane,Region-SIFT(21/28),81,1,247.6277875587423,254.88235566729705,2.7344736000086414
64,3,1,3,3,4,52.5,10.0,1085.4144866886495,361.301138701285,11.5,1085.0,361.0,9.745260474268385,-1.7547395257316154,1.7547395257316154,valid,,,Shared Pattern Plane,Region-SIFT(21/28),81,1,205.08282397487176,208.95683413732053,2.5836717000056524
65,3,1,3,3,5,55.0,10.0,1103.6304068407032,361.0205375134997,11.5,1104.0,361.0,10.85209954041916,-0.6479004595808409,0.6479004595808409,valid,,,Shared Pattern Plane,Region-SIFT(21/28),81,1,192.2161934035165,195.82991154374295,2.781897699998808
66,3,1,3,4,1,45.0,12.5,1031.831367675427,380.421050657477,11.5,1032.0,380.0,9.811041593955801,-1.6889584060441987,1.6889584060441987,valid,,,Shared Pattern Plane,Region-SIFT(21/28),81,1,182.841698444205,185.71422316624168,3.3529722999955993
67,3,1,3,4,2,47.5,12.5,1049.775002059019,380.1864606448707,11.5,1050.0,380.0,10.925773063909853,-0.5742269360901471,0.5742269360901471,valid,,,Shared Pattern Plane,Region-SIFT(21/28),81,1,193.08546744856255,196.54701964000597,2.7691013000003295
68,3,1,3,4,3,50.0,12.5,1067.8008540217807,379.95079574283454,11.5,1068.0,380.0,10.905436805322259,-0.5945631946777414,0.5945631946777414,valid,,,Shared Pattern Plane,Region-SIFT(21/28),81,1,191.93265378538263,196.70416642025882,2.737147099993308
69,3,1,3,4,4,52.5,12.5,1085.9094899416464,379.71404854670305,11.5,1086.0,380.0,10.885181292561594,-0.6148187074384062,0.6148187074384062,valid,,,Shared Pattern Plane,Region-SIFT(21/28),81,1,144.39948774166209,145.9086622902925,2.561986999993678
70,3,1,3,4,5,55.0,12.5,1104.1014814107216,379.47621158364257,11.5,1104.0,379.0,11.421397449874968,-0.07860255012503181,0.07860255012503181,valid,,,Shared Pattern Plane,Region-SIFT(21/28),81,1,172.507849603986,175.71638762017994,2.606149799990817
71,3,1,3,5,1,45.0,15.0,1032.3952814293775,398.6570474038288,11.5,1032.0,399.0,11.501441974706836,0.0014419747068359356,0.0014419747068359356,valid,,,Shared Pattern Plane,Region-SIFT(21/28),81,1,172.3148540890406,176.80834537812805,2.6361657999950694
72,3,1,3,5,2,47.5,15.0,1050.3157125790226,398.4644037757642,11.5,1050.0,398.0,11.49064092477868,-0.009359075221320623,0.009359075221320623,valid,,,Shared Pattern Plane,Region-SIFT(21/28),81,1,157.80070023057323,161.1696216058624,3.1890746999997646
73,3,1,3,5,3,50.0,15.0,1068.318142664512,398.27087866374615,11.5,1068.0,398.0,10.90973967586932,-0.5902603241306803,0.5902603241306803,valid,,,Shared Pattern Plane,Region-SIFT(21/28),81,1,197.7205596399055,203.62747189044444,2.611917000001995
74,3,1,3,5,4,52.5,15.0,1086.4031357830934,398.07646600376086,11.5,1086.0,398.0,10.88947475212445,-0.6105252478755503,0.6105252478755503,valid,,,Shared Pattern Plane,Region-SIFT(21/28),81,1,188.95796562578312,191.17285476400403,2.613721899993834
75,3,1,3,5,5,55.0,15.0,1104.5712612180525,397.88115967604494,11.5,1105.0,398.0,11.423837342831911,-0.0761626571680889,0.0761626571680889,valid,,,Shared Pattern Plane,Region-SIFT(21/28),81,1,202.63128372929083,208.5760509702704,2.658797800002503
76,4,1,4,1,1,65.0,5.0,1176.592285242124,322.4717114643287,11.0,1177.0,322.0,10.775646705240762,-0.22435329475923815,0.22435329475923815,valid,,,Shared Pattern Plane,Region-SIFT(21/28),81,1,330.43528637154395,341.3192483393298,2.8104201999958605
77,4,1,4,1,2,67.5,5.0,1195.2852737693222,322.0962582421694,11.0,1195.0,322.0,10.196562147004148,-0.8034378529958524,0.8034378529958524,valid,,,Shared Pattern Plane,Region-SIFT(21/28),81,1,299.58381855273376,307.27553943309755,2.635678699996788
78,4,1,4,1,3,70.0,5.0,1214.0658793184762,321.71904521080904,11.0,1214.0,322.0,10.733833292210443,-0.26616670778955687,0.26616670778955687,valid,,,Shared Pattern Plane,Region-SIFT(21/28),81,1,340.5692806062244,352.73078953166055,2.90318790001038
79,4,1,4,1,4,72.5,5.0,1232.934719349109,321.34005996842245,11.0,1233.0,321.0,10.712187698594331,-0.28781230140566905,0.28781230140566905,valid,,,Shared Pattern Plane,Region-SIFT(21/28),81,1,331.6048453941547,344.23012757980786,2.594476600002963
80,4,1,4,1,5,75.0,5.0,1251.892417136266,320.95928999637914,11.0,1252.0,321.0,11.232122530239003,0.2321225302390033,0.2321225302390033,valid,,,Shared Pattern Plane,Region-SIFT(21/28),81,1,307.6954917352666,315.8754842242389,2.6643979999935254
81,4,1,4,2,1,65.0,7.5,1176.9674391324388,341.2044497850695,11.0,1177.0,341.0,10.769312763930708,-0.23068723606929176,0.23068723606929176,valid,,,Shared Pattern Plane,Region-SIFT(21/28),81,1,236.66369263785225,242.61061553557153,2.6819892000057735
82,4,1,4,2,2,67.5,7.5,1195.635206970217,340.8732585947602,11.0,1196.0,341.0,11.299486457907975,0.29948645790797457,0.29948645790797457,valid,,,Shared Pattern Plane,Region-SIFT(21/28),81,1,322.56245488565435,332.6407650886746,2.577677900000708
83,4,1,4,2,3,70.0,7.5,1214.3903511767207,340.5405172307068,11.0,1214.0,341.0,10.729991831879222,-0.27000816812077844,0.27000816812077844,valid,,,Shared Pattern Plane,Region-SIFT(21/28),81,1,275.9920543519277,283.58237157304353,2.573024700002861
84,4,1,4,2,4,72.5,7.5,1233.2334866518502,340.20621478376205,11.0,1233.0,340.0,10.716831751239965,-0.28316824876003466,0.28316824876003466,valid,,,Shared Pattern Plane,Region-SIFT(21/28),81,1,299.49386468413013,310.62964430684144,2.8740336000046227
85,4,1,4,2,5,75.0,7.5,1252.1652340787755,339.8703402421754,11.0,1252.0,340.0,10.150211815075489,-0.8497881849245115,0.8497881849245115,valid,,,Shared Pattern Plane,Region-SIFT(21/28),81,1,305.6517664233213,315.3557965724112,2.616990900001838
86,4,1,4,3,1,65.0,10.0,1177.3415494384224,359.8850783111486,11.0,1177.0,360.0,10.225362314249132,-0.7746376857508679,0.7746376857508679,valid,,,Shared Pattern Plane,Region-SIFT(21/28),81,1,168.22563945225306,171.4601805349638,2.5513869999995222
87,4,1,4,3,2,67.5,10.0,1195.98416447481,359.59790424149026,11.0,1196.0,360.0,10.20615573653441,-0.7938442634655907,0.7938442634655907,valid,,,Shared Pattern Plane,Region-SIFT(21/28),81,1,166.09908318292526,170.42194715144495,2.7179821000027005
88,4,1,4,3,3,70.0,10.0,1214.7139162165718,359.3093879029362,11.0,1215.0,359.0,10.737362944988071,-0.262637055011929,0.262637055011929,valid,,,Shared Pattern Plane,Region-SIFT(21/28),81,1,167.87652760561178,171.69844544592013,2.6469918000075268
89,4,1,4,3,4,72.5,10.0,1233.5314170181102,359.01951986267306,11.0,1234.0,359.0,10.716700775938989,-0.28329922406101105,0.28329922406101105,valid,,,Shared Pattern Plane,Region-SIFT(21/28),81,1,201.87215916113877,206.88519458512593,2.646357200006605
90,4,1,4,3,5,75.0,10.0,1252.437284985074,358.72829059929455,11.0,1252.0,359.0,10.697132830550334,-0.30286716944966585,0.30286716944966585,valid,,,Shared Pattern Plane,Region-SIFT(21/28),81,1,135.52832624041844,138.06698081734186,2.7381380000006175
91,4,1,4,4,1,65.0,12.5,1177.7146205085126,378.51381417519286,11.0,1178.0,379.0,10.229720518098175,-0.7702794819018255,0.7702794819018255,valid,,,Shared Pattern Plane,Region-SIFT(21/28),81,1,185.70368780509503,190.0887623337129,2.6260438000026625
92,4,1,4,4,2,67.5,12.5,1196.3321503581274,378.2704138434234,11.0,1196.0,378.0,10.211253923905058,-0.7887460760949416,0.7887460760949416,valid,,,Shared Pattern Plane,Region-SIFT(21/28),81,1,155.01023596001681,158.32730464331485,2.7997731999930693
93,4,1,4,4,3,70.0,12.5,1215.0365782342233,378.0258774313764,11.0,1215.0,378.0,10.741843405755262,-0.25815659424473836,0.25815659424473836,valid,,,Shared Pattern Plane,Region-SIFT(21/28),81,1,160.8082058235451,164.23270883768208,2.673717099998612
94,4,1,4,4,4,72.5,12.5,1233.828513959736,377.7801969663991,11.0,1234.0,378.0,10.7211934545856,-0.2788065454143993,0.2788065454143993,valid,,,Shared Pattern Plane,Region-SIFT(21/28),81,1,139.39179547375474,140.16825540582522,2.936876599997049
95,4,1,4,4,5,75.0,12.5,1252.7085730770402,377.53336440106403,11.0,1253.0,378.0,10.700534147984033,-0.29946585201596676,0.29946585201596676,valid,,,Shared Pattern Plane,Region-SIFT(21/28),81,1,138.4776552805825,140.10591353648317,2.6780973999993876
96,4,1,4,5,1,65.0,15.0,1178.0866566670222,397.09087330516303,11.0,1178.0,397.0,10.786968653410495,-0.21303134658950462,0.21303134658950462,valid,,,Shared Pattern Plane,Region-SIFT(21/28),81,1,194.78946338027873,199.1479747953023,2.9623006000038004
97,4,1,4,5,2,67.5,15.0,1196.6791686725342,396.89100484565625,11.0,1197.0,397.0,10.766122121142104,-0.23387787885789635,0.23387787885789635,valid,,,Shared Pattern Plane,Region-SIFT(21/28),81,1,210.57010189389428,214.49380208443466,2.6208347999927355
98,4,1,4,5,3,70.0,15.0,1215.3583410047097,396.6902047925067,11.0,1215.0,397.0,10.746411717471206,-0.25358828252879384,0.25358828252879384,valid,,,Shared Pattern Plane,Region-SIFT(21/28),81,1,215.14909107773394,220.6821557934489,2.6199856999883195
99,4,1,4,5,4,72.5,15.0,1234.1247809689505,396.48846661721507,11.0,1234.0,396.0,10.725500691012764,-0.2744993089872363,0.2744993089872363,valid,,,Shared Pattern Plane,Region-SIFT(21/28),81,1,184.47759443414276,188.29384178855457,2.653434100007871
100,4,1,4,5,5,75.0,15.0,1252.9791015585113,396.2857837301386,11.0,1253.0,396.0,11.24766809153151,0.24766809153151037,0.24766809153151037,valid,,,Shared Pattern Plane,Region-SIFT(21/28),81,1,157.44033313327367,158.59047441562274,2.5490141000045696
101,5,1,5,1,1,85.0,5.0,1328.624458764839,319.4181082730616,10.5,1329.0,319.0,10.605148137316373,0.10514813731637318,0.10514813731637318,valid,,,Shared Pattern Plane,Region-SIFT(21/28),81,1,191.33751505846698,194.50645212101097,2.642343900006381
102,5,1,5,1,2,87.5,5.0,1348.0360028624975,319.028222687461,10.5,1348.0,319.0,10.585417354612398,0.08541735461239774,0.08541735461239774,valid,,,Shared Pattern Plane,Region-SIFT(21/28),81,1,214.99034658765038,219.59892632269325,2.6346004999941215
103,5,1,5,1,3,90.0,5.0,1367.540270405171,318.6364747289096,10.5,1368.0,319.0,10.024487854147289,-0.4755121458527114,0.4755121458527114,valid,,,Shared Pattern Plane,Region-SIFT(21/28),81,1,246.47400020922305,252.52811664156468,2.8143210999987787
104,5,1,5,1,4,92.5,5.0,1387.1379273538425,318.24285102141937,10.5,1387.0,318.0,10.00580325896697,-0.49419674103302924,0.49419674103302924,valid,,,Shared Pattern Plane,Region-SIFT(21/28),81,1,184.12639236349276,186.93046772137276,2.6203279000037583
105,5,1,5,1,5,95.0,5.0,1406.8296460622446,317.84733806060166,10.5,1407.0,318.0,9.98646209674604,-0.51353790325396,0.51353790325396,valid,,,Shared Pattern Plane,Region-SIFT(21/28),81,1,204.0855492738189,206.06312307716286,3.5354970999906072
106,5,1,5,2,1,85.0,7.5,1328.7909632260116,338.5108972351099,10.5,1329.0,339.0,10.609350227733916,0.10935022773391623,0.10935022773391623,valid,,,Shared Pattern Plane,Region-SIFT(21/28),81,1,236.96468525740204,239.79377891142735,2.664189000002807
107,5,1,5,2,2,87.5,7.5,1348.1752878991235,338.1669933673513,10.5,1348.0,338.0,10.049250875358577,-0.4507491246414226,0.4507491246414226,valid,,,Shared Pattern Plane,Region-SIFT(21/28),81,1,203.67662334492599,208.04340853386046,2.9138792000012472
108,5,1,5,2,3,90.0,7.5,1367.652073956759,337.8214491108617,10.5,1368.0,338.0,10.568938443863997,0.06893844386399728,0.06893844386399728,valid,,,Shared Pattern Plane,Region-SIFT(21/28),81,1,225.50638170494605,230.6116327559092,2.5971456999977818
109,5,1,5,2,4,92.5,7.5,1387.221984528461,337.47425270083494,10.5,1387.0,337.0,10.549275878311693,0.04927587831169333,0.04927587831169333,valid,,,Shared Pattern Plane,Region-SIFT(21/28),81,1,205.7095172195838,209.87496875254297,2.800489100001869
110,5,1,5,2,5,95.0,7.5,1406.8856891002235,337.1253922596936,10.5,1407.0,337.0,9.991744821432663,-0.508255178567337,0.508255178567337,valid,,,Shared Pattern Plane,Region-SIFT(21/28),81,1,212.5224682732234,220.43188748659065,2.894665100000566
111,5,1,5,3,1,85.0,10.0,1328.9569957306394,357.54956772694044,10.5,1329.0,358.0,10.073407737594275,-0.426592262405725,0.426592262405725,valid,,,Shared Pattern Plane,Region-SIFT(21/28),81,1,237.8680563588622,244.49882438813574,2.6615764999878593
112,5,1,5,3,2,87.5,10.0,1348.3141771945943,357.25138635231735,10.5,1348.0,357.0,10.054552482281089,-0.445447517718911,0.445447517718911,valid,,,Shared Pattern Plane,Region-SIFT(21/28),81,1,186.78200251210933,189.48935503025797,2.63941890001297
113,5,1,5,3,3,90.0,10.0,1367.763559091951,356.95178470625524,10.5,1368.0,357.0,10.572572755902327,0.07257275590232659,0.07257275590232659,valid,,,Shared Pattern Plane,Region-SIFT(21/28),81,1,156.0287078423475,156.33886464942196,2.5943335000047227
114,5,1,5,3,4,92.5,10.0,1387.3058017368426,356.650752617161,10.5,1387.0,357.0,10.016693239664857,-0.4833067603351431,0.4833067603351431,valid,,,Shared Pattern Plane,Region-SIFT(21/28),81,1,145.28011358351932,147.82045711954643,2.705103299987968
115,5,1,5,3,5,95.0,10.0,1406.9415717638083,356.34827981608055,10.5,1407.0,356.0,9.997070398598037,-0.5029296014019629,0.5029296014019629,valid,,,Shared Pattern Plane,Region-SIFT(21/28),81,1,207.37669281227875,211.6914938462211,2.974678500002483
116,5,1,5,4,1,85.0,12.5,1329.1225582825211,376.53434952094375,10.5,1329.0,377.0,10.618708929837435,0.1187089298374353,0.1187089298374353,valid,,,Shared Pattern Plane,Region-SIFT(21/28),81,1,144.66929769869205,147.3419333367095,3.2109167000016896
117,5,1,5,4,2,87.5,12.5,1348.4526724331054,376.2816330630999,10.5,1348.0,376.0,10.059959253828781,-0.4400407461712188,0.4400407461712188,valid,,,Shared Pattern Plane,Region-SIFT(21/28),81,1,144.27196030187858,145.0681022951464,2.682227099998272
118,5,1,5,4,3,90.0,12.5,1367.8747271690875,376.02771459998644,10.5,1368.0,376.0,10.040499206486787,-0.4595007935132127,0.4595007935132127,valid,,,Shared Pattern Plane,Region-SIFT(21/28),81,1,149.79122280494244,151.5886331391667,2.5512667000002693
119,5,1,5,4,4,92.5,12.5,1387.3893800051055,375.7725855354422,10.5,1387.0,376.0,10.02129895599585,-0.4787010440041506,0.4787010440041506,valid,,,Shared Pattern Plane,Region-SIFT(21/28),81,1,206.0850390782432,211.61440389829616,2.6998566999973264
120,5,1,5,4,5,95.0,12.5,1406.9972947404144,375.5162371911434,10.5,1407.0,376.0,10.002755339011225,-0.49724466098877507,0.49724466098877507,valid,,,Shared Pattern Plane,Region-SIFT(21/28),81,1,194.17239319079766,198.050541710754,2.6126602000003913
121,5,1,5,5,1,85.0,15.0,1329.2876528741294,395.4654710906135,10.5,1329.0,395.0,10.083983851244248,-0.41601614875575166,0.41601614875575166,valid,,,Shared Pattern Plane,Region-SIFT(21/28),81,1,97.37002236754806,98.51498712350161,2.8527545999968424
122,5,1,5,5,2,87.5,15.0,1348.5907752893102,395.25796360912585,10.5,1349.0,395.0,10.601785926682515,0.10178592668251518,0.10178592668251518,valid,,,Shared Pattern Plane,Region-SIFT(21/28),81,1,113.77574787240809,113.93418830120736,2.6206329999986337
123,5,1,5,5,3,90.0,15.0,1367.985579538794,395.0494705530703,10.5,1368.0,395.0,10.58168323027763,0.0816832302776298,0.0816832302776298,valid,,,Shared Pattern Plane,Region-SIFT(21/28),81,1,153.1933588471993,157.69855790473355,2.6268793000053847
124,5,1,5,5,4,92.5,15.0,1387.4727203535256,394.83998488412595,10.5,1387.0,395.0,10.561618760690108,0.06161876069010752,0.06161876069010752,valid,,,Shared Pattern Plane,Region-SIFT(21/28),81,1,164.2685538741016,167.96798353579806,2.5754364999884274
125,5,1,5,5,5,95.0,15.0,1407.0528587135325,394.6294994967946,10.5,1407.0,395.0,10.540667474308243,0.040667474308243357,0.040667474308243357,valid,,,Shared Pattern Plane,Region-SIFT(21/28),81,1,155.0360426322493,157.85377615125697,2.541414599996642
126,6,1,6,1,1,105.0,5.0,1486.550813651312,316.2461190151794,10.0,1487.0,316.0,9.914193130154466,-0.0858068698455341,0.0858068698455341,valid,,,Shared Pattern Plane,Region-SIFT(21/28),81,1,174.14419398131196,176.02541447286674,2.5554195000004256
127,6,1,6,1,2,107.5,5.0,1506.7231556558704,315.8409526185335,10.0,1507.0,316.0,9.8958467191997,-0.10415328080030051,0.10415328080030051,valid,,,Shared Pattern Plane,Region-SIFT(21/28),81,1,162.0571682531367,163.2731195971794,2.800227100000484
128,6,1,6,1,3,110.0,5.0,1526.9937321751897,315.43381315776026,10.0,1527.0,315.0,9.342651699791187,-0.6573483002088132,0.6573483002088132,valid,,,Shared Pattern Plane,Region-SIFT(21/28),81,1,195.66337373319757,198.56344247585773,2.756034300007741
129,6,1,6,1,4,112.5,5.0,1547.3632625288637,315.0246861851507,10.0,1547.0,315.0,9.32556086690193,-0.6744391330980708,0.6744391330980708,valid,,,Shared Pattern Plane,Region-SIFT(21/28),81,1,172.71005812195872,176.1143802454897,2.6853372999903513
130,6,1,6,1,5,115.0,5.0,1567.8324730765999,314.6135571115935,10.0,1568.0,315.0,9.833000448046679,-0.16699955195332095,0.16699955195332095,valid,,,Shared Pattern Plane,Region-SIFT(21/28),81,1,240.50077058398534,244.94422505579,2.8019886999973096
131,6,1,6,2,1,105.0,7.5,1486.4920638898434,335.71306860900904,10.0,1486.0,336.0,9.384762808179621,-0.6152371918203787,0.6152371918203787,valid,,,Shared Pattern Plane,Region-SIFT(21/28),81,1,197.954828898112,200.1744953175046,2.787106200004928
132,6,1,6,2,2,107.5,7.5,1506.6350086340028,335.3557058056935,10.0,1507.0,335.0,9.895790063833784,-0.10420993616621566,0.10420993616621566,valid,,,Shared Pattern Plane,Region-SIFT(21/28),81,1,189.34566205645365,191.43303545377748,2.6702220999868587
133,6,1,6,2,3,110.0,7.5,1526.8759021332241,334.9966052603479,10.0,1527.0,335.0,9.876936378949095,-0.12306362105090507,0.12306362105090507,valid,,,Shared Pattern Plane,Region-SIFT(21/28),81,1,203.50043152097672,206.998052961033,2.7151712000049883
134,6,1,6,2,4,112.5,7.5,1547.215460569409,334.63575426694666,10.0,1547.0,335.0,9.858181658170777,-0.14181834182922337,0.14181834182922337,valid,,,Shared Pattern Plane,Region-SIFT(21/28),81,1,169.17439494057308,169.56186717970704,2.7068003000022145
135,6,1,6,2,5,115.0,7.5,1567.6544071236267,334.27313999528957,10.0,1568.0,334.0,9.838274145874184,-0.16172585412581597,0.16172585412581597,valid,,,Shared Pattern Plane,Region-SIFT(21/28),81,1,190.75151984603315,193.63810069949471,3.185075000001234
136,6,1,6,3,1,105.0,10.0,1486.4334838731736,355.12377263933456,10.0,1486.0,355.0,9.921276545669652,-0.07872345433034766,0.07872345433034766,valid,,,Shared Pattern Plane,Region-SIFT(21/28),81,1,229.7963257431353,235.97962024382363,2.7175276999914786
137,6,1,6,3,2,107.5,10.0,1506.547116910817,354.8139387537042,10.0,1507.0,355.0,9.90140328990546,-0.09859671009454019,0.09859671009454019,valid,,,Shared Pattern Plane,Region-SIFT(21/28),81,1,201.0279187076306,203.35226096727726,2.664252199989278
138,6,1,6,3,3,110.0,10.0,1526.7584141888901,354.5026004312055,10.0,1527.0,355.0,10.412084051287453,0.4120840512874526,0.4120840512874526,valid,,,Shared Pattern Plane,Region-SIFT(21/28),81,1,230.9660613650367,233.6192999671321,2.93580180000572
139,6,1,6,3,4,112.5,10.0,1547.0680887698265,354.18974668770113,10.0,1547.0,354.0,9.863503352029173,-0.1364966479708265,0.1364966479708265,valid,,,Shared Pattern Plane,Region-SIFT(21/28),81,1,213.55753018818206,218.41866850134184,2.800600400005351
140,6,1,6,3,5,115.0,10.0,1567.4768606745758,353.8753664318639,10.0,1567.0,354.0,9.844818144635152,-0.15518185536484808,0.15518185536484808,valid,,,Shared Pattern Plane,Region-SIFT(21/28),81,1,169.8437323650986,174.00961387763002,2.7545195999991847
141,6,1,6,4,1,105.0,12.5,1486.3750728667023,374.4784745186978,10.0,1486.0,374.0,9.930333342396626,-0.0696666576033742,0.0696666576033742,valid,,,Shared Pattern Plane,Region-SIFT(21/28),81,1,250.5947159721738,258.5453539643897,2.6744077000039397
142,6,1,6,4,2,107.5,12.5,1506.4594793787908,374.21589665536555,10.0,1506.0,374.0,9.90773331045769,-0.09226668954230988,0.09226668954230988,valid,,,Shared Pattern Plane,Region-SIFT(21/28),81,1,204.55079429061325,208.36101424841138,2.7153110000072047
143,6,1,6,4,3,110.0,12.5,1526.6412668545215,373.9520456607935,10.0,1527.0,374.0,9.887952838566818,-0.11204716143318194,0.11204716143318194,valid,,,Shared Pattern Plane,Region-SIFT(21/28),81,1,230.23258464550844,237.2586428817173,2.638891499998863
144,6,1,6,4,4,112.5,12.5,1546.9211452549516,373.68691225315115,10.0,1547.0,374.0,9.863733707058367,-0.13626629294163273,0.13626629294163273,valid,,,Shared Pattern Plane,Region-SIFT(21/28),81,1,229.55846425515637,234.92386686807978,3.246132000000216
145,6,1,6,4,5,115.0,12.5,1567.2998314592944,373.42048706016203,10.0,1567.0,373.0,9.85022093079894,-0.14977906920105966,0.14977906920105966,valid,,,Shared Pattern Plane,Region-SIFT(21/28),81,1,217.57497673539257,220.71001450746354,3.1187368999962928
146,6,1,6,5,1,105.0,15.0,1486.3168301400613,393.7774162571167,10.0,1486.0,394.0,9.935693761016273,-0.06430623898372723,0.06430623898372723,valid,,,Shared Pattern Plane,Region-SIFT(21/28),81,1,202.00886135656367,205.46811367747478,3.1075335000059567
147,6,1,6,5,2,107.5,15.0,1506.372094936799,393.5618232872838,10.0,1506.0,394.0,9.91733997906234,-0.08266002093765934,0.08266002093765934,valid,,,Shared Pattern Plane,Region-SIFT(21/28),81,1,237.74908326668714,240.05056249800154,2.6796063000074355
148,6,1,6,5,3,110.0,15.0,1526.524458651067,393.3451865095425,10.0,1527.0,393.0,9.368226909815354,-0.6317730901846463,0.6317730901846463,valid,,,Shared Pattern Plane,Region-SIFT(21/28),81,1,266.13671058271296,273.1921190667274,2.8018060000031255
149,6,1,6,5,4,112.5,15.0,1546.7746281605034,393.127498324998,10.0,1547.0,393.0,9.869576674111077,-0.13042332588892336,0.13042332588892336,valid,,,Shared Pattern Plane,Region-SIFT(21/28),81,1,266.1843755055987,272.66415676206395,2.6352378000010503
150,6,1,6,5,5,115.0,15.0,1567.1233172208385,392.9087510608163,10.0,1567.0,393.0,9.861495695725155,-0.13850430427484461,0.13850430427484461,valid,,,Shared Pattern Plane,Region-SIFT(21/28),81,1,293.2032722352043,303.0024696984825,2.598351399996318
151,7,2,1,1,1,5.0,25.0,759.9841905793559,471.524838620649,9.5,760.0,472.0,9.516294250423536,0.016294250423536383,0.016294250423536383,valid,,,Shared Pattern Plane,Region-SIFT(21/28),81,1,237.76355776004692,243.5842428225126,2.7583108999970136
152,7,2,1,1,2,7.5,25.0,776.5858408505676,471.4995860241624,9.5,777.0,471.0,8.904960232462203,-0.5950397675377967,0.5950397675377967,valid,,,Shared Pattern Plane,Region-SIFT(21/28),81,1,280.72251111691594,287.11521683161703,2.8315571999992244
153,7,2,1,1,3,10.0,25.0,793.2603883344782,471.47422254448844,9.5,793.0,471.0,8.891987422675363,-0.6080125773246365,0.6080125773246365,valid,,,Shared Pattern Plane,Region-SIFT(21/28),81,1,284.38192399241933,288.11220696123445,2.735755400004564
154,7,2,1,1,4,12.5,25.0,810.0083142208488,471.44874744969457,9.5,810.0,471.0,9.449096169357317,-0.050903830642683445,0.050903830642683445,valid,,,Shared Pattern Plane,Region-SIFT(21/28),81,1,259.4465784950862,262.35593426202456,2.636032199996407
155,7,2,1,1,5,15.0,25.0,826.8301039438487,471.4231600013917,9.5,827.0,471.0,8.864622533060416,-0.635377466939584,0.635377466939584,valid,,,Shared Pattern Plane,Region-SIFT(21/28),81,1,166.08523442808283,168.64170635318686,2.838147600006778
156,7,2,1,2,1,5.0,27.5,760.8795680178495,488.8859457913215,9.5,761.0,489.0,8.326806860809414,-1.1731931391905857,1.1731931391905857,valid,,,Shared Pattern Plane,Region-SIFT(21/28),81,1,173.43388201597506,174.10878173924942,2.8730936999927508
157,7,2,1,2,2,7.5,27.5,777.4614597436739,488.89870895671913,9.5,777.0,489.0,8.315425637416554,-1.1845743625834455,1.1845743625834455,valid,,,Shared Pattern Plane,Region-SIFT(21/28),81,1,193.70353125314864,195.83009653775696,2.721791600008146
158,7,2,1,2,3,10.0,27.5,794.1160664673079,488.9115280912159,9.5,794.0,489.0,8.899451775097749,-0.6005482249022513,0.6005482249022513,valid,,,Shared Pattern Plane,Region-SIFT(21/28),81,1,223.2071933695879,226.94203027415918,2.6903399000002537
159,7,2,1,2,4,12.5,27.5,810.8438675450692,488.9244035637751,9.5,811.0,489.0,8.885738646309882,-0.614261353690118,0.614261353690118,valid,,,Shared Pattern Plane,Region-SIFT(21/28),81,1,203.112842359997,205.00895651159271,2.6569164999964414
160,7,2,1,2,5,15.0,27.5,827.6453465559441,488.9373357466096,9.5,828.0,489.0,8.872072077688728,-0.6279279223112724,0.6279279223112724,valid,,,Shared Pattern Plane,Region-SIFT(21/28),81,1,246.4159841638393,251.54735580384568,2.6183317999966675
161,7,2,1,3,1,5.0,30.0,761.7726110404634,506.2017893195067,9.5,762.0,506.0,8.334849244585138,-1.165150755414862,1.165150755414862,valid,,,Shared Pattern Plane,Region-SIFT(21/28),81,1,151.76157937478766,152.69404824601693,2.7346608999941964
162,7,2,1,3,2,7.5,30.0,778.3347907470912,506.2523700173753,9.5,778.0,506.0,8.920283733071042,-0.5797162669289584,0.5797162669289584,valid,,,Shared Pattern Plane,Region-SIFT(21/28),81,1,165.7042240647412,170.43930034032707,2.6504469999927096
163,7,2,1,3,3,10.0,30.0,794.9695039175482,506.3031722315712,9.5,795.0,506.0,9.498322963815548,-0.0016770361844518078,0.0016770361844518078,valid,,,Shared Pattern Plane,Region-SIFT(21/28),81,1,181.8860141325249,184.8165005717255,2.6746060000004945
164,7,2,1,3,4,12.5,30.0,811.6772280840024,506.3541974204717,9.5,812.0,506.0,9.4829055308694,-0.01709446913059942,0.01709446913059942,valid,,,Shared Pattern Plane,Region-SIFT(21/28),81,1,249.4408647759251,256.4770512700396,2.8585764999879757
165,7,2,1,3,5,15.0,30.0,828.4584449796909,506.4054470552844,9.5,828.0,506.0,10.074453491462759,0.5744534914627586,0.5744534914627586,valid,,,Shared Pattern Plane,Region-SIFT(21/28),81,1,400.5199500512825,415.12790158810174,2.632087699996191
166,7,2,1,4,1,5.0,32.5,762.6633287646982,523.4725459908778,9.5,763.0,523.0,9.534551547749425,0.03455154774942493,0.03455154774942493,valid,,,Shared Pattern Plane,Region-SIFT(21/28),81,1,161.12750275929767,162.75069754127287,2.6495750000030966
167,7,2,1,4,2,7.5,32.5,779.2058428161023,523.5607471534792,9.5,779.0,524.0,8.927855916895197,-0.5721440831048028,0.5721440831048028,valid,,,Shared Pattern Plane,Region-SIFT(21/28),81,1,194.71057628550858,199.4551857110035,2.6478796000010334
168,7,2,1,4,3,10.0,32.5,795.8207094748825,523.6493340847775,9.5,796.0,524.0,8.320000633811363,-1.1799993661886372,1.1799993661886372,valid,,,Shared Pattern Plane,Region-SIFT(21/28),81,1,242.62263824927115,250.1515256698544,2.6994010000053095
169,7,2,1,4,4,12.5,32.5,812.5084044582941,523.7383093211956,9.5,813.0,524.0,9.489452591955152,-0.010547408044848439,0.010547408044848439,valid,,,Shared Pattern Plane,Region-SIFT(21/28),81,1,324.58911438492873,333.61841660893924,2.6167507999925874
170,7,2,1,4,5,15.0,32.5,829.2694076631975,523.8276754214415,9.5,829.0,524.0,10.080088173125544,0.5800881731255441,0.5800881731255441,valid,,,Shared Pattern Plane,Region-SIFT(21/28),81,1,366.4333770812504,379.58940729724713,2.8360256000014488
171,7,2,1,5,1,5.0,35.0,763.551730260636,540.6983916716785,9.5,764.0,541.0,9.54118355632107,0.0411835563210694,0.0411835563210694,valid,,,Shared Pattern Plane,Region-SIFT(21/28),81,1,170.34957268730045,173.2532396404193,2.6206237000005785
172,7,2,1,5,2,7.5,35.0,780.0746248593133,540.8240173848912,9.5,780.0,541.0,9.526518282976271,0.026518282976271124,0.026518282976271124,valid,,,Shared Pattern Plane,Region-SIFT(21/28),81,1,184.23085519043855,189.07798510523529,2.6504603999928804
173,7,2,1,5,3,10.0,35.0,796.6696918830818,540.9501918344238,9.5,797.0,541.0,9.533344606314126,0.03334460631412561,0.03334460631412561,valid,,,Shared Pattern Plane,Region-SIFT(21/28),81,1,249.75298217490865,254.62728729225407,2.6794591000070795
174,7,2,1,5,4,12.5,35.0,813.3374052434616,541.0769186234871,9.5,813.0,541.0,8.338807805720153,-1.161192194279847,1.161192194279847,valid,,,Shared Pattern Plane,Region-SIFT(21/28),81,1,292.3424448921567,300.5336713525037,2.614222999996855
175,7,2,1,5,5,15.0,35.0,830.0782430102506,541.2042013869078,9.5,830.0,541.0,10.06449790359376,0.5644979035937592,0.5644979035937592,valid,,,Shared Pattern Plane,Region-SIFT(21/28),81,1,348.8741118537055,359.5072990769142,2.5503515000018524
176,8,2,2,1,1,25.0,25.0,894.8657610838598,471.3196716753283,9.0,895.0,471.0,8.241707335970167,-0.7582926640298329,0.7582926640298329,valid,,,Shared Pattern Plane,Region-SIFT(21/28),81,1,200.76078727611159,202.7651214080729,2.6667840000009164
177,8,2,2,1,2,27.5,25.0,912.0643033751436,471.29351115263677,9.0,912.0,471.0,8.762187683482471,-0.23781231651752854,0.23781231651752854,valid,,,Shared Pattern Plane,Region-SIFT(21/28),81,1,202.05786507823478,204.35455968337425,2.660963200003607
178,8,2,2,1,3,30.0,25.0,929.3397139113222,471.2672337064622,9.0,929.0,471.0,8.183246920101576,-0.8167530798984242,0.8167530798984242,valid,,,Shared Pattern Plane,Region-SIFT(21/28),81,1,216.81846715584004,219.45009623737164,2.6173871999926632
179,8,2,2,1,4,32.5,25.0,946.6925091862621,471.24083855117135,9.0,947.0,471.0,8.769685608084139,-0.23031439191586145,0.23031439191586145,valid,,,Shared Pattern Plane,Region-SIFT(21/28),81,1,253.48677940166817,259.42044620746617,2.5681842000049073
180,8,2,2,1,5,35.0,25.0,964.1232103314569,471.2143248940766,9.0,964.0,471.0,9.33356351147709,0.33356351147708985,0.33356351147708985,valid,,,Shared Pattern Plane,Region-SIFT(21/28),81,1,192.2695591517857,196.37263462317162,2.514929099997971
181,8,2,2,2,1,25.0,27.5,895.5978639307,488.9896391407446,9.0,896.0,489.0,8.250295656008342,-0.7497043439916578,0.7497043439916578,valid,,,Shared Pattern Plane,Region-SIFT(21/28),81,1,123.05491087878191,123.80248415426617,2.591895600009593
182,8,2,2,2,2,27.5,27.5,912.7751373822359,489.00286057444873,9.0,913.0,489.0,8.804523021824728,-0.19547697817527165,0.19547697817527165,valid,,,Shared Pattern Plane,Region-SIFT(21/28),81,1,137.6186278131273,139.0208088705964,2.5446795000025304
183,8,2,2,2,3,30.0,27.5,930.0290815702701,489.0161410220042,9.0,930.0,489.0,8.757231735838651,-0.24276826416134867,0.24276826416134867,valid,,,Shared Pattern Plane,Region-SIFT(21/28),81,1,228.5429744740643,233.96622671974544,2.940800800002762
184,8,2,2,2,4,32.5,27.5,947.3602109725783,489.02948087940683,9.0,947.0,489.0,8.794011078577732,-0.20598892142226788,0.20598892142226788,valid,,,Shared Pattern Plane,Region-SIFT(21/28),81,1,208.36129234455248,211.95895677988165,2.5440328999975463
185,8,2,2,2,5,35.0,27.5,964.7690446802707,489.04288054620395,9.0,965.0,489.0,8.779353230708598,-0.22064676929140248,0.22064676929140248,valid,,,Shared Pattern Plane,Region-SIFT(21/28),81,1,159.9950329089291,161.49287434342025,2.5758351999975275
186,8,2,2,3,1,25.0,30.0,896.3280241669707,506.6127199348297,9.0,896.0,507.0,8.844505956607223,-0.1554940433927765,0.1554940433927765,valid,,,Shared Pattern Plane,Region-SIFT(21/28),81,1,138.80105271465564,140.29049114702437,2.5795543999993242
187,8,2,2,3,2,27.5,30.0,913.4840810204082,506.6651143263706,9.0,913.0,507.0,9.410498663772595,0.4104986637725947,0.4104986637725947,valid,,,Shared Pattern Plane,Region-SIFT(21/28),81,1,199.07322025299072,205.23476233216073,2.4793039000069257
188,8,2,2,3,3,30.0,30.0,930.7166118612346,506.71774226855035,9.0,931.0,507.0,9.96911434002238,0.9691143400223794,0.9691143400223794,valid,,,Shared Pattern Plane,Region-SIFT(21/28),81,1,245.09702299410705,250.2267443852788,2.501266299994313
189,8,2,2,3,4,32.5,30.0,948.02612916161,506.77060532645265,9.0,948.0,507.0,8.20531722818888,-0.7946827718111198,0.7946827718111198,valid,,,Shared Pattern Plane,Region-SIFT(21/28),81,1,189.2011338410554,192.82757915586893,2.7821281000069575
190,8,2,2,3,5,35.0,30.0,965.4131499828922,506.82370507917693,9.0,965.0,507.0,8.772008728507553,-0.22799127149244747,0.22799127149244747,valid,,,Shared Pattern Plane,Region-SIFT(21/28),81,1,152.5307665204245,157.16509627789353,2.937019599994528
191,8,2,2,4,1,25.0,32.5,897.0562495144062,524.1891004286548,9.0,897.0,524.0,8.83322233345667,-0.16677766654333048,0.16677766654333048,valid,,,Shared Pattern Plane,Region-SIFT(21/28),81,1,174.47887204084446,179.5844303986574,2.802335000000312
192,8,2,2,4,2,27.5,32.5,914.1911418204254,524.2804600259773,9.0,914.0,524.0,8.819781292732651,-0.18021870726734868,0.18021870726734868,valid,,,Shared Pattern Plane,Region-SIFT(21/28),81,1,284.88374052199106,294.6239025800543,2.5666388999961782
193,8,2,2,4,3,30.0,32.5,931.4023121201307,524.3722263213208,9.0,931.0,524.0,8.225669961193713,-0.774330038806287,0.774330038806287,valid,,,Shared Pattern Plane,Region-SIFT(21/28),81,1,262.36314922009825,268.6492982227679,2.61569690000033
194,8,2,2,4,4,32.5,32.5,948.6902708904718,524.4644020364395,9.0,949.0,524.0,8.213309665130705,-0.7866903348692951,0.7866903348692951,valid,,,Shared Pattern Plane,Region-SIFT(21/28),81,1,167.7285065015157,169.69702696755172,2.5821254000038607
195,8,2,2,4,5,35.0,32.5,966.0555331736174,524.5569899174285,9.0,966.0,525.0,8.779462769844596,-0.22053723015540427,0.22053723015540427,valid,,,Shared Pattern Plane,Region-SIFT(21/28),81,1,139.2130737082668,140.88059450076497,2.6909179000067525
196,8,2,2,5,1,25.0,35.0,897.7825476538702,541.7189660068493,9.0,898.0,542.0,8.238916449140943,-0.7610835508590572,0.7610835508590572,valid,,,Shared Pattern Plane,Region-SIFT(21/28),81,1,218.44825861845067,224.70191477300855,2.518924699994386
197,8,2,2,5,2,27.5,35.0,914.8963272731052,541.8490842956027,9.0,915.0,542.0,8.245958460322006,-0.7540415396779938,0.7540415396779938,valid,,,Shared Pattern Plane,Region-SIFT(21/28),81,1,270.27193955517316,276.38734985679787,2.581130199992913
198,8,2,2,5,3,30.0,35.0,932.0861896438721,541.9797810513955,9.0,932.0,542.0,8.813913707509373,-0.1860862924906268,0.1860862924906268,valid,,,Shared Pattern Plane,Region-SIFT(21/28),81,1,258.2970431958557,266.33728531047507,2.60842920000141
199,8,2,2,5,4,32.5,35.0,949.3526432582493,542.1110601403594,9.0,949.0,542.0,8.800613429502608,-0.19938657049739206,0.19938657049739206,valid,,,Shared Pattern Plane,Region-SIFT(21/28),81,1,178.1929857026963,179.2613599987482,2.837182200004463
200,8,2,2,5,5,35.0,35.0,966.6962011497118,542.2429254631542,9.0,967.0,542.0,8.786520041396722,-0.21347995860327806,0.21347995860327806,valid,,,Shared Pattern Plane,Region-SIFT(21/28),81,1,185.2747722645916,187.7751297380845,2.6788065000000643
201,9,2,3,1,1,45.0,25.0,1034.6356615029624,471.10706914253245,8.5,1035.0,471.0,8.714349136241102,0.2143491362411023,0.2143491362411023,valid,,,Shared Pattern Plane,Region-SIFT(21/28),81,1,164.6531624713272,166.9844152445478,2.725116200002958
202,9,2,3,1,2,47.5,25.0,1052.4638749804915,471.079950833589,8.5,1052.0,471.0,8.116847288694839,-0.3831527113051614,0.3831527113051614,valid,,,Shared Pattern Plane,Region-SIFT(21/28),81,1,133.37490466536667,134.2130376719913,2.72881650000636
203,9,2,3,1,3,50.0,25.0,1070.3732214789286,471.05270911405665,8.5,1070.0,471.0,8.674946024465312,0.17494602446531182,0.17494602446531182,valid,,,Shared Pattern Plane,Region-SIFT(21/28),81,1,149.5639820870899,150.0750366502953,2.669914600002812
204,9,2,3,1,4,52.5,25.0,1088.3642560942149,471.0253431395845,8.5,1088.0,471.0,8.672045420316183,0.17204542031618253,0.17204542031618253,valid,,,Shared Pattern Plane,Region-SIFT(21/28),81,1,168.75747721434902,170.27113504282786,2.5961267999955453
205,9,2,3,1,5,55.0,25.0,1106.437538997673,470.9978520581021,8.5,1106.0,471.0,8.647689956294416,0.14768995629441584,0.14768995629441584,valid,,,Shared Pattern Plane,Region-SIFT(21/28),81,1,175.6507220192561,178.2319463948321,2.59830850000435
206,9,2,3,2,1,45.0,27.5,1035.1919687756867,489.0970854248074,8.5,1035.0,489.0,8.137257377893674,-0.36274262210632635,0.36274262210632635,valid,,,Shared Pattern Plane,Region-SIFT(21/28),81,1,143.8427688008263,145.47966512379827,2.6184891000011703
207,9,2,3,2,2,47.5,27.5,1052.9972755109522,489.11079025888637,8.5,1053.0,489.0,8.12516918956332,-0.37483081043668065,0.37483081043668065,valid,,,Shared Pattern Plane,Region-SIFT(21/28),81,1,150.62860876719157,153.70350887074346,2.7238042000099085
208,9,2,3,2,3,50.0,27.5,1070.8835009301554,489.124557376483,8.5,1071.0,489.0,8.113165069517418,-0.386834930482582,0.386834930482582,valid,,,Shared Pattern Plane,Region-SIFT(21/28),81,1,158.32309104021263,161.64794410389723,2.7523698000004515
209,9,2,3,2,4,52.5,27.5,1088.8511979088664,489.1383872031485,8.5,1089.0,489.0,8.668622139934422,0.16862213993442232,0.16862213993442232,valid,,,Shared Pattern Plane,Region-SIFT(21/28),81,1,179.18261544414298,180.5362163689716,2.656742600011057
210,9,2,3,2,5,55.0,27.5,1106.900924370835,489.1522801683194,8.5,1107.0,489.0,8.089209025159443,-0.41079097484055715,0.41079097484055715,valid,,,Shared Pattern Plane,Region-SIFT(21/28),81,1,113.48904008209391,114.09506132263938,2.7991727000044193
211,9,2,3,3,1,45.0,30.0,1035.7467732288922,507.03850311967796,8.5,1036.0,507.0,8.717138369013336,0.21713836901333572,0.21713836901333572,valid,,,Shared Pattern Plane,Region-SIFT(21/28),81,1,153.02307003667116,153.41136999857102,2.720936800003983
212,9,2,3,3,2,47.5,30.0,1053.5292318401955,507.0928105346626,8.5,1054.0,507.0,8.133520189369158,-0.36647981063084245,0.36647981063084245,valid,,,Shared Pattern Plane,Region-SIFT(21/28),81,1,152.5445044128983,153.13351447456316,2.6747639999957755
213,9,2,3,3,3,50.0,30.0,1071.392395646146,507.14736442234226,8.5,1071.0,507.0,8.122178566092769,-0.377821433907231,0.377821433907231,valid,,,Shared Pattern Plane,Region-SIFT(21/28),81,1,200.4783704434753,205.2623163432807,2.6391083000053186
214,9,2,3,3,4,52.5,30.0,1089.3368153137649,507.2021664644474,8.5,1089.0,507.0,8.67673492498224,0.17673492498223986,0.17673492498223986,valid,,,Shared Pattern Plane,Region-SIFT(21/28),81,1,177.5152377956128,179.78579837448302,2.774651300002006
215,9,2,3,3,5,55.0,30.0,1107.3630465312349,507.25721835804296,8.5,1107.0,507.0,8.098227532675166,-0.4017724673248342,0.4017724673248342,valid,,,Shared Pattern Plane,Region-SIFT(21/28),81,1,109.66246769365179,109.83524465634446,2.6392254999955185
216,9,2,3,4,1,45.0,32.5,1036.3000809439839,524.9315188892946,8.5,1036.0,525.0,8.154705011605158,-0.3452949883948424,0.3452949883948424,valid,,,Shared Pattern Plane,Region-SIFT(21/28),81,1,179.98396548114758,184.89878219663106,2.635450200003106
217,9,2,3,4,2,47.5,32.5,1054.0597498256323,525.0262096622878,8.5,1054.0,525.0,8.142610227342018,-0.35738977265798155,0.35738977265798155,valid,,,Shared Pattern Plane,Region-SIFT(21/28),81,1,151.38465242032652,155.85711078712504,2.653888200002257
218,9,2,3,4,3,50.0,32.5,1071.8999112558552,525.121329604411,8.5,1072.0,525.0,8.142706617418874,-0.3572933825811262,0.3572933825811262,valid,,,Shared Pattern Plane,Region-SIFT(21/28),81,1,191.56055221658534,194.1329809933785,2.6712249999982305
219,9,2,3,4,4,52.5,32.5,1089.8211137048702,525.2168816399907,8.5,1090.0,525.0,8.118561007453073,-0.3814389925469275,0.3814389925469275,valid,,,Shared Pattern Plane,Region-SIFT(21/28),81,1,197.44045699387001,204.01622850279128,2.646519799993257
220,9,2,3,4,5,55.0,32.5,1107.823910637218,525.312868719982,8.5,1108.0,525.0,8.670456942742739,0.1704569427427387,0.1704569427427387,valid,,,Shared Pattern Plane,Region-SIFT(21/28),81,1,107.3422239101753,107.50660041349545,2.7316106999933254
221,9,2,3,5,1,45.0,35.0,1036.8518979695993,542.7763283361371,8.5,1037.0,543.0,8.163150166994974,-0.3368498330050258,0.3368498330050258,valid,,,Shared Pattern Plane,Region-SIFT(21/28),81,1,118.24355689835926,118.68053952648276,2.7285580999887316
222,9,2,3,5,2,47.5,35.0,1054.5888352930403,542.9111845738355,8.5,1055.0,543.0,8.151066508437847,-0.34893349156215336,0.34893349156215336,valid,,,Shared Pattern Plane,Region-SIFT(21/28),81,1,125.27656601799859,126.26413858141993,2.6391322999988915
223,9,2,3,5,3,50.0,35.0,1072.4060533577708,543.0466511964348,8.5,1072.0,543.0,8.139655751243396,-0.3603442487566042,0.3603442487566042,valid,,,Shared Pattern Plane,Region-SIFT(21/28),81,1,179.78012930754,181.2998041880129,2.66896340000676
224,9,2,3,5,4,52.5,35.0,1090.3040984488698,543.1827323574114,8.5,1090.0,543.0,8.12764569375259,-0.3723543062474093,0.3723543062474093,valid,,,Shared Pattern Plane,Region-SIFT(21/28),81,1,194.24446805772328,202.26603511157984,2.5489837000059197
225,9,2,3,5,5,55.0,35.0,1108.2835218190817,543.3194322480116,8.5,1108.0,543.0,7.549714332551945,-0.9502856674480551,0.9502856674480551,valid,,,Shared Pattern Plane,Region-SIFT(21/28),81,1,186.35386605338445,188.1111477684116,2.6301641000027303
226,10,2,4,1,1,65.0,25.0,1179.564537836431,470.88661934546315,8.0,1180.0,471.0,8.040095047115742,0.04009504711574152,0.04009504711574152,valid,,,Shared Pattern Plane,Region-SIFT(21/28),81,1,139.83784861085275,141.94971677946262,2.726872100000037
227,10,2,4,1,2,67.5,25.0,1198.0576465039865,470.8584896714046,8.0,1198.0,471.0,8.02072495257851,0.020724952578509814,0.020724952578509814,valid,,,Shared Pattern Plane,Region-SIFT(21/28),81,1,153.85958899442483,155.80984311609893,2.763328300003195
228,10,2,4,1,3,70.0,25.0,1216.6364743833133,470.83022961075,8.0,1217.0,471.0,8.008429315979669,0.008429315979668672,0.008429315979668672,valid,,,Shared Pattern Plane,Region-SIFT(21/28),81,1,180.19033515415495,182.21522336734373,2.594057900001644
229,10,2,4,1,4,72.5,25.0,1235.3016188471008,470.8018382548422,8.0,1235.0,471.0,7.996802906403795,-0.003197093596204681,0.003197093596204681,valid,,,Shared Pattern Plane,Region-SIFT(21/28),81,1,113.74870769157612,115.25697865723633,2.6568898999976227
230,10,2,4,1,5,75.0,25.0,1254.053682831708,470.7733146865609,8.0,1254.0,471.0,7.423215563967313,-0.5767844360326873,0.5767844360326873,valid,,,Shared Pattern Plane,Region-SIFT(21/28),81,1,141.16534431952016,143.01088751022746,2.6525984999898355
231,10,2,4,2,1,65.0,27.5,1179.9314634689536,489.20849214129584,8.0,1180.0,489.0,7.471266461873316,-0.5287335381266844,0.5287335381266844,valid,,,Shared Pattern Plane,Region-SIFT(21/28),81,1,130.4000478689002,130.77977588113515,2.558646100005717
232,10,2,4,2,2,67.5,27.5,1198.3998869771142,489.2227073796875,8.0,1198.0,489.0,7.469343514218133,-0.5306564857818667,0.5306564857818667,valid,,,Shared Pattern Plane,Region-SIFT(21/28),81,1,135.38033861987805,138.50904685161038,2.5689060000004247
233,10,2,4,2,3,70.0,27.5,1216.953796813138,489.23698841733545,8.0,1217.0,489.0,8.017278768632076,0.017278768632076336,0.017278768632076336,valid,,,Shared Pattern Plane,Region-SIFT(21/28),81,1,109.43574816083151,111.68409494701437,2.7738478999963263
234,10,2,4,2,4,72.5,27.5,1235.5937879004234,489.25133571215497,8.0,1236.0,489.0,8.005010564406268,0.005010564406267903,0.005010564406267903,valid,,,Shared Pattern Plane,Region-SIFT(21/28),81,1,72.64070549793344,72.75893588042486,2.8162603999953717
235,10,2,4,2,5,75.0,27.5,1254.3204606955248,489.2657497263208,8.0,1254.0,489.0,7.993450679367874,-0.006549320632125877,0.006549320632125877,valid,,,Shared Pattern Plane,Region-SIFT(21/28),81,1,96.91588812580815,97.1980373880276,2.575755500001833
236,10,2,4,3,1,65.0,30.0,1180.297379638396,507.47995893521846,8.0,1180.0,507.0,7.489190482234507,-0.5108095177654928,0.5108095177654928,valid,,,Shared Pattern Plane,Region-SIFT(21/28),81,1,107.56084374119995,108.00723710194517,2.5939202000008663
237,10,2,4,3,2,67.5,30.0,1198.7411837283562,507.53628609135046,8.0,1199.0,508.0,7.479120014571934,-0.5208799854280661,0.5208799854280661,valid,,,Shared Pattern Plane,Region-SIFT(21/28),81,1,132.2162102018084,134.43126167823567,2.6407477000029758
238,10,2,4,3,3,70.0,30.0,1217.2702422098098,507.5928736133699,8.0,1217.0,508.0,8.026683732118869,0.026683732118868875,0.026683732118868875,valid,,,Shared Pattern Plane,Region-SIFT(21/28),81,1,81.68283164639952,82.33373471424653,2.591232899998431
239,10,2,4,3,4,72.5,30.0,1235.8851475702347,507.6497233107266,8.0,1236.0,508.0,8.014379251314118,0.01437925131411788,0.01437925131411788,valid,,,Shared Pattern Plane,Region-SIFT(21/28),81,1,73.01792795695955,73.05803880820275,2.8818745000025956
240,10,2,4,3,5,75.0,30.0,1254.5864977999586,507.7068370096756,8.0,1255.0,508.0,8.002167118173887,0.0021671181738867062,0.0021671181738867062,valid,,,Shared Pattern Plane,Region-SIFT(21/28),81,1,100.72405218901457,100.89901073311236,2.678188500009128
241,10,2,4,4,1,65.0,32.5,1180.6622905047952,525.701227452298,8.0,1181.0,526.0,7.490440532704356,-0.5095594672956443,0.5095594672956443,valid,,,Shared Pattern Plane,Region-SIFT(21/28),81,1,127.45885499671652,130.62509330490184,2.655870699993102
242,10,2,4,4,2,67.5,32.5,1199.0815406557826,525.7994349721777,8.0,1199.0,526.0,8.047327561337884,0.04732756133788385,0.04732756133788385,valid,,,Shared Pattern Plane,Region-SIFT(21/28),81,1,99.34224776464795,101.67798719939819,2.56625120001263
243,10,2,4,4,3,70.0,32.5,1217.5858142042994,525.8980958187092,8.0,1218.0,526.0,8.034988197220175,0.034988197220174655,0.034988197220174655,valid,,,Shared Pattern Plane,Region-SIFT(21/28),81,1,75.67829805833321,75.8709266351053,2.6251417999883415
244,10,2,4,4,4,72.5,32.5,1236.1757012151832,525.997213137993,8.0,1236.0,526.0,8.02332888193045,0.023328881930449796,0.023328881930449796,valid,,,Shared Pattern Plane,Region-SIFT(21/28),81,1,115.15086100845741,116.23871678911226,2.6356605000037234
245,10,2,4,4,5,75.0,32.5,1254.851797226021,526.0967901053083,8.0,1255.0,526.0,8.011088491532353,0.011088491532353473,0.011088491532353473,valid,,,Shared Pattern Plane,Region-SIFT(21/28),81,1,130.88363463538033,132.70672759720836,2.74315339999157
246,10,2,4,5,1,65.0,35.0,1181.0262002053603,543.8725042777759,8.0,1181.0,544.0,8.06806073937296,0.0680607393729602,0.0680607393729602,valid,,,Shared Pattern Plane,Region-SIFT(21/28),81,1,103.05711615527116,104.93516103260025,2.8100355000060517
247,10,2,4,5,2,67.5,35.0,1199.4209616360238,544.0123620375833,8.0,1199.0,544.0,8.064423283920021,0.06442328392002139,0.06442328392002139,valid,,,Shared Pattern Plane,Region-SIFT(21/28),81,1,103.13077969853839,105.46550672724403,2.574091700007557
248,10,2,4,5,3,70.0,35.0,1217.900516407562,544.1528644921722,8.0,1218.0,544.0,8.043963490968498,0.04396349096849761,0.04396349096849761,valid,,,Shared Pattern Plane,Region-SIFT(21/28),81,1,115.4240172603143,117.64506724878098,2.555904200009536
249,10,2,4,5,4,72.5,35.0,1236.46545217536,544.2940161095628,8.0,1236.0,544.0,8.03230102635302,0.03230102635301968,0.03230102635301968,valid,,,Shared Pattern Plane,Region-SIFT(21/28),81,1,154.5593798738308,157.27246082727112,2.691280099999858
250,10,2,4,5,5,75.0,35.0,1255.11636203766,544.4358213991579,8.0,1255.0,544.0,7.467644328607132,-0.5323556713928683,0.5323556713928683,valid,,,Shared Pattern Plane,Region-SIFT(21/28),81,1,204.43323594956172,206.20084937464472,2.6109297999937553
251,11,2,5,1,1,85.0,25.0,1329.943391095278,470.6578796455284,7.5,1330.0,471.0,7.387069027774827,-0.11293097222517279,0.11293097222517279,valid,,,Shared Pattern Plane,Region-SIFT(21/28),81,1,91.5687109831149,91.92153017850266,2.5893786999949953
252,11,2,5,1,2,87.5,25.0,1349.139296053873,470.6286809553864,7.5,1349.0,471.0,7.376777412845533,-0.12322258715446743,0.12322258715446743,valid,,,Shared Pattern Plane,Region-SIFT(21/28),81,1,112.44667556601226,116.20431083413715,2.738276500007487
253,11,2,5,1,3,90.0,25.0,1368.4258586888316,470.5993443668018,7.5,1368.0,471.0,7.366537810604296,-0.1334621893957042,0.1334621893957042,valid,,,Shared Pattern Plane,Region-SIFT(21/28),81,1,150.22649518169425,154.01024035291016,2.624427500006277
254,11,2,5,1,4,92.5,25.0,1387.8037227521393,470.5698689005699,7.5,1388.0,471.0,7.898730280318326,0.39873028031832636,0.39873028031832636,valid,,,Shared Pattern Plane,Region-SIFT(21/28),81,1,138.86982868663847,139.19698513971682,2.6211960000073304
255,11,2,5,1,5,95.0,25.0,1407.273538105211,470.5402535681934,7.5,1407.0,471.0,7.888400732702658,0.3884007327026584,0.3884007327026584,valid,,,Shared Pattern Plane,Region-SIFT(21/28),81,1,109.4825253991223,110.6165626269097,2.5838163000007626
256,11,2,5,2,1,85.0,27.5,1330.106175381705,489.324082371794,7.5,1330.0,489.0,7.3967066279835505,-0.1032933720164495,0.1032933720164495,valid,,,Shared Pattern Plane,Region-SIFT(21/28),81,1,102.67038259808979,103.28828807547279,2.5228095000056783
257,11,2,5,2,2,87.5,27.5,1349.2754617890191,489.33883706788157,7.5,1349.0,489.0,7.386397375226529,-0.11360262477347138,0.11360262477347138,valid,,,Shared Pattern Plane,Region-SIFT(21/28),81,1,99.12465657708506,100.48648524193663,2.602792599995155
258,11,2,5,2,3,90.0,27.5,1368.5351525145318,489.35366134862716,7.5,1369.0,489.0,7.375582736029648,-0.12441726397035158,0.12441726397035158,valid,,,Shared Pattern Plane,Region-SIFT(21/28),81,1,151.35055687818578,155.65454534019776,2.795098799993866
259,11,2,5,2,4,92.5,27.5,1387.885888603899,489.36855570744694,7.5,1388.0,489.0,7.909844160613122,0.40984416061312157,0.40984416061312157,valid,,,Shared Pattern Plane,Region-SIFT(21/28),81,1,144.01512739998952,145.36642037234614,2.6253740999964066
260,11,2,5,2,5,95.0,27.5,1407.3283171779005,489.3835206424329,7.5,1407.0,489.0,7.355171884502772,-0.14482811549722818,0.14482811549722818,valid,,,Shared Pattern Plane,Region-SIFT(21/28),81,1,98.20831840303208,98.45084905432928,2.9010810000036145
261,11,2,5,3,1,85.0,30.0,1330.268503429246,507.93796894572694,7.5,1330.0,508.0,7.406924835159803,-0.09307516484019729,0.09307516484019729,valid,,,Shared Pattern Plane,Region-SIFT(21/28),81,1,111.70824627699676,113.34971936426477,2.6644942999992054
262,11,2,5,3,2,87.5,30.0,1349.411244993108,507.99643064850824,7.5,1349.0,508.0,7.396620157592018,-0.10337984240798193,0.10337984240798193,valid,,,Shared Pattern Plane,Region-SIFT(21/28),81,1,129.09739580608547,131.96491470843884,2.6994407000020146
263,11,2,5,3,3,90.0,30.0,1368.6441385775647,508.0551676744774,7.5,1369.0,508.0,7.385804254218895,-0.11419574578110492,0.11419574578110492,valid,,,Shared Pattern Plane,Region-SIFT(21/28),81,1,117.8243068314103,120.04951837508825,2.8131549999961862
264,11,2,5,3,4,92.5,30.0,1387.9678225370888,508.11418197316124,7.5,1388.0,508.0,7.375527576920251,-0.12447242307974893,0.12447242307974893,valid,,,Shared Pattern Plane,Region-SIFT(21/28),81,1,92.48758613924501,92.72312011776422,2.6662496000062674
265,11,2,5,3,5,95.0,30.0,1407.382941267216,508.1734755125363,7.5,1407.0,508.0,7.365347158514568,-0.13465284148543244,0.13465284148543244,valid,,,Shared Pattern Plane,Region-SIFT(21/28),81,1,105.6863156442289,105.78868769278947,2.7482325000019046
266,11,2,5,4,1,85.0,32.5,1330.4303771532834,526.4997590008845,7.5,1330.0,526.0,7.41665781823606,-0.08334218176393993,0.08334218176393993,valid,,,Shared Pattern Plane,Region-SIFT(21/28),81,1,115.77688684665337,117.79756159359219,2.8164541000005556
267,11,2,5,4,2,87.5,32.5,1349.5466472758485,526.6016828828393,7.5,1350.0,527.0,7.406308876170074,-0.09369112382992562,0.09369112382992562,valid,,,Shared Pattern Plane,Region-SIFT(21/28),81,1,120.75172846355136,122.36269545584642,2.694511699999566
268,11,2,5,4,3,90.0,32.5,1368.7528181760542,526.7040860965984,7.5,1369.0,527.0,7.396017204104801,-0.10398279589519888,0.10398279589519888,valid,,,Shared Pattern Plane,Region-SIFT(21/28),81,1,130.97157203936703,133.59188687252777,2.539918700000271
269,11,2,5,4,4,92.5,32.5,1388.049525532233,526.8069720314631,7.5,1388.0,527.0,7.385763774458291,-0.11423622554170887,0.11423622554170887,valid,,,Shared Pattern Plane,Region-SIFT(21/28),81,1,130.84788874166983,132.31700918272801,2.577128500008257
270,11,2,5,4,5,95.0,32.5,1407.4374110299575,526.9103441087647,7.5,1407.0,527.0,7.375559991987472,-0.1244400080125283,0.1244400080125283,valid,,,Shared Pattern Plane,Region-SIFT(21/28),81,1,88.7097578775315,89.89081057821505,2.6286513000086416
271,11,2,5,5,1,85.0,35.0,1330.5917984584905,545.009670943121,7.5,1331.0,545.0,7.426404458836723,-0.07359554116327693,0.07359554116327693,valid,,,Shared Pattern Plane,Region-SIFT(21/28),81,1,160.4590664787898,161.8879424116794,2.919254699998419
272,11,2,5,5,2,87.5,35.0,1349.6816702379297,545.1548137171736,7.5,1350.0,545.0,7.416088487875841,-0.0839115121241587,0.0839115121241587,valid,,,Shared Pattern Plane,Region-SIFT(21/28),81,1,126.74381573187611,127.05476985661946,2.5729973999987124
273,11,2,5,5,3,90.0,35.0,1368.861192600835,545.3006381162538,7.5,1369.0,545.0,7.40574812151477,-0.0942518784852302,0.0942518784852302,valid,,,Shared Pattern Plane,Region-SIFT(21/28),81,1,136.07537223170044,138.36398583877605,2.509392599997227
274,11,2,5,5,4,92.5,35.0,1388.1309985643372,545.4471489532732,7.5,1388.0,545.0,7.395499294213712,-0.1045007057862879,0.1045007057862879,valid,,,Shared Pattern Plane,Region-SIFT(21/28),81,1,136.90732557710515,137.6736826986313,2.5849793999950634
275,11,2,5,5,5,95.0,35.0,1407.491727119218,545.5943510865616,7.5,1407.0,546.0,7.385800211458061,-0.11419978854193857,0.11419978854193857,valid,,,Shared Pattern Plane,Region-SIFT(21/28),81,1,97.93120797853621,99.11153854602136,3.879991900001187
276,12,2,6,1,1,105.0,25.0,1486.0855275708973,470.4203734758069,7.0,1486.0,470.0,7.304883070892798,0.30488307089279765,0.30488307089279765,valid,,,Shared Pattern Plane,Region-SIFT(21/28),81,1,248.5969193564521,256.08776509401696,3.14138620000449
277,12,2,6,1,2,107.5,25.0,1506.025066267997,470.39004365216766,7.0,1506.0,470.0,7.292682349157315,0.2926823491573147,0.2926823491573147,valid,,,Shared Pattern Plane,Region-SIFT(21/28),81,1,143.53149079469145,145.35883507322782,2.697757300004014
278,12,2,6,1,3,110.0,25.0,1526.0605878633298,470.3595678299464,7.0,1526.0,470.0,7.285110192992841,0.2851101929928408,0.2851101929928408,valid,,,Shared Pattern Plane,Region-SIFT(21/28),81,1,210.27911640954397,216.43210710127283,2.642994900001213
279,12,2,6,1,4,112.5,25.0,1546.1927870778716,470.3289449524104,7.0,1546.0,470.0,6.73872936172415,-0.2612706382758496,0.2612706382758496,valid,,,Shared Pattern Plane,Region-SIFT(21/28),81,1,272.87159261552114,280.3067993901475,2.6141822999925353
280,12,2,6,1,5,115.0,25.0,1566.4223653533036,470.2981739526038,7.0,1566.0,470.0,7.7941127254686355,0.7941127254686355,0.7941127254686355,valid,,,Shared Pattern Plane,Region-SIFT(21/28),81,1,259.88833876110255,265.11226353982676,2.7555258000065805
281,12,2,6,2,1,105.0,27.5,1486.028115433923,489.44409627267527,7.0,1486.0,489.0,6.237268598482582,-0.762731401517418,0.762731401517418,valid,,,Shared Pattern Plane,Region-SIFT(21/28),81,1,295.7120825217514,303.07083250646116,2.6632152999954997
282,12,2,6,2,2,107.5,27.5,1505.9389309799883,489.4594217274676,7.0,1506.0,489.0,7.302701371746106,0.3027013717461058,0.3027013717461058,valid,,,Shared Pattern Plane,Region-SIFT(21/28),81,1,174.51006931678327,176.9919148378294,2.5513021999940975
283,12,2,6,2,3,110.0,27.5,1525.9454534257948,489.4748208483417,7.0,1526.0,489.0,6.758338262703161,-0.24166173729683926,0.24166173729683926,valid,,,Shared Pattern Plane,Region-SIFT(21/28),81,1,183.52488077658194,188.18011787210636,2.833999700000277
284,12,2,6,2,4,112.5,27.5,1546.0483744967714,489.4902941677221,7.0,1546.0,489.0,6.749608605085821,-0.25039139491417917,0.25039139491417917,valid,,,Shared Pattern Plane,Region-SIFT(21/28),81,1,227.90137001522004,232.51061108507577,2.601045299990801
285,12,2,6,2,5,115.0,27.5,1566.2483926004109,489.50584222317644,7.0,1566.0,490.0,7.271864947298886,0.27186494729888633,0.27186494729888633,valid,,,Shared Pattern Plane,Region-SIFT(21/28),81,1,298.8467573801677,306.28731723360687,2.4941598000004888
286,12,2,6,3,1,105.0,30.0,1485.9708672817733,508.41348209453656,7.0,1486.0,508.0,6.786866291899697,-0.21313370810030285,0.21313370810030285,valid,,,Shared Pattern Plane,Region-SIFT(21/28),81,1,142.44579883454338,145.1890109964403,2.5554954999970505
287,12,2,6,3,2,107.5,30.0,1505.853042307043,508.4742020182264,7.0,1506.0,508.0,7.31277984640444,0.3127798464044398,0.3127798464044398,valid,,,Shared Pattern Plane,Region-SIFT(21/28),81,1,153.40892226506793,157.6115723278964,2.612020999993547
288,12,2,6,3,3,110.0,30.0,1525.8306494222895,508.5352133903725,7.0,1526.0,509.0,6.767638751865812,-0.2323612481341879,0.2323612481341879,valid,,,Shared Pattern Plane,Region-SIFT(21/28),81,1,160.64449185870942,162.43304322652588,2.8857197999896016
289,12,2,6,3,4,112.5,30.0,1545.9043773745916,508.5965183144005,7.0,1546.0,509.0,6.227259032174009,-0.7727409678259907,0.7727409678259907,valid,,,Shared Pattern Plane,Region-SIFT(21/28),81,1,200.7682993934268,203.98671196402407,2.879892299999483
290,12,2,6,3,5,115.0,30.0,1566.0749215547264,508.6581189140251,7.0,1566.0,509.0,7.285196431513561,0.2851964315135609,0.2851964315135609,valid,,,Shared Pattern Plane,Region-SIFT(21/28),81,1,230.06227474111728,234.52141574531916,2.4480235999944853
291,12,2,6,4,1,105.0,32.5,1485.9137824128718,527.328763411369,7.0,1486.0,527.0,7.333445807840534,0.33344580784053424,0.33344580784053424,valid,,,Shared Pattern Plane,Region-SIFT(21/28),81,1,187.89039457765205,192.1425157986114,2.5512084000074537
292,12,2,6,4,2,107.5,32.5,1505.7673991915465,527.4346186686944,7.0,1506.0,527.0,7.322897476646535,0.3228974766465349,0.3228974766465349,valid,,,Shared Pattern Plane,Region-SIFT(21/28),81,1,221.25026890588185,224.92462664642713,2.6277100000006612
293,12,2,6,4,3,110.0,32.5,1525.7161744323419,527.5409812906781,7.0,1526.0,528.0,7.312922130704404,0.3129221307044041,0.3129221307044041,valid,,,Shared Pattern Plane,Region-SIFT(21/28),81,1,164.41681347044687,167.0977133356189,2.661879699997371
294,12,2,6,4,4,112.5,32.5,1545.7607939210618,527.6478549337843,7.0,1546.0,528.0,6.7696360919801055,-0.23036390801989448,0.23036390801989448,valid,,,Shared Pattern Plane,Region-SIFT(21/28),81,1,240.02247278728183,246.68713112625153,2.6720935000048485
295,12,2,6,4,5,115.0,32.5,1565.9019500491188,527.7552432896963,7.0,1566.0,528.0,6.763329959664108,-0.23667004033589212,0.23667004033589212,valid,,,Shared Pattern Plane,Region-SIFT(21/28),81,1,332.8803710069606,341.03836077180677,2.6882240999984788
296,12,2,6,5,1,105.0,35.0,1485.856860129639,546.1901713689367,7.0,1486.0,546.0,6.80938632139062,-0.19061367860938017,0.19061367860938017,valid,,,Shared Pattern Plane,Region-SIFT(21/28),81,1,235.9386865514927,240.77829207880464,2.6174592999886954
297,12,2,6,5,2,107.5,35.0,1505.68200058192,546.3409044861871,7.0,1506.0,546.0,6.799051110947317,-0.20094888905268338,0.20094888905268338,valid,,,Shared Pattern Plane,Region-SIFT(21/28),81,1,188.68400693116365,192.71491657585798,2.481935700008762
298,12,2,6,5,3,110.0,35.0,1525.6020270436102,546.4923590340885,7.0,1526.0,546.0,7.322536014685518,0.32253601468551807,0.32253601468551807,valid,,,Shared Pattern Plane,Region-SIFT(21/28),81,1,145.2291554592274,146.76432401357482,2.6514047000091523
299,12,2,6,5,4,112.5,35.0,1545.6176223561872,546.6445402043731,7.0,1546.0,547.0,7.312557094144898,0.3125570941448981,0.3125570941448981,valid,,,Shared Pattern Plane,Region-SIFT(21/28),81,1,264.2356862981483,268.01155137103683,2.6803554000071017
300,12,2,6,5,5,115.0,35.0,1565.7294759289227,546.7974532387096,7.0,1566.0,547.0,7.299495727072543,0.2994957270725429,0.2994957270725429,valid,,,Shared Pattern Plane,Region-SIFT(21/28),81,1,346.93664568038207,357.91414536944114,2.4607123999885516
301,13,3,1,1,1,5.0,45.0,767.0823537205871,609.1561499670188,6.5,767.0,609.0,6.00704676193757,-0.4929532380624302,0.4929532380624302,valid,,,Shared Pattern Plane,Region-SIFT(21/28),81,1,205.28171927840623,208.5090475205047,2.5339316000026884
302,13,3,1,1,2,7.5,45.0,783.527229329551,609.4295375353935,6.5,784.0,609.0,5.976651083691175,-0.5233489163088247,0.5233489163088247,valid,,,Shared Pattern Plane,Region-SIFT(21/28),81,1,240.53091670545953,244.83263148147088,2.6911319000064395
303,13,3,1,1,3,10.0,45.0,800.0435633096813,609.7041130623028,6.5,800.0,610.0,5.948605986782049,-0.5513940132179513,0.5513940132179513,valid,,,Shared Pattern Plane,Region-SIFT(21/28),81,1,255.76351048958998,261.4260714828055,2.431673099999898
304,13,3,1,1,4,12.5,45.0,816.6318224401767,609.9798843077104,6.5,817.0,610.0,6.568031127452183,0.06803112745218343,0.06803112745218343,valid,,,Shared Pattern Plane,Region-SIFT(21/28),81,1,229.08802764075142,231.57767875523416,2.5223136999993585
305,13,3,1,1,5,15.0,45.0,833.2924775745563,610.2568590993126,6.5,833.0,610.0,7.134879158706259,0.6348791587062594,0.6348791587062594,valid,,,Shared Pattern Plane,Region-SIFT(21/28),81,1,205.65524046004765,207.23781396445852,2.368451800008188
306,13,3,1,2,1,5.0,47.5,767.959308488043,626.160046923871,6.5,768.0,626.0,6.019385531784757,-0.4806144682152427,0.4806144682152427,valid,,,Shared Pattern Plane,Region-SIFT(21/28),81,1,163.26272261231034,165.25397642849072,2.5428427000006195
307,13,3,1,2,2,7.5,47.5,784.3847932603124,626.4698964989974,6.5,784.0,626.0,6.013966116985661,-0.4860338830143389,0.4860338830143389,valid,,,Shared Pattern Plane,Region-SIFT(21/28),81,1,224.7412267947323,229.20786341807445,2.642283299996052
308,13,3,1,2,3,10.0,47.5,800.8815595426312,626.7810907251893,6.5,801.0,627.0,5.984854526867581,-0.515145473132419,0.515145473132419,valid,,,Shared Pattern Plane,Region-SIFT(21/28),81,1,222.64544810542353,227.81235862809402,2.6984320000046864
309,13,3,1,2,4,12.5,47.5,817.4500723534892,627.0936383745341,6.5,817.0,627.0,6.5796761893121305,0.0796761893121305,0.0796761893121305,valid,,,Shared Pattern Plane,Region-SIFT(21/28),81,1,235.7266352275061,241.0817826129068,2.4922784000082174
310,13,3,1,2,5,15.0,47.5,834.0908007650396,627.4075482955865,6.5,834.0,627.0,6.595271482436371,0.09527148243637118,0.09527148243637118,valid,,,Shared Pattern Plane,Region-SIFT(21/28),81,1,298.03613828225104,307.43703793822687,2.4591512999904808
311,13,3,1,3,1,5.0,50.0,768.8340004689816,643.1200691106623,6.5,769.0,643.0,6.031899586081708,-0.46810041391829227,0.46810041391829227,valid,,,Shared Pattern Plane,Region-SIFT(21/28),81,1,206.43559975094263,210.53763240520797,2.6449673999886727
312,13,3,1,3,2,7.5,50.0,785.2401396535525,643.4661915345115,6.5,785.0,643.0,6.603824515431983,0.10382451543198279,0.10382451543198279,valid,,,Shared Pattern Plane,Region-SIFT(21/28),81,1,212.83569378222106,214.5719353064599,2.5000013999961084
313,13,3,1,3,3,10.0,50.0,801.7173841414967,643.8138140760715,6.5,802.0,644.0,5.997190351688415,-0.5028096483115849,0.5028096483115849,valid,,,Shared Pattern Plane,Region-SIFT(21/28),81,1,227.9514834691608,232.75751942842174,2.4887667000002693
314,13,3,1,3,4,12.5,50.0,818.2661971994314,644.1629465089371,6.5,818.0,644.0,5.99225474966761,-0.5077452503323903,0.5077452503323903,valid,,,Shared Pattern Plane,Region-SIFT(21/28),81,1,275.30240063843905,280.92797149043986,2.760053499994683
315,13,3,1,3,5,15.0,50.0,834.8870461271114,644.5135986917915,6.5,835.0,645.0,6.56203140979956,0.06203140979955979,0.06203140979955979,valid,,,Shared Pattern Plane,Region-SIFT(21/28),81,1,338.8152327744418,350.41506580771994,2.7948046999954386
316,13,3,1,4,1,5.0,52.5,769.7064384100437,660.0363861222042,6.5,770.0,660.0,6.647060610137138,0.1470606101371379,0.1470606101371379,valid,,,Shared Pattern Plane,Region-SIFT(21/28),81,1,255.1951530446451,260.3329783448853,2.5927867999998853
317,13,3,1,4,2,7.5,52.5,786.0932770995165,660.4185933357533,6.5,786.0,660.0,6.615215126458393,0.11521512645839316,0.11521512645839316,valid,,,Shared Pattern Plane,Region-SIFT(21/28),81,1,210.86079943924355,212.31001196498477,2.5152323999936925
318,13,3,1,4,3,10.0,52.5,802.5510455369096,660.8024549172878,6.5,803.0,661.0,5.9852637251800145,-0.5147362748199855,0.5147362748199855,valid,,,Shared Pattern Plane,Region-SIFT(21/28),81,1,253.53677014446765,259.24107807489963,2.655186500007403
319,13,3,1,4,4,12.5,52.5,819.0802052457492,661.1879816313991,6.5,819.0,661.0,6.602297948255269,0.10229794825526906,0.10229794825526906,valid,,,Shared Pattern Plane,Region-SIFT(21/28),81,1,289.6847122273117,297.01672787731917,2.6181122999987565
320,13,3,1,4,5,15.0,52.5,835.681221762302,661.5751843362716,6.5,836.0,662.0,6.022963342205105,-0.477036657794895,0.477036657794895,valid,,,Shared Pattern Plane,Region-SIFT(21/28),81,1,314.66570545781855,323.5248464133216,2.4858403999969596
321,13,3,1,5,1,5.0,55.0,770.5766310128487,676.9091666803581,6.5,771.0,677.0,6.658503539281651,0.15850353928165095,0.15850353928165095,valid,,,Shared Pattern Plane,Region-SIFT(21/28),81,1,264.6865927105858,271.579567381461,2.712607699999353
322,13,3,1,5,2,7.5,55.0,786.9442141441378,677.327271716037,6.5,787.0,677.0,6.626618933012848,0.126618933012848,0.126618933012848,valid,,,Shared Pattern Plane,Region-SIFT(21/28),81,1,229.4195449082309,236.92543468315728,2.6874392000027
323,13,3,1,5,3,10.0,55.0,803.3825521159196,677.747184163041,6.5,803.0,678.0,6.022207031901328,-0.47779296809867233,0.47779296809867233,valid,,,Shared Pattern Plane,Region-SIFT(21/28),81,1,247.86449391703127,255.22823361004208,2.6531754000025103
324,13,3,1,5,4,12.5,55.0,819.8921047173553,678.1689157665464,6.5,820.0,678.0,5.96944714915556,-0.5305528508444404,0.5305528508444404,valid,,,Shared Pattern Plane,Region-SIFT(21/28),81,1,339.2522791564779,352.8072747516024,2.491444599989336
325,13,3,1,5,5,15.0,55.0,836.4733357300788,678.5924783737174,6.5,836.0,679.0,6.012750784810217,-0.4872492151897827,0.4872492151897827,valid,,,Shared Pattern Plane,Region-SIFT(21/28),81,1,327.5501810023394,336.8880514377467,2.4809614999976475
326,14,3,2,1,1,25.0,45.0,900.6686203338936,611.3769526940248,6.0,901.0,611.0,5.942885659833852,-0.057114340166148025,0.057114340166148025,valid,,,Shared Pattern Plane,Region-SIFT(21/28),81,1,127.9160538764227,128.07737999833688,2.47707989999617
327,14,3,2,1,2,27.5,45.0,917.6984640433707,611.6600650551177,6.0,918.0,612.0,5.938547144453072,-0.06145285554692759,0.06145285554692759,valid,,,Shared Pattern Plane,Region-SIFT(21/28),81,1,169.09423779835777,170.42670078329346,2.4276003999984823
328,14,3,2,1,3,30.0,45.0,934.8036169749746,611.9444293931549,6.0,935.0,612.0,5.952152184221954,-0.04784781577804598,0.04784781577804598,valid,,,Shared Pattern Plane,Region-SIFT(21/28),81,1,172.07743790439827,172.91680639925613,2.630124399991473
329,14,3,2,1,4,32.5,45.0,951.9845797833509,612.2300540312615,6.0,952.0,612.0,5.946477816988747,-0.05352218301125333,0.05352218301125333,valid,,,Shared Pattern Plane,Region-SIFT(21/28),81,1,166.14170650401442,166.92263698561945,3.824298899999121
330,14,3,2,1,5,35.0,45.0,969.2418575707939,612.5169473665022,6.0,969.0,613.0,5.94152183819843,-0.058478161801570394,0.058478161801570394,valid,,,Shared Pattern Plane,Region-SIFT(21/28),81,1,143.7369373861444,144.09734697878528,2.5674962000048254
331,14,3,2,2,1,25.0,47.5,901.3853962347831,628.6769903914325,6.0,901.0,629.0,6.547104461546942,0.547104461546942,0.547104461546942,valid,,,Shared Pattern Plane,Region-SIFT(21/28),81,1,105.20650281451996,105.77813797138562,2.73221509999712
332,14,3,2,2,2,27.5,47.5,918.3943837418449,628.9978471348079,6.0,918.0,629.0,5.378067643168946,-0.6219323568310537,0.6219323568310537,valid,,,Shared Pattern Plane,Region-SIFT(21/28),81,1,132.66244955315162,135.23007534504183,2.5796680000057677
333,14,3,2,2,3,30.0,47.5,935.4784889296249,629.3201208945926,6.0,935.0,629.0,5.945887689860789,-0.05411231013921114,0.05411231013921114,valid,,,Shared Pattern Plane,Region-SIFT(21/28),81,1,127.66542767267379,128.59822042570207,2.463875800007372
334,14,3,2,2,4,32.5,47.5,952.6382105185961,629.6438210786264,6.0,953.0,630.0,5.959391846799398,-0.04060815320060218,0.04060815320060218,valid,,,Shared Pattern Plane,Region-SIFT(21/28),81,1,97.81716303825378,97.93344975942446,3.12588130000222
335,14,3,2,2,5,35.0,47.5,969.8740516538232,629.9689571782143,6.0,970.0,630.0,5.953721676413051,-0.04627832358694928,0.04627832358694928,valid,,,Shared Pattern Plane,Region-SIFT(21/28),81,1,118.00768433222694,120.98600379352695,2.6253353000065545
336,14,3,2,3,1,25.0,50.0,902.1002901695829,645.9316051271286,6.0,902.0,646.0,6.558248067346655,0.5582480673466552,0.5582480673466552,valid,,,Shared Pattern Plane,Region-SIFT(21/28),81,1,205.6016797353351,210.6429716844724,2.549057600001106
337,14,3,2,3,2,27.5,50.0,919.0884722136474,646.2900069838809,6.0,919.0,646.0,5.982695485573364,-0.01730451442663572,0.01730451442663572,valid,,,Shared Pattern Plane,Region-SIFT(21/28),81,1,147.03273991125602,149.36283120431196,2.3313198999967426
338,14,3,2,3,3,30.0,50.0,936.1515811259382,646.6499895823877,6.0,936.0,647.0,5.977656023110687,-0.022343976889312778,0.022343976889312778,valid,,,Shared Pattern Plane,Region-SIFT(21/28),81,1,128.05601087196794,129.77081610280968,2.5913366000022506
339,14,3,2,3,4,32.5,50.0,953.2901137027011,647.0115634036234,6.0,953.0,647.0,5.971932558967433,-0.028067441032566975,0.028067441032566975,valid,,,Shared Pattern Plane,Region-SIFT(21/28),81,1,114.96252298405561,115.2445580093277,2.575505600005272
340,14,3,2,3,5,35.0,50.0,970.5045711418649,647.3747390214251,6.0,971.0,647.0,5.965891883350176,-0.03410811664982383,0.03410811664982383,valid,,,Shared Pattern Plane,Region-SIFT(21/28),81,1,106.88934642297251,107.52859812941044,2.606129299994791
341,14,3,2,4,1,25.0,52.5,902.8133095405075,663.1409755602937,6.0,903.0,663.0,6.569478491393428,0.5694784913934283,0.5694784913934283,valid,,,Shared Pattern Plane,Region-SIFT(21/28),81,1,266.19058454705294,273.4111052593043,2.5347618000087095
342,14,3,2,4,2,27.5,52.5,919.7807366772506,663.5367244396183,6.0,920.0,664.0,6.015363138847529,0.015363138847528823,0.015363138847528823,valid,,,Shared Pattern Plane,Region-SIFT(21/28),81,1,200.54284816419005,203.42043127534305,2.639355599996634
343,14,3,2,4,3,30.0,52.5,936.822900594956,663.9342164823036,6.0,937.0,664.0,5.989965772572,-0.010034227428000086,0.010034227428000086,valid,,,Shared Pattern Plane,Region-SIFT(21/28),81,1,156.82718950301881,159.3736911812943,2.4931455999903847
344,14,3,2,4,4,32.5,52.5,953.9402961755235,664.3334632309927,6.0,954.0,664.0,5.984246372065603,-0.015753627934397052,0.015753627934397052,valid,,,Shared Pattern Plane,Region-SIFT(21/28),81,1,119.08181701337219,119.93153495102882,2.4775051000033272
345,14,3,2,4,5,35.0,52.5,971.133422679775,664.7344763304633,6.0,971.0,665.0,5.979214214437328,-0.020785785562671855,0.020785785562671855,valid,,,Shared Pattern Plane,Region-SIFT(21/28),81,1,120.20112884915063,120.71033554480758,2.4810343999997713
346,14,3,2,5,1,25.0,55.0,903.524461711003,680.3052794143906,6.0,904.0,680.0,6.033454627959612,0.03345462795961218,0.03345462795961218,valid,,,Shared Pattern Plane,Region-SIFT(21/28),81,1,281.66440755955125,289.393444097209,2.4617912999965483
347,14,3,2,5,2,27.5,55.0,920.4711843132383,680.7381783953468,6.0,920.0,681.0,5.398924264666649,-0.6010757353333513,0.6010757353333513,valid,,,Shared Pattern Plane,Region-SIFT(21/28),81,1,224.90335655313322,229.5423519829652,2.7114168999978574
348,14,3,2,5,3,30.0,55.0,937.4924543307335,681.1729816678204,6.0,937.0,681.0,5.414852053015586,-0.5851479469844136,0.5851479469844136,valid,,,Shared Pattern Plane,Region-SIFT(21/28),81,1,201.8921465606286,205.09431405435083,2.423179199991864
349,14,3,2,5,4,32.5,55.0,954.588764740861,681.6097018247715,6.0,955.0,682.0,5.978658143917488,-0.021341856082512045,0.021341856082512045,valid,,,Shared Pattern Plane,Region-SIFT(21/28),81,1,169.73768166637925,173.5036132863124,2.6365914000052726
350,14,3,2,5,5,35.0,55.0,971.7606128773002,682.0483515704408,6.0,972.0,682.0,5.370931200933029,-0.629068799066971,0.629068799066971,valid,,,Shared Pattern Plane,Region-SIFT(21/28),81,1,134.62506326493764,135.40485342971314,2.4736899999988964
351,15,3,3,1,1,45.0,45.0,1039.0443790154436,613.6773782543937,5.5,1039.0,614.0,5.323133820006954,-0.17686617999304577,0.17686617999304577,valid,,,Shared Pattern Plane,Region-SIFT(21/28),81,1,230.72290586340364,235.49734288913947,2.461868400001549
352,15,3,3,1,2,47.5,45.0,1056.6909674027063,613.9707436773995,5.5,1057.0,614.0,5.319667675979818,-0.18033232402018218,0.18033232402018218,valid,,,Shared Pattern Plane,Region-SIFT(21/28),81,1,208.1821777671733,213.18435042043365,2.5922893000097247
353,15,3,3,1,3,50.0,45.0,1074.4169976023607,614.2654297795295,5.5,1074.0,614.0,5.316381455867554,-0.18361854413244583,0.18361854413244583,valid,,,Shared Pattern Plane,Region-SIFT(21/28),81,1,235.91862062928539,241.4879733009855,2.594622500007972
354,15,3,3,1,4,52.5,45.0,1092.223007274063,614.5614454990982,5.5,1092.0,615.0,5.313640474956318,-0.1863595250436818,0.1863595250436818,valid,,,Shared Pattern Plane,Region-SIFT(21/28),81,1,209.6487158517989,214.24231843314982,2.9555423999991035
355,15,3,3,1,5,55.0,45.0,1110.1095389402597,614.8587998552608,5.5,1110.0,615.0,5.884346752585691,0.3843467525856914,0.3843467525856914,valid,,,Shared Pattern Plane,Region-SIFT(21/28),81,1,137.00034480523811,137.28401057869053,2.427840099990135
356,15,3,3,2,1,45.0,47.5,1039.5888321916734,631.2840535317872,5.5,1040.0,631.0,5.336012905853656,-0.16398709414634371,0.16398709414634371,valid,,,Shared Pattern Plane,Region-SIFT(21/28),81,1,147.83465297133833,151.6985748295142,2.4654576999892015
357,15,3,3,2,2,47.5,47.5,1057.2129765743355,631.6165145656406,5.5,1057.0,632.0,5.333516297767191,-0.16648370223280917,0.16648370223280917,valid,,,Shared Pattern Plane,Region-SIFT(21/28),81,1,132.94286033489087,134.62753477815167,2.5548318999935873
358,15,3,3,2,3,50.0,47.5,1074.9163550905698,631.9504702684773,5.5,1075.0,632.0,5.330015373739984,-0.16998462626001576,0.16998462626001576,valid,,,Shared Pattern Plane,Region-SIFT(21/28),81,1,151.2443541678171,153.41051879140988,2.4170083999924827
359,15,3,3,2,4,52.5,47.5,1092.6995032720808,632.2859307425422,5.5,1093.0,632.0,5.32647339555519,-0.1735266044448096,0.1735266044448096,valid,,,Shared Pattern Plane,Region-SIFT(21/28),81,1,120.25475735185009,121.43802626376203,2.517756199988071
360,15,3,3,2,5,55.0,47.5,1110.562961487575,632.622906181325,5.5,1111.0,633.0,5.89686776559485,0.39686776559485004,0.39686776559485004,valid,,,Shared Pattern Plane,Region-SIFT(21/28),81,1,125.83827810388392,126.9484669510286,2.653502400004072
361,15,3,3,3,1,45.0,50.0,1040.1318302943343,648.843674243339,5.5,1040.0,649.0,5.365325768383375,-0.13467423161662495,0.13467423161662495,valid,,,Shared Pattern Plane,Region-SIFT(21/28),81,1,139.11417607756516,140.8823736742074,2.5626436000020476
362,15,3,3,3,2,47.5,50.0,1057.7335875301426,649.2150207746544,5.5,1058.0,649.0,5.34641492584241,-0.15358507415758993,0.15358507415758993,valid,,,Shared Pattern Plane,Region-SIFT(21/28),81,1,110.0997313292569,111.4152101877895,2.403369499996188
363,15,3,3,3,3,50.0,50.0,1075.414372033502,649.5880345543749,5.5,1075.0,650.0,5.91962129921298,0.41962129921297997,0.41962129921297997,valid,,,Shared Pattern Plane,Region-SIFT(21/28),81,1,121.87664510535184,122.42879093779625,2.415800999995554
364,15,3,3,3,4,52.5,50.0,1093.1747172193761,649.962726836025,5.5,1093.0,650.0,5.914335304339131,0.4143353043391311,0.4143353043391311,valid,,,Shared Pattern Plane,Region-SIFT(21/28),81,1,120.73071054983392,122.98564997058085,2.5149951000057627
365,15,3,3,3,5,55.0,50.0,1111.0151613141159,650.3391089746349,5.5,1111.0,650.0,5.336751031203676,-0.16324896879632433,0.16324896879632433,valid,,,Shared Pattern Plane,Region-SIFT(21/28),81,1,132.40924059499508,133.87910378211788,2.439625300001353
366,15,3,3,4,1,45.0,52.5,1040.6733791487586,666.3564287702227,5.5,1041.0,666.0,5.3628818060229655,-0.1371181939770345,0.1371181939770345,valid,,,Shared Pattern Plane,Region-SIFT(21/28),81,1,172.06133670705967,174.77394709213107,2.416113500003121
367,15,3,3,4,2,47.5,52.5,1058.2528058803528,666.7664519500561,5.5,1058.0,667.0,5.360287655895325,-0.1397123441046748,0.1397123441046748,valid,,,Shared Pattern Plane,Region-SIFT(21/28),81,1,158.2829386590019,160.46897144264068,2.6445623000035994
368,15,3,3,4,3,50.0,52.5,1075.9110538220425,667.1783135586217,5.5,1076.0,667.0,5.356753109706492,-0.1432468902935078,0.1432468902935078,valid,,,Shared Pattern Plane,Region-SIFT(21/28),81,1,167.73609987238729,170.09151305026174,2.520954999999958
369,15,3,3,4,4,52.5,52.5,1093.6486542831883,667.5920259881982,5.5,1094.0,668.0,5.367666480096786,-0.13233351990321385,0.13233351990321385,valid,,,Shared Pattern Plane,Region-SIFT(21/28),81,1,110.39517694200788,112.18039141264067,2.537677900007111
370,15,3,3,4,5,55.0,52.5,1111.4661433590932,668.007601742692,5.5,1111.0,668.0,5.921924352854381,0.421924352854381,0.421924352854381,valid,,,Shared Pattern Plane,Region-SIFT(21/28),81,1,88.94194047917765,89.40341363590876,2.5030735000036657
371,15,3,3,5,1,45.0,55.0,1041.2134845492244,683.822504489383,5.5,1041.0,684.0,5.954247421092986,0.4542474210929859,0.4542474210929859,valid,,,Shared Pattern Plane,Region-SIFT(21/28),81,1,173.1953219423849,175.31047369373755,2.556437899998855
372,15,3,3,5,2,47.5,55.0,1058.7706372052169,684.2709967242337,5.5,1059.0,684.0,5.388336377494385,-0.11166362250561512,0.11166362250561512,valid,,,Shared Pattern Plane,Region-SIFT(21/28),81,1,124.91378819702794,125.2277132624842,2.4553247000003466
373,15,3,3,5,3,50.0,55.0,1076.4064058182105,684.7214971802886,5.5,1076.0,685.0,5.37062647598998,-0.12937352401001956,0.12937352401001956,valid,,,Shared Pattern Plane,Region-SIFT(21/28),81,1,134.22916039815027,138.5523683587703,2.6776252999989083
374,15,3,3,5,4,52.5,55.0,1094.121319603026,685.1740193761829,5.5,1094.0,685.0,5.367017139393297,-0.1329828606067034,0.1329828606067034,valid,,,Shared Pattern Plane,Region-SIFT(21/28),81,1,125.82897395784892,127.1585458961766,2.4404132000054233
375,15,3,3,5,5,55.0,55.0,1111.9159125351498,685.628576952161,5.5,1112.0,686.0,5.36419266628508,-0.13580733371492038,0.13580733371492038,valid,,,Shared Pattern Plane,Region-SIFT(21/28),81,1,101.43431326169816,102.01201645268969,2.5994076000060886
376,16,3,4,1,1,65.0,45.0,1182.4719093032415,616.0617869100597,5.0,1182.0,616.0,4.737248488363109,-0.2627515116368908,0.2627515116368908,valid,,,Shared Pattern Plane,Region-SIFT(21/28),81,1,196.1784877312877,197.98931817124003,2.5346633000008296
377,16,3,4,1,2,67.5,45.0,1200.7693628756122,616.3659726308001,5.0,1201.0,616.0,4.72521282129368,-0.27478717870631986,0.27478717870631986,valid,,,Shared Pattern Plane,Region-SIFT(21/28),81,1,175.46334249102878,176.3825452344979,2.3998084000049857
378,16,3,4,1,3,70.0,45.0,1219.1506988345793,616.6715528529186,5.0,1219.0,617.0,5.290862858673207,0.29086285867320694,0.29086285867320694,valid,,,Shared Pattern Plane,Region-SIFT(21/28),81,1,158.56555478181787,160.59165286842926,2.609251600006246
379,16,3,4,1,4,72.5,45.0,1237.6164953278255,616.9785371878223,5.0,1238.0,617.0,5.295486789134181,0.2954867891341806,0.2954867891341806,valid,,,Shared Pattern Plane,Region-SIFT(21/28),81,1,172.96026363625097,174.1372884711824,2.403794400001061
380,16,3,4,1,5,75.0,45.0,1256.1673358283372,617.286935335448,5.0,1256.0,617.0,5.291531212280535,0.29153121228053536,0.29153121228053536,valid,,,Shared Pattern Plane,Region-SIFT(21/28),81,1,275.06022563308636,280.5227597815259,2.610277599989786
381,16,3,4,2,1,65.0,47.5,1182.8308744447063,633.9861647052279,5.0,1183.0,634.0,4.730987318434228,-0.26901268156577185,0.26901268156577185,valid,,,Shared Pattern Plane,Region-SIFT(21/28),81,1,99.67873429949321,101.10691913946084,2.4508488999999827
382,16,3,4,2,2,67.5,47.5,1201.1041615292759,634.3308711365944,5.0,1201.0,634.0,4.739731060017026,-0.26026893998297407,0.26026893998297407,valid,,,Shared Pattern Plane,Region-SIFT(21/28),81,1,113.95762294486715,117.20409220768069,2.4839364000072237
383,16,3,4,2,3,70.0,47.5,1219.4611055550654,634.6771556685804,5.0,1219.0,635.0,5.3043958962524025,0.3043958962524025,0.3043958962524025,valid,,,Shared Pattern Plane,Region-SIFT(21/28),81,1,120.47718613286497,121.65146121027485,2.510158000004594
384,16,3,4,2,4,72.5,47.5,1237.9022823249193,635.0250291631038,5.0,1238.0,635.0,4.745505287656569,-0.2544947123434307,0.2544947123434307,valid,,,Shared Pattern Plane,Region-SIFT(21/28),81,1,101.71828975980243,101.88581384340175,2.5178396999981487
385,16,3,4,2,5,75.0,47.5,1256.4282729380957,635.3745025819935,5.0,1256.0,635.0,4.743192080025237,-0.25680791997476327,0.25680791997476327,valid,,,Shared Pattern Plane,Region-SIFT(21/28),81,1,149.4595349009075,151.69596273478774,2.386791600001743
386,16,3,4,3,1,65.0,50.0,1183.1888627728947,651.8617668166813,5.0,1183.0,652.0,4.75601098044614,-0.24398901955385988,0.24398901955385988,valid,,,Shared Pattern Plane,Region-SIFT(21/28),81,1,105.9037131761117,106.42963071393804,2.63929150000331
387,16,3,4,3,2,67.5,50.0,1201.4380470534873,652.2467721994476,5.0,1201.0,652.0,4.754285915387384,-0.245714084612616,0.245714084612616,valid,,,Shared Pattern Plane,Region-SIFT(21/28),81,1,132.26227763014495,133.5734002773475,2.5101653000019724
388,16,3,4,3,3,70.0,50.0,1219.770663737361,652.633537766333,5.0,1220.0,653.0,4.762633547990331,-0.23736645200966944,0.23736645200966944,valid,,,Shared Pattern Plane,Region-SIFT(21/28),81,1,172.68139658882507,177.06327083154505,2.5054596999980276
389,16,3,4,3,4,72.5,50.0,1238.1872862951845,653.0220756159222,5.0,1238.0,653.0,5.314355034518241,0.31435503451824065,0.31435503451824065,valid,,,Shared Pattern Plane,Region-SIFT(21/28),81,1,205.44501024881998,209.9753829010607,2.524172399993404
390,16,3,4,3,5,75.0,50.0,1256.6884934653435,653.4123979579327,5.0,1257.0,653.0,5.310660120740851,0.3106601207408506,0.3106601207408506,valid,,,Shared Pattern Plane,Region-SIFT(21/28),81,1,111.28374046699079,112.69227831793788,2.4920258999918588
391,16,3,4,4,1,65.0,52.5,1183.5458782695343,669.6887920659466,5.0,1184.0,670.0,5.3377243489195525,0.3377243489195525,0.3377243489195525,valid,,,Shared Pattern Plane,Region-SIFT(21/28),81,1,139.1140237646759,140.39951453613725,2.547915400005877
392,16,3,4,4,2,67.5,52.5,1201.7710231788615,670.1138759997256,5.0,1202.0,670.0,4.768713538299741,-0.23128646170025924,0.23128646170025924,valid,,,Shared Pattern Plane,Region-SIFT(21/28),81,1,148.13362326849074,149.62870941120056,2.426481100003002
393,16,3,4,4,3,70.0,52.5,1220.079376856106,670.5409006977928,5.0,1220.0,671.0,4.757921716819777,-0.24207828318022262,0.24207828318022262,valid,,,Shared Pattern Plane,Region-SIFT(21/28),81,1,159.17004447967287,164.52603790097484,2.7235708000080194
394,16,3,4,4,4,72.5,52.5,1238.471510452337,670.9698794816968,5.0,1238.0,671.0,4.765885025835493,-0.23411497416450722,0.23411497416450722,valid,,,Shared Pattern Plane,Region-SIFT(21/28),81,1,164.85724038219956,169.46092749350768,2.5111128999997163
395,16,3,4,4,5,75.0,52.5,1256.948000357839,671.4008257951847,5.0,1257.0,671.0,5.324263952250434,0.32426395225043425,0.32426395225043425,valid,,,Shared Pattern Plane,Region-SIFT(21/28),81,1,108.85714673037252,108.93918428757902,2.4794258999900194
396,16,3,4,5,1,65.0,55.0,1183.901924894742,687.4674381954233,5.0,1184.0,687.0,5.350682191270522,0.350682191270522,0.350682191270522,valid,,,Shared Pattern Plane,Region-SIFT(21/28),81,1,99.38453383824182,100.94403682073467,3.180031500000041
397,16,3,4,5,2,67.5,55.0,1202.1030936157185,687.9323816288211,5.0,1202.0,688.0,4.793783800250012,-0.20621619974998762,0.20621619974998762,valid,,,Shared Pattern Plane,Region-SIFT(21/28),81,1,92.62464709836969,92.78853539009373,2.4856741999974474
398,16,3,4,5,3,70.0,55.0,1220.3872483669945,688.3994449156438,5.0,1220.0,688.0,4.781452998666924,-0.21854700133307592,0.21854700133307592,valid,,,Shared Pattern Plane,Region-SIFT(21/28),81,1,111.19745017409957,112.4169289703725,2.9346664999902714
399,16,3,4,5,4,72.5,55.0,1238.7549579925305,688.868642586841,5.0,1239.0,689.0,4.7896378537562265,-0.21036214624377347,0.21036214624377347,valid,,,Shared Pattern Plane,Region-SIFT(21/28),81,1,108.43444786980038,109.96967039664287,2.788823399998364
400,16,3,4,5,5,75.0,55.0,1257.2067965471947,689.3399893064733,5.0,1257.0,689.0,4.778441150764305,-0.22155884923569502,0.22155884923569502,valid,,,Shared Pattern Plane,Region-SIFT(21/28),81,1,94.62733450844175,94.87091198373444,2.4772191000083694
401,17,3,5,1,1,85.0,45.0,1331.2329972139507,618.5348632080957,4.5,1331.0,619.0,4.715191271524804,0.21519127152480433,0.21519127152480433,valid,,,Shared Pattern Plane,Region-SIFT(21/28),81,1,149.6918464928077,152.9910988393896,2.5594877999974415
402,17,3,5,1,2,87.5,45.0,1350.2180005813068,618.8504790892737,4.5,1350.0,619.0,4.71338811186925,0.21338811186925,0.21338811186925,valid,,,Shared Pattern Plane,Region-SIFT(21/28),81,1,72.25989059947786,72.41542251052728,2.4623123000055784
403,17,3,5,1,3,90.0,45.0,1369.291664127255,619.1675689001556,4.5,1369.0,619.0,4.715866848604579,0.21586684860457872,0.21586684860457872,valid,,,Shared Pattern Plane,Region-SIFT(21/28),81,1,111.49780053310293,112.87216776667641,2.4320552999997744
404,17,3,5,1,4,92.5,45.0,1388.4546103714242,619.486142989809,4.5,1388.0,619.0,4.709724413715497,0.209724413715497,0.209724413715497,valid,,,Shared Pattern Plane,Region-SIFT(21/28),81,1,155.2868481898434,158.10337639092404,2.6559835000080056
405,17,3,5,1,5,95.0,45.0,1407.7074676750708,619.8062118044153,4.5,1408.0,620.0,4.705298048385011,0.20529804838501065,0.20529804838501065,valid,,,Shared Pattern Plane,Region-SIFT(21/28),81,1,122.62134546199172,124.26810857029318,2.4492576999909943
406,17,3,5,2,1,85.0,47.5,1331.3921846255923,636.7886182996247,4.5,1331.0,637.0,4.729464605183696,0.22946460518369616,0.22946460518369616,valid,,,Shared Pattern Plane,Region-SIFT(21/28),81,1,170.81147591928953,173.31806779762442,2.5124493000039365
407,17,3,5,2,2,87.5,47.5,1350.3511506391562,637.1462593461803,4.5,1350.0,637.0,4.732760119671517,0.232760119671517,0.232760119671517,valid,,,Shared Pattern Plane,Region-SIFT(21/28),81,1,93.51386657568511,93.72252318263745,2.443845000001602
408,17,3,5,2,3,90.0,47.5,1369.3985317944052,637.505568251826,4.5,1369.0,638.0,4.726530725870158,0.2265307258701581,0.2265307258701581,valid,,,Shared Pattern Plane,Region-SIFT(21/28),81,1,120.92687109336651,123.29953468557716,2.4936705000000075
409,17,3,5,2,4,92.5,47.5,1388.5349480229106,637.8665567109218,4.5,1389.0,638.0,4.7245466219928325,0.22454662199283248,0.22454662199283248,valid,,,Shared Pattern Plane,Region-SIFT(21/28),81,1,124.13481743020355,125.60393874473871,2.4538821000023745
410,17,3,5,2,5,95.0,47.5,1407.7610250654361,638.2292365274121,4.5,1408.0,638.0,4.722667657270243,0.22266765727024307,0.22266765727024307,valid,,,Shared Pattern Plane,Region-SIFT(21/28),81,1,137.0390698160444,139.19487905818735,2.4468843000067864
411,17,3,5,3,1,85.0,50.0,1331.550930825755,654.9917804063534,4.5,1332.0,655.0,4.743673051471798,0.24367305147179774,0.24367305147179774,valid,,,Shared Pattern Plane,Region-SIFT(21/28),81,1,121.60027906730693,122.83425823086476,2.588626700002351
412,17,3,5,3,2,87.5,50.0,1350.48393079458,655.3912123364514,4.5,1350.0,655.0,4.741906864645905,0.24190686464590527,0.24190686464590527,valid,,,Shared Pattern Plane,Region-SIFT(21/28),81,1,95.33906509056293,95.43438026415049,2.6355824999918696
413,17,3,5,3,3,90.0,50.0,1369.5051018825898,655.7925044239664,4.5,1370.0,656.0,4.740702147200169,0.24070214720016914,0.24070214720016914,valid,,,Shared Pattern Plane,Region-SIFT(21/28),81,1,90.74389269667327,91.90242391668595,2.447110099994461
414,17,3,5,3,4,92.5,50.0,1388.615061447623,656.1956696933754,4.5,1389.0,656.0,4.738751213688641,0.23875121368864072,0.23875121368864072,valid,,,Shared Pattern Plane,Region-SIFT(21/28),81,1,91.45525594489284,91.66163014436131,2.4746447000070475
415,17,3,5,3,5,95.0,50.0,1407.814432624503,656.6007212910343,4.5,1408.0,657.0,4.737680276563293,0.23768027656329327,0.23768027656329327,valid,,,Shared Pattern Plane,Region-SIFT(21/28),81,1,125.99347532262249,126.527403653816,2.6183182999957353
416,17,3,5,4,1,85.0,52.5,1331.709237646223,673.1445595761143,4.5,1332.0,673.0,4.757953468232211,0.2579534682322109,0.2579534682322109,valid,,,Shared Pattern Plane,Region-SIFT(21/28),81,1,162.63816894450517,169.83696038819093,2.456937700000708
417,17,3,5,4,2,87.5,52.5,1350.616342586872,673.5855495701323,4.5,1351.0,674.0,4.756831440172191,0.25683144017219117,0.25683144017219117,valid,,,Shared Pattern Plane,Region-SIFT(21/28),81,1,130.92264326363014,133.34856658728498,2.5321283000084804
418,17,3,5,4,3,90.0,52.5,1369.6113756330187,674.028590402438,4.5,1370.0,674.0,4.754919336826414,0.254919336826414,0.254919336826414,valid,,,Shared Pattern Plane,Region-SIFT(21/28),81,1,85.64928999628339,86.2024305818979,2.4848845999949845
419,17,3,5,4,4,92.5,52.5,1388.6949515829976,674.4736964126092,4.5,1389.0,674.0,4.752975281160249,0.25297528116024903,0.25297528116024903,valid,,,Shared Pattern Plane,Region-SIFT(21/28),81,1,72.32567904285654,72.53065375571744,2.652340100001311
420,17,3,5,4,5,95.0,52.5,1407.8676909801409,674.9208820742215,4.5,1408.0,675.0,4.751839214790015,0.2518392147900146,0.2518392147900146,valid,,,Shared Pattern Plane,Region-SIFT(21/28),81,1,111.83157531697913,113.14053498237735,2.397192199990968
421,17,3,5,5,1,85.0,55.0,1331.8671069086574,691.2471646956008,4.5,1332.0,691.0,4.772317212259876,0.2723172122598756,0.2723172122598756,valid,,,Shared Pattern Plane,Region-SIFT(21/28),81,1,147.3419941786105,151.7011795163822,2.4127352999930736
422,17,3,5,5,2,87.5,55.0,1350.7483875467963,691.7294813853375,4.5,1351.0,692.0,4.771156070241659,0.2711560702416591,0.2711560702416591,valid,,,Shared Pattern Plane,Region-SIFT(21/28),81,1,127.25703170463521,129.95264801745267,2.4504684999992605
423,17,3,5,5,3,90.0,55.0,1369.7173542800083,692.214037990254,4.5,1370.0,692.0,4.7692059449606194,0.26920594496061945,0.26920594496061945,valid,,,Shared Pattern Plane,Region-SIFT(21/28),81,1,136.70815096708833,139.8983253736729,2.6446957000007387
424,17,3,5,5,4,92.5,55.0,1388.774619361252,692.7008501501696,4.5,1389.0,693.0,4.7680654898739725,0.2680654898739725,0.2680654898739725,valid,,,Shared Pattern Plane,Region-SIFT(21/28),81,1,131.39447055695547,131.77715111804184,2.3491894000035245
425,17,3,5,5,5,95.0,55.0,1407.9208007567177,693.1899336508462,4.5,1408.0,693.0,4.7660998674543835,0.2660998674543835,0.2660998674543835,valid,,,Shared Pattern Plane,Region-SIFT(21/28),81,1,142.12222382378957,145.3204163281069,2.552963099995395
426,18,3,6,1,1,105.0,45.0,1485.6307830400722,621.1016466993874,4.0,1486.0,621.0,4.158334970702548,0.15833497070254765,0.15833497070254765,valid,,,Shared Pattern Plane,Region-SIFT(21/28),81,1,145.22688936707837,145.83975952929734,2.5490343000128632
427,18,3,6,1,2,107.5,45.0,1505.342830379535,621.4293493113114,4.0,1505.0,621.0,4.156625485464124,0.15662548546412403,0.15662548546412403,valid,,,Shared Pattern Plane,Region-SIFT(21/28),81,1,159.9443810402401,160.96687923875425,2.4092549000051804
428,18,3,6,1,3,110.0,45.0,1525.148685535307,621.7586114297592,4.0,1525.0,622.0,4.1577488666892215,0.1577488666892215,0.1577488666892215,valid,,,Shared Pattern Plane,Region-SIFT(21/28),81,1,228.89936380033137,231.66095654125849,2.461045000003651
429,18,3,6,1,4,112.5,45.0,1545.049019738679,622.0894442136046,4.0,1545.0,622.0,4.697368131941826,0.6973681319418263,0.6973681319418263,valid,,,Shared Pattern Plane,Region-SIFT(21/28),81,1,254.00203244547365,258.20264935363616,2.4054176999925403
430,18,3,6,1,5,115.0,45.0,1565.0445106401448,622.421858928437,4.0,1565.0,622.0,5.228462785986177,1.228462785986177,1.228462785986177,valid,,,Shared Pattern Plane,Region-SIFT(21/28),81,1,216.04595752544503,219.9585510263284,2.5838985000009416
431,18,3,6,2,1,105.0,47.5,1485.5746633593742,639.697109354223,4.0,1486.0,640.0,4.716603507589335,0.7166035075893351,0.7166035075893351,valid,,,Shared Pattern Plane,Region-SIFT(21/28),81,1,128.2546605665217,129.6156972231086,2.4826769000064814
432,18,3,6,2,2,107.5,47.5,1505.2586387339697,640.0684269433947,4.0,1505.0,640.0,4.172926177185054,0.17292617718505365,0.17292617718505365,valid,,,Shared Pattern Plane,Region-SIFT(21/28),81,1,174.16040773492642,177.89323368209364,2.6256492999964394
433,18,3,6,2,3,110.0,47.5,1525.0361552480354,640.4415090882385,4.0,1525.0,640.0,4.172698112761555,0.17269811276155522,0.17269811276155522,valid,,,Shared Pattern Plane,Region-SIFT(21/28),81,1,245.49096248465239,250.44300980025548,2.462837999992189
434,18,3,6,2,4,112.5,47.5,1544.907881271498,640.8163683968534,4.0,1545.0,641.0,4.711554298957117,0.7115542989571173,0.7115542989571173,valid,,,Shared Pattern Plane,Region-SIFT(21/28),81,1,255.73166475447397,261.62302156001675,2.550483400002122
435,18,3,6,2,5,115.0,47.5,1564.8744915570016,641.1930175977416,4.0,1565.0,641.0,4.1723576602421035,0.17235766024210353,0.17235766024210353,valid,,,Shared Pattern Plane,Region-SIFT(21/28),81,1,273.54285662312986,280.8196355706035,2.490387700003339
436,18,3,6,3,1,105.0,50.0,1485.5187021612128,658.2400582375832,4.0,1486.0,658.0,4.187958149235143,0.18795814923514342,0.18795814923514342,valid,,,Shared Pattern Plane,Region-SIFT(21/28),81,1,173.6229954931471,177.37262150148499,2.7068491999962134
437,18,3,6,3,2,107.5,50.0,1505.174685409243,658.6547430387061,4.0,1505.0,659.0,4.188581651078599,0.18858165107859914,0.18858165107859914,valid,,,Shared Pattern Plane,Region-SIFT(21/28),81,1,219.85323381878084,224.78442996560472,2.433196500001941
438,18,3,6,3,3,110.0,50.0,1524.92394425544,659.0713956870942,4.0,1525.0,659.0,3.646536921175977,-0.35346307882402295,0.35346307882402295,valid,,,Shared Pattern Plane,Region-SIFT(21/28),81,1,308.3041682218118,315.8286913900335,2.4230976999970153
439,18,3,6,3,4,112.5,50.0,1544.7671442246094,659.4900302234095,4.0,1545.0,659.0,3.6480587987169373,-0.3519412012830627,0.3519412012830627,valid,,,Shared Pattern Plane,Region-SIFT(21/28),81,1,250.01297382677674,254.1091560192357,2.691075099995942
440,18,3,6,3,5,115.0,50.0,1564.7049571880427,659.9106608222068,4.0,1565.0,660.0,4.188672258216398,0.188672258216398,0.188672258216398,valid,,,Shared Pattern Plane,Region-SIFT(21/28),81,1,249.42401604122585,254.73053784517165,2.5518620000075316
441,18,3,6,4,1,105.0,52.5,1485.4628987751996,676.7307154849309,4.0,1485.0,677.0,4.203728260777163,0.20372826077716333,0.20372826077716333,valid,,,Shared Pattern Plane,Region-SIFT(21/28),81,1,199.1441054490508,203.5595582611559,2.462599600010435
442,18,3,6,4,2,107.5,52.5,1505.0909693948643,677.1885213083144,4.0,1505.0,677.0,4.201918882922238,0.20191888292223759,0.20191888292223759,valid,,,Shared Pattern Plane,Region-SIFT(21/28),81,1,231.54773099687364,237.16444878728342,2.354157399997348
443,18,3,6,4,3,110.0,52.5,1524.8120512004914,677.6484965279365,4.0,1525.0,678.0,4.742310240079378,0.7423102400793784,0.7423102400793784,valid,,,Shared Pattern Plane,Region-SIFT(21/28),81,1,339.9843652149988,351.34935053631693,2.4562010999943595
444,18,3,6,4,4,112.5,52.5,1544.62680688789,678.1106566005379,4.0,1545.0,678.0,3.664614590850516,-0.3353854091494841,0.3353854091494841,valid,,,Shared Pattern Plane,Region-SIFT(21/28),81,1,264.80270074814086,273.1915557872559,2.463163499996881
445,18,3,6,4,5,115.0,52.5,1564.5359054633827,678.5750171300466,4.0,1565.0,679.0,4.204333853384874,0.20433385338487398,0.20433385338487398,valid,,,Shared Pattern Plane,Region-SIFT(21/28),81,1,236.87057541135758,242.88366081562327,2.517599300001166
446,18,3,6,5,1,105.0,55.0,1485.4072525347235,695.1693019806368,4.0,1485.0,695.0,4.2186751934761615,0.2186751934761615,0.2186751934761615,valid,,,Shared Pattern Plane,Region-SIFT(21/28),81,1,201.56901708885476,203.88600998025427,2.4364346000074875
447,18,3,6,5,2,107.5,55.0,1505.0074896860478,695.6699842003474,4.0,1505.0,696.0,4.220946942230389,0.22094694223038935,0.22094694223038935,valid,,,Shared Pattern Plane,Region-SIFT(21/28),81,1,242.80382847962557,247.0073894221964,2.737924100001692
448,18,3,6,5,3,110.0,55.0,1524.7004747338385,696.1730356374466,4.0,1525.0,696.0,4.2189355559366515,0.21893555593665148,0.21893555593665148,valid,,,Shared Pattern Plane,Region-SIFT(21/28),81,1,279.57274670474743,287.7508240143484,2.505480299994815
449,18,3,6,5,4,112.5,55.0,1544.4868675609175,696.6784731484441,4.0,1544.0,697.0,3.68111291663654,-0.31888708336345983,0.31888708336345983,valid,,,Shared Pattern Plane,Region-SIFT(21/28),81,1,273.4827701841082,282.6596237252261,2.4569820999895455
450,18,3,6,5,5,115.0,55.0,1564.3673343249036,697.1863137501383,4.0,1564.0,697.0,3.682534415882516,-0.31746558411748405,0.31746558411748405,valid,,,Shared Pattern Plane,Region-SIFT(21/28),81,1,214.80007004813544,218.14551770105567,2.6075911999942036
451,19,4,1,1,1,5.0,65.0,774.0351205142782,743.9682685759535,3.5,774.0,744.0,4.293408655434048,0.7934086554340478,0.7934086554340478,valid,,,Shared Pattern Plane,Region-SIFT(21/28),81,1,273.40484099867484,281.74629846830857,2.680725699989125
452,19,4,1,1,2,7.5,65.0,790.3261276928744,744.528116792595,3.5,790.0,745.0,3.6582936151182617,0.15829361511826168,0.15829361511826168,valid,,,Shared Pattern Plane,Region-SIFT(21/28),81,1,237.50479055535857,239.49405309732373,2.7927739000006113
453,19,4,1,1,3,10.0,65.0,806.6871964992276,745.0903727104256,3.5,807.0,745.0,4.267871065823257,0.7678710658232566,0.7678710658232566,valid,,,Shared Pattern Plane,Region-SIFT(21/28),81,1,257.0456868620777,260.3855654059056,2.5053997000068193
454,19,4,1,1,4,12.5,65.0,823.1187798712219,745.6550518948716,3.5,823.0,746.0,3.6627625075621006,0.16276250756210064,0.16276250756210064,valid,,,Shared Pattern Plane,Region-SIFT(21/28),81,1,233.21732572323435,235.72034831396863,2.5138236000057077
455,19,4,1,1,5,15.0,65.0,839.6213346594052,746.2221700458188,3.5,840.0,746.0,3.6645370431008173,0.1645370431008173,0.1645370431008173,valid,,,Shared Pattern Plane,Region-SIFT(21/28),81,1,231.58215299132007,235.97370792151037,2.4893409999931464
456,19,4,1,2,1,5.0,67.5,774.8942153944689,760.6258675320536,3.5,775.0,761.0,3.6722319896320457,0.17223198963204567,0.17223198963204567,valid,,,Shared Pattern Plane,Region-SIFT(21/28),81,1,220.2118443504212,224.7747645715789,2.5294397000106983
457,19,4,1,2,2,7.5,67.5,791.1661893887263,761.2206948446833,3.5,791.0,761.0,3.673896630148157,0.17389663014815682,0.17389663014815682,valid,,,Shared Pattern Plane,Region-SIFT(21/28),81,1,240.4775857350183,244.50849942199918,2.5555885000067065
458,19,4,1,2,3,10.0,67.5,807.5080532961505,761.818077005867,3.5,808.0,762.0,3.0665372258650185,-0.43346277413498147,0.43346277413498147,valid,,,Shared Pattern Plane,Region-SIFT(21/28),81,1,218.60751380113066,224.51111315577828,2.620154399992316
459,19,4,1,2,4,12.5,67.5,823.9202583630829,762.418030511062,3.5,824.0,762.0,3.06989004085386,-0.43010995914614014,0.43010995914614014,valid,,,Shared Pattern Plane,Region-SIFT(21/28),81,1,175.13042847012719,178.84790875290318,2.5819305000040913
460,19,4,1,2,5,15.0,67.5,840.4032597288905,763.0205719980357,3.5,840.0,763.0,3.074270147481518,-0.42572985251848205,0.42572985251848205,valid,,,Shared Pattern Plane,Region-SIFT(21/28),81,1,183.70639502409273,184.99819883297175,2.4977049000008265
461,19,4,1,3,1,5.0,70.0,775.7511162167167,777.2409243450892,3.5,776.0,777.0,3.102129627834165,-0.3978703721658352,0.3978703721658352,valid,,,Shared Pattern Plane,Region-SIFT(21/28),81,1,234.10914412301685,239.7871004982785,2.459070699987933
462,19,4,1,3,2,7.5,70.0,792.004101044117,777.8705501796311,3.5,792.0,778.0,4.298151632560541,0.7981516325605407,0.7981516325605407,valid,,,Shared Pattern Plane,Region-SIFT(21/28),81,1,269.8614475916302,276.00377303912006,2.5872259000025224
463,19,4,1,3,3,10.0,70.0,808.3268046993375,778.5028768580864,3.5,808.0,779.0,3.693128941454971,0.19312894145497106,0.19312894145497106,valid,,,Shared Pattern Plane,Region-SIFT(21/28),81,1,231.51234931643046,236.55511283266372,2.476618900007452
464,19,4,1,3,4,12.5,70.0,824.7196767455825,779.137921796125,3.5,825.0,779.0,2.476770714482627,-1.023229285517373,1.023229285517373,valid,,,Shared Pattern Plane,Region-SIFT(21/28),81,1,200.20679906360687,203.86262736740125,2.4118955000012647
465,19,4,1,3,5,15.0,70.0,841.1831706195662,779.7757025594717,3.5,841.0,780.0,1.8455870954294504,-1.6544129045705496,1.6544129045705496,valid,,,Shared Pattern Plane,Region-SIFT(21/28),81,1,272.0728412375879,275.38670177052626,2.678101700003026
466,19,4,1,4,1,5.0,72.5,776.6058313754687,793.8136017809376,3.5,777.0,794.0,3.704629572945056,0.20462957294505602,0.20462957294505602,valid,,,Shared Pattern Plane,Region-SIFT(21/28),81,1,194.28114379902996,195.2621385236185,2.5660444000095595
467,19,4,1,4,2,7.5,72.5,792.839870902666,794.4778466035748,3.5,793.0,794.0,3.069672874341636,-0.43032712565836384,0.43032712565836384,valid,,,Shared Pattern Plane,Region-SIFT(21/28),81,1,205.0658227451264,207.56257755333252,2.5844150000048103
468,19,4,1,4,3,10.0,72.5,809.1434587985168,795.1449371223633,3.5,809.0,795.0,3.0745945929402634,-0.4254054070597366,0.4254054070597366,valid,,,Shared Pattern Plane,Region-SIFT(21/28),81,1,203.36894408937485,207.8259349252542,2.5478266999998596
469,19,4,1,4,4,12.5,72.5,825.5170429514415,795.8148916634603,3.5,826.0,796.0,3.711379583803024,0.21137958380302413,0.21137958380302413,valid,,,Shared Pattern Plane,Region-SIFT(21/28),81,1,245.81118474183256,251.29163639221426,2.6284966000093846
470,19,4,1,4,5,15.0,72.5,841.9610751039764,796.4877287107215,3.5,842.0,796.0,3.688437024260257,0.18843702426025688,0.18843702426025688,valid,,,Shared Pattern Plane,Region-SIFT(21/28),81,1,308.94167804213424,316.4328913661479,2.509446600000956
471,19,4,1,5,1,5.0,75.0,777.4583692224035,810.3440617762116,3.5,777.0,810.0,3.720211039395988,0.22021103939598818,0.22021103939598818,valid,,,Shared Pattern Plane,Region-SIFT(21/28),81,1,178.6946991052577,180.07592690170122,2.6044182000041474
472,19,4,1,5,2,7.5,75.0,793.6735071659035,811.0427470863057,3.5,794.0,811.0,3.696489208181427,0.1964892081814269,0.1964892081814269,valid,,,Shared Pattern Plane,Region-SIFT(21/28),81,1,185.410066248374,187.55866339363718,2.5191119000082836
473,19,4,1,5,3,10.0,75.0,809.9580236420239,811.7444218104737,3.5,810.0,812.0,3.7253810182479157,0.22538101824791568,0.22538101824791568,valid,,,Shared Pattern Plane,Region-SIFT(21/28),81,1,188.18893233657514,191.44703595449207,2.5811297000036575
474,19,4,1,5,4,12.5,75.0,826.3123648727038,812.4491051757312,3.5,826.0,812.0,3.121435215786393,-0.37856478421360684,0.37856478421360684,valid,,,Shared Pattern Plane,Region-SIFT(21/28),81,1,298.86068843256226,306.6895193427541,2.6119919999910053
475,19,4,1,5,5,15.0,75.0,842.7369809147247,813.1568165743319,3.5,843.0,813.0,3.125890913804846,-0.37410908619515393,0.37410908619515393,valid,,,Shared Pattern Plane,Region-SIFT(21/28),81,1,300.0267562220336,308.8274841727424,2.5125084000028437
476,20,4,2,1,1,25.0,65.0,906.3505443148507,748.5153511004922,3.0,906.0,749.0,3.6957370968129957,0.6957370968129957,0.6957370968129957,valid,,,Shared Pattern Plane,Region-SIFT(21/28),81,1,245.82683350547913,247.3027225472696,2.5482814999995753
477,20,4,2,1,2,27.5,65.0,923.2149488804206,749.0949043912894,3.0,923.0,749.0,8.349881492580462,5.349881492580462,5.349881492580462,valid,,,Shared Pattern Plane,Region-SIFT(21/28),81,1,238.32519142716018,244.30480782666103,2.434542400005739
478,20,4,2,1,3,30.0,65.0,940.1531505415536,749.6769937544052,3.0,940.0,750.0,3.102164340522538,0.10216434052253787,0.10216434052253787,valid,,,Shared Pattern Plane,Region-SIFT(21/28),81,1,222.0623056805323,224.02559744195597,2.679816599993501
479,20,4,2,1,4,32.5,65.0,957.1656347544404,750.2616358727722,3.0,957.0,750.0,3.1050157713203173,0.10501577132031725,0.10501577132031725,valid,,,Shared Pattern Plane,Region-SIFT(21/28),81,1,231.88906694442505,234.98689623208875,2.409949000008055
480,20,4,2,1,5,35.0,65.0,974.2528912425686,750.8488475759716,3.0,974.0,751.0,6.0606684778977336,3.0606684778977336,3.0606684778977336,valid,,,Shared Pattern Plane,Region-SIFT(21/28),81,1,244.9872007274123,252.12887892242026,2.4368569000071147
481,20,4,2,2,1,25.0,67.5,907.0524695956204,765.4569555866478,3.0,907.0,765.0,3.711193672885551,0.711193672885551,0.711193672885551,valid,,,Shared Pattern Plane,Region-SIFT(21/28),81,1,326.1816918135951,337.2132203211188,2.6903324000013527
482,20,4,2,2,2,27.5,67.5,923.8964187782236,766.0726916387025,3.0,924.0,766.0,3.115759743496699,0.11575974349669904,0.11575974349669904,valid,,,Shared Pattern Plane,Region-SIFT(21/28),81,1,269.8651182154499,273.62824145330404,2.7027609000069788
483,20,4,2,2,3,30.0,67.5,940.8139792443153,766.6911185752164,3.0,941.0,767.0,3.1195577269786385,0.11955772697863853,0.11955772697863853,valid,,,Shared Pattern Plane,Region-SIFT(21/28),81,1,202.00700301720352,206.28669390172817,2.8731964000035077
484,20,4,2,2,4,32.5,67.5,957.8056345937148,767.312254074338,3.0,958.0,767.0,3.102258699163919,0.10225869916391916,0.10225869916391916,valid,,,Shared Pattern Plane,Region-SIFT(21/28),81,1,232.57391907828196,235.39838535719664,2.7095820999966236
485,20,4,2,2,5,35.0,67.5,974.8718726716426,767.9361159694084,3.0,975.0,768.0,3.126072279946645,0.12607227994664516,0.12607227994664516,valid,,,Shared Pattern Plane,Region-SIFT(21/28),81,1,285.27645268919605,294.7193312432883,2.410476799996104
486,20,4,2,3,1,25.0,70.0,907.7525710565518,782.35454052371,3.0,908.0,782.0,3.1074588068970606,0.10745880689706055,0.10745880689706055,valid,,,Shared Pattern Plane,Region-SIFT(21/28),81,1,344.8104790339394,357.77013961958625,2.551590400005807
487,20,4,2,3,2,27.5,70.0,924.5761141500034,783.0062692660092,3.0,925.0,783.0,3.708337441088221,0.7083374410882208,0.7083374410882208,valid,,,Shared Pattern Plane,Region-SIFT(21/28),81,1,292.20051487312116,298.5290812025007,2.474755599992932
488,20,4,2,3,3,30.0,70.0,941.473083414915,783.6608424713388,3.0,941.0,784.0,3.1368467871470336,0.13684678714703358,0.13684678714703358,valid,,,Shared Pattern Plane,Region-SIFT(21/28),81,1,248.24950114154313,254.78181532852275,2.469458499996108
489,20,4,2,3,4,32.5,70.0,958.4439606041839,784.3182788023681,3.0,958.0,784.0,3.1395015926122296,0.1395015926122296,0.1395015926122296,valid,,,Shared Pattern Plane,Region-SIFT(21/28),81,1,313.0602129961448,323.42853761184074,2.6351361999986693
490,20,4,2,3,5,35.0,70.0,975.4892316943511,784.9785970853857,3.0,975.0,785.0,2.5291629930916577,-0.4708370069083423,0.4708370069083423,valid,,,Shared Pattern Plane,Region-SIFT(21/28),81,1,295.14011876444334,302.8610400709619,2.524641199997859
491,20,4,2,4,1,25.0,72.5,908.4508557966974,799.2082772537651,3.0,908.0,799.0,3.08001634855598,0.08001634855598017,0.08001634855598017,valid,,,Shared Pattern Plane,Region-SIFT(21/28),81,1,334.8274540472283,345.2370529320597,2.6811765000020387
492,20,4,2,4,2,27.5,72.5,925.2540419179608,799.895809729349,3.0,925.0,800.0,3.7245554903156797,0.7245554903156797,0.7245554903156797,valid,,,Shared Pattern Plane,Region-SIFT(21/28),81,1,240.7700846626645,244.5953353875853,2.5733745000034105
493,20,4,2,4,3,30.0,72.5,942.1304697951957,800.5863390226456,3.0,942.0,801.0,3.1332265583474816,0.13322655834748165,0.13322655834748165,valid,,,Shared Pattern Plane,Region-SIFT(21/28),81,1,242.81116407384317,245.32147060267096,2.4910268999956315
494,20,4,2,4,4,32.5,72.5,959.0806193437647,801.2798847702521,3.0,959.0,801.0,3.156892373789482,0.15689237378948206,0.15689237378948206,valid,,,Shared Pattern Plane,Region-SIFT(21/28),81,1,254.7708001696874,258.8595702560551,2.555790699989302
495,20,4,2,4,5,35.0,72.5,976.1049746810569,801.9764667806992,3.0,976.0,802.0,3.1407675038713845,0.14076750387138448,0.14076750387138448,valid,,,Shared Pattern Plane,Region-SIFT(21/28),81,1,320.2291825289449,331.4511260772573,2.6489085999928648
496,20,4,2,5,1,25.0,75.0,909.1473308783143,816.0183362308062,3.0,909.0,816.0,3.1419420404734284,0.1419420404734284,0.1419420404734284,valid,,,Shared Pattern Plane,Region-SIFT(21/28),81,1,307.8771719675215,312.78532826879183,2.671126800007187
497,20,4,2,5,2,27.5,75.0,925.930208968341,816.7414845890542,3.0,926.0,817.0,3.7623855316895485,0.7623855316895485,0.7623855316895485,valid,,,Shared Pattern Plane,Region-SIFT(21/28),81,1,303.4383813222249,311.1992695302806,2.6974664999870583
498,20,4,2,5,3,30.0,75.0,942.7861450919047,817.4677809054008,3.0,943.0,817.0,2.5534822944931754,-0.44651770550682457,0.44651770550682457,valid,,,Shared Pattern Plane,Region-SIFT(21/28),81,1,296.4363870741829,305.1671598466939,2.508645299996715
499,20,4,2,5,4,32.5,75.0,959.7156173361611,818.1972457798855,3.0,960.0,818.0,2.5595609380224675,-0.44043906197753246,0.44043906197753246,valid,,,Shared Pattern Plane,Region-SIFT(21/28),81,1,316.81024555731074,326.7572715809592,2.4766235999995843
500,20,4,2,5,5,35.0,75.0,976.7191079688148,818.9298999926805,3.0,977.0,819.0,2.58560318393616,-0.41439681606384005,0.41439681606384005,valid,,,Shared Pattern Plane,Region-SIFT(21/28),81,1,350.9051586272225,359.8705520303201,2.4388502999936463
501,21,4,3,1,1,45.0,65.0,1043.359586421703,753.2237320524123,2.5,1043.0,753.0,3.104955451981769,0.6049554519817688,0.6049554519817688,valid,,,Shared Pattern Plane,Region-SIFT(21/28),81,1,214.18668719750866,217.0586524751768,2.538948600005824
502,21,4,3,1,2,47.5,65.0,1060.8282028183069,753.8240493704038,2.5,1061.0,754.0,2.5056685039800324,0.00566850398003238,0.00566850398003238,valid,,,Shared Pattern Plane,Region-SIFT(21/28),81,1,238.53575246598984,243.64138691215675,2.440713899995899
503,21,4,3,1,3,50.0,65.0,1078.3746221199674,754.4270404222639,2.5,1078.0,754.0,2.5271240495089398,0.027124049508939763,0.027124049508939763,valid,,,Shared Pattern Plane,Region-SIFT(21/28),81,1,184.1900555116159,189.36351761663647,2.436837999994168
504,21,4,3,1,4,52.5,65.0,1095.999365272557,755.0327231105452,2.5,1096.0,755.0,3.116976066910302,0.6169760669103019,0.6169760669103019,valid,,,Shared Pattern Plane,Region-SIFT(21/28),81,1,149.5010404112478,151.09599789591178,2.768047400008072
505,21,4,3,1,5,55.0,65.0,1113.7029578831555,755.6411154979855,2.5,1114.0,756.0,3.121306246036363,0.621306246036363,0.621306246036363,valid,,,Shared Pattern Plane,Region-SIFT(21/28),81,1,160.0844989645418,162.0975811831859,2.5835065999999642
506,21,4,3,2,1,45.0,67.5,1043.8925603940345,770.4591897039328,2.5,1044.0,770.0,3.121897339450314,0.6218973394503138,0.6218973394503138,valid,,,Shared Pattern Plane,Region-SIFT(21/28),81,1,162.85862040141274,164.96141018115566,2.6188827000005404
507,21,4,3,2,2,47.5,67.5,1061.3391816850285,771.0969566313294,2.5,1061.0,771.0,2.5398382844181087,0.03983828441810866,0.03983828441810866,valid,,,Shared Pattern Plane,Region-SIFT(21/28),81,1,185.03889530070876,189.23302504643414,2.6726258999988204
508,21,4,3,2,3,50.0,67.5,1078.8634045876472,771.7375603109302,2.5,1079.0,772.0,2.5460375981006416,0.046037598100641564,0.046037598100641564,valid,,,Shared Pattern Plane,Region-SIFT(21/28),81,1,163.22488399233134,164.20631046895485,2.7161568999872543
509,21,4,3,2,4,52.5,67.5,1096.4657480074704,772.381019711498,2.5,1096.0,772.0,3.133619995817196,0.6336199958171962,0.6336199958171962,valid,,,Shared Pattern Plane,Region-SIFT(21/28),81,1,157.7324172721338,159.5923422519792,2.608082700011437
510,21,4,3,2,5,55.0,67.5,1114.14673548683,773.0273539712936,2.5,1114.0,773.0,3.1379481128650166,0.6379481128650166,0.6379481128650166,valid,,,Shared Pattern Plane,Region-SIFT(21/28),81,1,182.37904911949522,185.56870510330512,2.7365156000014395
511,21,4,3,3,1,45.0,70.0,1044.4241250374025,787.6490720911214,2.5,1044.0,788.0,2.552601550772595,0.05260155077259521,0.05260155077259521,valid,,,Shared Pattern Plane,Region-SIFT(21/28),81,1,227.82887055936942,233.15618052145518,2.412317999987863
512,21,4,3,3,2,47.5,70.0,1061.8488063895427,788.3240883822505,2.5,1062.0,788.0,2.5577903227293364,0.057790322729336374,0.057790322729336374,valid,,,Shared Pattern Plane,Region-SIFT(21/28),81,1,247.0075485007473,252.1668417630875,2.569261800003005
513,21,4,3,3,3,50.0,70.0,1079.3508888395675,789.002103121441,2.5,1079.0,789.0,2.5473791366695995,0.047379136669599475,0.047379136669599475,valid,,,Shared Pattern Plane,Region-SIFT(21/28),81,1,235.4943865821475,239.41937041725882,2.506696099997498
514,21,4,3,3,4,52.5,70.0,1096.9308892634035,789.6831363319959,2.5,1097.0,790.0,2.5698927226741044,0.0698927226741044,0.0698927226741044,valid,,,Shared Pattern Plane,Region-SIFT(21/28),81,1,233.43201369078702,238.5226735185102,2.5237840000045253
515,21,4,3,3,5,55.0,70.0,1114.5893291494303,790.3672082159003,2.5,1115.0,790.0,3.139795515759514,0.6397955157595141,0.6397955157595141,valid,,,Shared Pattern Plane,Region-SIFT(21/28),81,1,261.54085466092226,267.2928864770176,2.5353505999955814
516,21,4,3,4,1,45.0,72.5,1044.9542859344024,804.7935597454883,2.5,1045.0,805.0,1.9813401714724235,-0.5186598285275765,0.5186598285275765,valid,,,Shared Pattern Plane,Region-SIFT(21/28),81,1,328.0809425212719,337.92799748027267,2.48331209999742
517,21,4,3,4,2,47.5,72.5,1062.3570823077919,805.5056263491866,2.5,1062.0,806.0,2.0231632741627164,-0.47683672583728365,0.47683672583728365,valid,,,Shared Pattern Plane,Region-SIFT(21/28),81,1,313.23093897097954,320.841257789381,2.5925488999928348
518,21,4,3,4,3,50.0,72.5,1079.8370800409991,806.2208517848854,2.5,1080.0,806.0,2.5651546594711188,0.06515465947111876,0.06515465947111876,valid,,,Shared Pattern Plane,Region-SIFT(21/28),81,1,288.05214678143693,293.23421044939596,2.44573799999489
519,21,4,3,4,4,52.5,72.5,1097.3947939908649,806.9392571188756,2.5,1097.0,807.0,1.4005299941264353,-1.0994700058735647,1.0994700058735647,valid,,,Shared Pattern Plane,Region-SIFT(21/28),81,1,315.5512105729845,322.61091319226875,2.484414899998228
520,21,4,3,4,5,55.0,72.5,1115.0307436025455,807.6608636051864,2.5,1115.0,808.0,3.1419668274249886,0.6419668274249886,0.6419668274249886,valid,,,Shared Pattern Plane,Region-SIFT(21/28),81,1,266.1802927239231,273.249535554546,2.5660593999928096
521,21,4,3,5,1,45.0,75.0,1045.483048638185,821.8928322463115,2.5,1045.0,822.0,1.3903673803349421,-1.1096326196650579,1.1096326196650579,valid,,,Shared Pattern Plane,Region-SIFT(21/28),81,1,350.68963730625376,361.4027479908166,2.492531700001564
522,21,4,3,5,2,47.5,75.0,1062.8640147872998,822.6417512975058,2.5,1063.0,823.0,1.9906503172829328,-0.5093496827170672,0.5093496827170672,valid,,,Shared Pattern Plane,Region-SIFT(21/28),81,1,320.7132654785479,329.0280029439119,3.4648402000020724
523,21,4,3,5,3,50.0,75.0,1080.3219833298458,823.3939882631896,2.5,1080.0,823.0,3.1972982902627907,0.6972982902627907,0.6972982902627907,valid,,,Shared Pattern Plane,Region-SIFT(21/28),81,1,365.43832717774404,371.43340454041925,2.7458672000066144
524,21,4,3,5,4,52.5,75.0,1097.8574671140784,824.149565241204,2.5,1098.0,824.0,3.1531615589077524,0.6531615589077524,0.6531615589077524,valid,,,Shared Pattern Plane,Region-SIFT(21/28),81,1,367.44119486733086,375.5467939743527,2.931347600009758
525,21,4,3,5,5,55.0,75.0,1115.4709835525878,824.9085045260604,2.5,1115.0,825.0,2.641766303614855,0.1417663036148551,0.1417663036148551,valid,,,Shared Pattern Plane,Region-SIFT(21/28),81,1,364.61083706648895,372.9020059875132,2.8377984999970067
526,22,4,4,1,1,65.0,65.0,1185.3165011353612,758.1021490017831,2.0,1185.0,758.0,1.9842333150944573,-0.01576668490554267,0.01576668490554267,valid,,,Shared Pattern Plane,Region-SIFT(21/28),81,1,161.72616408110926,164.5885041740616,2.807855399994878
527,22,4,4,1,2,67.5,65.0,1203.4223919817705,758.7243665596017,2.0,1203.0,759.0,2.5678124277254164,0.5678124277254164,0.5678124277254164,valid,,,Shared Pattern Plane,Region-SIFT(21/28),81,1,194.63148932431739,200.19763404889306,2.937768000003416
528,22,4,4,1,3,70.0,65.0,1221.610386789988,759.3494056591514,2.0,1222.0,759.0,2.573024236413592,0.573024236413592,0.573024236413592,valid,,,Shared Pattern Plane,Region-SIFT(21/28),81,1,153.11539104148824,156.2130521553129,2.4567173999967054
529,22,4,4,1,4,72.5,65.0,1239.8810452987912,759.9772855361218,2.0,1240.0,760.0,2.578955881632472,0.578955881632472,0.578955881632472,valid,,,Shared Pattern Plane,Region-SIFT(21/28),81,1,188.30315717616406,192.1177964001146,2.735025499991025
530,22,4,4,1,5,75.0,65.0,1258.234932346526,760.6080256014517,2.0,1258.0,761.0,2.014734308385764,0.014734308385763839,0.014734308385763839,valid,,,Shared Pattern Plane,Region-SIFT(21/28),81,1,163.48746459597632,164.14101119850847,2.46529140000348
531,22,4,4,2,1,65.0,67.5,1185.6677620589494,775.6418284073661,2.0,1186.0,776.0,2.5803714567210325,0.5803714567210325,0.5803714567210325,valid,,,Shared Pattern Plane,Region-SIFT(21/28),81,1,129.71860782280172,132.42987108288224,2.5032020000071498
532,22,4,4,2,2,67.5,67.5,1203.749988930131,776.3028301038994,2.0,1204.0,776.0,2.5853282093139307,0.5853282093139307,0.5853282093139307,valid,,,Shared Pattern Plane,Region-SIFT(21/28),81,1,121.8184623127892,122.78798692051858,2.447506800002884
533,22,4,4,2,3,70.0,67.5,1221.9141014429026,776.9668251567487,2.0,1222.0,777.0,2.0184256297356047,0.018425629735604687,0.018425629735604687,valid,,,Shared Pattern Plane,Region-SIFT(21/28),81,1,122.02144330746282,122.96047068132717,2.4541702999995323
534,22,4,4,2,4,72.5,67.5,1240.1606570901467,777.633833945248,2.0,1240.0,778.0,2.0261683802872397,0.026168380287239668,0.026168380287239668,valid,,,Shared Pattern Plane,Region-SIFT(21/28),81,1,151.77206827395807,155.47982861455392,2.860543000002508
535,22,4,4,2,5,75.0,67.5,1258.4902184369455,778.3038770341473,2.0,1258.0,778.0,2.591669638836358,0.591669638836358,0.591669638836358,valid,,,Shared Pattern Plane,Region-SIFT(21/28),81,1,121.66267752874465,122.944793234012,2.564068000006955
536,22,4,4,3,1,65.0,70.0,1186.0180774260862,793.1342928912118,2.0,1186.0,793.0,2.0349751225668458,0.03497512256684576,0.03497512256684576,valid,,,Shared Pattern Plane,Region-SIFT(21/28),81,1,152.0498670779839,153.55989482514818,2.454247600006056
537,22,4,4,3,2,67.5,70.0,1204.0767020333546,793.8338675668654,2.0,1204.0,794.0,2.0299057511783594,0.029905751178359363,0.029905751178359363,valid,,,Shared Pattern Plane,Region-SIFT(21/28),81,1,138.2457031244954,139.27564148614832,2.5148900000058347
538,22,4,4,3,3,70.0,70.0,1222.21699483143,794.5366059938754,2.0,1222.0,795.0,2.037591104691719,0.03759110469171878,0.03759110469171878,valid,,,Shared Pattern Plane,Region-SIFT(21/28),81,1,191.2743415862795,196.26634421487904,2.4322934999945574
539,22,4,4,3,4,72.5,70.0,1240.4395110792973,795.2425296824689,2.0,1240.0,795.0,2.6144321117042377,0.6144321117042377,0.6144321117042377,valid,,,Shared Pattern Plane,Region-SIFT(21/28),81,1,175.3139921026886,178.40379363446348,2.434475299989572
540,22,4,4,3,5,75.0,70.0,1258.7448110809569,795.9516603383133,2.0,1259.0,796.0,2.6205215826911075,0.6205215826911075,0.6205215826911075,valid,,,Shared Pattern Plane,Region-SIFT(21/28),81,1,165.25758064512223,169.23598094189762,2.4596015000133775
541,22,4,4,4,1,65.0,72.5,1186.3674510496435,810.5797328432673,2.0,1186.0,811.0,2.04144706178316,0.041447061783160155,0.041447061783160155,valid,,,Shared Pattern Plane,Region-SIFT(21/28),81,1,234.77844235203253,242.5467467485595,2.478598999994574
542,22,4,4,4,2,67.5,72.5,1204.4025348634975,811.3176706208062,2.0,1204.0,811.0,2.048132720070317,0.04813272007031699,0.04813272007031699,valid,,,Shared Pattern Plane,Region-SIFT(21/28),81,1,171.8458373064717,174.8243563795487,2.7190847000019858
543,22,4,4,4,3,70.0,72.5,1222.5190702822013,812.058941136739,2.0,1223.0,812.0,2.0561445348134146,0.05614453481341464,0.05614453481341464,valid,,,Shared Pattern Plane,Region-SIFT(21/28),81,1,181.32329304205678,184.81111690871157,2.4270694000006188
544,22,4,4,4,4,72.5,72.5,1240.7176103427605,812.8035670195658,2.0,1241.0,813.0,2.632933495513138,0.632933495513138,0.632933495513138,valid,,,Shared Pattern Plane,Region-SIFT(21/28),81,1,150.16842420517452,151.77487133625684,2.465503899991745
545,22,4,4,4,5,75.0,72.5,1258.9987131001935,813.5515711031077,2.0,1259.0,814.0,2.638737867629401,0.6387378676294011,0.6387378676294011,valid,,,Shared Pattern Plane,Region-SIFT(21/28),81,1,185.76443434417564,191.70828690828822,2.523328600000241
546,22,4,4,5,1,65.0,75.0,1186.71588672202,827.9783376312122,2.0,1187.0,828.0,2.0600517067389537,0.06005170673895366,0.06005170673895366,valid,,,Shared Pattern Plane,Region-SIFT(21/28),81,1,261.22385273887994,268.2145220945659,2.5732495999982348
547,22,4,4,5,2,67.5,75.0,1204.727490973394,828.7544299065609,2.0,1205.0,829.0,2.0677643526970924,0.06776435269709236,0.06776435269709236,valid,,,Shared Pattern Plane,Region-SIFT(21/28),81,1,224.50607000381228,230.3622477317697,2.624039800008177
548,22,4,4,5,3,70.0,75.0,1222.8203311039063,829.5340225107755,2.0,1223.0,830.0,2.6454269144375333,0.6454269144375333,0.6454269144375333,valid,,,Shared Pattern Plane,Region-SIFT(21/28),81,1,201.07163687206452,206.10703740617146,2.554158599989023
549,22,4,4,5,4,72.5,75.0,1240.9949579404235,830.3171391781366,2.0,1241.0,830.0,3.2041594723015825,1.2041594723015825,1.2041594723015825,valid,,,Shared Pattern Plane,Region-SIFT(21/28),81,1,194.9212975749263,199.96947510587455,2.491893700003857
550,22,4,4,5,5,75.0,75.0,1259.251927301,831.1038038579882,2.0,1259.0,831.0,2.6559237808128486,0.6559237808128486,0.6559237808128486,valid,,,Shared Pattern Plane,Region-SIFT(21/28),81,1,236.91805699868178,242.01335782451517,2.4038627999980235
551,23,4,5,1,1,85.0,65.0,1332.4942444607323,763.1599822116477,1.5,1332.0,763.0,2.0357948918565048,0.5357948918565048,0.5357948918565048,valid,,,Shared Pattern Plane,Region-SIFT(21/28),81,1,216.44763889312742,220.0562741713598,2.515872699994361
552,23,4,5,1,2,87.5,65.0,1351.2729293828895,763.8053206581471,1.5,1351.0,764.0,2.0441637332456426,0.5441637332456426,0.5441637332456426,valid,,,Shared Pattern Plane,Region-SIFT(21/28),81,1,228.86061698419076,233.2218162245892,2.6411290999967605
553,23,4,5,1,3,90.0,65.0,1370.1383422813044,764.4536395528353,1.5,1370.0,764.0,1.4894200636283528,-0.010579936371647225,0.010579936371647225,valid,,,Shared Pattern Plane,Region-SIFT(21/28),81,1,168.10190038479197,168.77375348932688,2.4341286000126274
554,23,4,5,1,4,92.5,65.0,1389.091085366788,765.1049595909735,1.5,1389.0,765.0,2.059795793383599,0.5597957933835991,0.5597957933835991,valid,,,Shared Pattern Plane,Region-SIFT(21/28),81,1,150.51324710139522,151.546023557775,2.416725100003532
555,23,4,5,1,5,95.0,65.0,1408.1317664384926,765.7593016598693,1.5,1408.0,766.0,2.640776796393929,1.1407767963939288,1.1407767963939288,valid,,,Shared Pattern Plane,Region-SIFT(21/28),81,1,186.77287763413926,188.30034067437765,2.681477399994037
556,23,4,5,2,1,85.0,67.5,1332.6499529083392,781.0148102974705,1.5,1333.0,781.0,1.4983337249556508,-0.0016662750443492413,0.0016662750443492413,valid,,,Shared Pattern Plane,Region-SIFT(21/28),81,1,178.28811896288835,181.5242125551288,2.52596139999514
557,23,4,5,2,2,87.5,67.5,1351.403162848036,781.7003399987564,1.5,1351.0,782.0,1.507562830442581,0.007562830442580992,0.007562830442580992,valid,,,Shared Pattern Plane,Region-SIFT(21/28),81,1,203.36384398293873,207.6889775959465,2.4465924999967683
558,23,4,5,2,3,90.0,67.5,1370.242863687904,782.3890314030864,1.5,1370.0,782.0,2.07720911022531,0.5772091102253101,0.5772091102253101,valid,,,Shared Pattern Plane,Region-SIFT(21/28),81,1,160.8887131690979,162.55712622232812,2.4919192000088515
559,23,4,5,2,4,92.5,67.5,1389.1696551625785,783.0809064339561,1.5,1389.0,783.0,2.0915037297946033,0.5915037297946033,0.5915037297946033,valid,,,Shared Pattern Plane,Region-SIFT(21/28),81,1,210.67068770474225,215.83241226553588,2.4501963000075193
560,23,4,5,2,5,95.0,67.5,1408.1841425643481,783.775987218022,1.5,1408.0,784.0,-0.14757552623110082,-1.6475755262311007,1.6475755262311007,valid,,,Shared Pattern Plane,Region-SIFT(21/28),81,1,266.3955429743206,272.0940368036645,2.3467172000091523
561,23,4,5,3,1,85.0,70.0,1332.805234519096,798.8206937133491,1.5,1333.0,799.0,1.5095043440704183,0.009504344070418336,0.009504344070418336,valid,,,Shared Pattern Plane,Region-SIFT(21/28),81,1,169.15573980291055,172.67485899481233,2.4566871999995783
562,23,4,5,3,2,87.5,70.0,1351.5330384895651,799.546191788273,1.5,1352.0,800.0,1.5196703460765,0.019670346076499978,0.019670346076499978,valid,,,Shared Pattern Plane,Region-SIFT(21/28),81,1,274.72215651254805,283.46972255516425,2.7466736000060337
563,23,4,5,3,3,90.0,70.0,1370.3470972548532,800.2750312954165,1.5,1370.0,800.0,2.6534641424565373,1.1534641424565373,1.1534641424565373,valid,,,Shared Pattern Plane,Region-SIFT(21/28),81,1,290.7907220477149,298.6017666938765,2.499184800006333
564,23,4,5,3,4,92.5,70.0,1389.2480080869764,801.0072353725541,1.5,1389.0,801.0,2.1036924544749858,0.6036924544749858,0.6036924544749858,valid,,,Shared Pattern Plane,Region-SIFT(21/28),81,1,310.14711072709827,316.85772432650754,2.392953900009161
565,23,4,5,3,5,95.0,70.0,1408.2363737851283,801.7428273715776,1.5,1408.0,802.0,0.9954703668587984,-0.5045296331412016,0.5045296331412016,valid,,,Shared Pattern Plane,Region-SIFT(21/28),81,1,366.10593632087506,375.1021893024814,2.5580868999968516
566,23,4,5,4,1,85.0,72.5,1332.9600910457052,816.5778334386847,1.5,1333.0,817.0,2.6609490929142443,1.1609490929142443,1.1609490929142443,valid,,,Shared Pattern Plane,Region-SIFT(21/28),81,1,286.8216089410126,293.0995708468732,2.7490921999997227
567,23,4,5,4,2,87.5,72.5,1351.662557780164,817.3430783845341,1.5,1352.0,817.0,0.9907764534373995,-0.5092235465626005,0.5092235465626005,valid,,,Shared Pattern Plane,Region-SIFT(21/28),81,1,349.069226554588,359.74129748894944,2.473433600011049
568,23,4,5,4,3,90.0,72.5,1370.451044169532,818.1118429787326,1.5,1370.0,818.0,0.9775194405911211,-0.5224805594088789,0.5224805594088789,valid,,,Shared Pattern Plane,Region-SIFT(21/28),81,1,409.1283085535443,419.7145751747961,3.1930839999986347
569,23,4,5,4,4,92.5,72.5,1389.3261450366704,818.8841515595236,1.5,1389.0,819.0,1.5577440318250622,0.05774403182506216,0.05774403182506216,valid,,,Shared Pattern Plane,Region-SIFT(21/28),81,1,355.71156721165573,366.1394043238612,2.4439582000049995
570,23,4,5,4,5,95.0,72.5,1408.2884607013489,819.6600286900662,1.5,1408.0,820.0,1.5676762423417867,0.06767624234178671,0.06767624234178671,valid,,,Shared Pattern Plane,Region-SIFT(21/28),81,1,421.98137748153124,434.39000366562806,2.904246600010083
571,23,4,5,5,1,85.0,75.0,1333.114524231285,834.2864293540161,1.5,1333.0,834.0,2.1187730738055714,0.6187730738055714,0.6187730738055714,valid,,,Shared Pattern Plane,Region-SIFT(21/28),81,1,336.2682233820517,345.447051006102,2.6401588000007905
572,23,4,5,5,2,87.5,75.0,1351.7917221844496,835.0912010364443,1.5,1352.0,835.0,2.1179675996280465,0.6179675996280465,0.6179675996280465,valid,,,Shared Pattern Plane,Region-SIFT(21/28),81,1,384.13488178152255,398.04900089348615,2.4387722999963444
573,23,4,5,5,3,90.0,75.0,1370.5547056127984,835.8996690828221,1.5,1371.0,836.0,2.118071340346584,0.6180713403465838,0.6180713403465838,valid,,,Shared Pattern Plane,Region-SIFT(21/28),81,1,407.65827040293857,423.12278175260707,2.389320800008136
574,23,4,5,5,4,92.5,75.0,1389.4040669034105,836.7118590181957,1.5,1389.0,837.0,1.5771458877288798,0.07714588772887976,0.07714588772887976,valid,,,Shared Pattern Plane,Region-SIFT(21/28),81,1,407.7733036283463,420.62347432369415,2.599920100008603
575,23,4,5,5,5,95.0,75.0,1408.340403910212,837.52779660317,1.5,1408.0,838.0,2.148745713952359,0.6487457139523589,0.6487457139523589,valid,,,Shared Pattern Plane,Region-SIFT(21/28),81,1,401.2695547396544,414.2950281394377,2.655270200004452
576,24,4,6,1,1,105.0,65.0,1485.186225826611,768.4073148366971,1.0,1485.0,768.0,2.1026104569628843,1.1026104569628843,1.1026104569628843,valid,,,Shared Pattern Plane,Region-SIFT(21/28),81,1,222.1928545139454,223.90163492702422,2.4252828000026057
577,24,4,6,1,2,107.5,65.0,1504.6759140081206,769.0770872486603,1.0,1505.0,769.0,2.1103785387571357,1.1103785387571357,1.1103785387571357,valid,,,Shared Pattern Plane,Region-SIFT(21/28),81,1,234.668668759563,238.8516528160286,2.5132295999937924
578,24,4,6,1,3,110.0,65.0,1524.2573080289067,769.7500111754449,1.0,1524.0,770.0,2.1178653416786264,1.1178653416786264,1.1178653416786264,valid,,,Shared Pattern Plane,Region-SIFT(21/28),81,1,188.46964834758217,188.90387279160913,2.501225300002261
579,24,4,6,1,4,112.5,65.0,1543.9310566777115,770.4261089129843,1.0,1544.0,770.0,2.124542842638217,1.124542842638217,1.124542842638217,valid,,,Shared Pattern Plane,Region-SIFT(21/28),81,1,223.94018290585308,227.96741036502019,2.4359627999947406
580,24,4,6,1,5,115.0,65.0,1563.6978148777018,771.1054029680253,1.0,1564.0,771.0,1.5887146544843005,0.5887146544843005,0.5887146544843005,valid,,,Shared Pattern Plane,Region-SIFT(21/28),81,1,241.65517712093535,246.36123526527146,2.5149825000116834
581,24,4,6,2,1,105.0,67.5,1485.13135544494,786.5888176630729,1.0,1485.0,787.0,2.1221236889672253,1.1221236889672253,1.1221236889672253,valid,,,Shared Pattern Plane,Region-SIFT(21/28),81,1,343.3260298956008,352.5213551066467,3.215200599996024
582,24,4,6,2,2,107.5,67.5,1504.5936009522027,787.3002663906158,1.0,1505.0,787.0,1.0333225612223238,0.0333225612223238,0.0333225612223238,valid,,,Shared Pattern Plane,Region-SIFT(21/28),81,1,373.42768729073657,386.21826608359055,3.2778628999949433
583,24,4,6,2,3,110.0,67.5,1524.147294528464,788.0150580321254,1.0,1524.0,788.0,1.5867648035030193,0.5867648035030193,0.5867648035030193,valid,,,Shared Pattern Plane,Region-SIFT(21/28),81,1,298.5907650054447,307.31029676903717,3.012111100004404
584,24,4,6,2,4,112.5,67.5,1543.7930822278588,788.7332162043208,1.0,1544.0,789.0,-0.047491444851927044,-1.047491444851927,1.047491444851927,valid,,,Shared Pattern Plane,Region-SIFT(21/28),81,1,346.78134864625474,358.20130976927624,2.8269835999963107
585,24,4,6,2,5,115.0,67.5,1563.5316162044678,789.4547647469072,1.0,1564.0,789.0,0.5145283182576033,-0.48547168174239674,0.48547168174239674,valid,,,Shared Pattern Plane,Region-SIFT(21/28),81,1,291.23310657581953,299.2543620184276,2.5764028999983566
586,24,4,6,3,1,105.0,70.0,1485.0766382869515,804.7195492584902,1.0,1485.0,805.0,1.0440081061441078,0.04400810614410777,0.04400810614410777,valid,,,Shared Pattern Plane,Region-SIFT(21/28),81,1,437.15203048060187,450.4323563300172,2.5431936999957543
587,24,4,6,3,2,107.5,70.0,1504.5115182907043,805.4724388151798,1.0,1505.0,805.0,1.0460314227075709,0.04603142270757088,0.04603142270757088,valid,,,Shared Pattern Plane,Region-SIFT(21/28),81,1,399.75208351902234,411.9327536284161,2.8490233000047738
588,24,4,6,3,3,110.0,70.0,1524.037589678467,806.22886104306,1.0,1524.0,806.0,1.0575547926204,0.057554792620400086,0.057554792620400086,valid,,,Shared Pattern Plane,Region-SIFT(21/28),81,1,364.58412535733015,376.1552689752292,2.7895890999934636
589,24,4,6,3,4,112.5,70.0,1543.6554957851129,806.988840864338,1.0,1544.0,807.0,0.5233366504296367,-0.47666334957036327,0.47666334957036327,valid,,,Shared Pattern Plane,Region-SIFT(21/28),81,1,339.22750440829645,348.9735695878589,2.5085762000089744
590,24,4,6,3,5,115.0,70.0,1563.3658860112257,807.7524034362011,1.0,1563.0,808.0,0.5359787088124143,-0.4640212911875857,0.4640212911875857,valid,,,Shared Pattern Plane,Region-SIFT(21/28),81,1,277.83426422240245,283.8880434076404,2.6643060999922454
591,24,4,6,4,1,105.0,72.5,1485.0220737117324,822.7997219918476,1.0,1485.0,823.0,11.593316760487435,10.593316760487435,10.593316760487435,valid,,,Shared Pattern Plane,Region-SIFT(21/28),81,1,492.65674013813964,504.48548628386544,2.6415224999946076
592,24,4,6,4,2,107.5,72.5,1504.4296650576657,823.5938183749321,1.0,1504.0,824.0,16.92155554291483,15.921555542914831,15.921555542914831,valid,,,Shared Pattern Plane,Region-SIFT(21/28),81,1,472.90689212455953,490.7571419800376,2.509134500010987
593,24,4,6,4,3,110.0,72.5,1523.9281921818244,824.3916355583616,1.0,1524.0,824.0,2.173065850779345,1.173065850779345,1.173065850779345,valid,,,Shared Pattern Plane,Region-SIFT(21/28),81,1,380.7993617527069,394.36729156568964,2.612720099990838
594,24,4,6,4,4,112.5,72.5,1543.5182957150612,825.1931997546961,1.0,1544.0,825.0,2.17758551161729,1.17758551161729,1.17758551161729,valid,,,Shared Pattern Plane,Region-SIFT(21/28),81,1,381.14392663259355,394.44943488231087,2.41387279999617
595,24,4,6,4,5,115.0,72.5,1563.2006223199405,825.9985374232934,1.0,1563.0,826.0,0.5569295963533409,-0.44307040364665906,0.44307040364665906,valid,,,Shared Pattern Plane,Region-SIFT(21/28),81,1,301.1371778841372,306.5081297842894,2.5019203000119887
596,24,4,6,5,1,105.0,75.0,1484.9676610819397,840.8295470492802,1.0,1485.0,841.0,16.489851960999104,15.489851960999104,15.489851960999104,valid,,,Shared Pattern Plane,Region-SIFT(21/28),81,1,486.58594888555945,494.30423097816566,2.5154450999980327
597,24,4,6,5,2,107.5,75.0,1504.3480402925193,841.6646177286458,1.0,1504.0,842.0,16.444608349242966,15.444608349242966,15.444608349242966,valid,,,Shared Pattern Plane,Region-SIFT(21/28),81,1,495.7704984432806,512.050293828268,2.466183700002148
598,24,4,6,5,3,110.0,75.0,1523.8191007487044,842.5035957231651,1.0,1524.0,843.0,2.184729849465146,1.1847298494651461,1.1847298494651461,valid,,,Shared Pattern Plane,Region-SIFT(21/28),81,1,460.2726779291869,477.19873728534674,2.4866934000019683
599,24,4,6,5,4,112.5,75.0,1543.3814803924572,843.3465085207743,1.0,1543.0,843.0,0.5682313065419765,-0.4317686934580235,0.4317686934580235,valid,,,Shared Pattern Plane,Region-SIFT(21/28),81,1,424.1428164547713,440.74021235196176,2.584878800000297
600,24,4,6,5,5,115.0,75.0,1563.0358231636958,844.1933838678524,1.0,1563.0,844.0,1.666095755644847,0.666095755644847,0.666095755644847,valid,,,Shared Pattern Plane,Region-SIFT(21/28),81,1,340.584242179911,347.9809352747674,2.7898896999977296
