sample_id,block_id,row,column,sample_row,sample_column,model_x_mm,model_y_mm,u,v,true_height_mm,measured_u,measured_v,wound_height_mm,error_mm,abs_error_mm,status,failure_reason,measurement_warning,height_reference_source,method,candidate_frame,fused_count,group_score,objective_score,elapsed_seconds
1,1,1,1,1,1,5,5,818.865187164451,276.450243918434,12.5,819,276,12.3463896624758,-0.153610337524157,0.153610337524157,valid,,,Shared Pattern Plane,Region-SIFT(21/28),32,1,267.679705920043,276.030358600882,3.5854687000392
2,1,1,1,1,2,7.5,5,834.821390994516,276.610559311157,12.5,835,277,12.8369351675812,0.336935167581183,0.336935167581183,valid,,,Shared Pattern Plane,Region-SIFT(21/28),32,1,219.259219326039,223.343862953579,3.30101989995455
3,1,1,1,1,3,10,5,850.839161371645,276.771493276148,12.5,851,277,12.3386540472182,-0.161345952781817,0.161345952781817,valid,,,Shared Pattern Plane,Region-SIFT(21/28),32,1,227.31155148158,233.878055119228,4.28582879999885
4,1,1,1,1,4,12.5,5,866.918855313699,276.93304940044,12.5,867,277,13.3462457289627,0.84624572896271,0.84624572896271,valid,,,Shared Pattern Plane,Region-SIFT(21/28),32,1,242.101730120624,246.163278541806,3.89702079998096
5,1,1,1,1,5,15,5,883.060832604295,277.095231298857,12.5,883,277,12.350197044803,-0.149802955197041,0.149802955197041,valid,,,Shared Pattern Plane,Region-SIFT(21/28),32,1,177.233358732355,179.301451934428,4.1990661000018
6,1,1,1,2,1,5,7.5,819.617257114841,293.265094256948,12.5,820,293,12.3567343888497,-0.143265611150307,0.143265611150307,valid,,,Shared Pattern Plane,Region-SIFT(21/28),32,1,189.127543101235,192.390516586578,3.21533979999367
7,1,1,1,2,2,7.5,7.5,835.525923195721,293.457195473954,12.5,836,293,12.8674834171487,0.367483417148661,0.367483417148661,valid,,,Shared Pattern Plane,Region-SIFT(21/28),32,1,178.707274849705,179.793996812989,3.14086439996026
8,1,1,1,2,3,10,7.5,851.49578360788,293.650035628182,12.5,851,294,12.3501638579989,-0.149836142001078,0.149836142001078,valid,,,Shared Pattern Plane,Region-SIFT(21/28),32,1,210.713300281101,216.296714747596,3.2105590000283
9,1,1,1,2,4,12.5,7.5,867.527192117214,293.843618991444,12.5,868,294,12.8788262970958,0.378826297095815,0.378826297095815,valid,,,Shared Pattern Plane,Region-SIFT(21/28),32,1,214.974966769244,219.816167819419,3.10422380000819
10,1,1,1,2,5,15,7.5,883.620505221722,294.037949868547,12.5,884,294,12.3815238698352,-0.118476130164792,0.118476130164792,valid,,,Shared Pattern Plane,Region-SIFT(21/28),32,1,180.919354292955,185.01023306768,3.32210729998769
11,1,1,1,3,1,5,10,820.364732666783,309.977222604975,12.5,820,310,12.3880402311098,-0.111959768890229,0.111959768890229,valid,,,Shared Pattern Plane,Region-SIFT(21/28),32,1,162.248794125754,166.676360625473,3.04556569998385
12,1,1,1,3,2,7.5,10,836.226143170088,310.200718512242,12.5,836,310,12.393758378212,-0.106241621788023,0.106241621788023,valid,,,Shared Pattern Plane,Region-SIFT(21/28),32,1,149.643796238067,151.363814365015,3.08295810001437
13,1,1,1,3,3,10,10,852.148379153549,310.425071483632,12.5,852,310,12.3994633247204,-0.100536675279617,0.100536675279617,valid,,,Shared Pattern Plane,Region-SIFT(21/28),32,1,164.211746012975,165.274653184619,3.0869649000233
14,1,1,1,3,4,12.5,10,868.13179117047,310.650286458631,12.5,868,311,12.4069767395205,-0.0930232604794874,0.0930232604794874,valid,,,Shared Pattern Plane,Region-SIFT(21/28),32,1,182.785046131396,184.106018794415,3.43501219997415
15,1,1,1,3,5,15,10,884.176732473112,310.876368414756,12.5,884,311,12.4125846663708,-0.0874153336291812,0.0874153336291812,valid,,,Shared Pattern Plane,Region-SIFT(21/28),32,1,172.112087362279,174.819519505293,3.10724630003097
16,1,1,1,4,1,5,12.5,821.107655792872,326.587567389685,12.5,821,327,12.4197687988138,-0.0802312011861623,0.0802312011861623,valid,,,Shared Pattern Plane,Region-SIFT(21/28),32,1,152.860824705558,154.699443589596,3.31302599998889
17,1,1,1,4,2,7.5,12.5,836.922090387565,326.842072223677,12.5,837,327,12.4254461328907,-0.0745538671092874,0.0745538671092874,valid,,,Shared Pattern Plane,Region-SIFT(21/28),32,1,141.052825284383,142.787433791303,3.15178379998542
18,1,1,1,4,3,10,12.5,852.79698493553,327.097550051694,12.5,853,327,12.431101191627,-0.0688988083729694,0.0688988083729694,valid,,,Shared Pattern Plane,Region-SIFT(21/28),32,1,231.000488999786,234.865492603608,3.0693274999503
19,1,1,1,4,4,12.5,12.5,868.732686816255,327.354006464183,12.5,869,327,12.9230648648009,0.423064864800871,0.423064864800871,valid,,,Shared Pattern Plane,Region-SIFT(21/28),32,1,234.246831704195,241.227365072689,3.03901240002597
20,1,1,1,4,5,15,12.5,884.729546075546,327.6114470945,12.5,885,328,12.4441088007648,-0.0558911992351661,0.0558911992351661,valid,,,Shared Pattern Plane,Region-SIFT(21/28),32,1,178.789611497506,183.802670461586,3.17436559998896
21,1,1,1,5,1,5,15,821.846067955991,343.097055642158,12.5,822,343,12.4497444698568,-0.0502555301431524,0.0502555301431524,valid,,,Shared Pattern Plane,Region-SIFT(21/28),32,1,170.909360824565,172.109105567033,3.21515689999796
22,1,1,1,5,2,7.5,15,837.613803837871,343.382188922802,12.5,838,343,12.4553485629156,-0.0446514370844451,0.0446514370844451,valid,,,Shared Pattern Plane,Region-SIFT(21/28),32,1,160.704367102769,163.684270868823,3.10203190002358
23,1,1,1,5,3,10,15,853.441637430558,343.6684089706,12.5,853,344,12.4816532377525,-0.0183467622474733,0.0183467622474733,valid,,,Shared Pattern Plane,Region-SIFT(21/28),32,1,211.574622567495,217.893996385998,3.343880899949
24,1,1,1,5,4,12.5,15,869.32991297792,343.955722010629,12.5,869,344,12.4680125113512,-0.0319874886487757,0.0319874886487757,valid,,,Shared Pattern Plane,Region-SIFT(21/28),32,1,207.184104922461,213.044339719508,3.17102670000168
25,1,1,1,5,5,15,15,885.278977357992,344.244134315602,12.5,885,344,12.4734950067526,-0.0265049932474213,0.0265049932474213,valid,,,Shared Pattern Plane,Region-SIFT(21/28),32,1,166.964519275685,170.158173283137,3.21730839996599
26,2,1,2,1,1,25,5,948.258869237505,277.750289917999,12,948,278,11.8908132361378,-0.10918676386221,0.10918676386221,valid,,,Shared Pattern Plane,Region-SIFT(21/28),32,1,160.670506410246,164.177812531306,3.08347810001578
27,2,1,2,1,2,27.5,5,964.717758722653,277.915655901018,12,965,278,12.3665814956744,0.366581495674435,0.366581495674435,valid,,,Shared Pattern Plane,Region-SIFT(21/28),32,1,155.430636898424,158.150659077797,3.22185129998252
28,2,1,2,1,3,30,5,981.241149863836,278.081669945971,12,981,278,11.8891328956079,-0.11086710439206,0.11086710439206,valid,,,Shared Pattern Plane,Region-SIFT(21/28),32,1,172.250121518292,175.876206793145,3.15541090001352
29,2,1,2,1,4,32.5,5,997.829422574169,278.248335869927,12,998,278,11.8960394684021,-0.103960531597917,0.103960531597917,valid,,,Shared Pattern Plane,Region-SIFT(21/28),32,1,164.447105901708,167.11058541547,3.41655500000343
30,2,1,2,1,5,35,5,1014.48295975621,278.415657519989,12,1014,278,11.9146101885901,-0.0853898114099234,0.0853898114099234,valid,,,Shared Pattern Plane,Region-SIFT(21/28),32,1,153.217674070691,156.113717205089,3.11599910003133
31,2,1,2,2,1,25,7.5,948.620030663586,294.822835784104,12,949,295,11.9058079951054,-0.0941920048946194,0.0941920048946194,valid,,,Shared Pattern Plane,Region-SIFT(21/28),32,1,156.429406828098,157.484978174681,3.48711430002004
32,2,1,2,2,2,27.5,7.5,965.028311704711,295.020969979702,12,965,295,11.9123191402748,-0.0876808597252499,0.0876808597252499,valid,,,Shared Pattern Plane,Region-SIFT(21/28),32,1,197.487684206483,201.946226496681,3.2794239000068
33,2,1,2,2,3,30,7.5,981.500695204771,295.219878228908,12,982,295,11.9192113174431,-0.0807886825568538,0.0807886825568538,valid,,,Shared Pattern Plane,Region-SIFT(21/28),32,1,205.494445554542,210.996299319594,3.1548926999676
34,2,1,2,2,4,32.5,7.5,998.03755754392,295.419565076609,12,998,295,11.9256565721725,-0.0743434278274648,0.0743434278274648,valid,,,Shared Pattern Plane,Region-SIFT(21/28),32,1,162.473975725527,164.886075437895,3.16262259997893
35,2,1,2,2,5,35,7.5,1014.63927805466,295.620035103341,12,1015,296,11.9342200534278,-0.0657799465722189,0.0657799465722189,valid,,,Shared Pattern Plane,Region-SIFT(21/28),32,1,126.946573509741,127.63601571283,3.05958270002156
36,2,1,2,3,1,25,10,948.978951515617,311.789466952544,12,949,312,11.9356749579223,-0.064325042077698,0.064325042077698,valid,,,Shared Pattern Plane,Region-SIFT(21/28),32,1,123.850646351002,126.138125549919,3.07099420001032
37,2,1,2,3,2,27.5,10,965.336934333149,312.019959834001,12,965,312,11.9421303135377,-0.0578696864623183,0.0578696864623183,valid,,,Shared Pattern Plane,Region-SIFT(21/28),32,1,144.413881233256,146.247048415317,3.11771960003534
38,2,1,2,3,3,30,10,981.758624106871,312.251350381145,12,982,312,11.9489425288063,-0.0510574711937153,0.0510574711937153,valid,,,Shared Pattern Plane,Region-SIFT(21/28),32,1,179.231092427773,180.976854172343,3.25548849999905
39,2,1,2,3,4,32.5,10,998.244393727644,312.483643848212,12,998,312,11.9553291724584,-0.0446708275416157,0.0446708275416157,valid,,,Shared Pattern Plane,Region-SIFT(21/28),32,1,121.455041989826,123.274163949554,3.09143400000175
40,2,1,2,3,5,35,10,1014.79461900217,312.716845530524,12,1015,313,11.9638432545126,-0.0361567454874177,0.0361567454874177,valid,,,Shared Pattern Plane,Region-SIFT(21/28),32,1,121.645517151444,122.976625183742,2.9942572999862
41,2,1,2,4,1,25,12.5,949.33565257924,328.651165986258,12,949,329,11.9656074274428,-0.0343925725571719,0.0343925725571719,valid,,,Shared Pattern Plane,Region-SIFT(21/28),32,1,183.046460008874,188.77888397973,3.17523900000378
42,2,1,2,4,2,27.5,12.5,965.643644550413,328.913613737046,12,966,329,11.9582771134092,-0.041722886590831,0.041722886590831,valid,,,Shared Pattern Plane,Region-SIFT(21/28),32,1,225.779002042296,230.312523960593,3.04911860002903
43,2,1,2,4,3,30,12.5,982.014951623941,329.17708043034,12,982,329,11.9788094826056,-0.0211905173943627,0.0211905173943627,valid,,,Shared Pattern Plane,Region-SIFT(21/28),32,1,197.858324509071,202.573868848877,3.25106640002923
44,2,1,2,4,4,32.5,12.5,998.449943244388,329.441572011684,12,998,329,11.9851325919948,-0.0148674080051823,0.0148674080051823,valid,,,Shared Pattern Plane,Region-SIFT(21/28),32,1,159.921718047409,160.986385065997,3.14659630000824
45,2,1,2,4,5,35,12.5,1014.94899173621,329.70709447297,12,1015,330,11.9935953955431,-0.0064046044569448,0.0064046044569448,valid,,,Shared Pattern Plane,Region-SIFT(21/28),32,1,131.202958875989,132.183516218154,3.20447070000228
46,2,1,2,5,1,25,15,949.690154383786,345.408903332098,12,950,345,11.9942641762125,-0.00573582378752491,0.00573582378752491,valid,,,Shared Pattern Plane,Region-SIFT(21/28),32,1,261.523329197919,270.392986959087,3.162081699993
47,2,1,2,5,2,27.5,15,965.948460077271,345.702907751935,12,966,346,11.4978424063346,-0.502157593665357,0.502157593665357,valid,,,Shared Pattern Plane,Region-SIFT(21/28),32,1,270.417669364889,277.945456919851,3.14607990003424
48,2,1,2,5,3,30,15,982.269692623437,345.998050099252,12,982,346,12.5099502274985,0.50995022749847,0.50995022749847,valid,,,Shared Pattern Plane,Region-SIFT(21/28),32,1,270.379108023265,274.94529779816,3.12245069997152
49,2,1,2,5,4,32.5,15,998.654218062891,346.294336993283,12,999,346,12.015414690315,0.0154146903150068,0.0154146903150068,valid,,,Shared Pattern Plane,Region-SIFT(21/28),32,1,231.0375330486,237.397876150139,3.20558820001315
50,2,1,2,5,5,35,15,1015.10240528073,346.591775104703,12,1015,347,12.0234172460742,0.0234172460742101,0.0234172460742101,valid,,,Shared Pattern Plane,Region-SIFT(21/28),32,1,198.386481802804,204.135728204981,3.0972885999945
51,3,1,3,1,1,45,5,1081.75751754259,279.091579391301,11.5,1082,279,11.4378531979627,-0.0621468020372618,0.0621468020372618,valid,,,Shared Pattern Plane,Region-SIFT(21/28),32,1,164.5886671475,166.274730885566,3.07870009995531
52,3,1,3,1,2,47.5,5,1098.74322733392,279.262238450617,11.5,1099,279,11.4455537215481,-0.0544462784519162,0.0544462784519162,valid,,,Shared Pattern Plane,Region-SIFT(21/28),32,1,159.64479519072,163.007212494947,3.03203750000102
53,3,1,3,1,3,50,5,1115.7965634651,279.433576966233,11.5,1116,279,11.4532174600032,-0.0467825399968493,0.0467825399968493,valid,,,Shared Pattern Plane,Region-SIFT(21/28),32,1,136.446368246734,137.075172430998,3.07200809998903
54,3,1,3,1,4,52.5,5,1132.91793060962,279.605599003992,11.5,1133,280,11.4625185311448,-0.0374814688551552,0.0374814688551552,valid,,,Shared Pattern Plane,Region-SIFT(21/28),32,1,165.444762117901,170.828294814442,3.29700189997675
55,3,1,3,1,5,55,5,1150.10773667613,279.778308662239,11.5,1150,280,11.9594676414537,0.459467641453728,0.459467641453728,valid,,,Shared Pattern Plane,Region-SIFT(21/28),32,1,169.136116262971,170.425163348852,3.05196990002878
56,3,1,3,2,1,45,7.5,1081.70243342993,296.429839878822,11.5,1082,296,11.4662446236346,-0.0337553763653897,0.0337553763653897,valid,,,Shared Pattern Plane,Region-SIFT(21/28),32,1,158.291310772063,161.149234313704,3.07530199998291
57,3,1,3,2,2,47.5,7.5,1098.63424016823,296.634295781284,11.5,1099,297,11.4755568940003,-0.0244431059996959,0.0244431059996959,valid,,,Shared Pattern Plane,Region-SIFT(21/28),32,1,139.016874267437,142.182088131912,3.0854586000205
58,3,1,3,2,3,50,7.5,1115.63324472111,296.839563114566,11.5,1116,297,11.4831571785895,-0.016842821410517,0.016842821410517,valid,,,Shared Pattern Plane,Region-SIFT(21/28),32,1,122.320972667169,123.983041592615,3.12909309996758
59,3,1,3,2,4,52.5,7.5,1132.69984791918,297.045646718801,11.5,1133,297,11.4974047644419,-0.00259523555813956,0.00259523555813956,valid,,,Shared Pattern Plane,Region-SIFT(21/28),32,1,184.831260638767,186.617292487297,3.12429800000973
60,3,1,3,2,5,55,7.5,1149.83445378736,297.252551472691,11.5,1150,297,11.4982987255564,-0.0017012744436169,0.0017012744436169,valid,,,Shared Pattern Plane,Region-SIFT(21/28),32,1,161.1097196251,162.962614868955,3.24161029997049
61,3,1,3,3,1,45,10,1081.64769643468,313.658841779298,11.5,1082,314,11.496361395341,-0.0036386046589616,0.0036386046589616,valid,,,Shared Pattern Plane,Region-SIFT(21/28),32,1,154.90118555947,157.330118084389,3.00742500001797
62,3,1,3,3,2,47.5,10,1098.5259411507,313.89666543408,11.5,1099,314,11.5039648321271,0.00396483212713683,0.00396483212713683,valid,,,Shared Pattern Plane,Region-SIFT(21/28),32,1,130.927247738712,131.844257863428,3.16256830003113
63,3,1,3,3,3,50,10,1115.47095921624,314.1354299617,11.5,1115,314,11.5110997391062,0.0110997391062035,0.0110997391062035,valid,,,Shared Pattern Plane,Region-SIFT(21/28),32,1,158.958308744683,161.102991058311,3.21891320002032
64,3,1,3,3,4,52.5,10,1132.48314766761,314.375140956618,11.5,1132,314,11.5186156388805,0.0186156388805472,0.0186156388805472,valid,,,Shared Pattern Plane,Region-SIFT(21/28),32,1,108.315160161982,109.08618865142,3.0534256999963
65,3,1,3,3,5,55,10,1149.56290669509,314.615804057731,11.5,1150,315,11.5282105293649,0.0282105293649142,0.0282105293649142,valid,,,Shared Pattern Plane,Region-SIFT(21/28),32,1,187.284511994054,189.733118230916,3.30894920002902
66,3,1,3,4,1,45,12.5,1081.59330328608,330.779614602977,11.5,1082,331,11.5249067799512,0.0249067799512357,0.0249067799512357,valid,,,Shared Pattern Plane,Region-SIFT(21/28),32,1,171.201210097661,175.601463798205,3.13832530000946
67,3,1,3,4,2,47.5,12.5,1098.41832378435,331.050382996446,11.5,1098,331,11.532024199629,0.0320241996289585,0.0320241996289585,valid,,,Shared Pattern Plane,Region-SIFT(21/28),32,1,175.270008808721,179.05734539737,3.13083390000975
68,3,1,3,4,3,50,12.5,1115.30969717621,331.322219220197,11.5,1115,331,11.5395489835229,0.0395489835228542,0.0395489835228542,valid,,,Shared Pattern Plane,Region-SIFT(21/28),32,1,151.980641214684,154.149620293657,3.05292489996646
69,3,1,3,4,4,52.5,12.5,1132.26781675138,331.595129603521,11.5,1132,332,11.5486987792997,0.0486987792997251,0.0486987792997251,valid,,,Shared Pattern Plane,Region-SIFT(21/28),32,1,143.772744549141,145.651524608867,3.9908697999781
70,3,1,3,4,5,55,12.5,1149.29307891392,331.869120525827,11.5,1149,332,11.5561115238225,0.0561115238224836,0.0561115238224836,valid,,,Shared Pattern Plane,Region-SIFT(21/28),32,1,137.970182424878,138.419879027783,3.9526020999765
71,3,1,3,5,1,45,15,1081.53925075431,347.793174966258,11.5,1082,348,11.5535245681987,0.053524568198748,0.053524568198748,valid,,,Shared Pattern Plane,Region-SIFT(21/28),32,1,196.304337179093,201.159402946384,3.07472969999071
72,3,1,3,5,2,47.5,15,1098.31138165373,348.096471060419,11.5,1098,348,11.5606048276823,0.0606048276822957,0.0606048276822957,valid,,,Shared Pattern Plane,Region-SIFT(21/28),32,1,220.360791507095,227.875483117678,3.07693070004461
73,3,1,3,5,3,50,15,1115.14944894962,348.400959504654,11.5,1115,348,11.5680836482526,0.0680836482526104,0.0680836482526104,valid,,,Shared Pattern Plane,Region-SIFT(21/28),32,1,169.833041153761,174.199650985959,3.1209028000012
74,3,1,3,5,4,52.5,15,1132.05384223208,348.706647344052,11.5,1132,349,11.5771804032996,0.0771804032995504,0.0771804032995504,valid,,,Shared Pattern Plane,Region-SIFT(21/28),32,1,188.922935258775,192.198827915423,3.12792569998419
75,3,1,3,5,5,55,15,1149.02495416655,349.013541679314,11.5,1149,349,11.5845426044769,0.08454260447688,0.08454260447688,valid,,,Shared Pattern Plane,Region-SIFT(21/28),32,1,131.647199916335,131.954291949016,3.04314279998653
76,4,1,4,1,1,65,5,1219.55962339169,280.476106623006,11,1220,280,11.0135152210756,0.0135152210756129,0.0135152210756129,valid,,,Shared Pattern Plane,Region-SIFT(21/28),32,1,187.952850616294,191.090706005782,3.24524379998911
77,4,1,4,1,2,67.5,5,1237.0978582191,280.652317019538,11,1237,281,11.0234951777201,0.0234951777200845,0.0234951777200845,valid,,,Shared Pattern Plane,Region-SIFT(21/28),32,1,191.687249079709,193.328707720994,3.09837269998388
78,4,1,4,1,3,70,5,1254.70704920107,280.829240327732,11,1255,281,11.0323374113409,0.0323374113408583,0.0323374113408583,valid,,,Shared Pattern Plane,Region-SIFT(21/28),32,1,162.103211120323,166.779673408975,3.13691499998095
79,4,1,4,1,4,72.5,5,1272.38762782184,281.006880882801,11,1272,281,11.040647070693,0.0406470706930424,0.0406470706930424,valid,,,Shared Pattern Plane,Region-SIFT(21/28),32,1,145.46615242176,146.760108936167,3.10967770003481
80,4,1,4,1,5,75,5,1290.14002907123,281.185243055182,11,1290,281,11.0493769095101,0.0493769095100571,0.0493769095100571,valid,,,Shared Pattern Plane,Region-SIFT(21/28),32,1,141.992438175565,143.190451008432,3.45337659999495
81,4,1,4,2,1,65,7.5,1219.0610980541,298.088480930589,11,1219,298,11.0416272013398,0.0416272013398018,0.0416272013398018,valid,,,Shared Pattern Plane,Region-SIFT(21/28),32,1,129.486641327288,130.258900809218,5.94718800002011
82,4,1,4,2,2,67.5,7.5,1236.54189169853,298.299565990534,11,1237,298,11.0504491265417,0.0504491265416842,0.0504491265416842,valid,,,Shared Pattern Plane,Region-SIFT(21/28),32,1,150.612405290049,152.132776913794,5.08838720002677
83,4,1,4,2,3,70,7.5,1254.09318105432,298.511502304247,11,1254,299,11.0603387755946,0.0603387755946319,0.0603387755946319,valid,,,Shared Pattern Plane,Region-SIFT(21/28),32,1,126.663266732705,127.597787454566,3.3056166000315
84,4,1,4,2,4,72.5,7.5,1271.7153934207,298.724295031475,11,1272,299,11.0690832906768,0.0690832906767866,0.0690832906767866,valid,,,Shared Pattern Plane,Region-SIFT(21/28),32,1,141.631314640449,144.136356310285,3.24947510001948
85,4,1,4,2,5,75,7.5,1289.4089595572,298.937949373751,11,1289,299,11.0772996916438,0.077299691643768,0.077299691643768,valid,,,Shared Pattern Plane,Region-SIFT(21/28),32,1,206.752939104151,210.297600012153,3.28353239997523
86,4,1,4,3,1,65,10,1218.56576452865,315.588091882469,11,1219,316,10.5757898010931,-0.42421019890692,0.42421019890692,valid,,,Shared Pattern Plane,Region-SIFT(21/28),32,1,177.633279985095,179.908040174803,3.31965730001684
87,4,1,4,3,2,67.5,10,1235.98949189771,315.833601684735,11,1236,316,11.0786292013409,0.0786292013408527,0.0786292013408527,valid,,,Shared Pattern Plane,Region-SIFT(21/28),32,1,162.817927385764,164.567388628184,3.38072610000381
88,4,1,4,3,3,70,10,1253.48325900185,316.080098384991,11,1253,316,10.5972296722066,-0.402770327793434,0.402770327793434,valid,,,Shared Pattern Plane,Region-SIFT(21/28),32,1,161.406843515426,161.974823827348,3.42420340003446
89,4,1,4,3,4,72.5,10,1271.04748900919,316.327587945905,11,1271,316,11.095578132597,0.0955781325969856,0.0955781325969856,valid,,,Shared Pattern Plane,Region-SIFT(21/28),32,1,200.573605531864,203.665110898324,3.23020130000077
90,4,1,4,3,5,75,10,1288.68260850367,316.576076378277,11,1289,317,11.1058154761274,0.1058154761274,0.1058154761274,valid,,,Shared Pattern Plane,Region-SIFT(21/28),32,1,222.383687154578,226.028409347133,3.15738679998321
91,4,1,4,4,1,65,12.5,1218.07359225974,332.976018975223,11,1218,333,11.0970223369698,0.0970223369698147,0.0970223369698147,valid,,,Shared Pattern Plane,Region-SIFT(21/28),32,1,214.452635140394,218.049673489542,5.36735980003141
92,4,1,4,4,2,67.5,12.5,1235.44062460377,333.255510072877,11,1235,333,11.1052616560266,0.105261656026572,0.105261656026572,valid,,,Shared Pattern Plane,Region-SIFT(21/28),32,1,189.580414945613,195.146915951161,4.065565900004
93,4,1,4,4,3,70,12.5,1252.87724511588,333.536121066728,11,1253,334,11.1155747956402,0.115574795640175,0.115574795640175,valid,,,Shared Pattern Plane,Region-SIFT(21/28),32,1,181.328644992687,183.609012741245,3.25225099996896
94,4,1,4,4,4,72.5,12.5,1270.38387288618,333.817858701277,11,1270,334,11.1237227093155,0.123722709315539,0.123722709315539,valid,,,Shared Pattern Plane,Region-SIFT(21/28),32,1,233.807733853658,240.667833788099,3.22274050000124
95,4,1,4,4,5,75,12.5,1287.96093037682,334.10072977529,11,1288,334,10.6440444889433,-0.355955511056703,0.355955511056703,valid,,,Shared Pattern Plane,Region-SIFT(21/28),32,1,242.804187095481,246.774342809277,3.42667870002333
96,4,1,4,5,1,65,15,1217.58455108056,350.253327970394,11,1218,350,11.1242835188595,0.124283518859523,0.124283518859523,valid,,,Shared Pattern Plane,Region-SIFT(21/28),32,1,157.733557616844,159.594124893519,3.10718709998764
97,4,1,4,5,2,67.5,15,1234.89525603998,350.566363280747,11,1235,351,10.6413852949092,-0.358614705090787,0.358614705090787,valid,,,Shared Pattern Plane,Region-SIFT(21/28),32,1,155.78885122935,159.874598751276,2.99972209997941
98,4,1,4,5,3,70,15,1252.27510195312,350.880648890262,11,1252,351,10.6505544422231,-0.349445557776948,0.349445557776948,valid,,,Shared Pattern Plane,Region-SIFT(21/28),32,1,153.908253810015,157.90330122789,3.1255987000186
99,4,1,4,5,4,72.5,15,1269.72450388432,351.196192304687,11,1270,351,11.1508485251082,0.150848525108202,0.150848525108202,valid,,,Shared Pattern Plane,Region-SIFT(21/28),32,1,122.480357924971,123.930604846132,3.14399190002587
100,4,1,4,5,5,75,15,1287.24388022684,351.513001089968,11,1287,352,11.16052620939,0.160526209389973,0.160526209389973,valid,,,Shared Pattern Plane,Region-SIFT(21/28),32,1,164.33535380641,166.174911819465,3.06537170003867
101,5,1,5,1,1,85,5,1361.87668485683,281.905996579482,10.5,1362,282,10.1208066955476,-0.379193304452436,0.379193304452436,valid,,,Shared Pattern Plane,Region-SIFT(21/28),32,1,190.398426486828,194.888247454979,3.2825043000048
102,5,1,5,1,2,87.5,5,1379.99484931378,282.088033653042,10.5,1380,282,10.6137579083841,0.113757908384057,0.113757908384057,valid,,,Shared Pattern Plane,Region-SIFT(21/28),32,1,157.528534278163,162.40173624034,3.08068390004337
103,5,1,5,1,3,90,5,1398.18752198409,282.270819326558,10.5,1398,282,10.6232830665931,0.123283066593078,0.123283066593078,valid,,,Shared Pattern Plane,Region-SIFT(21/28),32,1,125.212178359461,127.406191535752,3.12535559997195
104,5,1,5,1,4,92.5,5,1416.4551634204,282.454358227301,10.5,1416,282,10.6270310784356,0.127031078435582,0.127031078435582,valid,,,Shared Pattern Plane,Region-SIFT(21/28),32,1,184.067459090803,190.303092660972,3.09394049999537
105,5,1,5,1,5,95,5,1434.79823797889,282.638655020756,10.5,1435,283,10.6441934505823,0.144193450582287,0.144193450582287,valid,,,Shared Pattern Plane,Region-SIFT(21/28),32,1,207.919311307473,211.059710020632,3.11893240001518
106,5,1,5,2,1,85,7.5,1360.90550008499,299.801288410303,10.5,1361,300,10.6309128292354,0.13091282923536,0.13091282923536,valid,,,Shared Pattern Plane,Region-SIFT(21/28),32,1,182.086610313698,187.533358221067,3.23302149999654
107,5,1,5,2,2,87.5,7.5,1378.96242005835,300.019330343211,10.5,1379,300,10.6404126056188,0.140412605618787,0.140412605618787,valid,,,Shared Pattern Plane,Region-SIFT(21/28),32,1,141.341000934883,145.182064656489,3.06860510003753
108,5,1,5,2,3,90,7.5,1397.09335302211,300.238266001931,10.5,1397,300,10.6498504047319,0.149850404731895,0.149850404731895,valid,,,Shared Pattern Plane,Region-SIFT(21/28),32,1,155.271919240396,157.914273886318,3.19655369996326
109,5,1,5,2,4,92.5,7.5,1415.29875496537,300.458100892651,10.5,1415,300,10.6592932814081,0.1592932814081,0.1592932814081,valid,,,Shared Pattern Plane,Region-SIFT(21/28),32,1,190.601697926799,192.258857329675,3.44778499996755
110,5,1,5,2,5,95,7.5,1433.57908563071,300.678840566878,10.5,1434,301,10.1904617167484,-0.30953828325161,0.30953828325161,valid,,,Shared Pattern Plane,Region-SIFT(21/28),32,1,201.796211146804,205.302352076406,3.5509290000191
111,5,1,5,3,1,85,10,1359.94063453171,317.580140750352,10.5,1360,318,10.1721198767835,-0.327880123216548,0.327880123216548,valid,,,Shared Pattern Plane,Region-SIFT(21/28),32,1,177.968014447147,181.619911260125,3.5147549000103
112,5,1,5,3,2,87.5,10,1377.93672221622,317.833715420995,10.5,1378,318,10.667123521085,0.167123521084967,0.167123521084967,valid,,,Shared Pattern Plane,Region-SIFT(21/28),32,1,150.788756897336,154.661404360056,3.1537339000497
113,5,1,5,3,3,90,10,1396.00633258761,318.088326066314,10.5,1396,318,10.1931561280506,-0.306843871949356,0.306843871949356,valid,,,Shared Pattern Plane,Region-SIFT(21/28),32,1,143.195482457883,145.733806343347,3.11570650001522
114,5,1,5,3,4,92.5,10,1414.14991713154,318.343979047988,10.5,1414,318,10.6859211531777,0.185921153177748,0.185921153177748,valid,,,Shared Pattern Plane,Region-SIFT(21/28),32,1,162.490508573522,164.247019961493,3.09342749998905
115,5,1,5,3,5,95,10,1432.36793103789,318.60068077989,10.5,1432,319,10.2154398900676,-0.284560109932375,0.284560109932375,valid,,,Shared Pattern Plane,Region-SIFT(21/28),32,1,168.811160390339,172.021949932985,3.09897059999639
116,5,1,5,4,1,85,12.5,1358.982026721,335.243686371478,10.5,1359,335,10.196427003079,-0.303572996921023,0.303572996921023,valid,,,Shared Pattern Plane,Region-SIFT(21/28),32,1,205.79916880875,209.978997811881,3.02111669996521
117,5,1,5,4,2,87.5,12.5,1376.91769016832,335.53232856231,10.5,1377,336,10.2125994406415,-0.287400559358543,0.287400559358543,valid,,,Shared Pattern Plane,Region-SIFT(21/28),32,1,202.762746896693,206.406705733231,3.21584459999576
118,5,1,5,4,3,90,12.5,1394.92639085354,335.822146155905,10.5,1395,336,10.2188569888675,-0.281143011132491,0.281143011132491,valid,,,Shared Pattern Plane,Region-SIFT(21/28),32,1,155.410271277756,159.65631782886,3.22324629995273
119,5,1,5,4,4,92.5,12.5,1413.00857581797,336.113146346587,10.5,1413,336,10.7126432863443,0.212643286344326,0.212643286344326,valid,,,Shared Pattern Plane,Region-SIFT(21/28),32,1,171.922985344337,175.64463561235,3.30683610000415
120,5,1,5,4,5,95,12.5,1431.16469575868,336.405336387513,10.5,1431,336,10.2395983461796,-0.260401653820379,0.260401653820379,valid,,,Shared Pattern Plane,Region-SIFT(21/28),32,1,126.87957028939,127.149024332852,3.13977790001081
121,5,1,5,5,1,85,15,1358.02961597172,352.79304339959,10.5,1358,353,10.2223091525308,-0.277690847469216,0.277690847469216,valid,,,Shared Pattern Plane,Region-SIFT(21/28),32,1,214.873588963665,218.742797948127,3.05870920000598
122,5,1,5,5,2,87.5,15,1375.90525914573,353.116294678024,10.5,1376,353,10.2327790357744,-0.267220964225643,0.267220964225643,valid,,,Shared Pattern Plane,Region-SIFT(21/28),32,1,170.341504732263,173.59518971676,3.21793869999237
123,5,1,5,5,3,90,15,1393.85345889933,353.440858021534,10.5,1394,353,10.728640228667,0.228640228667022,0.228640228667022,valid,,,Shared Pattern Plane,Region-SIFT(21/28),32,1,178.943933974372,181.986127780936,3.03499439998996
124,5,1,5,5,4,92.5,15,1411.87465788762,353.7667414348,10.5,1412,354,10.2549999914724,-0.245000008527562,0.245000008527562,valid,,,Shared Pattern Plane,Region-SIFT(21/28),32,1,148.263528872798,149.052817040657,3.17809000000125
125,5,1,5,5,5,95,15,1429.96930237377,354.093952987751,10.5,1430,354,10.2652926914244,-0.234707308575645,0.234707308575645,valid,,,Shared Pattern Plane,Region-SIFT(21/28),32,1,139.68307067528,140.641967600689,3.13283219997538
126,6,1,6,1,1,105,5,1508.93428989945,283.383515791226,10,1509,283,9.73053376070612,-0.26946623929388,0.26946623929388,valid,,,Shared Pattern Plane,Region-SIFT(21/28),32,1,238.914129747663,243.343323672791,3.07394399994519
127,6,1,6,1,2,107.5,5,1527.6616313175,283.57167339601,10,1528,284,9.74380067765959,-0.256199322340406,0.256199322340406,valid,,,Shared Pattern Plane,Region-SIFT(21/28),32,1,190.888992712233,192.802347165462,3.13623709999956
128,6,1,6,1,3,110,5,1546.46727410734,283.760617711424,10,1546,284,10.7139569706783,0.713956970678336,0.713956970678336,valid,,,Shared Pattern Plane,Region-SIFT(21/28),32,1,171.030908407484,174.356102098854,3.28370000002906
129,6,1,6,1,4,112.5,5,1565.35171037961,283.950353681809,10,1565,284,,,,failed,Region-SIFT 匹配失敗: ObjRatio 0.974610 exceeds 0.950000; ambiguous match,,,,32,,194.23641599423,197.825394155424,3.04303929995513
130,6,1,6,1,5,115,5,1584.31543637736,284.140886293025,10,1584,284,9.30365286381976,-0.696347136180242,0.696347136180242,valid,,,Shared Pattern Plane,Region-SIFT(21/28),32,1,246.505682830205,252.661619634957,3.10325049998937
131,6,1,6,2,1,105,7.5,1507.45902391609,301.570959741722,10,1507,302,9.7652419398754,-0.2347580601246,0.2347580601246,valid,,,Shared Pattern Plane,Region-SIFT(21/28),32,1,240.907146555785,246.649590934387,3.120680299995
132,6,1,6,2,2,107.5,7.5,1526.12102843767,301.796308225506,10,1526,302,9.767347888249,-0.232652111751005,0.232652111751005,valid,,,Shared Pattern Plane,Region-SIFT(21/28),32,1,250.393597591743,256.90005475429,3.10466749995248
133,6,1,6,2,3,110,7.5,1544.8608011607,302.022595780239,10,1545,302,9.28977136631836,-0.710228633681645,0.710228633681645,valid,,,Shared Pattern Plane,Region-SIFT(21/28),32,1,266.339423511646,272.034894758262,3.19803090003552
134,6,1,6,2,4,112.5,7.5,1563.678829213,302.249828288114,10,1564,302,9.79080803205568,-0.209191967944319,0.209191967944319,valid,,,Shared Pattern Plane,Region-SIFT(21/28),32,1,213.888124458878,217.7523700793,3.08543949999148
135,6,1,6,2,5,115,7.5,1582.57560379926,302.478011680552,10,1583,302,9.80247798320943,-0.197522016790568,0.197522016790568,valid,,,Shared Pattern Plane,Region-SIFT(21/28),32,1,235.941647130976,241.68569634749,3.05434879998211
136,6,1,6,3,1,105,10,1505.99351587678,319.638105344257,10,1506,320,10.2687389294823,0.268738929482335,0.268738929482335,valid,,,Shared Pattern Plane,Region-SIFT(21/28),32,1,255.924877439226,258.216741402758,3.15389980003238
137,6,1,6,3,2,107.5,10,1524.59063678153,319.900148900113,10,1525,320,9.32204594738376,-0.677954052616244,0.677954052616244,valid,,,Shared Pattern Plane,Region-SIFT(21/28),32,1,289.154653573415,299.603571679309,3.14861100004055
138,6,1,6,3,3,110,10,1543.26499814125,320.16328081602,10,1543,320,9.80275149365711,-0.197248506342886,0.197248506342886,valid,,,Shared Pattern Plane,Region-SIFT(21/28),32,1,250.059590199385,257.922212983263,3.13141049997648
139,6,1,6,3,4,112.5,10,1562.01708216795,320.427507886609,10,1562,320,10.2903566544167,0.290356654416707,0.290356654416707,valid,,,Shared Pattern Plane,Region-SIFT(21/28),32,1,191.88338988067,194.623115602369,3.20776560000377
140,6,1,6,3,5,115,10,1580.84737509594,320.692836963186,10,1581,321,9.84028452787809,-0.159715472121908,0.159715472121908,valid,,,Shared Pattern Plane,Region-SIFT(21/28),32,1,247.244405626368,252.304649276278,3.05827789998148
141,6,1,6,4,1,105,12.5,1504.53766928678,337.586142209904,10,1505,338,9.80424434888318,-0.195755651116816,0.195755651116816,valid,,,Shared Pattern Plane,Region-SIFT(21/28),32,1,254.901106538722,262.510093754566,3.19144240004243
142,6,1,6,4,2,107.5,12.5,1523.07035516336,337.884392401158,10,1523,338,9.82584054027657,-0.174159459723427,0.174159459723427,valid,,,Shared Pattern Plane,Region-SIFT(21/28),32,1,283.174704089493,289.348585615075,3.20362499996554
143,6,1,6,4,3,110,12.5,1541.679759099,338.183877231359,10,1542,338,9.8383331572564,-0.1616668427436,0.1616668427436,valid,,,Shared Pattern Plane,Region-SIFT(21/28),32,1,221.042217846018,226.104667081516,3.07752200000687
144,6,1,6,4,4,112.5,12.5,1560.36635845583,338.484604382792,10,1560,338,9.83807494120112,-0.161925058798881,0.161925058798881,valid,,,Shared Pattern Plane,Region-SIFT(21/28),32,1,150.929831959457,152.714468847013,3.16562839999096
145,6,1,6,4,5,115,12.5,1579.13063456456,338.786581601606,10,1579,339,9.85102927968495,-0.148970720315049,0.148970720315049,valid,,,Shared Pattern Plane,Region-SIFT(21/28),32,1,201.237625065556,205.292145583317,3.14418649999425
146,6,1,6,5,1,105,15,1503.09138891947,355.416244316101,10,1503,355,9.82673434989058,-0.173265650109418,0.173265650109418,valid,,,Shared Pattern Plane,Region-SIFT(21/28),32,1,236.065331384366,242.567078572372,3.12994239997352
147,6,1,6,5,2,107.5,15,1521.56008372992,355.750219947096,10,1522,356,9.83984221424928,-0.160157785750725,0.160157785750725,valid,,,Shared Pattern Plane,Region-SIFT(21/28),32,1,276.901121839897,284.649928446757,3.14403239998501
148,6,1,6,5,3,110,15,1540.10497948209,356.085573545395,10,1540,356,9.85086479121503,-0.149135208784967,0.149135208784967,valid,,,Shared Pattern Plane,Region-SIFT(21/28),32,1,200.311369312629,202.025576064589,3.32164839998586
149,6,1,6,5,4,112.5,15,1558.72654875298,356.422313656767,10,1559,356,9.86243973388676,-0.137560266113244,0.137560266113244,valid,,,Shared Pattern Plane,Region-SIFT(21/28),32,1,172.761291276336,176.085268358292,3.08673840004485
150,6,1,6,5,5,115,15,1577.42526803543,356.760448897793,10,1577,357,10.3518444678698,0.351844467869761,0.351844467869761,valid,,,Shared Pattern Plane,Region-SIFT(21/28),32,1,222.090982083921,225.17938906982,3.18422460003057
151,7,2,1,1,1,5,25,824.75541882482,408.14459465925,9.5,825,408,9.44526072901365,-0.054739270986353,0.054739270986353,valid,,,Shared Pattern Plane,Region-SIFT(21/28),32,1,188.952574759186,190.407839210132,3.11789679998765
152,7,2,1,1,2,7.5,25,840.339083357892,408.548539640637,9.5,840,409,9.45781794454182,-0.0421820554581842,0.0421820554581842,valid,,,Shared Pattern Plane,Region-SIFT(21/28),32,1,205.738780721029,210.157450043153,3.14736080000876
153,7,2,1,1,3,10,25,855.981428700322,408.954005690346,9.5,856,409,9.46954170335982,-0.0304582966401803,0.0304582966401803,valid,,,Shared Pattern Plane,Region-SIFT(21/28),32,1,214.417002000758,219.236242061076,3.15401320002275
154,7,2,1,1,4,12.5,25,871.682786924145,409.361001416032,9.5,872,409,10.0240226857297,0.524022685729712,0.524022685729712,valid,,,Shared Pattern Plane,Region-SIFT(21/28),32,1,260.323046753898,269.307040375457,3.08987570001045
155,7,2,1,1,5,15,25,887.443492611706,409.769535490422,9.5,887,410,9.51155839579619,0.0115583957961931,0.0115583957961931,valid,,,Shared Pattern Plane,Region-SIFT(21/28),32,1,174.646422479518,177.151444597057,3.15405920002377
156,7,2,1,2,1,5,27.5,825.471880808843,424.163318753116,9.5,825,424,9.46931866387807,-0.0306813361219334,0.0306813361219334,valid,,,Shared Pattern Plane,Region-SIFT(21/28),32,1,222.803734313117,229.538871751627,3.27861610002583
157,7,2,1,2,2,7.5,27.5,841.01019651255,424.596066100391,9.5,841,425,9.48255015350053,-0.0174498464994688,0.0174498464994688,valid,,,Shared Pattern Plane,Region-SIFT(21/28),32,1,238.420829175515,244.809885193645,3.11841639998602
158,7,2,1,2,3,10,27.5,856.606846628406,425.030438080774,9.5,857,425,9.494250856321,-0.0057491436790027,0.0057491436790027,valid,,,Shared Pattern Plane,Region-SIFT(21/28),32,1,256.278798288012,259.839973537249,3.20537629997125
159,7,2,1,2,4,12.5,27.5,872.262160275411,425.466443860338,9.5,872,425,9.52376100343098,0.0237610034309821,0.0237610034309821,valid,,,Shared Pattern Plane,Region-SIFT(21/28),32,1,215.282863101757,221.313311618343,3.025361899985
160,7,2,1,2,5,15,27.5,887.976469053057,425.904092674242,9.5,888,426,9.51827950237675,0.0182795023767479,0.0182795023767479,valid,,,Shared Pattern Plane,Region-SIFT(21/28),32,1,140.953960434343,145.147943286493,3.16869229997974
161,7,2,1,3,1,5,30,826.184070325711,440.086518626463,9.5,826,440,9.49416056946676,-0.00583943053324099,0.00583943053324099,valid,,,Shared Pattern Plane,Region-SIFT(21/28),32,1,210.297015793614,216.261711205469,3.25468589999946
162,7,2,1,3,2,7.5,30,841.677300152242,440.5477178227,9.5,842,441,9.52730971329544,0.0273097132954447,0.0273097132954447,valid,,,Shared Pattern Plane,Region-SIFT(21/28),32,1,209.821141627478,212.346513794955,3.12507760000881
163,7,2,1,3,3,10,30,857.228521051339,441.010643284948,9.5,857,441,9.51831056854704,0.0183105685470419,0.0183105685470419,valid,,,Shared Pattern Plane,Region-SIFT(21/28),32,1,236.518241024522,240.927055362169,3.15271210001083
164,7,2,1,3,4,12.5,30,872.838059223876,441.475304723486,9.5,873,441,9.00124728640306,-0.498752713596936,0.498752713596936,valid,,,Shared Pattern Plane,Region-SIFT(21/28),32,1,179.448473308705,181.493408567641,3.02634669997497
165,7,2,1,3,5,15,30,888.506243321839,441.941711921557,9.5,889,442,9.56064081001816,0.0606408100181604,0.0606408100181604,valid,,,Shared Pattern Plane,Region-SIFT(21/28),32,1,134.623375158966,136.197200652143,3.06806900002994
166,7,2,1,4,1,5,32.5,826.892025478724,455.915046196438,9.5,827,456,9.51907305964403,0.0190730596440325,0.0190730596440325,valid,,,Shared Pattern Plane,Region-SIFT(21/28),32,1,210.232564460411,215.118907744293,3.2628542999737
167,7,2,1,4,2,7.5,32.5,842.34043010177,456.404351443201,9.5,842,456,9.5300119471506,0.0300119471505962,0.0300119471505962,valid,,,Shared Pattern Plane,Region-SIFT(21/28),32,1,179.455210324948,183.517651875349,3.20689339999808
168,7,2,1,4,3,10,32.5,857.846485479551,456.895482691901,9.5,858,457,9.56224789201545,0.0622478920154474,0.0622478920154474,valid,,,Shared Pattern Plane,Region-SIFT(21/28),32,1,169.688637051254,172.22818368817,3.05384430004051
169,7,2,1,4,4,12.5,32.5,873.410514929209,457.388450183129,9.5,873,457,9.55399958654271,0.0539995865427123,0.0539995865427123,valid,,,Shared Pattern Plane,Region-SIFT(21/28),32,1,123.10496782979,124.576527396628,3.15136319998419
170,7,2,1,4,5,15,32.5,889.032844190051,457.883264234192,9.5,889,458,9.56702671049813,0.0670267104981281,0.0670267104981281,valid,,,Shared Pattern Plane,Region-SIFT(21/28),32,1,103.249784691119,103.495816494608,3.16825690004043
171,7,2,1,5,1,5,35,827.595783919435,471.649743279965,9.5,828,472,9.54407219520503,0.0440721952050289,0.0440721952050289,valid,,,Shared Pattern Plane,Region-SIFT(21/28),32,1,236.454081426348,243.937999106348,3.02181469998322
172,7,2,1,5,2,7.5,35,842.999621760412,472.166813422512,9.5,843,472,9.57470144273013,0.0747014427301274,0.0747014427301274,valid,,,Shared Pattern Plane,Region-SIFT(21/28),32,1,196.289161550936,197.96941483343,3.29062430001795
173,7,2,1,5,3,10,35,858.460773024697,472.685807440151,9.5,858,473,9.56731580067802,0.067315800678017,0.067315800678017,valid,,,Shared Pattern Plane,Region-SIFT(21/28),32,1,169.546528403973,171.722526467587,3.13071999995736
174,7,2,1,5,4,12.5,35,873.979558179586,473.206736090208,9.5,874,473,9.57887235590503,0.0788723559050304,0.0788723559050304,valid,,,Shared Pattern Plane,Region-SIFT(21/28),32,1,111.190778317023,113.750018524868,3.55120460002217
175,7,2,1,5,5,15,35,889.556300086025,473.729610210354,9.5,890,474,9.59187961045524,0.0918796104552406,0.0918796104552406,valid,,,Shared Pattern Plane,Region-SIFT(21/28),32,1,104.662939248766,104.917413895771,3.44905430002837
176,8,2,2,1,1,25,25,951.086570845554,411.419231041688,9,951,411,9.01960961467663,0.0196096146766322,0.0196096146766322,valid,,,Shared Pattern Plane,Region-SIFT(21/28),32,1,170.409342919203,173.885345871529,3.08343199995579
177,8,2,2,1,2,27.5,25,967.149122126672,411.835589271456,9,967,412,9.03346806319408,0.033468063194082,0.033468063194082,valid,,,Shared Pattern Plane,Region-SIFT(21/28),32,1,177.008365640186,178.234177012765,3.24292180000339
178,8,2,2,1,3,30,25,983.273082432124,412.253539287748,9,983,412,9.0458619234228,0.0458619234227964,0.0458619234227964,valid,,,Shared Pattern Plane,Region-SIFT(21/28),32,1,144.370406888023,147.915201174794,3.14634999999544
179,8,2,2,1,4,32.5,25,999.458804597267,412.673090236427,9,999,413,9.05962102400357,0.0596210240035671,0.0596210240035671,valid,,,Shared Pattern Plane,Region-SIFT(21/28),32,1,136.394446733767,139.451995992276,3.26722949999385
180,8,2,2,1,5,35,25,1015.70664416568,413.094251333556,9,1016,413,9.07265409063121,0.0726540906312128,0.0726540906312128,valid,,,Shared Pattern Plane,Region-SIFT(21/28),32,1,149.142004526734,151.334873052665,3.0406921999529
181,8,2,2,2,1,25,27.5,951.430375595548,427.671305431027,9,951,428,9.04380995738977,0.0438099573897723,0.0438099573897723,valid,,,Shared Pattern Plane,Region-SIFT(21/28),32,1,126.612719646333,127.088028034207,3.1107407999807
182,8,2,2,2,2,27.5,27.5,967.444722489736,428.117310407947,9,967,428,9.05623069116581,0.0562306911658119,0.0562306911658119,valid,,,Shared Pattern Plane,Region-SIFT(21/28),32,1,135.371724110558,135.967695624017,3.10277579998365
183,8,2,2,2,3,30,27.5,983.520107531686,428.565015317926,9,984,429,9.07077854163748,0.0707785416374822,0.0707785416374822,valid,,,Shared Pattern Plane,Region-SIFT(21/28),32,1,103.296122546423,103.575690899247,3.23075300001074
184,8,2,2,2,4,32.5,27.5,999.656880354995,429.014429898375,9,1000,429,9.09563335804679,0.0956333580467863,0.0956333580467863,valid,,,Shared Pattern Plane,Region-SIFT(21/28),32,1,97.25442772063,99.4767760874292,3.0501554000075
185,8,2,2,2,5,35,27.5,1015.85539326869,429.465563961222,9,1016,429,9.09528658643796,0.0952865864379611,0.0952865864379611,valid,,,Shared Pattern Plane,Region-SIFT(21/28),32,1,85.6453484315721,87.3327604456949,3.09258579998277
186,8,2,2,3,1,25,30,951.772099095529,443.824996566446,9,952,444,9.06745455013676,0.0674545501367607,0.0674545501367607,valid,,,Shared Pattern Plane,Region-SIFT(21/28),32,1,113.358674061488,113.65543353431,3.12017260002904
187,8,2,2,3,2,27.5,30,967.738530018575,444.300281913074,9,968,444,9.09378436917022,0.0937843691702174,0.0937843691702174,valid,,,Shared Pattern Plane,Region-SIFT(21/28),32,1,110.371317876584,110.646293707122,3.08315309998579
188,8,2,2,3,3,30,30,983.765631562421,444.777373289939,9,984,445,8.56964103824968,-0.43035896175032,0.43035896175032,valid,,,Shared Pattern Plane,Region-SIFT(21/28),32,1,121.308112109149,122.424097954598,3.26543400000082
189,8,2,2,3,4,32.5,30,999.853750197525,445.256281010701,9,1000,445,9.11831055509738,0.118310555097377,0.118310555097377,valid,,,Shared Pattern Plane,Region-SIFT(21/28),32,1,71.7089810283096,71.81882483736,3.1491534000379
190,8,2,2,3,5,35,30,1016.00323503748,445.7370154677,9,1016,446,9.11941626352828,0.119416263528283,0.119416263528283,valid,,,Shared Pattern Plane,Region-SIFT(21/28),32,1,96.5808069261924,97.4398097766721,3.49658710003132
191,8,2,2,4,1,25,32.5,952.111760186993,459.881195108645,9,952,460,9.0903329882544,0.0903329882544046,0.0903329882544046,valid,,,Shared Pattern Plane,Region-SIFT(21/28),32,1,118.308360354358,119.913081969383,3.12589429999935
192,8,2,2,4,2,27.5,32.5,968.03056097435,460.385399454497,9,968,460,9.10268580353548,0.102685803535479,0.102685803535479,valid,,,Shared Pattern Plane,Region-SIFT(21/28),32,1,119.336531433227,119.591258212215,3.19621640001424
193,8,2,2,4,3,30,32.5,984.009668164942,460.891513916005,9,984,461,9.11637668444114,0.116376684441144,0.116376684441144,valid,,,Shared Pattern Plane,Region-SIFT(21/28),32,1,98.5970360337111,98.7715152980647,3.22443170001497
194,8,2,2,4,4,32.5,32.5,1000.04942510413,461.399549368121,9,1000,461,9.12861050640808,0.128610506408084,0.128610506408084,valid,,,Shared Pattern Plane,Region-SIFT(21/28),32,1,91.4966574815215,93.7131655318662,3.07998470001621
195,8,2,2,4,5,35,32.5,1016.1501777486,461.90951676851,9,1016,462,9.142229440899,0.142229440899003,0.142229440899003,valid,,,Shared Pattern Plane,Region-SIFT(21/28),32,1,151.258028039478,155.507617634518,3.05094330001157
196,8,2,2,5,1,25,35,952.449377484691,475.840780999831,9,952,476,9.11332120332733,0.113321203327333,0.113321203327333,valid,,,Shared Pattern Plane,Region-SIFT(21/28),32,1,143.503864807553,146.080816296212,3.10308929998428
197,8,2,2,5,2,27.5,35,968.320831422163,476.37354790082,9,968,476,9.13947524981567,0.139475249815675,0.139475249815675,valid,,,Shared Pattern Plane,Region-SIFT(21/28),32,1,126.352479313038,127.77715403891,3.05852469999809
198,8,2,2,5,3,30,35,984.252230815086,476.90832702795,9,984,477,9.13930078340782,0.139300783407823,0.139300783407823,valid,,,Shared Pattern Plane,Region-SIFT(21/28),32,1,110.741577661605,113.08746071793,3.16215899999952
199,8,2,2,5,4,32.5,35,1000.24391592119,477.445129802865,9,1000,477,9.15148634513985,0.151486345139848,0.151486345139848,valid,,,Shared Pattern Plane,Region-SIFT(21/28),32,1,91.2387715591955,92.4614786499899,3.29253099998459
200,8,2,2,5,5,35,35,1016.29622957822,477.98396773381,9,1016,478,9.15344430185733,0.153444301857331,0.153444301857331,valid,,,Shared Pattern Plane,Region-SIFT(21/28),32,1,168.664737656003,171.311370521977,3.16038710001158
201,9,2,3,1,1,45,25,1081.32638359739,414.795184022858,8.5,1081,415,8.60919366018657,0.109193660186568,0.109193660186568,valid,,,Shared Pattern Plane,Region-SIFT(21/28),32,1,143.908569798646,144.28242986178,3.29276500002015
202,9,2,3,1,2,47.5,25,1097.89023996265,415.224536607866,8.5,1098,415,8.6230582385442,0.123058238544196,0.123058238544196,valid,,,Shared Pattern Plane,Region-SIFT(21/28),32,1,115.887097797697,116.35052658691,3.27332949999254
203,9,2,3,1,3,50,25,1114.51840534435,415.655556150245,8.5,1115,416,8.63820430014746,0.138204300147462,0.138204300147462,valid,,,Shared Pattern Plane,Region-SIFT(21/28),32,1,138.722533132664,140.974615160551,3.12592899997253
204,9,2,3,1,4,52.5,25,1131.21125498967,416.088252376795,8.5,1131,416,8.65111461987385,0.15111461987385,0.15111461987385,valid,,,Shared Pattern Plane,Region-SIFT(21/28),32,1,154.943715915983,157.236677289992,3.18984960002126
205,9,2,3,1,5,55,25,1147.96916707091,416.522635090141,8.5,1148,417,8.67192922585603,0.171929225856026,0.171929225856026,valid,,,Shared Pattern Plane,Region-SIFT(21/28),32,1,113.667781356529,114.87974699375,3.06278159999056
206,9,2,3,2,1,45,27.5,1081.27398709214,431.287493923223,8.5,1081,431,8.63074169594014,0.130741695940143,0.130741695940143,valid,,,Shared Pattern Plane,Region-SIFT(21/28),32,1,106.865337890544,107.329204285346,3.12443100003293
207,9,2,3,2,2,47.5,27.5,1097.78658054473,431.747375235297,8.5,1098,432,8.64588451296449,0.145884512964487,0.145884512964487,valid,,,Shared Pattern Plane,Region-SIFT(21/28),32,1,104.799981288304,105.899544555089,3.16781720001018
208,9,2,3,2,3,50,27.5,1114.36308558266,432.209036506638,8.5,1114,432,8.65884183293709,0.158841832937085,0.158841832937085,valid,,,Shared Pattern Plane,Region-SIFT(21/28),32,1,110.104020691927,111.363613874209,3.05713339999784
209,9,2,3,2,4,52.5,27.5,1131.00387397772,432.672488091215,8.5,1131,433,8.67391061421928,0.173910614219281,0.173910614219281,valid,,,Shared Pattern Plane,Region-SIFT(21/28),32,1,129.204104171228,130.710953330454,3.10637759999372
210,9,2,3,2,5,55,27.5,1147.70932039075,433.137740423459,8.5,1148,433,8.17288929503167,-0.327110704968328,0.327110704968328,valid,,,Shared Pattern Plane,Region-SIFT(21/28),32,1,137.597194648924,140.111961621845,3.24654060002649
211,9,2,3,3,1,45,30,1081.22191265008,447.678431301023,8.5,1081,448,8.65367039928758,0.153670399287583,0.153670399287583,valid,,,Shared Pattern Plane,Region-SIFT(21/28),32,1,117.439321474045,118.332974988965,3.07014349999372
212,9,2,3,3,2,47.5,30,1097.68355951226,448.168458131231,8.5,1098,448,8.67546106194891,0.175461061948907,0.175461061948907,valid,,,Shared Pattern Plane,Region-SIFT(21/28),32,1,112.052791877525,114.544917335526,3.12422970001353
213,9,2,3,3,3,50,30,1114.20872420153,448.660375746712,8.5,1114,449,8.6817385035672,0.181738503567196,0.181738503567196,valid,,,Shared Pattern Plane,Region-SIFT(21/28),32,1,110.082183631513,111.895686576369,3.12467049999395
214,9,2,3,3,4,52.5,30,1130.79777505707,449.15419511211,8.5,1131,449,8.17863101751441,-0.321368982485593,0.321368982485593,valid,,,Shared Pattern Plane,Region-SIFT(21/28),32,1,121.831340119195,122.23764333037,3.06311260000803
215,9,2,3,3,5,55,30,1147.45108327158,449.64992727701,8.5,1147,450,8.70956419447921,0.209564194479206,0.209564194479206,valid,,,Shared Pattern Plane,Region-SIFT(21/28),32,1,98.6420405211272,99.3582513764574,3.15544080000836
216,9,2,3,4,1,45,32.5,1081.17015731088,463.968927945298,8.5,1081,464,8.67535003615039,0.175350036150391,0.175350036150391,valid,,,Shared Pattern Plane,Region-SIFT(21/28),32,1,90.155055244133,91.4992928929772,3.0678532999591
217,9,2,3,4,2,47.5,32.5,1097.58117098612,464.488722402521,8.5,1098,464,8.68911104922763,0.189111049227625,0.189111049227625,valid,,,Shared Pattern Plane,Region-SIFT(21/28),32,1,99.7485749961207,100.176029526328,3.09613989997888
218,9,2,3,4,3,50,32.5,1114.05531235791,465.010516335669,8.5,1114,465,8.71052322612462,0.210523226124621,0.210523226124621,valid,,,Shared Pattern Plane,Region-SIFT(21/28),32,1,122.814247985113,123.230899180576,3.10895180003718
219,9,2,3,4,4,52.5,32.5,1130.59294637495,465.534321303951,8.5,1131,466,8.71833915421977,0.218339154219768,0.218339154219768,valid,,,Shared Pattern Plane,Region-SIFT(21/28),32,1,135.024866256512,136.070361293922,3.06315150001319
220,9,2,3,4,5,55,32.5,1147.19444080447,466.060148955847,8.5,1147,466,8.21433054437637,-0.285669455623633,0.285669455623633,valid,,,Shared Pattern Plane,Region-SIFT(21/28),32,1,127.806381919901,128.878286440006,3.10254400002304
221,9,2,3,5,1,45,35,1081.11871815041,480.159904260295,8.5,1081,480,8.70569893686406,0.205698936864056,0.205698936864056,valid,,,Shared Pattern Plane,Region-SIFT(21/28),32,1,113.348142092064,114.212025300362,3.25440050003817
222,9,2,3,5,2,47.5,35,1097.47940915914,480.709093684345,8.5,1097,481,8.7113524945788,0.211352494578804,0.211352494578804,valid,,,Shared Pattern Plane,Region-SIFT(21/28),32,1,127.772829991295,130.057921424178,3.15387500001816
223,9,2,3,5,3,50,35,1113.90284131718,481.26038917932,8.5,1114,481,8.72499238551862,0.224992385518624,0.224992385518624,valid,,,Shared Pattern Plane,Region-SIFT(21/28),32,1,162.707130531028,166.265385684721,3.07851339998888
224,9,2,3,5,4,52.5,35,1130.38937622423,481.813802883262,8.5,1130,482,8.7455637133879,0.245563713387895,0.245563713387895,valid,,,Shared Pattern Plane,Region-SIFT(21/28),32,1,145.126607202601,147.729811820421,3.17133069998818
225,9,2,3,5,5,55,35,1146.93937826409,482.369347027665,8.5,1147,482,8.23494756524379,-0.265052434756214,0.265052434756214,valid,,,Shared Pattern Plane,Region-SIFT(21/28),32,1,148.266652641599,150.529789910461,3.10469149996061
226,10,2,4,1,1,65,25,1215.6591071903,418.277229559474,8,1216,418,8.21219073451603,0.212190734516033,0.212190734516033,valid,,,Shared Pattern Plane,Region-SIFT(21/28),32,1,111.906709065513,113.376929199243,3.1269358000136
227,10,2,4,1,2,67.5,25,1232.748108434,418.720194452274,8,1233,419,7.71730005387028,-0.282699946129716,0.282699946129716,valid,,,Shared Pattern Plane,Region-SIFT(21/28),32,1,104.971732173395,105.651433510661,3.05239770002663
228,10,2,4,1,3,70,25,1249.90450419855,419.164906281965,8,1250,419,8.24226668409743,0.242266684097428,0.242266684097428,valid,,,Shared Pattern Plane,Region-SIFT(21/28),32,1,89.5779898169179,89.6582571663619,3.05891630001133
229,10,2,4,1,4,72.5,25,1267.12869395103,419.611375403154,8,1267,420,8.25785630661154,0.257856306611544,0.257856306611544,valid,,,Shared Pattern Plane,Region-SIFT(21/28),32,1,124.065419942866,125.229080626246,3.24532490002457
230,10,2,4,1,5,75,25,1284.42108032176,420.059612252442,8,1284,420,7.76478244142808,-0.235217558571923,0.235217558571923,valid,,,Shared Pattern Plane,Region-SIFT(21/28),32,1,122.673488230932,124.80108812886,3.16879920003703
231,10,2,4,2,1,65,27.5,1215.18528213984,435.016968777973,8,1215,435,7.72017565895317,-0.279824341046833,0.279824341046833,valid,,,Shared Pattern Plane,Region-SIFT(21/28),32,1,116.916741513449,117.203461352493,3.05687850003596
232,10,2,4,2,2,67.5,27.5,1232.21974165878,435.491384236486,8,1232,435,7.73570291684597,-0.264297083154029,0.264297083154029,valid,,,Shared Pattern Plane,Region-SIFT(21/28),32,1,138.078566305978,140.710576154187,3.30810060002841
233,10,2,4,2,3,70,27.5,1249.32116942864,435.967664783436,8,1249,436,8.26301121079585,0.263011210795847,0.263011210795847,valid,,,Shared Pattern Plane,Region-SIFT(21/28),32,1,118.49219408338,120.810804869719,3.17558450001525
234,10,2,4,2,4,72.5,27.5,1266.48996113966,436.445821438928,8,1266,436,7.76826970961913,-0.231730290380872,0.231730290380872,valid,,,Shared Pattern Plane,Region-SIFT(21/28),32,1,129.461744370536,131.053097156847,3.12093049997929
235,10,2,4,2,5,75,27.5,1283.72651560553,436.92586531006,8,1284,437,7.78553841974877,-0.214461580251228,0.214461580251228,valid,,,Shared Pattern Plane,Region-SIFT(21/28),32,1,118.213986722754,119.09613821496,3.06904360000044
236,10,2,4,3,1,65,30,1214.71441500542,451.652207942771,8,1215,452,7.7407744262999,-0.259225573700098,0.259225573700098,valid,,,Shared Pattern Plane,Region-SIFT(21/28),32,1,125.547434917329,126.171919454209,3.03449719998753
237,10,2,4,3,2,67.5,30,1231.69467973421,452.157672880197,8,1232,452,8.26900026361182,0.269000263611815,0.269000263611815,valid,,,Shared Pattern Plane,Region-SIFT(21/28),32,1,121.060618371812,122.993918079016,3.08900839998387
238,10,2,4,3,3,70,30,1248.74149047509,452.66511874527,8,1249,453,8.28461892926983,0.284618929269826,0.284618929269826,valid,,,Shared Pattern Plane,Region-SIFT(21/28),32,1,129.598175631124,130.304057500878,3.08316179999383
239,10,2,4,3,4,72.5,30,1265.85523918895,453.174557205797,8,1266,453,7.78832183285273,-0.211678167147273,0.211678167147273,valid,,,Shared Pattern Plane,Region-SIFT(21/28),32,1,129.52018707013,131.466891265385,3.16882220003754
240,10,2,4,3,5,75,30,1283.03632092092,453.6860000214,8,1283,454,7.80481933031342,-0.19518066968658,0.19518066968658,valid,,,Shared Pattern Plane,Region-SIFT(21/28),32,1,111.856484739112,114.719304870251,3.11461299995426
241,10,2,4,4,1,65,32.5,1214.24647817546,468.183922542333,8,1214,468,8.27417986422933,0.27417986422933,0.27417986422933,valid,,,Shared Pattern Plane,Region-SIFT(21/28),32,1,158.331658860363,160.734752942519,3.03954039997188
242,10,2,4,4,2,67.5,32.5,1231.17289174997,468.720041525035,8,1231,469,8.28985086761492,0.289850867614916,0.289850867614916,valid,,,Shared Pattern Plane,Region-SIFT(21/28),32,1,159.910028496495,162.612853376606,3.27730439999141
243,10,2,4,4,3,70,32.5,1248.16543307821,469.258255006015,8,1248,469,8.30529932826928,0.305299328269276,0.305299328269276,valid,,,Shared Pattern Plane,Region-SIFT(21/28),32,1,150.276693025216,151.989213472588,3.2331370000029
244,10,2,4,4,4,72.5,32.5,1265.22449043841,469.798575283406,8,1265,470,7.80840511668319,-0.191594883316807,0.191594883316807,valid,,,Shared Pattern Plane,Region-SIFT(21/28),32,1,143.024805198145,144.936339264524,3.14013740001246
245,10,2,4,4,5,75,32.5,1282.35045515451,470.341014751813,8,1282,470,7.82328633140475,-0.176713668595249,0.176713668595249,valid,,,Shared Pattern Plane,Region-SIFT(21/28),32,1,98.2264110751884,100.332610689944,3.11409289995208
246,10,2,4,5,1,65,35,1213.78144438095,484.613075961451,8,1214,485,7.78005757194032,-0.219942428059681,0.219942428059681,valid,,,Shared Pattern Plane,Region-SIFT(21/28),32,1,149.855563669861,153.587620840589,3.07044250000035
247,10,2,4,5,2,67.5,35,1230.65434718003,485.179459115153,8,1231,485,8.31032779621099,0.310327796210991,0.310327796210991,valid,,,Shared Pattern Plane,Region-SIFT(21/28),32,1,140.397654905773,142.960657534377,3.11319800000638
248,10,2,4,5,3,70,35,1247.59296340506,485.748048112028,8,1248,486,8.3258932311126,0.325893231112596,0.325893231112596,valid,,,Shared Pattern Plane,Region-SIFT(21/28),32,1,135.751928015108,137.166507732958,3.1428062999621
249,10,2,4,5,4,72.5,35,1264.5976776976,486.318855863575,8,1265,486,7.82747017613561,-0.172529823864388,0.172529823864388,valid,,,Shared Pattern Plane,Region-SIFT(21/28),32,1,128.420675267618,129.163696144313,3.12881699996069
250,10,2,4,5,5,75,35,1281.66887770698,486.89189538226,8,1282,487,7.84391199383843,-0.156088006161568,0.156088006161568,valid,,,Shared Pattern Plane,Region-SIFT(21/28),32,1,121.940505921399,123.448437591907,3.44521850004094
251,11,2,5,1,1,85,25,1354.28075707508,421.870448578262,7.5,1354,422,7.32091850788676,-0.179081492113241,0.179081492113241,valid,,,Shared Pattern Plane,Region-SIFT(21/28),32,1,129.425672526082,130.288142070095,3.07796210004017
252,11,2,5,1,2,87.5,25,1371.92027892321,422.327683544371,7.5,1372,422,7.33715563533909,-0.162844364660909,0.162844364660909,valid,,,Shared Pattern Plane,Region-SIFT(21/28),32,1,108.328348759242,109.482932893241,2.99787349998951
253,11,2,5,1,3,90,25,1389.63048138339,422.786750626312,7.5,1390,423,7.35446311336869,-0.145536886631309,0.145536886631309,valid,,,Shared Pattern Plane,Region-SIFT(21/28),32,1,107.774747219035,108.492037761767,3.0788132000016
254,11,2,5,1,4,92.5,25,1407.41179012852,423.247660857975,7.5,1407,423,7.87740669285318,0.377406692853184,0.377406692853184,valid,,,Shared Pattern Plane,Region-SIFT(21/28),32,1,157.647075004174,160.789339852911,3.261332199967
255,11,2,5,1,5,95,25,1425.26463425656,423.710425362031,7.5,1425,424,7.39332001130174,-0.106679988698255,0.106679988698255,valid,,,Shared Pattern Plane,Region-SIFT(21/28),32,1,135.861227613278,137.511384059705,3.15850879997015
256,11,2,5,2,1,85,27.5,1353.35844835247,438.865138185996,7.5,1353,439,7.33926345079565,-0.160736549204353,0.160736549204353,valid,,,Shared Pattern Plane,Region-SIFT(21/28),32,1,179.440951708637,182.279650278357,3.74589359998936
257,11,2,5,2,2,87.5,27.5,1370.93991030174,439.354787847185,7.5,1371,439,7.35970387437948,-0.140296125620521,0.140296125620521,valid,,,Shared Pattern Plane,Region-SIFT(21/28),32,1,164.151523640547,166.120968908679,3.10679669998353
258,11,2,5,2,3,90,27.5,1388.59159523612,439.846393242259,7.5,1389,440,7.37779147054523,-0.122208529454769,0.122208529454769,valid,,,Shared Pattern Plane,Region-SIFT(21/28),32,1,119.953181589217,121.811329109477,3.08017160004238
259,11,2,5,2,4,92.5,27.5,1406.31392471915,440.339966111904,7.5,1406,440,7.38794499957117,-0.112055000428832,0.112055000428832,valid,,,Shared Pattern Plane,Region-SIFT(21/28),32,1,108.545667202763,109.665305111707,3.24398650001967
260,11,2,5,2,5,95,27.5,1424.10732369544,440.835518290971,7.5,1424,441,7.41165534193627,-0.0883446580637335,0.0883446580637335,valid,,,Shared Pattern Plane,Region-SIFT(21/28),32,1,128.271596229392,132.565343870408,3.06906619999791
261,11,2,5,3,1,85,30,1352.44198859597,455.752053291402,7.5,1352,456,7.35770455294578,-0.14229544705422,0.14229544705422,valid,,,Shared Pattern Plane,Region-SIFT(21/28),32,1,189.809252875192,192.513303884308,3.06008179998025
262,11,2,5,3,2,87.5,30,1369.96577119439,456.273697554083,7.5,1370,456,7.37390478390157,-0.126095216098428,0.126095216098428,valid,,,Shared Pattern Plane,Region-SIFT(21/28),32,1,210.899751651098,215.334724896688,3.07256960001541
263,11,2,5,3,3,90,30,1387.55932357979,456.797418709061,7.5,1388,457,7.39618233340889,-0.103817666591106,0.103817666591106,valid,,,Shared Pattern Plane,Region-SIFT(21/28),32,1,118.375205722183,119.375529798559,3.01586119999411
264,11,2,5,3,4,92.5,30,1405.22306325904,457.323229184592,7.5,1405,457,7.40632248453345,-0.0936775154665517,0.0936775154665517,valid,,,Shared Pattern Plane,Region-SIFT(21/28),32,1,115.593858515522,117.286658425525,3.20173900004011
265,11,2,5,3,5,95,30,1422.95741107684,457.851141508293,7.5,1423,458,7.42999583958793,-0.070004160412072,0.070004160412072,valid,,,Shared Pattern Plane,Region-SIFT(21/28),32,1,99.6591623924397,101.202884629948,3.29492580000078
266,11,2,5,4,1,85,32.5,1351.53132234324,472.532215857496,7.5,1352,473,7.38056362708595,-0.119436372914055,0.119436372914055,valid,,,Shared Pattern Plane,Region-SIFT(21/28),32,1,213.116334709289,216.662812036903,3.15459460002603
267,11,2,5,4,2,87.5,32.5,1368.99780241332,473.08544064344,7.5,1369,473,7.39236314725915,-0.107636852740854,0.107636852740854,valid,,,Shared Pattern Plane,Region-SIFT(21/28),32,1,221.34749764942,227.054359003955,3.05263380001998
268,11,2,5,4,3,90,32.5,1386.5336034441,473.640861067745,7.5,1387,474,7.91598924371536,0.415989243715355,0.415989243715355,valid,,,Shared Pattern Plane,Region-SIFT(21/28),32,1,154.543246476108,157.449223168531,3.00614989997121
269,11,2,5,4,4,92.5,32.5,1404.13913893766,474.198490227471,7.5,1404,474,7.42472654566421,-0.0752734543357878,0.0752734543357878,valid,,,Shared Pattern Plane,Region-SIFT(21/28),32,1,76.7363473579366,76.792477112921,3.07092790002935
270,11,2,5,4,5,95,32.5,1421.81482569135,474.758341324057,7.5,1422,475,7.44842365086843,-0.0515763491315706,0.0515763491315706,valid,,,Shared Pattern Plane,Region-SIFT(21/28),32,1,105.060570363897,107.125704648264,3.17189609998604
271,11,2,5,5,1,85,35,1350.62639483093,489.206634967097,7.5,1351,489,7.39796757852021,-0.102032421479787,0.102032421479787,valid,,,Shared Pattern Plane,Region-SIFT(21/28),32,1,151.782538567397,154.2857803077,3.07842119998531
272,11,2,5,5,2,87.5,35,1368.03594551811,489.791032112044,7.5,1368,490,7.41087380122653,-0.0891261987734655,0.0891261987734655,valid,,,Shared Pattern Plane,Region-SIFT(21/28),32,1,165.686853086885,167.85032459182,3.13334410003154
273,11,2,5,5,3,90,35,1385.51437265553,490.377741275353,7.5,1386,490,7.4320191656,-0.0679808343999975,0.0679808343999975,valid,,,Shared Pattern Plane,Region-SIFT(21/28),32,1,122.027743960184,124.532499149745,3.13063269999111
274,11,2,5,5,4,92.5,35,1403.06208579151,490.966776204587,7.5,1403,491,7.44904707828933,-0.0509529217106666,0.0509529217106666,valid,,,Shared Pattern Plane,Region-SIFT(21/28),32,1,112.502499636897,115.368566024071,3.03271320002386
275,11,2,5,5,5,95,35,1420.67949772777,491.558150756515,7.5,1421,492,7.4669219231673,-0.033078076832699,0.033078076832699,valid,,,Shared Pattern Plane,Region-SIFT(21/28),32,1,125.8968627854,128.419267383178,3.10668579995399
276,12,2,6,1,1,105,25,1497.40006837704,425.580251713295,7,1497,426,6.95355047776022,-0.0464495222397767,0.0464495222397767,valid,,,Shared Pattern Plane,Region-SIFT(21/28),32,1,177.593731913491,181.361199349506,3.22529810003471
277,12,2,6,1,2,107.5,25,1515.61714820424,426.052457589911,7,1516,426,6.48193172977234,-0.518068270227663,0.518068270227663,valid,,,Shared Pattern Plane,Region-SIFT(21/28),32,1,157.564439214474,160.950275135102,3.1632412999752
278,12,2,6,1,3,110,25,1533.90841189,426.526586390196,7,1534,427,6.50151418698729,-0.498485813012712,0.498485813012712,valid,,,Shared Pattern Plane,Region-SIFT(21/28),32,1,179.485499681745,184.351993021552,3.14768920000643
279,12,2,6,1,4,112.5,25,1552.27431349774,427.00264988395,7,1552,427,6.52003099802895,-0.479969001971054,0.479969001971054,valid,,,Shared Pattern Plane,Region-SIFT(21/28),32,1,145.835452807391,146.442636082762,3.08432640001411
280,12,2,6,1,5,115,25,1570.71531080407,427.480659937225,7,1571,427,7.03596183523564,0.0359618352356366,0.0359618352356366,valid,,,Shared Pattern Plane,Region-SIFT(21/28),32,1,169.553298429459,171.870055855799,3.10579080000753
281,12,2,6,2,1,105,27.5,1496.00023367679,442.837760147528,7,1496,443,6.98039563095812,-0.0196043690418843,0.0196043690418843,valid,,,Shared Pattern Plane,Region-SIFT(21/28),32,1,165.663235024548,169.390538379516,3.20332020003116
282,12,2,6,2,2,107.5,27.5,1514.15547502703,443.343389759082,7,1514,443,6.99794673894779,-0.00205326105221371,0.00205326105221371,valid,,,Shared Pattern Plane,Region-SIFT(21/28),32,1,140.622195767095,142.47315880641,3.15682480001124
283,12,2,6,2,3,110,27.5,1532.38440847195,443.851071720395,7,1532,444,7.01648634226869,0.0164863422686876,0.0164863422686876,valid,,,Shared Pattern Plane,Region-SIFT(21/28),32,1,126.499281849432,128.267954404571,3.14809490001062
284,12,2,6,2,4,112.5,27.5,1550.68748359812,444.360818552604,7,1551,444,6.53608259993796,-0.463917400062038,0.463917400062038,valid,,,Shared Pattern Plane,Region-SIFT(21/28),32,1,194.384524688014,199.638586947298,3.03327269997681
285,12,2,6,2,5,115,27.5,1569.06515365674,444.87264287891,7,1569,445,7.04030844314843,0.0403084431484322,0.0403084431484322,valid,,,Shared Pattern Plane,Region-SIFT(21/28),32,1,216.496065474818,220.584111125392,3.06449789996259
286,12,2,6,3,1,105,30,1494.60941933506,459.984063370772,7,1495,460,6.9879216819783,-0.012078318021695,0.012078318021695,valid,,,Shared Pattern Plane,Region-SIFT(21/28),32,1,163.843198219178,164.478030682305,3.05564740003319
287,12,2,6,3,2,107.5,30,1512.70323970291,460.52267639749,7,1513,461,7.01619709278031,0.0161970927803088,0.0161970927803088,valid,,,Shared Pattern Plane,Region-SIFT(21/28),32,1,155.824233723696,158.105316333273,3.30452750000404
288,12,2,6,3,3,110,30,1530.87026527238,461.063468581202,7,1531,461,7.03365914261154,0.0336591426115405,0.0336591426115405,valid,,,Shared Pattern Plane,Region-SIFT(21/28),32,1,129.593110229855,131.234448829157,3.23689539998304
289,12,2,6,3,4,112.5,30,1549.11094121183,461.606453173588,7,1549,462,7.04002991227431,0.0400299122743055,0.0400299122743055,valid,,,Shared Pattern Plane,Region-SIFT(21/28),32,1,149.443153947497,150.059280867743,3.17357759998413
290,12,2,6,3,5,115,30,1567.42571630648,462.151643533989,7,1567,462,6.57057377816057,-0.429426221839432,0.429426221839432,valid,,,Shared Pattern Plane,Region-SIFT(21/28),32,1,184.12759582025,186.570343771837,3.10657400003402
291,12,2,6,4,1,105,32.5,1493.22753844279,477.020232819489,7,1493,477,6.50954377827275,-0.490456221727253,0.490456221727253,valid,,,Shared Pattern Plane,Region-SIFT(21/28),32,1,153.153871062445,154.780864750243,3.15861290000612
292,12,2,6,4,2,107.5,32.5,1511.26035111737,477.591395348622,7,1511,478,6.52920416107465,-0.470795838925346,0.470795838925346,valid,,,Shared Pattern Plane,Region-SIFT(21/28),32,1,180.944049124238,185.773037229877,3.15308840002399
293,12,2,6,4,3,110,32.5,1529.36588690725,478.164861274302,7,1529,478,6.54781133105422,-0.452188668945778,0.452188668945778,valid,,,Shared Pattern Plane,Region-SIFT(21/28),32,1,151.541346818429,154.497441098496,3.10485329997027
294,12,2,6,4,4,112.5,32.5,1547.54458662027,478.740644558464,7,1548,479,6.56830892731128,-0.431691072688715,0.431691072688715,valid,,,Shared Pattern Plane,Region-SIFT(21/28),32,1,176.320969749632,178.334459405304,3.18394439999247
295,12,2,6,4,5,115,32.5,1565.79689463411,479.318759276108,7,1566,479,7.08657441591947,0.0865744159194728,0.0865744159194728,valid,,,Shared Pattern Plane,Region-SIFT(21/28),32,1,177.368103393171,181.420286657781,3.03868830000283
296,12,2,6,5,1,105,35,1491.85450520378,493.947326210146,7,1492,494,6.52577699025751,-0.474223009742487,0.474223009742487,valid,,,Shared Pattern Plane,Region-SIFT(21/28),32,1,180.37416103908,183.261202854367,3.13164310000138
297,12,2,6,5,2,107.5,35,1509.82671932498,494.550610626241,7,1510,495,6.54545701696294,-0.454542983037055,0.454542983037055,valid,,,Shared Pattern Plane,Region-SIFT(21/28),32,1,155.414774140858,156.474127522018,3.18601850001141
298,12,2,6,5,3,110,35,1527.87117921884,495.156320160827,7,1528,495,6.56398909197121,-0.436010908028791,0.436010908028791,valid,,,Shared Pattern Plane,Region-SIFT(21/28),32,1,155.2319689347,155.892296742785,3.38311709999107
299,12,2,6,5,4,112.5,35,1545.98832138946,495.764469466306,7,1546,496,6.58347542515538,-0.416524574844619,0.416524574844619,valid,,,Shared Pattern Plane,Region-SIFT(21/28),32,1,188.936292351617,192.722861756655,3.14353790000314
300,12,2,6,5,5,115,35,1564.17858586449,496.375073313357,7,1564,496,6.61467208345068,-0.385327916549318,0.385327916549318,valid,,,Shared Pattern Plane,Region-SIFT(21/28),32,1,200.836647179013,205.479224829268,3.09732599998824
301,13,3,1,1,1,5,45,830.369588149633,533.666717864507,6.5,830,534,6.90424958543698,0.404249585436983,0.404249585436983,valid,,,Shared Pattern Plane,Region-SIFT(21/28),32,1,223.649564434233,225.702218195936,3.05087069998262
302,13,3,1,1,2,7.5,45,845.597698928033,534.291526375229,6.5,846,534,7.46957639189248,0.969576391892482,0.969576391892482,valid,,,Shared Pattern Plane,Region-SIFT(21/28),32,1,271.663137897613,277.151686471525,3.19975369999884
303,13,3,1,1,3,10,45,860.881802978923,534.918632286705,6.5,861,535,,,,failed,Region-SIFT 匹配失敗: ObjRatio 0.984918 exceeds 0.950000; ambiguous match,,,,32,,339.335412405912,345.053596999455,3.17974059999688
304,13,3,1,1,4,12.5,45,876.222209699312,535.548048293477,6.5,876,536,,,,failed,Region-SIFT 匹配失敗: ObjRatio 0.955895 exceeds 0.950000; ambiguous match,,,,32,,300.215538535547,304.362529536448,3.12805780000053
305,13,3,1,1,5,15,45,891.619230769889,536.179787183786,6.5,892,536,6.44692779517227,-0.0530722048277292,0.0530722048277292,valid,,,Shared Pattern Plane,Region-SIFT(21/28),32,1,237.556413433539,242.671953428811,3.15052139997715
306,13,3,1,2,1,5,47.5,831.05291245165,548.944546562653,6.5,831,549,6.3918723472284,-0.108127652771604,0.108127652771604,valid,,,Shared Pattern Plane,Region-SIFT(21/28),32,1,149.237426471206,149.720412011663,3.1951124999905
307,13,3,1,2,2,7.5,47.5,846.237715662878,549.595481328016,6.5,846,550,6.41029179473733,-0.0897082052626699,0.0897082052626699,valid,,,Shared Pattern Plane,Region-SIFT(21/28),32,1,192.829249284633,195.953316120198,3.13244720001239
308,13,3,1,2,3,10,47.5,861.478189234669,550.248802543344,6.5,861,550,6.97738866475764,0.477388664757645,0.477388664757645,valid,,,Shared Pattern Plane,Region-SIFT(21/28),32,1,250.439918023569,257.239939636979,3.13737150002271
309,13,3,1,2,4,12.5,47.5,876.774639876357,550.904523356503,6.5,877,551,6.99565811958193,0.495658119581934,0.495658119581934,valid,,,Shared Pattern Plane,Region-SIFT(21/28),32,1,196.287592829346,202.240528910472,3.27746080001816
310,13,3,1,2,5,15,47.5,892.12737655446,551.562657012121,6.5,892,552,6.46499058762616,-0.0350094123738369,0.0350094123738369,valid,,,Shared Pattern Plane,Region-SIFT(21/28),32,1,176.853067760367,179.165221737778,3.08006820001174
311,13,3,1,3,1,5,50,831.732256829649,564.133391747123,6.5,832,564,6.41005932151147,-0.0899406784885306,0.0899406784885306,valid,,,Shared Pattern Plane,Region-SIFT(21/28),32,1,179.913285906353,183.834725177017,3.54983979999088
312,13,3,1,3,2,7.5,50,846.873997911597,564.810137979181,6.5,847,565,6.42842710967493,-0.0715728903250685,0.0715728903250685,valid,,,Shared Pattern Plane,Region-SIFT(21/28),32,1,222.958917174768,227.33093174288,3.06313490000321
313,13,3,1,3,3,10,50,862.071089227003,565.489358039166,6.5,862,565,6.99645888174431,0.496458881744308,0.496458881744308,valid,,,Shared Pattern Plane,Region-SIFT(21/28),32,1,252.652541399759,259.598276732254,3.04742370004533
314,13,3,1,3,4,12.5,50,877.323834828563,566.171065516432,6.5,877,566,7.01369309960884,0.513693099608837,0.513693099608837,valid,,,Shared Pattern Plane,Region-SIFT(21/28),32,1,202.627789004896,206.292310127512,3.23622810002416
315,13,3,1,3,5,15,50,892.632541000042,566.855274100054,6.5,893,567,6.48306071451476,-0.0169392854852353,0.0169392854852353,valid,,,Shared Pattern Plane,Region-SIFT(21/28),32,1,208.997754193361,213.366331543239,3.12380790000316
316,13,3,1,4,1,5,52.5,832.407655953408,579.234028568039,6.5,832,579,6.44754663301313,-0.0524533669868692,0.0524533669868692,valid,,,Shared Pattern Plane,Region-SIFT(21/28),32,1,192.945876779001,196.83956076926,3.17226790002314
317,13,3,1,4,2,7.5,52.5,847.506578265097,579.936275636077,6.5,848,580,6.44664217238512,-0.0533578276148843,0.0533578276148843,valid,,,Shared Pattern Plane,Region-SIFT(21/28),32,1,194.052155298909,198.695813682602,3.11241410003277
318,13,3,1,4,3,10,52.5,862.660533436034,580.641082268516,6.5,863,581,6.46489634088619,-0.0351036591138119,0.0351036591138119,valid,,,Shared Pattern Plane,Region-SIFT(21/28),32,1,212.907867969533,218.68892387354,3.02203620004002
319,13,3,1,4,4,12.5,52.5,877.869822892869,581.348462484634,6.5,878,581,7.01469553595441,0.514695535954412,0.514695535954412,valid,,,Shared Pattern Plane,Region-SIFT(21/28),32,1,261.278847413845,267.703922192087,3.09669809998013
320,13,3,1,4,5,15,52.5,893.134750267585,582.058430406279,6.5,893,582,6.50008850349836,8.85034983593158e-05,8.85034983593158e-05,valid,,,Shared Pattern Plane,Region-SIFT(21/28),32,1,180.673239224045,184.767512588202,3.22203910001554
321,13,3,1,5,1,5,55,833.079144091183,594.247223198308,6.5,833,594,7.00047584862307,0.500475848623073,0.500475848623073,valid,,,Shared Pattern Plane,Region-SIFT(21/28),32,1,216.740126997327,221.507017407142,3.19316679995973
322,13,3,1,5,2,7.5,55,848.135488936153,594.974664564322,6.5,848,595,6.48331916617523,-0.0166808338247666,0.0166808338247666,valid,,,Shared Pattern Plane,Region-SIFT(21/28),32,1,210.302962840045,212.972610721379,3.21041970001534
323,13,3,1,5,3,10,55,863.24655198759,595.704749618912,6.5,863,596,6.48200389620869,-0.0179961037913117,0.0179961037913117,valid,,,Shared Pattern Plane,Region-SIFT(21/28),32,1,192.467341683403,196.172410653368,3.08682070003124
324,13,3,1,5,4,12.5,55,878.412632076249,596.437492799968,6.5,878,596,7.05087409170941,0.550874091709414,0.550874091709414,valid,,,Shared Pattern Plane,Region-SIFT(21/28),32,1,194.708939274783,198.008929177135,3.2009010000038
325,13,3,1,5,5,15,55,893.634030212849,597.172908650704,6.5,894,597,6.51828200794337,0.0182820079433723,0.0182820079433723,valid,,,Shared Pattern Plane,Region-SIFT(21/28),32,1,207.927675704351,211.523335452238,3.34408939996501
326,14,3,2,1,1,25,45,953.779773285514,538.730230673461,6,954,539,6.50530192730451,0.505301927304507,0.505301927304507,valid,,,Shared Pattern Plane,Region-SIFT(21/28),32,1,208.856381021227,211.046756606626,3.03973089996725
327,14,3,2,1,2,27.5,45,969.464622737156,539.373779145716,6,969,539,,,,failed,Region-SIFT 匹配失敗: ObjRatio 0.978498 exceeds 0.950000; ambiguous match,,,,32,,202.172097104189,205.312521991818,3.13910999998916
328,14,3,2,1,3,30,45,985.208005779168,540.019729247822,6,985,540,7.06956920386794,1.06956920386794,1.06956920386794,valid,,,Shared Pattern Plane,Region-SIFT(21/28),32,1,163.038758793584,163.955235827493,3.03795209998498
329,14,3,2,1,4,32.5,45,1001.01025068242,540.668094448715,6,1001,541,6.0325989958807,0.0325989958806989,0.0325989958806989,valid,,,Shared Pattern Plane,Region-SIFT(21/28),32,1,142.110541744838,142.421088217323,3.09779679996427
330,14,3,2,1,5,35,45,1016.87168817709,541.318888318234,6,1017,541,6.05130776129738,0.051307761297382,0.051307761297382,valid,,,Shared Pattern Plane,Region-SIFT(21/28),32,1,141.333881737946,143.438775263064,3.10112379997736
331,14,3,2,2,1,25,47.5,954.107443134249,554.219588388516,6,954,554,6.53689794710145,0.536897947101455,0.536897947101455,valid,,,Shared Pattern Plane,Region-SIFT(21/28),32,1,181.4338838658,185.853315742816,3.21399039996322
332,14,3,2,2,2,27.5,47.5,969.746324962812,554.889988375398,6,970,555,6.55579438601265,0.555794386012651,0.555794386012651,valid,,,Shared Pattern Plane,Region-SIFT(21/28),32,1,155.913903311068,159.320882562189,3.16349439998157
333,14,3,2,2,3,30,47.5,985.44339520901,555.562882755092,6,985,556,6.57354786740674,0.573547867406741,0.573547867406741,valid,,,Shared Pattern Plane,Region-SIFT(21/28),32,1,110.174488766988,110.44920992235,3.12572880001971
334,14,3,2,2,4,32.5,47.5,1001.19897923524,556.238285475075,6,1001,556,6.04838015279529,0.0483801527952865,0.0483801527952865,valid,,,Shared Pattern Plane,Region-SIFT(21/28),32,1,102.682747535857,102.939316178307,2.97604239999782
335,14,3,2,2,5,35,47.5,1017.01340483413,556.916210587002,6,1017,557,6.06816432263198,0.0681643226319846,0.0681643226319846,valid,,,Shared Pattern Plane,Region-SIFT(21/28),32,1,100.389485892543,100.851763096482,3.02187070000218
336,14,3,2,3,1,25,50,954.433176302324,569.617396821165,6,954,570,6.56948265073748,0.569482650737481,0.569482650737481,valid,,,Shared Pattern Plane,Region-SIFT(21/28),32,1,230.24685210778,235.160162412474,3.11358100001235
337,14,3,2,3,2,27.5,50,970.02635911516,570.314319827395,6,970,570,6.02668876954319,0.0266887695431857,0.0266887695431857,valid,,,Shared Pattern Plane,Region-SIFT(21/28),32,1,181.350184360383,186.092196610322,3.09141719999025
338,14,3,2,3,3,30,50,985.677388217053,571.013828220467,6,986,571,6.59155026205834,0.591550262058339,0.591550262058339,valid,,,Shared Pattern Plane,Region-SIFT(21/28),32,1,152.184472722856,157.077750879962,3.12388999998802
339,14,3,2,3,4,32.5,50,1001.38658609618,571.715936413694,6,1001,572,6.6092010095034,0.609201009503402,0.609201009503402,valid,,,Shared Pattern Plane,Region-SIFT(21/28),32,1,126.843116424702,127.525743394542,3.1573827000102
340,14,3,2,3,5,35,50,1017.15427764231,572.420658927726,6,1017,572,6.09557634745463,0.0955763474546298,0.0955763474546298,valid,,,Shared Pattern Plane,Region-SIFT(21/28),32,1,111.093723711387,111.531439030892,3.33311189996311
341,14,3,2,4,1,25,52.5,954.756989909168,584.924465227897,6,955,585,6.02487232959453,0.0248723295945261,0.0248723295945261,valid,,,Shared Pattern Plane,Region-SIFT(21/28),32,1,253.65345535682,259.682137468283,3.88788289995864
342,14,3,2,4,2,27.5,52.5,970.304739966472,585.647587161167,6,970,586,6.59080182680708,0.590801826807079,0.590801826807079,valid,,,Shared Pattern Plane,Region-SIFT(21/28),32,1,175.017505747174,177.991153442989,3.18918569997186
343,14,3,2,4,3,30,52.5,985.909997192722,586.373383738359,6,986,586,5.51392882786225,-0.486071172137749,0.486071172137749,valid,,,Shared Pattern Plane,Region-SIFT(21/28),32,1,179.254991593941,183.408773980916,3.04068210005062
344,14,3,2,4,4,32.5,52.5,1001.57308123563,587.101869826207,6,1002,587,6.08236569103556,0.0823656910355561,0.0823656910355561,valid,,,Shared Pattern Plane,Region-SIFT(21/28),32,1,143.240229140892,146.140266422018,2.99819000001298
345,14,3,2,4,5,35,52.5,1017.29431411627,587.83306040183,6,1017,588,5.56610622206449,-0.433893777935511,0.433893777935511,valid,,,Shared Pattern Plane,Region-SIFT(21/28),32,1,103.482099645605,103.85376007963,3.15263440000126
346,14,3,2,5,1,25,55,955.07890087303,600.141593355248,6,955,600,5.48898358038424,-0.511016419615756,0.511016419615756,valid,,,Shared Pattern Plane,Region-SIFT(21/28),32,1,218.836322904516,223.837853092968,3.18928650004091
347,14,3,2,5,2,27.5,55,970.581482115108,600.890594456883,6,971,601,6.07455228263598,0.0745522826359801,0.0745522826359801,valid,,,Shared Pattern Plane,Region-SIFT(21/28),32,1,167.998699263416,171.151159503162,3.2470856999862
348,14,3,2,5,3,30,55,986.141234379315,601.642357753916,6,986,602,6.07953875156975,0.0795387515697517,0.0795387515697517,valid,,,Shared Pattern Plane,Region-SIFT(21/28),32,1,179.041653322795,183.517857152031,3.11863359995186
349,14,3,2,5,4,32.5,55,1001.75847450616,602.39689855437,6,1002,602,6.0983184026944,0.0983184026943968,0.0983184026943968,valid,,,Shared Pattern Plane,Region-SIFT(21/28),32,1,214.039836986481,218.1104019901,3.17259059997741
350,14,3,2,5,5,35,55,1017.43352168171,603.154232279596,6,1017,603,5.58092191703342,-0.419078082966585,0.419078082966585,valid,,,Shared Pattern Plane,Region-SIFT(21/28),32,1,147.817870063883,149.781879114041,3.00910879997537
351,15,3,3,1,1,45,45,1080.91606604814,543.946625464358,5.5,1081,544,5.5809613164417,0.0809613164417016,0.0809613164417016,valid,,,Shared Pattern Plane,Region-SIFT(21/28),32,1,224.367538418846,227.463858811015,2.96081059996504
352,15,3,3,1,2,47.5,45,1097.07851515764,544.609769823147,5.5,1097,545,5.61016810471834,0.110168104718343,0.110168104718343,valid,,,Shared Pattern Plane,Region-SIFT(21/28),32,1,179.977304969263,183.011642330608,3.13953380001476
353,15,3,3,1,3,50,45,1113.30219419534,545.275426442374,5.5,1113,545,5.62956172347334,0.12956172347334,0.12956172347334,valid,,,Shared Pattern Plane,Region-SIFT(21/28),32,1,154.159862670697,155.168649167584,3.32878860004712
354,15,3,3,1,4,52.5,45,1129.58745176736,545.943609625328,5.5,1130,546,5.65755889811874,0.157558898118737,0.157558898118737,valid,,,Shared Pattern Plane,Region-SIFT(21/28),32,1,213.584049349992,216.191666645049,3.10169059998589
355,15,3,3,1,5,55,45,1145.93463913118,546.614333784083,5.5,1146,547,6.21147750996305,0.711477509963049,0.711477509963049,valid,,,Shared Pattern Plane,Region-SIFT(21/28),32,1,250.312306242645,255.435789160536,3.31757429998834
356,15,3,3,2,1,45,47.5,1080.86616514699,559.653419688355,5.5,1081,560,5.60545848055955,0.105458480559548,0.105458480559548,valid,,,Shared Pattern Plane,Region-SIFT(21/28),32,1,142.123139688704,143.516799958765,3.22469060000731
357,15,3,3,2,2,47.5,47.5,1096.97980216225,560.344171249885,5.5,1097,560,5.62491323394564,0.124913233945644,0.124913233945644,valid,,,Shared Pattern Plane,Region-SIFT(21/28),32,1,117.147215393611,117.457872703647,3.25664490001509
358,15,3,3,2,3,50,47.5,1113.15429983183,561.03753175637,5.5,1113,561,5.64531503210148,0.145315032101481,0.145315032101481,valid,,,Shared Pattern Plane,Region-SIFT(21/28),32,1,123.962414467524,125.429959865037,3.15867789997719
359,15,3,3,2,4,52.5,47.5,1129.39000361103,561.73351601662,5.5,1129,562,5.66561264663682,0.165612646636824,0.165612646636824,valid,,,Shared Pattern Plane,Region-SIFT(21/28),32,1,128.786522137677,130.459357674341,2.91377560002729
360,15,3,3,2,5,55,47.5,1145.68726157457,562.432138951734,5.5,1146,562,5.68608475258945,0.18608475258945,0.18608475258945,valid,,,Shared Pattern Plane,Region-SIFT(21/28),32,1,149.835318024449,151.717560738888,2.94521180004813
361,15,3,3,3,1,45,50,1080.81656360909,575.265986418078,5.5,1081,575,5.62026844694467,0.120268446944668,0.120268446944668,valid,,,Shared Pattern Plane,Region-SIFT(21/28),32,1,193.16633532186,198.474950652631,3.00171570002567
362,15,3,3,3,2,47.5,50,1096.88168247432,575.984002173384,5.5,1097,576,5.64069582385765,0.140695823857648,0.140695823857648,valid,,,Shared Pattern Plane,Region-SIFT(21/28),32,1,112.909793869907,113.139259270032,2.9189400000032
363,15,3,3,3,3,50,50,1113.00729605054,576.704721684322,5.5,1113,577,5.11964425343794,-0.380355746562057,0.380355746562057,valid,,,Shared Pattern Plane,Region-SIFT(21/28),32,1,118.649017407654,120.03101896371,2.95874210004695
364,15,3,3,3,4,52.5,50,1129.19374668007,577.428160251569,5.5,1129,577,5.14010136864295,-0.359898631357049,0.359898631357049,valid,,,Shared Pattern Plane,Region-SIFT(21/28),32,1,126.173113742707,127.582743532494,3.38980649999576
365,15,3,3,3,5,55,50,1145.44137929323,578.154333291467,5.5,1145,578,5.70059779113803,0.200597791138025,0.200597791138025,valid,,,Shared Pattern Plane,Region-SIFT(21/28),32,1,141.682651253857,147.297531949767,3.19812570000067
366,15,3,3,4,1,45,52.5,1080.7672587486,590.78517104573,5.5,1081,591,5.63610749832042,0.136107498320423,0.136107498320423,valid,,,Shared Pattern Plane,Region-SIFT(21/28),32,1,158.190825349313,162.709117173935,3.64274050004315
367,15,3,3,4,2,47.5,52.5,1096.78415076081,591.530112652983,5.5,1097,592,5.65652410022792,0.156524100227924,0.156524100227924,valid,,,Shared Pattern Plane,Region-SIFT(21/28),32,1,137.220928492874,138.854400677622,4.31107070000144
368,15,3,3,4,3,50,52.5,1112.86117483131,592.277850987098,5.5,1113,592,5.67586482361548,0.175864823615476,0.175864823615476,valid,,,Shared Pattern Plane,Region-SIFT(21/28),32,1,115.807259292703,119.043608923815,4.18502760003321
369,15,3,3,4,4,52.5,52.5,1128.99867022673,593.028401827282,5.5,1129,593,5.69616399371766,0.196163993717661,0.196163993717661,valid,,,Shared Pattern Plane,Region-SIFT(21/28),32,1,153.882871305375,159.296780811236,4.12691979994997
370,15,3,3,4,5,55,52.5,1145.19697877072,593.781781071665,5.5,1145,594,5.71639137125249,0.216391371252492,0.216391371252492,valid,,,Shared Pattern Plane,Region-SIFT(21/28),32,1,172.430753645821,178.149420579772,3.18513880000683
371,15,3,3,5,1,45,55,1080.71824791171,606.21180888073,5.5,1081,606,5.65092538080071,0.150925380800706,0.150925380800706,valid,,,Shared Pattern Plane,Region-SIFT(21/28),32,1,124.103791269171,124.73815834762,3.13586219999706
372,15,3,3,5,2,47.5,55,1096.68720175244,606.983342590626,5.5,1097,607,5.12672088148181,-0.373279118518188,0.373279118518188,valid,,,Shared Pattern Plane,Region-SIFT(21/28),32,1,120.482593220504,121.787430155353,3.0744440999697
373,15,3,3,5,3,50,55,1112.71592825002,607.757764192876,5.5,1113,608,5.14816538012417,-0.351834619875834,0.351834619875834,valid,,,Shared Pattern Plane,Region-SIFT(21/28),32,1,101.918857865106,102.25283197665,3.09719329996733
374,15,3,3,5,4,52.5,55,1128.80476363215,608.535089932188,5.5,1129,609,5.71200638797183,0.21200638797183,0.21200638797183,valid,,,Shared Pattern Plane,Region-SIFT(21/28),32,1,177.358925246183,184.10179067356,3.13986819999991
375,15,3,3,5,5,55,55,1144.95404665299,609.315336175336,5.5,1145,609,5.7311917334993,0.231191733499298,0.231191733499298,valid,,,Shared Pattern Plane,Region-SIFT(21/28),32,1,174.566177638119,178.231378030342,3.06027100002393
376,16,3,4,1,1,65,45,1211.94980587468,549.322932284465,5,1212,549,4.68423798795633,-0.315762012043672,0.315762012043672,valid,,,Shared Pattern Plane,Region-SIFT(21/28),32,1,162.910410581316,164.349120615535,3.07820420002099
377,16,3,4,1,2,67.5,45,1228.61200564193,550.006581384042,5,1229,550,4.70749419107898,-0.292505808921016,0.292505808921016,valid,,,Shared Pattern Plane,Region-SIFT(21/28),32,1,194.908033005649,198.380411192638,3.00140950002242
378,16,3,4,1,3,70,45,1245.33829985939,550.692860275231,5,1245,551,5.26218999375134,0.26218999375134,0.26218999375134,valid,,,Shared Pattern Plane,Region-SIFT(21/28),32,1,230.485407394328,237.089820143803,3.0825205000001
379,16,3,4,1,4,72.5,45,1262.12905906772,551.381784161293,5,1262,551,4.75151992429577,-0.248480075704232,0.248480075704232,valid,,,Shared Pattern Plane,Region-SIFT(21/28),32,1,165.933846926311,166.763918739552,3.22490189998643
380,16,3,4,1,5,75,45,1278.98465666932,552.073368362907,5,1279,552,4.77451345392823,-0.225486546071768,0.225486546071768,valid,,,Shared Pattern Plane,Region-SIFT(21/28),32,1,157.969031373786,160.697125358175,3.07192379998742
381,16,3,4,2,1,65,47.5,1211.49888984815,565.253319852962,5,1211,565,4.6937166709493,-0.3062833290507,0.3062833290507,valid,,,Shared Pattern Plane,Region-SIFT(21/28),32,1,122.103450987074,122.474286018001,3.11390639998717
382,16,3,4,2,2,67.5,47.5,1228.109233292,565.965363984309,5,1228,566,4.7197080856881,-0.280291914311897,0.280291914311897,valid,,,Shared Pattern Plane,Region-SIFT(21/28),32,1,125.84942223559,127.516736723503,3.15522419998888
383,16,3,4,2,3,70,47.5,1244.78327578989,566.680138735752,5,1245,567,4.74287626831042,-0.257123731689576,0.257123731689576,valid,,,Shared Pattern Plane,Region-SIFT(21/28),32,1,166.07306219989,168.262834067364,3.03691080003045
384,16,3,4,2,4,72.5,47.5,1261.52138446529,567.397659844961,5,1262,567,4.76506743634714,-0.234932563652859,0.234932563652859,valid,,,Shared Pattern Plane,Region-SIFT(21/28),32,1,166.086517421278,170.303418552748,3.28039200004423
385,16,3,4,2,5,75,47.5,1278.32392926826,568.117943170776,5,1278,568,4.78670404395527,-0.213295956044727,0.213295956044727,valid,,,Shared Pattern Plane,Region-SIFT(21/28),32,1,129.356571828751,131.182807181072,3.58406359999208
386,16,3,4,3,1,65,50,1211.05072014781,581.086682614498,5,1211,581,4.7100058028745,-0.289994197125496,0.289994197125496,valid,,,Shared Pattern Plane,Region-SIFT(21/28),32,1,118.048653076313,119.365533705125,3.18957719998434
387,16,3,4,3,2,67.5,50,1227.60952894417,581.826763388543,5,1228,582,4.73324186224145,-0.266758137758552,0.266758137758552,valid,,,Shared Pattern Plane,Region-SIFT(21/28),32,1,124.098254798203,126.493740060894,3.0835980999982
388,16,3,4,3,3,70,50,1244.2316450456,582.569673624532,5,1244,583,4.75510880734748,-0.244891192652522,0.244891192652522,valid,,,Shared Pattern Plane,Region-SIFT(21/28),32,1,118.994851192091,120.720294736051,3.0705781999859
389,16,3,4,3,4,72.5,50,1260.91743220027,583.315429579857,5,1261,583,4.77730234990768,-0.222697650092319,0.222697650092319,valid,,,Shared Pattern Plane,Region-SIFT(21/28),32,1,117.95575159416,118.522344672784,3.22867570002563
390,16,3,4,3,5,75,50,1277.66725694837,584.064047636695,5,1278,584,4.80026453481078,-0.199735465189218,0.199735465189218,valid,,,Shared Pattern Plane,Region-SIFT(21/28),32,1,106.661853627301,107.002043869492,3.21438949997537
391,16,3,4,4,1,65,52.5,1210.60527175986,596.823904279453,5,1211,597,4.72360770370015,-0.276392296299846,0.276392296299846,valid,,,Shared Pattern Plane,Region-SIFT(21/28),32,1,136.44105046792,138.250284358341,3.02852350001922
392,16,3,4,4,2,67.5,52.5,1227.11286460163,597.59166825851,5,1227,598,4.74552846385203,-0.25447153614797,0.25447153614797,valid,,,Shared Pattern Plane,Region-SIFT(21/28),32,1,143.19952583313,146.15182407548,3.6569840000011
393,16,3,4,4,3,70,52.5,1243.68337660201,598.362358591762,5,1244,598,4.76785031377236,-0.232149686227643,0.232149686227643,valid,,,Shared Pattern Plane,Region-SIFT(21/28),32,1,120.587894991214,122.988760669734,3.17488330003107
394,16,3,4,4,4,72.5,52.5,1260.3171681751,599.135992041979,5,1260,599,4.78959158494746,-0.210408415052539,0.210408415052539,valid,,,Shared Pattern Plane,Region-SIFT(21/28),32,1,128.758107199492,130.597888899084,3.97341979999328
395,16,3,4,4,5,75,52.5,1277.01460249298,599.912585500203,5,1277,600,4.81255272122191,-0.187447278778092,0.187447278778092,valid,,,Shared Pattern Plane,Region-SIFT(21/28),32,1,127.860095706314,131.277413115514,3.31645080004819
396,16,3,4,5,1,65,55,1210.16251997339,612.465857858807,5,1210,612,5.27450449353958,0.274504493539582,0.274504493539582,valid,,,Shared Pattern Plane,Region-SIFT(21/28),32,1,141.080131223971,143.373294409588,3.02673379995394
397,16,3,4,5,2,67.5,55,1226.61921260723,613.260956476227,5,1227,613,4.75831525346535,-0.241684746534649,0.241684746534649,valid,,,Shared Pattern Plane,Region-SIFT(21/28),32,1,142.308238647098,146.727586453686,3.38759450003272
398,16,3,4,5,3,70,55,1243.13843981167,614.059076426775,5,1243,614,4.78015966031999,-0.219840339680014,0.219840339680014,valid,,,Shared Pattern Plane,Region-SIFT(21/28),32,1,126.125621719461,128.873368783504,8.28261499997461
399,16,3,4,5,4,72.5,55,1259.72055870739,614.860234964595,5,1260,615,4.80320028102174,-0.196799718978261,0.196799718978261,valid,,,Shared Pattern Plane,Region-SIFT(21/28),32,1,133.188310234635,134.966293132259,3.22451430000365
400,16,3,4,5,5,75,55,1276.36592913948,615.664449475461,5,1276,616,4.82490796892554,-0.17509203107446,0.17509203107446,valid,,,Shared Pattern Plane,Region-SIFT(21/28),32,1,146.988939306976,150.863831651546,3.50559479999356
401,17,3,5,1,1,85,45,1347.06300077569,554.866618912004,4.5,1347,555,4.33606410049193,-0.163935899508066,0.163935899508066,valid,,,Shared Pattern Plane,Region-SIFT(21/28),32,1,178.596912545502,182.764781205538,3.38752759998897
402,17,3,5,1,2,87.5,45,1364.24849349561,555.571738691378,4.5,1364,556,4.35968243907303,-0.140317560926971,0.140317560926971,valid,,,Shared Pattern Plane,Region-SIFT(21/28),32,1,168.221044287101,170.401002920912,3.22172989998944
403,17,3,5,1,3,90,45,1381.50112669222,556.279613240654,4.5,1382,556,4.38875894807221,-0.111241051927791,0.111241051927791,valid,,,Shared Pattern Plane,Region-SIFT(21/28),32,1,176.942378211652,181.021917103173,3.25473300000886
404,17,3,5,1,4,92.5,45,1398.82129459337,556.99025873498,4.5,1399,557,4.40134770387931,-0.0986522961206866,0.0986522961206866,valid,,,Shared Pattern Plane,Region-SIFT(21/28),32,1,147.673929637324,150.079016426967,3.14860660000704
405,17,3,5,1,5,95,45,1416.20939451934,557.703691476383,4.5,1416,558,4.95448084528322,0.454480845283221,0.454480845283221,valid,,,Shared Pattern Plane,Region-SIFT(21/28),32,1,165.145971389044,166.687860598825,3.39877160004107
406,17,3,5,2,1,85,47.5,1346.18596922393,571.027020123642,4.5,1346,571,4.34717707083289,-0.152822929167114,0.152822929167114,valid,,,Shared Pattern Plane,Region-SIFT(21/28),32,1,119.563048890533,121.187897237622,3.25580019998597
407,17,3,5,2,2,87.5,47.5,1363.31634477291,571.761356738575,4.5,1363,572,4.37076265547268,-0.129237344527317,0.129237344527317,valid,,,Shared Pattern Plane,Region-SIFT(21/28),32,1,156.978426287919,157.893886174643,3.13639539998258
408,17,3,5,2,3,90,47.5,1380.51343705734,572.498553334104,4.5,1381,572,4.39484953809834,-0.10515046190166,0.10515046190166,valid,,,Shared Pattern Plane,Region-SIFT(21/28),32,1,160.446714802394,162.535127737519,3.1388966999948
409,17,3,5,2,4,92.5,47.5,1397.77763659473,573.238626650743,4.5,1398,573,4.41824837742024,-0.0817516225797643,0.0817516225797643,valid,,,Shared Pattern Plane,Region-SIFT(21/28),32,1,122.365632869075,124.375623968632,3.09621480002534
410,17,3,5,2,5,95,47.5,1415.1093369563,573.981593559913,4.5,1415,574,4.44157954478504,-0.0584204552149581,0.0584204552149581,valid,,,Shared Pattern Plane,Region-SIFT(21/28),32,1,158.085876909892,160.189866422162,3.24065980000887
411,17,3,5,3,1,85,50,1345.3143619113,587.087472957837,4.5,1345,587,4.35831251309158,-0.141687486908419,0.141687486908419,valid,,,Shared Pattern Plane,Region-SIFT(21/28),32,1,142.770471455307,143.922092076826,3.25530849996721
412,17,3,5,3,2,87.5,50,1362.38997234642,587.850651707197,4.5,1362,588,4.38192512632138,-0.118074873678624,0.118074873678624,valid,,,Shared Pattern Plane,Region-SIFT(21/28),32,1,121.029265695905,122.487636462968,3.07792619999964
413,17,3,5,3,3,90,50,1379.53187977358,588.61679353982,4.5,1380,589,4.40676849292233,-0.0932315070776735,0.0932315070776735,valid,,,Shared Pattern Plane,Region-SIFT(21/28),32,1,92.5955784938954,93.0849120085941,3.14956799999345
414,17,3,5,3,4,92.5,50,1396.7404710463,589.385915745768,4.5,1397,589,4.42946042683113,-0.0705395731688734,0.0705395731688734,valid,,,Shared Pattern Plane,Region-SIFT(21/28),32,1,128.844256779,131.680852408724,3.14801569998963
415,17,3,5,3,5,95,50,1414.01613603379,590.158035749889,4.5,1414,590,4.45278732828811,-0.0472126717118853,0.0472126717118853,valid,,,Shared Pattern Plane,Region-SIFT(21/28),32,1,197.441286711718,201.868572639375,4.35303270001896
416,17,3,5,4,1,85,52.5,1344.44812867142,603.048901792762,4.5,1344,603,4.90138279137113,0.401382791371131,0.401382791371131,valid,,,Shared Pattern Plane,Region-SIFT(21/28),32,1,147.635170408784,149.759964508637,5.52233400003752
417,17,3,5,4,2,87.5,52.5,1361.46932269058,603.840553233025,4.5,1361,604,4.39310739643864,-0.106892603561359,0.106892603561359,valid,,,Shared Pattern Plane,Region-SIFT(21/28),32,1,122.924267119958,126.123575897866,3.59504270000616
418,17,3,5,4,3,90,52.5,1378.55639790601,604.635268791107,4.5,1379,605,4.41797710831788,-0.0820228916821195,0.0820228916821195,valid,,,Shared Pattern Plane,Region-SIFT(21/28),32,1,95.8578216229797,98.5318145575021,3.05921800003853
419,17,3,5,4,4,92.5,52.5,1395.709737553,605.433066291186,4.5,1396,605,4.44061957170318,-0.0593804282968184,0.0593804282968184,valid,,,Shared Pattern Plane,Region-SIFT(21/28),32,1,132.652896816516,134.131186536304,4.33125779998954
420,17,3,5,4,5,95,52.5,1412.929727845,606.233963695952,4.5,1413,606,4.45737745542258,-0.0426225445774158,0.0426225445774158,valid,,,Shared Pattern Plane,Region-SIFT(21/28),32,1,265.690023557471,272.559890608098,3.57436289999168
421,17,3,5,5,1,85,55,1343.58721995462,618.912219642743,4.5,1344,619,4.3820230407794,-0.117976959220602,0.117976959220602,valid,,,Shared Pattern Plane,Region-SIFT(21/28),32,1,110.755398719021,111.026921522926,3.33176490000915
422,17,3,5,5,2,87.5,55,1360.55434293906,619.731979501342,4.5,1361,620,4.40565579780952,-0.0943442021904835,0.0943442021904835,valid,,,Shared Pattern Plane,Region-SIFT(21/28),32,1,113.43348500388,113.632745214547,3.83484450000105
423,17,3,5,5,3,90,55,1377.58693522237,620.554902483308,4.5,1378,621,4.42920747537977,-0.070792524620229,0.070792524620229,valid,,,Shared Pattern Plane,Region-SIFT(21/28),32,1,138.36418989676,140.20424914233,3.15923510002904
424,17,3,5,5,4,92.5,55,1394.68537646653,621.38100693186,4.5,1395,621,4.45181160209001,-0.0481883979099935,0.0481883979099935,valid,,,Shared Pattern Plane,Region-SIFT(21/28),32,1,184.442817247986,187.631720584025,3.14070980000542
425,17,3,5,5,5,95,55,1411.85004927481,622.210311332325,4.5,1412,622,4.47515756850811,-0.0248424314918854,0.0248424314918854,valid,,,Shared Pattern Plane,Region-SIFT(21/28),32,1,220.329317277575,226.798905715233,3.46926460001851
426,18,3,6,1,1,105,45,1486.44917082327,560.585625464419,4,1486,561,4.01247051459963,0.0124705145996327,0.0124705145996327,valid,,,Shared Pattern Plane,Region-SIFT(21/28),32,1,178.698580409358,180.956902742837,3.36741770000663
427,18,3,6,1,2,107.5,45,1504.18300105938,561.313243500593,4,1504,561,4.03787513245516,0.0378751324551629,0.0378751324551629,valid,,,Shared Pattern Plane,Region-SIFT(21/28),32,1,182.92626788427,184.872936637991,3.26281829999061
428,18,3,6,1,3,110,45,1521.98721390974,562.043749331387,4,1522,562,4.0526028974938,0.0526028974938013,0.0526028974938013,valid,,,Shared Pattern Plane,Region-SIFT(21/28),32,1,189.525361857339,191.782056320857,3.18006700003752
429,18,3,6,1,4,112.5,45,1539.86222921277,562.777160182748,4,1540,563,4.065617380928,0.0656173809280034,0.0656173809280034,valid,,,Shared Pattern Plane,Region-SIFT(21/28),32,1,266.796087532447,271.791747983664,3.25647660001414
430,18,3,6,1,5,115,45,1557.8084701527,563.5134934179,4,1558,564,4.08983822443397,0.0898382244339677,0.0898382244339677,valid,,,Shared Pattern Plane,Region-SIFT(21/28),32,1,326.049674925224,333.504803300048,3.44014289998449
431,18,3,6,2,1,105,47.5,1485.11912663501,576.982739204258,4,1485,577,4.01287891560533,0.0128789156053273,0.0128789156053273,valid,,,Shared Pattern Plane,Region-SIFT(21/28),32,1,166.507456770902,169.125641602613,3.53451060003135
432,18,3,6,2,2,107.5,47.5,1502.79434368059,577.740431819715,4,1503,578,4.04863125443342,0.0486312544334186,0.0486312544334186,valid,,,Shared Pattern Plane,Region-SIFT(21/28),32,1,173.648568836091,176.099608471311,3.22300260001794
433,18,3,6,2,3,110,47.5,1520.53948880622,578.501122078127,4,1521,579,3.54029093211953,-0.459709067880474,0.459709067880474,valid,,,Shared Pattern Plane,Region-SIFT(21/28),32,1,176.213339761199,178.066985102904,3.36629109998466
434,18,3,6,2,4,112.5,47.5,1538.35497781686,579.264827804019,4,1538,579,3.56449937216499,-0.435500627835013,0.435500627835013,valid,,,Shared Pattern Plane,Region-SIFT(21/28),32,1,236.349372143216,243.444155760501,3.70886170002632
435,18,3,6,2,5,115,47.5,1556.2412298206,580.031566963515,4,1556,580,4.11140221705237,0.111402217052368,0.111402217052368,valid,,,Shared Pattern Plane,Region-SIFT(21/28),32,1,377.438855214598,390.37411562693,3.57004789996427
436,18,3,6,3,1,105,50,1483.79743772261,593.276847036547,4,1484,593,3.4964233847803,-0.503576615219699,0.503576615219699,valid,,,Shared Pattern Plane,Region-SIFT(21/28),32,1,190.665797102388,193.355345012949,3.36652720003622
437,18,3,6,3,2,107.5,50,1501.41442695099,594.064222214606,4,1501,594,4.04690187837172,0.046901878371715,0.046901878371715,valid,,,Shared Pattern Plane,Region-SIFT(21/28),32,1,240.616790699833,245.829629460383,3.97403530002339
438,18,3,6,3,3,110,50,1519.10089411168,594.854702645136,4,1519,595,3.54786402513637,-0.452135974863631,0.452135974863631,valid,,,Shared Pattern Plane,Region-SIFT(21/28),32,1,168.625972822482,172.105869310549,3.51141100004315
439,18,3,6,3,4,112.5,50,1536.85725102768,595.648306734187,4,1537,596,3.57411953194131,-0.42588046805869,0.42588046805869,valid,,,Shared Pattern Plane,Region-SIFT(21/28),32,1,221.012625875927,227.987185738872,3.21278860000893
440,18,3,6,3,5,115,50,1554.6839127831,596.445053033563,4,1555,596,3.58684869860223,-0.413151301397766,0.413151301397766,valid,,,Shared Pattern Plane,Region-SIFT(21/28),32,1,280.334473758274,290.076804976355,3.41994089999935
441,18,3,6,4,1,105,52.5,1482.48402560141,609.468916539642,4,1482,609,4.03167142355221,0.0316714235522113,0.0316714235522113,valid,,,Shared Pattern Plane,Region-SIFT(21/28),32,1,245.149670111439,248.147718044223,3.3329152999795
442,18,3,6,4,2,107.5,52.5,1500.04316860487,610.285587851467,4,1500,610,4.05696908757597,0.0569690875759674,0.0569690875759674,valid,,,Shared Pattern Plane,Region-SIFT(21/28),32,1,243.604087043439,248.17552035302,3.18474589998368
443,18,3,6,4,3,110,52.5,1517.67134372314,611.105469829539,4,1518,611,3.55688503430107,-0.443114965698934,0.443114965698934,valid,,,Shared Pattern Plane,Region-SIFT(21/28),32,1,202.792771543271,205.964521677357,3.20139110001037
444,18,3,6,4,4,112.5,52.5,1535.3689588479,611.928581444796,4,1535,612,4.10600210626409,0.106002106264093,0.106002106264093,valid,,,Shared Pattern Plane,Region-SIFT(21/28),32,1,198.542556033059,202.498987766203,3.16745139996056
445,18,3,6,4,5,115,52.5,1553.13642509064,612.754941817931,4,1553,613,4.13103570915333,0.131035709153325,0.131035709153325,valid,,,Shared Pattern Plane,Region-SIFT(21/28),32,1,240.040277277225,245.248108119076,3.22707510000328
446,18,3,6,5,1,105,55,1481.17881276666,625.559903211222,4,1481,626,4.04251582497666,0.0425158249766593,0.0425158249766593,valid,,,Shared Pattern Plane,Region-SIFT(21/28),32,1,208.72681130606,211.132422073606,3.41922250000061
447,18,3,6,5,2,107.5,55,1498.68048740565,626.405489722292,4,1499,626,4.06714189123425,0.067141891234253,0.067141891234253,valid,,,Shared Pattern Plane,Region-SIFT(21/28),32,1,234.399346419239,239.303172606957,3.38099179998972
448,18,3,6,5,3,110,55,1516.25075261685,627.25439015982,4,1516,627,3.56447395906723,-0.435526040932773,0.435526040932773,valid,,,Shared Pattern Plane,Region-SIFT(21/28),32,1,227.007143349622,232.922796726415,3.25956029997906
449,18,3,6,5,4,112.5,55,1533.89001241048,628.1066240434,4,1534,628,4.1161322756688,0.116132275668804,0.116132275668804,valid,,,Shared Pattern Plane,Region-SIFT(21/28),32,1,262.104884908565,267.772243257303,3.0723126999801
450,18,3,6,5,5,115,55,1551.59867397592,628.962211046228,4,1552,629,4.14116839746752,0.14116839746752,0.14116839746752,valid,,,Shared Pattern Plane,Region-SIFT(21/28),32,1,248.576622363499,255.440872332744,3.12158969999291
451,19,4,1,1,1,5,65,835.726658416195,653.440596262968,3.5,836,653,3.67903265314393,0.179032653143928,0.179032653143928,valid,,,Shared Pattern Plane,Region-SIFT(21/28),32,1,279.289719144629,286.280500701874,3.4148642999935
452,19,4,1,1,2,7.5,65,850.615066120577,654.265829101759,3.5,851,654,3.70277554034385,0.202775540343852,0.202775540343852,valid,,,Shared Pattern Plane,Region-SIFT(21/28),32,1,251.337295877366,257.167655580652,3.08375629998045
453,19,4,1,1,3,10,65,865.556960020735,655.094026566859,3.5,866,655,,,,failed,Region-SIFT 匹配失敗: ObjRatio 0.967258 exceeds 0.950000; ambiguous match,,,,32,,267.687990004928,273.822103163302,3.06157160003204
454,19,4,1,1,4,12.5,65,880.552628856851,655.925204662523,3.5,881,656,3.76824376514177,0.268243765141771,0.268243765141771,valid,,,Shared Pattern Plane,Region-SIFT(21/28),32,1,241.564182485348,249.184472557235,3.38224559999071
455,19,4,1,1,5,15,65,895.602363451165,656.759379508411,3.5,896,657,4.34230439669663,0.842304396696627,0.842304396696627,valid,,,Shared Pattern Plane,Region-SIFT(21/28),32,1,258.938212056639,261.244383965871,5.05522360000759
456,19,4,1,2,1,5,67.5,836.379091994888,668.02776727792,3.5,836,668,3.69094124106916,0.190941241069158,0.190941241069158,valid,,,Shared Pattern Plane,Region-SIFT(21/28),32,1,178.539363067365,182.462063971361,4.87171650002711
457,19,4,1,2,2,7.5,67.5,851.226098714102,668.876720937679,3.5,851,669,3.71463534630246,0.214635346302465,0.214635346302465,valid,,,Shared Pattern Plane,Region-SIFT(21/28),32,1,203.593531732206,204.916341613222,3.69256310001947
458,19,4,1,2,3,10,67.5,866.126290126847,669.728715704717,3.5,866,670,3.71938637278007,0.219386372780074,0.219386372780074,valid,,,Shared Pattern Plane,Region-SIFT(21/28),32,1,227.923955465246,233.415233921904,3.27569819998462
459,19,4,1,2,4,12.5,67.5,881.079952521845,670.583767949059,3.5,881,671,3.7437469311535,0.243746931153502,0.243746931153502,valid,,,Shared Pattern Plane,Region-SIFT(21/28),32,1,198.110683073821,203.794049972476,3.47058780002408
460,19,4,1,2,5,15,67.5,896.087374246262,671.441894158432,3.5,896,671,3.784555335176,0.284555335176004,0.284555335176004,valid,,,Shared Pattern Plane,Region-SIFT(21/28),32,1,176.401774996803,177.964436811168,6.12415930000134
461,19,4,1,3,1,5,70,837.027812082902,682.531911720702,3.5,837,683,3.70439965280048,0.204399652800475,0.204399652800475,valid,,,Shared Pattern Plane,Region-SIFT(21/28),32,1,164.023080183968,165.44672556773,4.94663540000329
462,19,4,1,3,2,7.5,70,851.833647260845,683.404302928569,3.5,852,683,3.72728413424675,0.227284134246745,0.227284134246745,valid,,,Shared Pattern Plane,Region-SIFT(21/28),32,1,171.81570454653,172.417431028059,3.94922479998786
463,19,4,1,3,3,10,70,866.692368171845,684.279810275985,3.5,867,684,3.75092456696974,0.25092456696974,0.25092456696974,valid,,,Shared Pattern Plane,Region-SIFT(21/28),32,1,196.214102937809,198.258555894616,3.71446689998265
464,19,4,1,3,4,12.5,70,881.60425868083,685.158450488873,3.5,882,685,3.75648571611595,0.256485716115955,0.256485716115955,valid,,,Shared Pattern Plane,Region-SIFT(21/28),32,1,205.969935385891,207.571608248283,4.24558650003746
465,19,4,1,3,5,15,70,896.569604687902,686.040240413072,3.5,897,686,3.7979714062369,0.297971406236898,0.297971406236898,valid,,,Shared Pattern Plane,Region-SIFT(21/28),32,1,253.046980334085,259.457753054913,3.69254630000796
466,19,4,1,4,1,5,72.5,837.672850294671,696.953736429831,3.5,838,697,3.7170217056635,0.217021705663496,0.217021705663496,valid,,,Shared Pattern Plane,Region-SIFT(21/28),32,1,164.067057677173,165.396652707918,3.85436779999873
467,19,4,1,4,2,7.5,72.5,852.437741474625,697.849285585415,3.5,852,698,3.7392402260324,0.2392402260324,0.2392402260324,valid,,,Shared Pattern Plane,Region-SIFT(21/28),32,1,154.950455181182,157.432853172559,3.6183646999998
468,19,4,1,4,3,10,72.5,867.255221940441,698.748024489572,3.5,867,699,3.76290378828892,0.262903788288924,0.262903788288924,valid,,,Shared Pattern Plane,Region-SIFT(21/28),32,1,170.890778075324,173.333593723965,3.5795153999934
469,19,4,1,4,4,12.5,72.5,882.125573160541,699.649970214474,3.5,882,700,2.63142396357966,-0.868576036420335,0.868576036420335,valid,,,Shared Pattern Plane,Region-SIFT(21/28),32,1,245.882592001415,251.25906871681,3.89304709999124
470,19,4,1,4,5,15,72.5,897.049078615568,700.555139954347,3.5,897,701,3.25235040055257,-0.247649599447429,0.247649599447429,valid,,,Shared Pattern Plane,Region-SIFT(21/28),32,1,252.544185754483,259.777265913962,3.61753479996696
471,19,4,1,5,1,5,75,838.314237886786,711.293940243064,3.5,838,711,3.1477916399094,-0.352208360090597,0.352208360090597,valid,,,Shared Pattern Plane,Region-SIFT(21/28),32,1,169.254419727426,171.886913914531,3.71979110001121
472,19,4,1,5,2,7.5,75,853.038410732328,712.212371362614,3.5,853,712,3.75194987906875,0.251949879068746,0.251949879068746,valid,,,Shared Pattern Plane,Region-SIFT(21/28),32,1,149.358991883293,150.860356042694,3.56923679995816
473,19,4,1,5,3,10,75,867.814878901734,713.134064441484,3.5,868,713,3.77563985370691,0.275639853706911,0.275639853706911,valid,,,Shared Pattern Plane,Region-SIFT(21/28),32,1,186.599702945084,190.978726337575,3.68755090003833
474,19,4,1,5,4,12.5,75,882.643921493815,714.059036888668,3.5,883,714,3.78132732888832,0.28132732888832,0.28132732888832,valid,,,Shared Pattern Plane,Region-SIFT(21/28),32,1,197.166076359421,200.313480005179,4.30073219997576
475,19,4,1,5,5,15,75,897.52581959698,714.987306237263,3.5,898,715,3.26396010552861,-0.236039894471395,0.236039894471395,valid,,,Shared Pattern Plane,Region-SIFT(21/28),32,1,196.380992888395,199.964006025634,4.02281460002996
476,20,4,2,1,1,25,65,956.34784978599,660.126372885216,3,956,660,,,,failed,Region-SIFT 匹配失敗: ObjRatio 0.952523 exceeds 0.950000; ambiguous match,,,,32,,194.635204290461,196.990047814083,3.79437820002204
477,20,4,2,1,2,27.5,65,971.672349704647,660.97577738985,3,972,661,2.7691352131832,-0.230864786816804,0.230864786816804,valid,,,Shared Pattern Plane,Region-SIFT(21/28),32,1,165.849417289855,168.886742134866,3.97786399995675
478,20,4,2,1,3,30,65,987.052705105526,661.828277845312,3,987,662,,,,failed,Region-SIFT 匹配失敗: ObjRatio 0.987040 exceeds 0.950000; ambiguous match,,,,32,,205.709788749836,208.222499828664,6.07409149996238
479,20,4,2,1,4,32.5,65,1002.48922192334,662.683891208912,3,1002,663,2.80541162073604,-0.194588379263959,0.194588379263959,valid,,,Shared Pattern Plane,Region-SIFT(21/28),32,1,253.890537195357,261.011837616452,3.99075070000254
480,20,4,2,1,5,35,65,1017.98220833112,663.54263456203,3,1018,664,2.83195749335087,-0.168042506649135,0.168042506649135,valid,,,Shared Pattern Plane,Region-SIFT(21/28),32,1,244.949262923286,253.717840427667,6.00833730003797
481,20,4,2,2,1,25,67.5,956.660494470845,674.905472580008,3,957,675,2.73969878841001,-0.260301211589989,0.260301211589989,valid,,,Shared Pattern Plane,Region-SIFT(21/28),32,1,172.147360900596,173.497425071358,5.00332860002527
482,20,4,2,2,2,27.5,67.5,971.941111404369,675.779220124844,3,972,676,2.77876580354827,-0.221234196451732,0.221234196451732,valid,,,Shared Pattern Plane,Region-SIFT(21/28),32,1,140.913943126719,141.183823522194,4.31555240001762
483,20,4,2,2,3,30,67.5,987.277262029886,676.65614309298,3,987,677,2.79006884994255,-0.209931150057455,0.209931150057455,valid,,,Shared Pattern Plane,Region-SIFT(21/28),32,1,170.506550390254,171.501515878878,3.55791219999082
484,20,4,2,2,4,32.5,67.5,1002.66924963408,677.536258826385,3,1003,678,2.8167349371415,-0.183265062858499,0.183265062858499,valid,,,Shared Pattern Plane,Region-SIFT(21/28),32,1,165.612574867471,168.606224293647,3.83951640001033
485,20,4,2,2,5,35,67.5,1018.11737971614,678.419584793539,3,1018,678,2.8410171248418,-0.158982875158199,0.158982875158199,valid,,,Shared Pattern Plane,Region-SIFT(21/28),32,1,178.628074677785,180.395292482849,3.59673979994841
486,20,4,2,3,1,25,70,956.97133395892,689.599238397498,3,957,690,2.74939907063418,-0.250600929365817,0.250600929365817,valid,,,Shared Pattern Plane,Region-SIFT(21/28),32,1,194.893449243414,200.777275237224,4.1871220000321
487,20,4,2,3,2,27.5,70,972.208318479157,690.497033838965,3,972,690,2.7739956518438,-0.226004348156195,0.226004348156195,valid,,,Shared Pattern Plane,Region-SIFT(21/28),32,1,155.462754690584,157.300869837613,3.58269229996949
488,20,4,2,3,3,30,70,987.500517673895,691.398082646149,3,988,691,2.80077914422154,-0.199220855778464,0.199220855778464,valid,,,Shared Pattern Plane,Region-SIFT(21/28),32,1,190.910665092266,196.217709934869,3.48566480004229
489,20,4,2,3,4,32.5,70,1002.84823221228,692.302402535114,3,1003,692,2.82580213262815,-0.174197867371845,0.174197867371845,valid,,,Shared Pattern Plane,Region-SIFT(21/28),32,1,175.682130065797,178.403202087316,3.54148090002127
490,20,4,2,3,5,35,70,1018.25176495046,693.210011350787,3,1018,693,2.85078046735847,-0.149219532641525,0.149219532641525,valid,,,Shared Pattern Plane,Region-SIFT(21/28),32,1,147.907984632159,150.017192590616,3.62227829999756
491,20,4,2,4,1,25,72.5,957.2803838399,704.208407281278,3,957,704,2.75848416174133,-0.241515838258666,0.241515838258666,valid,,,Shared Pattern Plane,Region-SIFT(21/28),32,1,186.543390528361,192.251090284973,4.47422099998221
492,20,4,2,4,2,27.5,72.5,972.473984378967,705.129959358243,3,972,705,2.7837132880446,-0.2162867119554,0.2162867119554,valid,,,Shared Pattern Plane,Region-SIFT(21/28),32,1,136.323983527996,137.333463552898,3.77657799998997
493,20,4,2,4,3,30,72.5,987.72248331602,706.05484124058,3,988,706,2.82345229804035,-0.176547701959651,0.176547701959651,valid,,,Shared Pattern Plane,Region-SIFT(21/28),32,1,183.289685774606,186.646756361571,3.61179920000723
494,20,4,2,4,4,32.5,72.5,1003.02617873269,706.98307100812,3,1003,707,2.84781698135707,-0.152183018642934,0.152183018642934,valid,,,Shared Pattern Plane,Region-SIFT(21/28),32,1,187.714044278261,189.884288736172,3.61248959996738
495,20,4,2,4,5,35,72.5,1018.38537087252,707.914666871824,3,1018,708,2.86056849622299,-0.139431503777009,0.139431503777009,valid,,,Shared Pattern Plane,Region-SIFT(21/28),32,1,186.308142200853,190.765639639672,4.09803350002039
496,20,4,2,5,1,25,75,957.587659524473,718.733707713632,3,958,719,2.76990815894812,-0.230091841051879,0.230091841051879,valid,,,Shared Pattern Plane,Region-SIFT(21/28),32,1,210.256342837419,213.886592985429,3.98591920000035
497,20,4,2,5,2,27.5,75,972.73812239905,719.678728987531,3,973,720,2.79512163802954,-0.204878361970461,0.204878361970461,valid,,,Shared Pattern Plane,Region-SIFT(21/28),32,1,211.119125165889,216.22622681565,4.06211839994648
498,20,4,2,5,3,30,75,987.943170104764,720.627155030452,3,988,721,2.82033124873288,-0.179668751267116,0.179668751267116,valid,,,Shared Pattern Plane,Region-SIFT(21/28),32,1,239.76383753277,244.173123311785,3.83729809999932
499,20,4,2,5,4,32.5,75,1003.20309816534,721.579004275904,3,1003,722,2.85752103656923,-0.142478963430772,0.142478963430772,valid,,,Shared Pattern Plane,Region-SIFT(21/28),32,1,199.900686190368,204.55158497824,3.60830349999014
500,20,4,2,5,5,35,75,1018.51820424167,722.534295290704,3,1019,723,2.87197688893124,-0.128023111068759,0.128023111068759,valid,,,Shared Pattern Plane,Region-SIFT(21/28),32,1,179.981170756224,182.18837603407,4.04150970000774
501,21,4,3,1,1,45,65,1080.52509281903,667.00925390353,2.5,1081,667,2.37122508899396,-0.128774911006039,0.128774911006039,valid,,,Shared Pattern Plane,Region-SIFT(21/28),32,1,267.043016173348,269.328448437564,3.53774470003555
502,21,4,3,1,2,47.5,65,1096.30512956206,667.883907847473,2.5,1096,668,,,,failed,Region-SIFT 匹配失敗: ObjRatio 0.975858 exceeds 0.950000; ambiguous match,,,,32,,294.767091390317,300.936905837273,3.60849160002545
503,21,4,3,1,3,50,65,1112.14353310263,668.761796939123,2.5,1112,669,2.98533713196394,0.485337131963941,0.485337131963941,valid,,,Shared Pattern Plane,Region-SIFT(21/28),32,1,378.758730473594,392.790652234845,3.61099630000535
504,21,4,3,1,4,52.5,65,1128.04062786919,669.642939160858,2.5,1128,670,2.45092572568322,-0.0490742743167751,0.0490742743167751,valid,,,Shared Pattern Plane,Region-SIFT(21/28),32,1,355.535614405233,367.24745846488,3.82512190000853
505,21,4,3,1,5,55,65,1143.99674069903,670.527352628576,2.5,1144,671,2.47785427226523,-0.0221457277347663,0.0221457277347663,valid,,,Shared Pattern Plane,Region-SIFT(21/28),32,1,292.644706476807,300.503369981596,3.70862650003983
506,21,4,3,2,1,45,67.5,1080.4775133815,681.985344862182,2.5,1080,682,2.37822895577981,-0.121771044220194,0.121771044220194,valid,,,Shared Pattern Plane,Region-SIFT(21/28),32,1,168.546138749299,169.567809094564,3.559971199953
507,21,4,3,2,2,47.5,67.5,1096.21101720477,682.884988534755,2.5,1096,683,2.40552025880497,-0.0944797411950349,0.0944797411950349,valid,,,Shared Pattern Plane,Region-SIFT(21/28),32,1,193.210920130513,198.424576795998,3.45079999999143
508,21,4,3,2,3,50,67.5,1112.00254411069,683.787949974289,2.5,1112,684,1.87450309870606,-0.625496901293938,0.625496901293938,valid,,,Shared Pattern Plane,Region-SIFT(21/28),32,1,275.44872830507,283.217500362616,3.42234310001368
509,21,4,3,2,4,52.5,67.5,1127.8524156644,684.694247567919,2.5,1128,685,2.45964964268031,-0.0403503573196851,0.0403503573196851,valid,,,Shared Pattern Plane,Region-SIFT(21/28),32,1,207.317914665061,211.474009388928,3.58867879997706
510,21,4,3,2,5,55,67.5,1143.76095581158,685.603899838898,2.5,1144,686,2.48653106497573,-0.0134689350242727,0.0134689350242727,valid,,,Shared Pattern Plane,Region-SIFT(21/28),32,1,190.7842405955,193.936912060062,3.64718600001652
511,21,4,3,3,1,45,70,1080.4302126914,696.873697355401,2.5,1080,697,2.38695371042756,-0.113046289572443,0.113046289572443,valid,,,Shared Pattern Plane,Region-SIFT(21/28),32,1,190.158408146813,192.536130534606,3.52130920003401
512,21,4,3,3,2,47.5,70,1096.11745722307,697.798023071622,2.5,1096,698,2.41419315727812,-0.0858068427218779,0.0858068427218779,valid,,,Shared Pattern Plane,Region-SIFT(21/28),32,1,233.970384399475,237.481336561619,3.66539730003569
513,21,4,3,3,3,50,70,1111.86238414972,698.725747556884,2.5,1112,699,2.44131259920256,-0.0586874007974387,0.0586874007974387,valid,,,Shared Pattern Plane,Region-SIFT(21/28),32,1,215.271325896531,217.854619827868,3.48184959997889
514,21,4,3,3,4,52.5,70,1127.66531220677,699.656889591754,2.5,1128,700,2.4746246424407,-0.0253753575592954,0.0253753575592954,valid,,,Shared Pattern Plane,Region-SIFT(21/28),32,1,150.925078867352,151.412637745369,3.64492240000982
515,21,4,3,3,5,55,70,1143.52656248232,700.591468095423,2.5,1144,701,2.4953145434762,-0.00468545652379992,0.00468545652379992,valid,,,Shared Pattern Plane,Region-SIFT(21/28),32,1,160.842799507626,162.872748938572,3.56732889998239
516,21,4,3,4,1,45,72.5,1080.38318830629,711.675080164019,2.5,1080,712,2.39563204817443,-0.104367951825574,0.104367951825574,valid,,,Shared Pattern Plane,Region-SIFT(21/28),32,1,209.504799464392,214.725997398671,3.51680590002798
517,21,4,3,4,2,47.5,72.5,1096.02444476809,712.623784346523,2.5,1096,713,2.42292473051594,-0.0770752694840628,0.0770752694840628,valid,,,Shared Pattern Plane,Region-SIFT(21/28),32,1,200.686781459385,205.085540132695,3.5902091000462
518,21,4,3,4,3,50,72.5,1111.72304592895,713.575966712253,2.5,1112,714,2.450042389233,-0.0499576107669952,0.0499576107669952,valid,,,Shared Pattern Plane,Region-SIFT(21/28),32,1,188.605412373215,190.871361663535,3.4893767000176
519,21,4,3,4,4,52.5,72.5,1127.47930772773,714.531646424151,2.5,1127,715,2.4754263485739,-0.024573651426099,0.024573651426099,valid,,,Shared Pattern Plane,Region-SIFT(21/28),32,1,201.811653645833,207.522151242631,3.4722026999807
520,21,4,3,4,5,55,72.5,1143.29354842841,715.49084278619,2.5,1143,715,2.50178842365149,0.0017884236514889,0.0017884236514889,valid,,,Shared Pattern Plane,Region-SIFT(21/28),32,1,136.265177968444,137.220575268926,3.5070790000027
521,21,4,3,5,1,45,75,1080.33643781219,726.390253113421,2.5,1080,726,2.40377648391591,-0.0962235160840943,0.0962235160840943,valid,,,Shared Pattern Plane,Region-SIFT(21/28),32,1,173.593738904075,176.849715085043,3.50842189998366
522,21,4,3,5,2,47.5,75,1095.93197504753,727.363036228187,2.5,1096,727,2.43103266398096,-0.0689673360190426,0.0689673360190426,valid,,,Shared Pattern Plane,Region-SIFT(21/28),32,1,188.221283895503,194.031600850789,3.44756320002489
523,21,4,3,5,3,50,75,1111.58452224288,728.339375381173,2.5,1112,728,2.45820723696467,-0.0417927630353345,0.0417927630353345,valid,,,Shared Pattern Plane,Region-SIFT(21/28),32,1,158.365161048041,161.226591500886,3.60334029997466
524,21,4,3,5,4,52.5,75,1127.29439257312,729.319290106893,2.5,1127,729,1.91615750539958,-0.583842494600422,0.583842494600422,valid,,,Shared Pattern Plane,Region-SIFT(21/28),32,1,150.330775509688,152.822307824567,3.59927170001902
525,21,4,3,5,5,55,75,1143.06190151115,730.302800083201,2.5,1143,730,2.51057354439757,0.0105735443975723,0.0105735443975723,valid,,,Shared Pattern Plane,Region-SIFT(21/28),32,1,175.002377551952,178.424930214123,3.51812419999624
526,22,4,4,1,1,65,65,1208.4179949699,674.098086020354,2,1208,674,2.02662356007688,0.0266235600768781,0.0266235600768781,valid,,,Shared Pattern Plane,Region-SIFT(21/28),32,1,193.998130346732,197.45670408542,3.49464769999031
527,22,4,4,1,2,67.5,65,1224.6741865689,674.999132217337,2,1225,675,1.49708761753373,-0.502912382466267,0.502912382466267,valid,,,Shared Pattern Plane,Region-SIFT(21/28),32,1,184.823185367181,186.797421018059,3.50976390001597
528,22,4,4,1,3,70,65,1240.99140911372,675.903561230111,2,1241,676,2.08325450203353,0.0832545020335256,0.0832545020335256,valid,,,Shared Pattern Plane,Region-SIFT(21/28),32,1,181.864366219031,184.257121394731,4.19923039997229
529,22,4,4,1,4,72.5,65,1257.37000694529,676.811392144761,2,1257,677,2.11059371263772,0.110593712637716,0.110593712637716,valid,,,Shared Pattern Plane,Region-SIFT(21/28),32,1,185.326707442349,188.037320727317,3.91814599995269
530,22,4,4,1,5,75,65,1273.81032699982,677.722644191227,2,1274,678,2.13945088976697,0.139450889766969,0.139450889766969,valid,,,Shared Pattern Plane,Region-SIFT(21/28),32,1,186.820392164099,189.401099527643,3.41582439997001
531,22,4,4,2,1,65,67.5,1207.98836581138,689.276430996682,2,1208,689,2.03431906591467,0.0343190659146715,0.0343190659146715,valid,,,Shared Pattern Plane,Region-SIFT(21/28),32,1,151.005551089433,151.918024231868,3.633387400012
532,22,4,4,2,2,67.5,67.5,1224.19519298968,690.203139356576,2,1224,690,2.06187634519556,0.0618763451955604,0.0618763451955604,valid,,,Shared Pattern Plane,Region-SIFT(21/28),32,1,216.043495184278,218.548580525302,3.54798639996443
533,22,4,4,2,3,70,67.5,1240.46268368068,691.133316463544,2,1240,691,1.53056779541647,-0.469432204583527,0.469432204583527,valid,,,Shared Pattern Plane,Region-SIFT(21/28),32,1,167.210201849761,169.922062111476,3.57761229999596
534,22,4,4,2,4,72.5,67.5,1256.79117912595,692.066981829821,2,1257,692,2.11832145167813,0.118321451678128,0.118321451678128,valid,,,Shared Pattern Plane,Region-SIFT(21/28),32,1,156.038265683411,157.91928400257,3.73872239998309
535,22,4,4,2,5,75,67.5,1273.18102313123,693.004155114262,2,1273,693,2.14555622969438,0.145556229694384,0.145556229694384,valid,,,Shared Pattern Plane,Region-SIFT(21/28),32,1,182.423359750818,186.898188726878,3.61435059999349
536,22,4,4,3,1,65,70,1207.56129109842,704.364530105873,2,1208,704,2.04200864865725,0.042008648657252,0.042008648657252,valid,,,Shared Pattern Plane,Region-SIFT(21/28),32,1,146.754023084691,148.139841870727,3.48971350002103
537,22,4,4,3,2,67.5,70,1223.71905266626,705.316579683705,2,1224,705,1.51042279291553,-0.489577207084468,0.489577207084468,valid,,,Shared Pattern Plane,Region-SIFT(21/28),32,1,195.406630672475,201.116538713621,3.75763800001005
538,22,4,4,3,3,70,70,1239.93711362161,706.272182229328,2,1240,706,2.09809720752313,0.0980972075231277,0.0980972075231277,valid,,,Shared Pattern Plane,Region-SIFT(21/28),32,1,179.713256108319,183.227782731114,3.59971040004166
539,22,4,4,3,4,72.5,70,1256.21581214376,707.231357668982,2,1256,707,1.56570267932041,-0.434297320679594,0.434297320679594,valid,,,Shared Pattern Plane,Region-SIFT(21/28),32,1,168.400348631036,170.655149429156,3.6649815000128
540,22,4,4,3,5,75,70,1272.55548894554,708.194126078191,2,1273,708,2.15328708092215,0.153287080922151,0.153287080922151,valid,,,Shared Pattern Plane,Region-SIFT(21/28),32,1,223.776807081636,230.139042509729,3.49375909997616
541,22,4,4,4,1,65,72.5,1207.1367481166,719.363185824397,2,1207,719,2.04803766010978,0.0480376601097832,0.0480376601097832,valid,,,Shared Pattern Plane,Region-SIFT(21/28),32,1,180.56423895195,185.136760760937,3.577917000046
542,22,4,4,4,2,67.5,72.5,1223.24574018004,720.340260024533,2,1223,720,2.0756297935882,0.0756297935881998,0.0756297935881998,valid,,,Shared Pattern Plane,Region-SIFT(21/28),32,1,175.189142749423,178.797477905217,3.61791119998088
543,22,4,4,4,3,70,72.5,1239.41467077416,721.320969734058,2,1239,721,2.10311395821697,0.103113958216975,0.103113958216975,valid,,,Shared Pattern Plane,Region-SIFT(21/28),32,1,186.537686646678,192.272463448609,3.81225939997239
544,22,4,4,4,4,72.5,72.5,1255.64387505248,722.305335281364,2,1256,722,2.13212796232458,0.132127962324583,0.132127962324583,valid,,,Shared Pattern Plane,Region-SIFT(21/28),32,1,215.298351650137,218.847280277305,3.85617189999903
545,22,4,4,4,5,75,72.5,1271.93369067193,723.293377146679,2,1272,723,1.60079814321484,-0.399201856785157,0.399201856785157,valid,,,Shared Pattern Plane,Region-SIFT(21/28),32,1,203.676645912191,207.770368718655,3.41581479995511
546,22,4,4,5,1,65,75,1206.71471442001,734.273191142561,2,1207,734,2.05573204793504,0.0557320479350389,0.0557320479350389,valid,,,Shared Pattern Plane,Region-SIFT(21/28),32,1,216.939464742671,222.7519255127,3.50102089997381
547,22,4,4,5,2,67.5,75,1222.77523041348,735.274977649631,2,1223,735,1.52014153345744,-0.479858466542562,0.479858466542562,valid,,,Shared Pattern Plane,Region-SIFT(21/28),32,1,173.859805327622,178.37065979037,3.45544509997126
548,22,4,4,5,3,70,75,1238.89532731014,736.280480559395,2,1239,736,2.11082137541994,0.110821375419937,0.110821375419937,valid,,,Shared Pattern Plane,Region-SIFT(21/28),32,1,172.851611084913,177.06898411825,3.68518590001622
549,22,4,4,5,4,72.5,75,1255.07533727375,737.289720590811,2,1255,737,2.13822769573888,0.138227695738883,0.138227695738883,valid,,,Shared Pattern Plane,Region-SIFT(21/28),32,1,207.649375901399,210.815815467966,3.63769669999601
550,22,4,4,5,5,75,75,1271.31559494174,738.302718617136,2,1271,738,1.04319564399628,-0.956804356003719,0.956804356003719,valid,,,Shared Pattern Plane,Region-SIFT(21/28),32,1,236.547547949937,242.421117873937,3.4539104999858
551,23,4,5,1,1,85,65,1340.1958603861,681.40225340524,1.5,1340,681,1.14637574920725,-0.353624250792754,0.353624250792754,valid,,,Shared Pattern Plane,Region-SIFT(21/28),32,1,249.156916558806,256.437041197024,3.39082720002625
552,23,4,5,1,2,87.5,65,1356.95008816372,682.330904690535,1.5,1357,682,1.17708766714345,-0.322912332856553,0.322912332856553,valid,,,Shared Pattern Plane,Region-SIFT(21/28),32,1,197.949503945043,202.120692360379,3.47354689997155
553,23,4,5,1,3,90,65,1373.76817567385,683.263095585263,1.5,1374,683,1.20768696298755,-0.292313037012447,0.292313037012447,valid,,,Shared Pattern Plane,Region-SIFT(21/28),32,1,234.1395212123,239.115251382416,3.54910090001067
554,23,4,5,1,4,92.5,65,1390.65048872137,684.198846365212,1.5,1391,684,1.78770738063389,0.287707380633895,0.287707380633895,valid,,,Shared Pattern Plane,Region-SIFT(21/28),32,1,238.183758721528,242.482964020421,3.63604700000724
555,23,4,5,1,5,95,65,1407.5973959104,685.138177461325,1.5,1408,685,1.27499637818265,-0.225003621817345,0.225003621817345,valid,,,Shared Pattern Plane,Region-SIFT(21/28),32,1,243.350714459495,245.793508700508,3.72964450001018
556,23,4,5,2,1,85,67.5,1339.36085197332,696.788325820198,1.5,1339,697,1.15061208235067,-0.349387917649333,0.349387917649333,valid,,,Shared Pattern Plane,Region-SIFT(21/28),32,1,146.442098432369,147.694306330936,3.56343949999427
557,23,4,5,2,2,87.5,67.5,1356.06268731621,697.743338807476,1.5,1356,698,1.18136414701139,-0.318635852988605,0.318635852988605,valid,,,Shared Pattern Plane,Region-SIFT(21/28),32,1,172.239947961878,175.737223473134,3.53487060003681
558,23,4,5,2,3,90,67.5,1372.82798927227,698.701980823454,1.5,1373,699,1.21197934245463,-0.288020657545366,0.288020657545366,valid,,,Shared Pattern Plane,Region-SIFT(21/28),32,1,163.224021991851,166.612294629179,3.55001649999758
559,23,4,5,2,4,92.5,67.5,1389.65712028778,699.664272592857,1.5,1390,700,1.24247436756834,-0.257525632431658,0.257525632431658,valid,,,Shared Pattern Plane,Region-SIFT(21/28),32,1,158.727419925367,161.498618662123,3.51706020004349
560,23,4,5,2,5,95,67.5,1406.55044557409,700.630234998515,1.5,1407,701,1.27285587534621,-0.227144124653792,0.227144124653792,valid,,,Shared Pattern Plane,Region-SIFT(21/28),32,1,202.276315606839,207.32228673848,3.61638409999432
561,23,4,5,3,1,85,70,1338.53088321964,712.081536224838,1.5,1339,712,1.15625932444149,-0.34374067555851,0.34374067555851,valid,,,Shared Pattern Plane,Region-SIFT(21/28),32,1,178.267535842916,180.395823496569,3.45181600004435
562,23,4,5,3,2,87.5,70,1355.1806524663,713.062575938522,1.5,1355,713,1.18524211765835,-0.314757882341648,0.314757882341648,valid,,,Shared Pattern Plane,Region-SIFT(21/28),32,1,189.811086846407,192.883021985634,3.543177799962
563,23,4,5,3,3,90,70,1371.89349882474,714.047332289401,1.5,1372,714,1.76903009433165,0.269030094331653,0.269030094331653,valid,,,Shared Pattern Plane,Region-SIFT(21/28),32,1,189.490718613478,191.72329497057,3.54893649998121
564,23,4,5,3,4,92.5,70,1388.66978142363,715.035826438098,1.5,1389,715,1.24642975153826,-0.253570248461743,0.253570248461743,valid,,,Shared Pattern Plane,Region-SIFT(21/28),32,1,150.96865278022,152.032685024253,3.56748209998477
565,23,4,5,3,5,95,70,1405.50986212308,716.028079706179,1.5,1406,716,1.27683632988457,-0.223163670115432,0.223163670115432,valid,,,Shared Pattern Plane,Region-SIFT(21/28),32,1,213.108063018637,219.903962967428,3.5883998000063
566,23,4,5,4,1,85,72.5,1337.70590863734,727.282722787088,1.5,1338,727,1.16016650591417,-0.339833494085831,0.339833494085831,valid,,,Shared Pattern Plane,Region-SIFT(21/28),32,1,140.29516553677,141.99056873759,3.6370939000044
567,23,4,5,4,2,87.5,72.5,1354.30393508944,728.289458860682,1.5,1354,728,1.1891857015035,-0.310814298496503,0.310814298496503,valid,,,Shared Pattern Plane,Region-SIFT(21/28),32,1,144.659582397925,145.945313238042,3.58111450000433
568,23,4,5,4,3,90,72.5,1370.96465272566,729.299997403005,1.5,1371,729,1.21986758723609,-0.28013241276391,0.28013241276391,valid,,,Shared Pattern Plane,Region-SIFT(21/28),32,1,199.713840295903,202.41532342759,3.74292699998477
569,23,4,5,4,4,92.5,72.5,1387.68841739742,730.314359997856,1.5,1388,730,1.25617696860837,-0.243823031391628,0.243823031391628,valid,,,Shared Pattern Plane,Region-SIFT(21/28),32,1,218.434203795781,221.488714457923,3.54464589996496
570,23,4,5,4,5,95,72.5,1404.47558765444,731.332568392697,1.5,1404,731,1.27906566796807,-0.220934332031931,0.220934332031931,valid,,,Shared Pattern Plane,Region-SIFT(21/28),32,1,196.10853062887,198.338185954006,3.52428900002269
571,23,4,5,5,1,85,75,1336.8858832845,742.392713618119,1.5,1337,742,1.16405426805348,-0.335945731946516,0.335945731946516,valid,,,Shared Pattern Plane,Region-SIFT(21/28),32,1,149.95214020613,150.809361753391,3.57298420002917
572,23,4,5,5,2,87.5,75,1353.43248724444,743.424820219902,1.5,1353,743,1.19310592878284,-0.306894071217165,0.306894071217165,valid,,,Shared Pattern Plane,Region-SIFT(21/28),32,1,181.644540019262,185.331276351786,3.70846759999404
573,23,4,5,5,3,90,75,1370.04139999098,744.460813378115,1.5,1370,744,0.665696004031709,-0.834303995968291,0.834303995968291,valid,,,Shared Pattern Plane,Region-SIFT(21/28),32,1,212.881464822961,217.643169072652,4.0969193999772
574,23,4,5,5,4,92.5,75,1386.71297413804,745.500715087309,1.5,1387,746,0.697808040363987,-0.802191959636013,0.802191959636013,valid,,,Shared Pattern Plane,Region-SIFT(21/28),32,1,247.367696650066,251.876576233263,3.61065909999888
575,23,4,5,5,5,95,75,1403.44756496521,746.544547508311,1.5,1403,747,0.727607542205318,-0.772392457794682,0.772392457794682,valid,,,Shared Pattern Plane,Region-SIFT(21/28),32,1,238.717380039276,244.77724005932,3.61718030000338
576,24,4,6,1,1,105,65,1476.03843764858,688.931719140519,1,1476,689,0.842372701131563,-0.157627298868437,0.157627298868437,valid,,,Shared Pattern Plane,Region-SIFT(21/28),32,1,232.723914340186,239.83406519865,3.63698870001826
577,24,4,6,1,2,107.5,65,1493.31394447583,689.889263817134,1,1493,690,0.3256417467171,-0.6743582532829,0.6743582532829,valid,,,Shared Pattern Plane,Region-SIFT(21/28),32,1,207.910344818156,210.632140708525,3.73544730001595
578,24,4,6,1,3,110,65,1510.65631737763,690.85051473834,1,1511,691,1.43853423961788,0.438534239617876,0.438534239617876,valid,,,Shared Pattern Plane,Region-SIFT(21/28),32,1,251.002548149149,255.277114406219,3.7675595000037
579,24,4,6,1,4,112.5,65,1528.06594532155,691.815493463784,1,1528,692,0.936637810994138,-0.0633621890058622,0.0633621890058622,valid,,,Shared Pattern Plane,Region-SIFT(21/28),32,1,233.479990590817,235.167013579858,3.59266589995241
580,24,4,6,1,5,115,65,1545.54322029796,692.784221720659,1,1546,693,0.424941990868046,-0.575058009131953,0.575058009131953,valid,,,Shared Pattern Plane,Region-SIFT(21/28),32,1,219.983569550893,223.082719882736,3.4979240000248
581,24,4,6,2,1,105,67.5,1474.77309192057,704.531214259157,1,1475,705,0.845655332706812,-0.154344667293188,0.154344667293188,valid,,,Shared Pattern Plane,Region-SIFT(21/28),32,1,224.396909108238,230.599744576425,3.62237480003387
582,24,4,6,2,2,107.5,67.5,1491.99296537571,705.51584872904,1,1492,706,0.866253294579596,-0.133746705420404,0.133746705420404,valid,,,Shared Pattern Plane,Region-SIFT(21/28),32,1,231.429400266415,235.067566751615,3.51127290003933
583,24,4,6,2,3,110,67.5,1509.27928393751,706.504282538247,1,1509,707,0.359793178445685,-0.640206821554315,0.640206821554315,valid,,,Shared Pattern Plane,Region-SIFT(21/28),32,1,277.589103777446,286.670851982307,3.7155127999722
584,24,4,6,2,4,112.5,67.5,1526.63243292993,707.496537719649,1,1527,707,0.393318825323062,-0.606681174676938,0.606681174676938,valid,,,Shared Pattern Plane,Region-SIFT(21/28),32,1,299.148188626325,306.990076723639,3.4627046000096
585,24,4,6,2,5,115,67.5,1544.05280066209,708.492636476809,1,1544,708,0.412300342936651,-0.587699657063349,0.587699657063349,valid,,,Shared Pattern Plane,Region-SIFT(21/28),32,1,255.897454472698,263.432805498428,3.52529319998575
586,24,4,6,3,1,105,70,1473.51550019457,720.035116122969,1,1474,720,0.848653889178318,-0.151346110821682,0.151346110821682,valid,,,Shared Pattern Plane,Region-SIFT(21/28),32,1,213.666883670464,220.786402709112,3.64511009998387
587,24,4,6,3,2,107.5,70,1490.68009673702,721.04649055273,1,1491,721,0.329578667480221,-0.670421332519779,0.670421332519779,valid,,,Shared Pattern Plane,Region-SIFT(21/28),32,1,228.305266965634,234.908636630818,6.16189009998925
588,24,4,6,3,3,110,70,1507.91072137907,722.061755498148,1,1508,722,0.35043956810165,-0.64956043189835,0.64956043189835,valid,,,Shared Pattern Plane,Region-SIFT(21/28),32,1,253.01849031297,255.838699381763,3.93080510001164
589,24,4,6,3,4,112.5,70,1525.20775584639,723.080933451307,1,1525,723,-0.180594878192694,-1.18059487819269,1.18059487819269,valid,,,Shared Pattern Plane,Region-SIFT(21/28),32,1,316.912076132638,323.630323685572,3.44014729995979
590,24,4,6,3,5,115,70,1542.57158481282,724.104047078007,1,1543,724,0.414557834386043,-0.585442165613957,0.585442165613957,valid,,,Shared Pattern Plane,Region-SIFT(21/28),32,1,251.4635797763,256.885182960013,3.3990666999598
591,24,4,6,4,1,105,72.5,1472.26559141386,735.444300736939,1,1472,735,0.287739761074692,-0.712260238925308,0.712260238925308,valid,,,Shared Pattern Plane,Region-SIFT(21/28),32,1,205.971466671979,208.200140489606,3.53212980000535
592,24,4,6,4,2,107.5,72.5,1489.37526409425,736.482070181665,1,1489,736,0.880848690816683,-0.119151309183317,0.119151309183317,valid,,,Shared Pattern Plane,Region-SIFT(21/28),32,1,192.655330900162,194.613828683282,4.29383510001935
593,24,4,6,4,3,110,72.5,1506.55055177848,737.523819436371,1,1507,738,0.902735389199266,-0.0972646108007338,0.0972646108007338,valid,,,Shared Pattern Plane,Region-SIFT(21/28),32,1,227.335178534694,230.213272585632,3.31041939998977
594,24,4,6,4,4,112.5,72.5,1523.7918326386,738.569571438691,1,1524,739,0.920800022569716,-0.0791999774302837,0.0791999774302837,valid,,,Shared Pattern Plane,Region-SIFT(21/28),32,1,266.829382373669,272.208977525178,3.23321969999233
595,24,4,6,4,5,115,72.5,1541.09948775838,739.619349302866,1,1541,740,,,,failed,Region-SIFT 匹配失敗: ObjRatio 0.959800 exceeds 0.950000; ambiguous match,,,,32,,266.490286111579,271.164249255659,3.29686589998892
596,24,4,6,5,1,105,75,1471.02329538727,750.759633435175,1,1471,751,0.299436773634613,-0.700563226365387,0.700563226365387,valid,,,Shared Pattern Plane,Region-SIFT(21/28),32,1,248.862544315076,254.611435889061,3.2447418999509
597,24,4,6,5,2,107.5,75,1488.07839389068,751.823457758406,1,1488,752,0.331679741692099,-0.668320258307901,0.668320258307901,valid,,,Shared Pattern Plane,Region-SIFT(21/28),32,1,217.971212177176,226.215507402027,3.48837730003288
598,24,4,6,5,3,110,75,1505.19869816475,752.891349339578,1,1505,753,1.46372769507061,0.463727695070609,0.463727695070609,valid,,,Shared Pattern Plane,Region-SIFT(21/28),32,1,240.01523834612,247.303993769432,3.19790519995149
599,24,4,6,5,4,112.5,75,1522.38458287187,753.963331548534,1,1522,754,0.934099819134456,-0.0659001808655437,0.0659001808655437,valid,,,Shared Pattern Plane,Region-SIFT(21/28),32,1,239.333095045948,242.599542861308,3.17324189998908
600,24,4,6,5,5,115,75,1539.63642555025,755.039427934499,1,1540,755,1.52456949979383,0.524569499793829,0.524569499793829,valid,,,Shared Pattern Plane,Region-SIFT(21/28),32,1,256.434973043613,262.873784799676,3.34232180000981
