sample_id,block_id,row,column,sample_row,sample_column,model_x_mm,model_y_mm,u,v,true_height_mm,measured_u,measured_v,wound_height_mm,error_mm,abs_error_mm,status,failure_reason,measurement_warning,height_reference_source,method,candidate_frame,fused_count,group_score,objective_score,elapsed_seconds
1,1,1,1,1,1,5,5,711.392425299143,356.351259792777,12.5,711,356,14.4564286931142,1.95642869311424,1.95642869311424,valid,,,Shared Pattern Plane,Grad-SIFT+Top2Geo+MidGrad+極線對齊,117,1,,,1.62981170001149
2,1,1,1,1,2,7.5,5,726.26281616398,355.704139500909,12.5,726,356,13.7973653273924,1.29736532739242,1.29736532739242,valid,,,Shared Pattern Plane,Grad-SIFT+Top2Geo+MidGrad+極線對齊,117,1,,,1.90449500000977
3,1,1,1,1,3,10,5,741.194019526647,355.05437280911,12.5,741,355,13.3621418750809,0.862141875080869,0.862141875080869,valid,,,Shared Pattern Plane,Grad-SIFT+Top2Geo+MidGrad+極線對齊,117,1,,,1.98211650000303
4,1,1,1,1,4,12.5,5,756.186409190755,354.401943450432,12.5,756,354,13.327834844806,0.827834844805972,0.827834844805972,valid,,,Shared Pattern Plane,Grad-SIFT+Top2Geo+MidGrad+極線對齊,117,1,,,1.82192460000806
5,1,1,1,1,5,15,5,771.240362029811,353.74683502433,12.5,771,354,13.5329958319922,1.03299583199216,1.03299583199216,valid,,,Shared Pattern Plane,Grad-SIFT+Top2Geo+MidGradInterp+極線對齊,117,1,,,1.74351719999686
6,1,1,1,2,1,5,7.5,710.211100457449,370.660614078621,12.5,710,371,15.8538499818209,3.35384998182088,3.35384998182088,valid,,,Shared Pattern Plane,Grad-SIFT+Top2Geo+MidGradInterp+極線對齊,117,1,,,2.21489669999573
7,1,1,1,2,2,7.5,7.5,725.124931113464,370.040787584708,12.5,725,370,16.0939102083329,3.59391020833292,3.59391020833292,valid,,,Shared Pattern Plane,Grad-SIFT+Top2Geo+MidGradInterp+極線對齊,117,1,,,1.92145080000046
8,1,1,1,2,3,10,7.5,740.099940383668,369.418418476035,12.5,740,369,14.7721066321964,2.27210663219645,2.27210663219645,valid,,,Shared Pattern Plane,Grad-SIFT+Top2Geo+MidGradInterp+極線對齊,117,1,,,2.0055313000048
9,1,1,1,2,4,12.5,7.5,755.136505486578,368.793491075208,12.5,755,369,15.8638195388695,3.36381953886946,3.36381953886946,valid,,,Shared Pattern Plane,Grad-SIFT+Top2Geo+MidGradInterp+極線對齊,117,1,,,1.82039700000314
10,1,1,1,2,5,15,7.5,770.235006748267,368.165989575678,12.5,770,368,17.3661068111472,4.86610681114725,4.86610681114725,valid,,,Shared Pattern Plane,Grad-SIFT+Top2Geo+MidGradInterp+極線對齊,117,1,,,1.85372860000643
11,1,1,1,3,1,5,10,709.022482034058,385.0583153126,12.5,709,385,15.044489370276,2.544489370276,2.544489370276,valid,,,Shared Pattern Plane,Grad-SIFT+Top2Geo+MidGradInterp+極線對齊,117,1,,,1.73010800000338
12,1,1,1,3,2,7.5,10,723.980006257006,384.466132870678,12.5,724,384,15.0707372234894,2.57073722348943,2.57073722348943,valid,,,Shared Pattern Plane,Grad-SIFT+Top2Geo+MidGradInterp+極線對齊,117,1,,,1.77643429998716
13,1,1,1,3,3,10,10,738.999078524481,383.871513683828,12.5,739,384,14.2211019201448,1.72110192014478,1.72110192014478,valid,,,Shared Pattern Plane,Grad-SIFT+Top2Geo+MidGradInterp+極線對齊,117,1,,,2.00826020000386
14,1,1,1,3,4,12.5,10,754.080079511619,383.274442680762,12.5,754,383,14.9302078111957,2.43020781119566,2.43020781119566,valid,,,Shared Pattern Plane,Grad-SIFT+Top2Geo+MidGradInterp+極線對齊,117,1,,,1.98437399999239
15,1,1,1,3,5,15,10,769.223393039348,382.674904665649,12.5,769,383,15.9986095327544,3.49860953275438,3.49860953275438,valid,,,Shared Pattern Plane,Grad-SIFT+Top2Geo+MidGradInterp+極線對齊,117,1,,,1.74264070000208
16,1,1,1,4,1,5,12.5,707.826502273184,399.545184218615,12.5,708,400,13.5246634535144,1.02466345351441,1.02466345351441,valid,,,Shared Pattern Plane,Grad-SIFT+Top2Geo+MidGradInterp+極線對齊,117,1,,,1.74764620000497
17,1,1,1,4,2,7.5,12.5,722.82797606165,398.981001033551,12.5,723,399,13.6628799597033,1.16287995970334,1.16287995970334,valid,,,Shared Pattern Plane,Grad-SIFT+Top2Geo+MidGradInterp+極線對齊,117,1,,,2.10109840000223
18,1,1,1,4,3,10,12.5,737.891370679047,398.414489097926,12.5,738,398,13.6885767011909,1.18857670119092,1.18857670119092,valid,,,Shared Pattern Plane,Grad-SIFT+Top2Geo+MidGrad+極線對齊,117,1,,,1.97999330000312
19,1,1,1,4,4,12.5,12.5,753.017070299483,397.845633963523,12.5,753,398,13.8231335080434,1.32313350804344,1.32313350804344,valid,,,Shared Pattern Plane,Grad-SIFT+Top2Geo+MidGrad+極線對齊,117,1,,,1.88493490000837
20,1,1,1,4,5,15,12.5,768.205462281679,397.274421062354,12.5,768,397,14.1135198794608,1.6135198794608,1.6135198794608,valid,,,Shared Pattern Plane,Grad-SIFT+Top2Geo+MidGradInterp+極線對齊,117,1,,,1.84185660000367
21,1,1,1,5,1,5,15,706.623092577188,414.122051717942,12.5,707,414,13.292588107114,0.792588107114009,0.792588107114009,valid,,,Shared Pattern Plane,Grad-SIFT+Top2Geo+MidGradInterp+極線對齊,117,1,,,1.69505219999701
22,1,1,1,5,2,7.5,15,721.668774178519,413.586228028134,12.5,722,414,11.9979649045131,-0.502035095486933,0.502035095486933,valid,,,Shared Pattern Plane,Grad-SIFT+Top2Geo+MidGradInterp+極線對齊,117,1,,,1.79545029999281
23,1,1,1,5,3,10,15,736.776752787952,413.048185747396,12.5,737,413,12.6203178508724,0.120317850872427,0.120317850872427,valid,,,Shared Pattern Plane,Grad-SIFT+Top2Geo+MidGradInterp+極線對齊,117,1,,,2.0525784999918
24,1,1,1,5,4,12.5,15,751.947416121561,412.507911067948,12.5,752,413,13.0468185995053,0.546818599505292,0.546818599505292,valid,,,Shared Pattern Plane,Grad-SIFT+Top2Geo+MidGradInterp+極線對齊,117,1,,,1.81924450000224
25,1,1,1,5,5,15,15,767.181155119466,411.965390067191,12.5,767,412,13.0610681151444,0.561068115144433,0.561068115144433,valid,,,Shared Pattern Plane,Grad-SIFT+Top2Geo+MidGradInterp+極線對齊,117,1,,,1.7053697000083
26,2,1,2,1,1,25,5,832.079451831448,351.099277881597,12,832,351,13.7410638032127,1.74106380321271,1.74106380321271,valid,,,Shared Pattern Plane,Grad-SIFT+Top2Geo+MidGrad+極線對齊,117,1,,,1.73575829999754
27,2,1,2,1,2,27.5,5,847.446983326807,350.430523337284,12,847,350,12.1627978247337,0.162797824733707,0.162797824733707,valid,,,Shared Pattern Plane,Grad-SIFT+Top2Geo+MidGrad+極線對齊,117,1,,,2.06287880000309
28,2,1,2,1,3,30,5,862.878405502087,349.758988438654,12,863,350,13.950832563507,1.95083256350702,1.95083256350702,valid,,,Shared Pattern Plane,Grad-SIFT+Top2Geo+MidGrad+極線對齊,117,1,,,1.99100979999639
29,2,1,2,1,4,32.5,5,878.374117626571,349.084655810558,12,878,349,12.053511870833,0.0535118708329918,0.0535118708329918,valid,,,Shared Pattern Plane,Grad-SIFT+Top2Geo+MidGrad+極線對齊,117,1,,,1.82094470001175
30,2,1,2,1,5,35,5,893.934522303332,348.407507932769,12,894,348,13.2174216257888,1.21742162578882,1.21742162578882,valid,,,Shared Pattern Plane,Grad-SIFT+Top2Geo+MidGrad+極線對齊,117,1,,,1.77238480000233
31,2,1,2,2,1,25,7.5,831.256090475533,365.629921864179,12,831,366,16.1538725066181,4.15387250661812,4.15387250661812,valid,,,Shared Pattern Plane,Grad-SIFT+Top2Geo+MidGradInterp+極線對齊,117,1,,,1.73592130000179
32,2,1,2,2,2,27.5,7.5,846.670088453662,364.989308158396,12,847,365,16.5714953178792,4.57149531787922,4.57149531787922,valid,,,Shared Pattern Plane,Grad-SIFT+Top2Geo+MidGradInterp+極線對齊,117,1,,,1.97656879998976
33,2,1,2,2,3,30,7.5,862.148371629522,364.34602272664,12,862,364,15.2048807587718,3.20488075877179,3.20488075877179,valid,,,Shared Pattern Plane,Grad-SIFT+Top2Geo+MidGradInterp+極線對齊,117,1,,,1.99613550001231
34,2,1,2,2,4,32.5,7.5,877.691343002609,363.700048820044,12,878,364,14.9609553473545,2.96095534735449,2.96095534735449,valid,,,Shared Pattern Plane,Grad-SIFT+Top2Geo+MidGradInterp+極線對齊,117,1,,,1.89119019999634
35,2,1,2,2,5,35,7.5,893.299408947975,363.051369549451,12,893,363,14.5197156209753,2.51971562097532,2.51971562097532,valid,,,Shared Pattern Plane,Grad-SIFT+Top2Geo+MidGradInterp+極線對齊,117,1,,,1.85028279999096
36,2,1,2,3,1,25,10,830.427560912269,380.251774136391,12,830,380,15.6052112947602,3.60521129476024,3.60521129476024,valid,,,Shared Pattern Plane,Grad-SIFT+Top2Geo+MidGrad+極線對齊,117,1,,,1.77406759999576
37,2,1,2,3,2,27.5,10,845.888306861747,379.63966867336,12,846,380,15.0729676084051,3.07296760840508,3.07296760840508,valid,,,Shared Pattern Plane,Grad-SIFT+Top2Geo+MidGrad+極線對齊,117,1,,,1.89778329999535
38,2,1,2,3,3,30,10,861.413736191168,379.025002334524,12,861,379,14.5761148181435,2.57611481814354,2.57611481814354,valid,,,Shared Pattern Plane,Grad-SIFT+Top2Geo+MidGradInterp+極線對齊,117,1,,,1.86351510000532
39,2,1,2,3,4,32.5,10,877.004255676847,378.407759015226,12,877,378,14.3031164814808,2.30311648148084,2.30311648148084,valid,,,Shared Pattern Plane,Grad-SIFT+Top2Geo+MidGradInterp+極線對齊,117,1,,,1.72493270000268
40,2,1,2,3,5,35,10,892.660275513076,377.787922475489,12,893,378,14.224342372742,2.22434237274197,2.22434237274197,valid,,,Shared Pattern Plane,Grad-SIFT+Top2Geo+MidGradInterp+極線對齊,117,1,,,1.78305790000013
41,2,1,2,4,1,25,12.5,829.593814327497,394.965696168292,12,830,395,14.3044729417547,2.30447294175466,2.30447294175466,valid,,,Shared Pattern Plane,Grad-SIFT+Top2Geo+MidGrad+極線對齊,117,1,,,1.97361770000134
42,2,1,2,4,2,27.5,12.5,845.101592298934,394.382471633652,12,845,394,13.6699594983597,1.66995949835971,1.66995949835971,valid,,,Shared Pattern Plane,Grad-SIFT+Top2Geo+MidGrad+極線對齊,117,1,,,2.08543300000019
43,2,1,2,4,3,30,12.5,860.674455542435,393.796799338438,12,861,394,14.0111414360887,2.01114143608869,2.01114143608869,valid,,,Shared Pattern Plane,Grad-SIFT+Top2Geo+MidGrad+極線對齊,117,1,,,2.22792489999847
44,2,1,2,4,4,32.5,12.5,876.312814658473,393.208663840575,12,876,393,13.1738246432911,1.17382464329109,1.17382464329109,valid,,,Shared Pattern Plane,Grad-SIFT+Top2Geo+MidGrad+極線對齊,117,1,,,2.60892909999529
45,2,1,2,4,5,35,12.5,892.017083708583,392.618049567822,12,892,393,13.7432887304178,1.74328873041782,1.74328873041782,valid,,,Shared Pattern Plane,Grad-SIFT+Top2Geo+MidGradInterp+極線對齊,117,1,,,2.14502840000205
46,2,1,2,5,1,25,15,828.754801290379,409.772560313085,12,829,410,12.7246420227382,0.724642022738248,0.724642022738248,valid,,,Shared Pattern Plane,Grad-SIFT+Top2Geo+MidGradInterp+極線對齊,117,1,,,2.62489469999855
47,2,1,2,5,2,27.5,15,844.309897927554,409.218594763615,12,844,409,13.1565675127751,1.15656751277513,1.15656751277513,valid,,,Shared Pattern Plane,Grad-SIFT+Top2Geo+MidGradInterp+極線對齊,117,1,,,1.81207139999606
48,2,1,2,5,3,30,15,859.930485485042,408.662296878029,12,860,409,12.4504208197006,0.450420819700568,0.450420819700568,valid,,,Shared Pattern Plane,Grad-SIFT+Top2Geo+MidGradInterp+極線對齊,117,1,,,1.98388129999512
49,2,1,2,5,4,32.5,15,875.616978435553,408.103651895662,12,876,408,13.1925921691696,1.19259216916961,1.19259216916961,valid,,,Shared Pattern Plane,Grad-SIFT+Top2Geo+MidGradInterp+極線對齊,117,1,,,2.03202119999332
50,2,1,2,5,5,35,15,891.369794756625,407.542644931028,12,891,408,12.4313676100901,0.431367610090069,0.431367610090069,valid,,,Shared Pattern Plane,Grad-SIFT+Top2Geo+MidGradInterp+極線對齊,117,1,,,2.2766341999959
51,3,1,3,1,1,45,5,956.831237242364,345.670408356917,11.5,957,346,12.6668990973486,1.16689909734856,1.16689909734856,valid,,,Shared Pattern Plane,Grad-SIFT+Top2Geo+MidGradInterp+極線對齊,117,1,,,2.69802539999364
52,3,1,3,1,2,47.5,5,972.721262874908,344.978916242245,11.5,973,345,10.7385675263882,-0.761432473611832,0.761432473611832,valid,,,Shared Pattern Plane,Grad-SIFT+Top2Geo+MidGrad+極線對齊,117,1,,,2.48954599999706
53,3,1,3,1,3,50,5,988.678468671513,344.284500623559,11.5,989,344,12.9304865038613,1.43048650386133,1.43048650386133,valid,,,Shared Pattern Plane,Grad-SIFT+Top2Geo+MidGrad+極線對齊,117,1,,,2.7500299999956
54,3,1,3,1,4,52.5,5,1004.70328157313,343.587142921513,11.5,1005,344,,,,failed,Top2-Geo: HIGH/MID 均未通過支援點與 RANSAC 門檻,,,,117,,,,2.79274760000408
55,3,1,3,1,5,55,5,1020.79613214609,342.886824398992,11.5,1021,343,12.8175529516589,1.31755295165887,1.31755295165887,valid,,,Shared Pattern Plane,Grad-SIFT+Top2Geo+MidGrad+極線對齊,117,1,,,2.65352120000171
56,3,1,3,2,1,45,7.5,956.390866093588,360.429256050885,11.5,956,360,11.5086942555643,0.0086942555643077,0.0086942555643077,valid,,,Shared Pattern Plane,Grad-SIFT+Top2Geo+MidGradInterp+極線對齊,117,1,,,2.87131430000591
57,3,1,3,2,2,47.5,7.5,972.330621174927,359.766791608731,11.5,972,360,12.7563344883654,1.25633448836535,1.25633448836535,valid,,,Shared Pattern Plane,Grad-SIFT+Top2Geo+MidGradInterp+極線對齊,117,1,,,2.80679630000668
58,3,1,3,2,3,50,7.5,988.337981980495,359.101517437811,11.5,988,359,15.6750779786786,4.17507797867864,4.17507797867864,valid,,,Shared Pattern Plane,Grad-SIFT+Top2Geo+MidGradInterp+極線對齊,117,1,,,2.9247430999967
59,3,1,3,2,4,52.5,7.5,1004.41337953139,358.433415624665,11.5,1004,358,14.8071167577542,3.30711675775421,3.30711675775421,valid,,,Shared Pattern Plane,Grad-SIFT+Top2Geo+MidGradInterp+極線對齊,117,1,,,2.85619140000199
60,3,1,3,2,5,55,7.5,1020.55724852047,357.762468103233,11.5,1021,358,14.9602973767357,3.46029737673569,3.46029737673569,valid,,,Shared Pattern Plane,Grad-SIFT+Top2Geo+MidGradInterp+極線對齊,117,1,,,2.74812720000045
61,3,1,3,3,1,45,10,955.947683905792,375.282314496104,11.5,956,375,12.8552547341327,1.35525473413266,1.35525473413266,valid,,,Shared Pattern Plane,Grad-SIFT+Top2Geo+MidGradInterp+極線對齊,117,1,,,2.55090930000006
62,3,1,3,3,2,47.5,10,971.937480582161,374.649263417563,11.5,972,375,13.2420251327221,1.74202513272208,1.74202513272208,valid,,,Shared Pattern Plane,Grad-SIFT+Top2Geo+MidGradInterp+極線對齊,117,1,,,2.45604740000272
63,3,1,3,3,3,50,10,987.99531259914,374.013518755944,11.5,988,374,13.8087673957684,2.30876739576838,2.30876739576838,valid,,,Shared Pattern Plane,Grad-SIFT+Top2Geo+MidGradInterp+極線對齊,117,1,,,2.28950460000488
64,3,1,3,3,4,52.5,10,1004.12161511012,373.375063283115,11.5,1004,373,13.2071450971619,1.70714509716187,1.70714509716187,valid,,,Shared Pattern Plane,Grad-SIFT+Top2Geo+MidGradInterp+極線對齊,117,1,,,2.75148659999832
65,3,1,3,3,5,55,10,1020.31682698741,372.733879623709,11.5,1020,373,13.9732639204787,2.47326392047866,2.47326392047866,valid,,,Shared Pattern Plane,Grad-SIFT+Top2Geo+MidGradInterp+極線對齊,117,1,,,2.31719600000361
66,3,1,3,4,1,45,12.5,955.501663677065,390.230488649866,11.5,956,390,12.4648993283515,0.964899328351471,0.964899328351471,valid,,,Shared Pattern Plane,Grad-SIFT+Top2Geo+MidGrad+極線對齊,117,1,,,2.21578399999999
67,3,1,3,4,2,47.5,12.5,971.541817041952,389.627242266082,11.5,972,390,12.3640074644332,0.864007464433163,0.864007464433163,valid,,,Shared Pattern Plane,Grad-SIFT+Top2Geo+MidGrad+極線對齊,117,1,,,2.68831830000272
68,3,1,3,4,3,50,12.5,987.650439471751,389.021420862293,11.5,988,389,12.059631999338,0.559631999337954,0.559631999337954,valid,,,Shared Pattern Plane,Grad-SIFT+Top2Geo+MidGrad+極線對齊,117,1,,,2.58788130000175
69,3,1,3,4,4,52.5,12.5,1003.82797030514,388.413007915621,11.5,1004,388,12.7257892706856,1.2257892706856,1.2257892706856,valid,,,Shared Pattern Plane,Grad-SIFT+Top2Geo+MidGrad+極線對齊,117,1,,,2.38593389999005
70,3,1,3,4,5,55,12.5,1020.07485264761,387.801986761527,11.5,1020,388,12.6350608935985,1.13506089359845,1.13506089359845,valid,,,Shared Pattern Plane,Grad-SIFT+Top2Geo+MidGradInterp+極線對齊,117,1,,,2.7364940999978
71,3,1,3,5,1,45,15,955.052778058559,405.274695096986,11.5,955,405,11.9294772992873,0.429477299287337,0.429477299287337,valid,,,Shared Pattern Plane,Grad-SIFT+Top2Geo+MidGradInterp+極線對齊,117,1,,,2.36140100000193
72,3,1,3,5,2,47.5,15,971.14360618991,404.701650476619,11.5,971,405,11.7325625037558,0.232562503755753,0.232562503755753,valid,,,Shared Pattern Plane,Grad-SIFT+Top2Geo+MidGradInterp+極線對齊,117,1,,,3.01857069999096
73,3,1,3,5,3,50,15,987.303341270933,404.126151864667,11.5,987,404,11.6624878127458,0.162487812745821,0.162487812745821,valid,,,Shared Pattern Plane,Grad-SIFT+Top2Geo+MidGradInterp+極線對齊,117,1,,,3.06615610000154
74,3,1,3,5,4,52.5,15,1003.53242687944,403.548183463942,11.5,1004,404,11.7233118832392,0.223311883239226,0.223311883239226,valid,,,Shared Pattern Plane,Grad-SIFT+Top2Geo+MidGradInterp+極線對齊,117,1,,,2.74783079999906
75,3,1,3,5,5,55,15,1019.83131040872,402.967729341369,11.5,1020,403,12.0533466048112,0.553346604811212,0.553346604811212,valid,,,Shared Pattern Plane,Grad-SIFT+Top2Geo+MidGradInterp+極線對齊,117,1,,,2.62685679999413
76,4,1,4,1,1,65,5,1085.8566515401,340.055561745439,11,1086,340,13.6478307837081,2.64783078370806,2.64783078370806,valid,,,Shared Pattern Plane,Grad-SIFT+Top2Geo+MidGradInterp+極線對齊,117,1,,,2.4312149000034
77,4,1,4,1,2,67.5,5,1102.29627858063,339.340152423292,11,1102,339,12.0516885293943,1.05168852939432,1.05168852939432,valid,,,Shared Pattern Plane,Grad-SIFT+Top2Geo+HighGrad+極線對齊,117,1,,,2.4742799000087
78,4,1,4,1,3,70,5,1118.80660501813,338.621666449373,11,1119,339,13.5472427933529,2.5472427933529,2.5472427933529,valid,,,Shared Pattern Plane,Grad-SIFT+Top2Geo+MidGradInterp+極線對齊,117,1,,,2.72807310000644
79,4,1,4,1,4,72.5,5,1135.38808790456,337.900083933984,11,1135,338,15.1313583095969,4.1313583095969,4.1313583095969,valid,,,Shared Pattern Plane,Grad-SIFT+Top2Geo+MidGradInterp+極線對齊,117,1,,,2.8252208000049
80,4,1,4,1,5,75,5,1152.04118824,337.175384815613,11,1152,337,12.519487497542,1.51948749754195,1.51948749754195,valid,,,Shared Pattern Plane,Grad-SIFT+Top2Geo+MidGradInterp+極線對齊,117,1,,,2.0894946000044
81,4,1,4,2,1,65,7.5,1085.82626343668,355.049854180639,11,1086,355,14.7677096989599,3.76770969895993,3.76770969895993,valid,,,Shared Pattern Plane,Grad-SIFT+Top2Geo+MidGradInterp+極線對齊,117,1,,,2.64230190000671
82,4,1,4,2,2,67.5,7.5,1102.3191412931,354.364401670679,11,1102,354,14.5933660312897,3.59336603128969,3.59336603128969,valid,,,Shared Pattern Plane,Grad-SIFT+Top2Geo+MidGradInterp+極線對齊,117,1,,,2.37177730000985
83,4,1,4,2,3,70,7.5,1118.88317808208,353.675991758781,11,1119,354,14.0136855339642,3.01368553396424,3.01368553396424,valid,,,Shared Pattern Plane,Grad-SIFT+Top2Geo+MidGradInterp+極線對齊,117,1,,,1.86294169999019
84,4,1,4,2,4,72.5,7.5,1135.51883532472,352.984605263891,11,1136,353,12.6838527365588,1.68385273655876,1.68385273655876,valid,,,Shared Pattern Plane,Grad-SIFT+Top2Geo+MidGradInterp+極線對齊,117,1,,,1.73054930000217
85,4,1,4,2,5,75,7.5,1152.22657854186,352.290222838721,11,1152,352,14.6701642478461,3.67016424784613,3.67016424784613,valid,,,Shared Pattern Plane,Grad-SIFT+Top2Geo+MidGrad+極線對齊,117,1,,,2.11926499998663
86,4,1,4,3,1,65,10,1085.79567801153,370.141510370904,11,1086,370,13.9259770684772,2.92597706847718,2.92597706847718,valid,,,Shared Pattern Plane,Grad-SIFT+Top2Geo+MidGradInterp+極線對齊,117,1,,,2.06095340001048
87,4,1,4,3,2,67.5,10,1102.34215278265,369.486419883394,11,1102,369,13.4419303653858,2.44193036538577,2.44193036538577,valid,,,Shared Pattern Plane,Grad-SIFT+Top2Geo+MidGrad+極線對齊,117,1,,,2.01835939999728
88,4,1,4,3,3,70,10,1118.96025051689,368.82849377546,11,1119,369,13.1711570291914,2.17115702919141,2.17115702919141,valid,,,Shared Pattern Plane,Grad-SIFT+Top2Geo+MidGradInterp+極線對齊,117,1,,,1.97818359998928
89,4,1,4,3,4,72.5,10,1135.65043726295,368.167713595793,11,1136,368,13.4291323079936,2.4291323079936,2.4291323079936,valid,,,Shared Pattern Plane,Grad-SIFT+Top2Geo+MidGrad+極線對齊,117,1,,,2.2269043999986
90,4,1,4,3,5,75,10,1152.41318312177,367.504060732657,11,1152,368,13.412521977679,2.41252197767901,2.41252197767901,valid,,,Shared Pattern Plane,Grad-SIFT+Top2Geo+MidGrad+極線對齊,117,1,,,1.97922629999812
91,4,1,4,4,1,65,12.5,1085.76489333645,385.331481736126,11,1086,385,12.2772295581478,1.27722955814775,1.27722955814775,valid,,,Shared Pattern Plane,Grad-SIFT+Top2Geo+MidGradInterp+極線對齊,117,1,,,1.91189259999373
92,4,1,4,4,2,67.5,12.5,1102.36531450623,384.707164510963,11,1102,385,12.1368319125144,1.13683191251439,1.13683191251439,valid,,,Shared Pattern Plane,Grad-SIFT+Top2Geo+MidGradInterp+極線對齊,117,1,,,2.25619029998779
93,4,1,4,4,3,70,12.5,1119.03782722349,384.080136029596,11,1119,384,12.7131859123932,1.71318591239321,1.71318591239321,valid,,,Shared Pattern Plane,Grad-SIFT+Top2Geo+MidGradInterp+極線對齊,117,1,,,2.04088609998871
94,4,1,4,4,4,72.5,12.5,1135.78290212397,383.450378592114,11,1136,383,12.150159171755,1.15015917175498,1.15015917175498,valid,,,Shared Pattern Plane,Grad-SIFT+Top2Geo+MidGradInterp+極線對齊,117,1,,,2.11715969999204
95,4,1,4,4,5,75,12.5,1152.60101394892,382.8178743442,11,1153,383,12.2746563857828,1.27465638578284,1.27465638578284,valid,,,Shared Pattern Plane,Grad-SIFT+Top2Geo+MidGradInterp+極線對齊,117,1,,,1.94804160000058
96,4,1,4,5,1,65,15,1085.73390745805,400.620732132832,11,1086,401,11.359994031819,0.359994031819024,0.359994031819024,valid,,,Shared Pattern Plane,Grad-SIFT+Top2Geo+MidGradInterp+極線對齊,117,1,,,1.72474789999251
97,4,1,4,5,2,67.5,15,1102.38862793991,400.027605545565,11,1102,400,10.9432633297138,-0.0567366702861847,0.0567366702861847,valid,,,Shared Pattern Plane,Grad-SIFT+Top2Geo+MidGradInterp+極線對齊,117,1,,,1.90557309999713
98,4,1,4,5,3,70,15,1119.11591316719,399.431894701189,11,1119,399,10.8569308675708,-0.143069132429197,0.143069132429197,valid,,,Shared Pattern Plane,Grad-SIFT+Top2Geo+MidGradInterp+極線對齊,117,1,,,1.75739780000004
99,4,1,4,5,4,72.5,15,1135.91623842304,398.833582673387,11,1136,399,10.9277901464376,-0.0722098535624021,0.0722098535624021,valid,,,Shared Pattern Plane,Grad-SIFT+Top2Geo+MidGradInterp+極線對齊,117,1,,,1.79649190000782
100,4,1,4,5,5,75,15,1152.79008315035,398.232652387702,11,1153,398,10.82538961317,-0.174610386829956,0.174610386829956,valid,,,Shared Pattern Plane,Grad-SIFT+Top2Geo+MidGradInterp+極線對齊,117,1,,,1.76104990000022
101,5,1,5,1,1,85,5,1219.37912466617,334.245014963873,10.5,1219,334,16.2039603001683,5.70396030016828,5.70396030016828,valid,,,Shared Pattern Plane,Grad-SIFT+Top2Geo+MidGradInterp+極線對齊,117,1,,,1.84462269999494
102,5,1,5,1,2,87.5,5,1236.39736845439,333.504425762995,10.5,1236,334,17.6108776729097,7.11087767290968,7.11087767290968,valid,,,Shared Pattern Plane,Grad-SIFT+Top2Geo+MidGrad+極線對齊,117,1,,,2.211687300005
103,5,1,5,1,3,90,5,1253.4900810347,332.760595876187,10.5,1253,333,17.4166357611225,6.91663576112253,6.91663576112253,valid,,,Shared Pattern Plane,Grad-SIFT+Top2Geo+MidGrad+極線對齊,117,1,,,2.14671810000436
104,5,1,5,1,4,92.5,5,1270.65775227205,332.013503985813,10.5,1271,332,16.5747221684354,6.07472216843541,6.07472216843541,valid,,,Shared Pattern Plane,Grad-SIFT+Top2Geo+MidGradInterp+極線對齊,117,1,,,2.01403960000607
105,5,1,5,1,5,95,5,1287.90087633738,331.263128586854,10.5,1288,331,8.31996662232821,-2.18003337767179,2.18003337767179,valid,,,Shared Pattern Plane,Grad-SIFT+Top2Geo+MidGrad+極線對齊,117,1,,,2.32814729999518
106,5,1,5,2,1,85,7.5,1219.7878640113,349.48234096969,10.5,1220,349,15.430399903413,4.930399903413,4.930399903413,valid,,,Shared Pattern Plane,Grad-SIFT+Top2Geo+MidGradInterp+極線對齊,117,1,,,1.97772500000428
107,5,1,5,2,2,87.5,7.5,1236.86316297648,348.772682738065,10.5,1237,349,15.4390793905824,4.93907939058239,4.93907939058239,valid,,,Shared Pattern Plane,Grad-SIFT+Top2Geo+MidGrad+極線對齊,117,1,,,2.16743760000099
108,5,1,5,2,3,90,7.5,1254.01342750782,348.059908898845,10.5,1254,348,14.9197221146185,4.41972211461855,4.41972211461855,valid,,,Shared Pattern Plane,Grad-SIFT+Top2Geo+MidGrad+極線對齊,117,1,,,2.22128289999091
109,5,1,5,2,4,92.5,7.5,1271.23915237261,347.343998889249,10.5,1271,347,12.8800207468564,2.38002074685638,2.38002074685638,valid,,,Shared Pattern Plane,Grad-SIFT+Top2Geo+HighGrad+極線對齊,117,1,,,1.7011843000073
110,5,1,5,2,5,95,7.5,1288.54083670164,346.624931965143,10.5,1289,347,12.8002983733748,2.3002983733748,2.3002983733748,valid,,,Shared Pattern Plane,Grad-SIFT+Top2Geo+MidGradInterp+極線對齊,117,1,,,1.69232950000151
111,5,1,5,3,1,85,10,1220.19930401823,364.820344497102,10.5,1220,365,13.3274040549637,2.82740405496368,2.82740405496368,valid,,,Shared Pattern Plane,Grad-SIFT+Top2Geo+MidGradInterp+極線對齊,117,1,,,1.82096670000465
112,5,1,5,3,2,87.5,10,1237.3320419042,364.142043301872,10.5,1237,364,13.5816325489346,3.08163254893462,3.08163254893462,valid,,,Shared Pattern Plane,Grad-SIFT+Top2Geo+MidGradInterp+極線對齊,117,1,,,1.89925379998749
113,5,1,5,3,3,90,10,1254.54024711753,363.460754284223,10.5,1255,363,13.3835854067406,2.88358540674061,2.88358540674061,valid,,,Shared Pattern Plane,Grad-SIFT+Top2Geo+MidGradInterp+極線對齊,117,1,,,1.79247270000633
114,5,1,5,3,4,92.5,10,1271.82441939348,362.776457659167,10.5,1272,363,13.5671716108666,3.06717161086659,3.06717161086659,valid,,,Shared Pattern Plane,Grad-SIFT+Top2Geo+MidGradInterp+極線對齊,117,1,,,2.07700399999158
115,5,1,5,3,5,95,10,1289.18506288929,362.089133466645,10.5,1289,362,12.4479600481879,1.94796004818795,1.94796004818795,valid,,,Shared Pattern Plane,Grad-SIFT+Top2Geo+MidGradInterp+極線對齊,117,1,,,1.64174629999616
116,5,1,5,4,1,85,12.5,1220.61347154178,380.260026662709,10.5,1221,380,12.1401511986611,1.64015119866113,1.64015119866113,valid,,,Shared Pattern Plane,Grad-SIFT+Top2Geo+MidGradInterp+極線對齊,117,1,,,1.91411430000153
117,5,1,5,4,2,87.5,12.5,1237.80403597587,379.613515024437,10.5,1238,380,11.8768557699532,1.37685576995316,1.37685576995316,valid,,,Shared Pattern Plane,Grad-SIFT+Top2Geo+MidGradInterp+極線對齊,117,1,,,2.12028689999715
118,5,1,5,4,3,90,12.5,1255.07057455263,378.964146111313,10.5,1255,379,11.8634646891696,1.36346468916964,1.36346468916964,valid,,,Shared Pattern Plane,Grad-SIFT+Top2Geo+MidGradInterp+極線對齊,117,1,,,1.93150419999438
119,5,1,5,4,4,92.5,12.5,1272.413592042,378.311900939689,10.5,1272,378,12.156709140745,1.65670914074504,1.65670914074504,valid,,,Shared Pattern Plane,Grad-SIFT+Top2Geo+MidGradInterp+極線對齊,117,1,,,1.8616328999924
120,5,1,5,4,5,95,12.5,1289.83359769542,377.656760357372,10.5,1290,378,11.3849065425743,0.884906542574337,0.884906542574337,valid,,,Shared Pattern Plane,Grad-SIFT+Top2Geo+MidGradInterp+極線對齊,117,1,,,1.87771899999643
121,5,1,5,5,1,85,15,1221.03039379403,395.802401900448,10.5,1221,396,10.8683486660868,0.368348666086835,0.368348666086835,valid,,,Shared Pattern Plane,Grad-SIFT+Top2Geo+MidGradInterp+極線對齊,117,1,,,2.0467076000059
122,5,1,5,5,2,87.5,15,1238.27917633962,395.188118908612,10.5,1238,395,11.0433722016023,0.543372201602313,0.543372201602313,valid,,,Shared Pattern Plane,Grad-SIFT+Top2Geo+MidGradInterp+極線對齊,117,1,,,2.2495118999941
123,5,1,5,5,3,90,15,1255.6044449654,394.571112008696,10.5,1256,395,10.5508899335441,0.0508899335441324,0.0508899335441324,valid,,,Shared Pattern Plane,Grad-SIFT+Top2Geo+MidGradInterp+極線對齊,117,1,,,2.2193452000065
124,5,1,5,5,4,92.5,15,1273.00670954384,393.951363042547,10.5,1273,394,10.7143996175058,0.214399617505812,0.214399617505812,valid,,,Shared Pattern Plane,Grad-SIFT+Top2Geo+MidGradInterp+極線對齊,117,1,,,1.81347579999419
125,5,1,5,5,5,95,15,1290.48648448944,393.328853690261,10.5,1290,393,10.5982170197993,0.0982170197993373,0.0982170197993373,valid,,,Shared Pattern Plane,Grad-SIFT+Top2Geo+MidGradInterp+極線對齊,117,1,,,2.09536300000036
126,6,1,6,1,1,105,5,1357.63793767869,328.228355130029,10,1358,328,,,,failed,Top2-Geo: HIGH/MID 均未通過支援點與 RANSAC 門檻,,,,117,,,,2.52650320000248
127,6,1,6,1,2,107.5,5,1375.26589251113,327.461232908434,10,1375,327,,,,failed,Top2-Geo: HIGH/MID 均未通過支援點與 RANSAC 門檻,,,,117,,,,1.9402926999901
128,6,1,6,1,3,110,5,1392.97235832221,326.690694095583,10,1393,327,,,,failed,Top2-Geo: HIGH/MID 均未通過支援點與 RANSAC 門檻,,,,117,,,,1.85616969999683
129,6,1,6,1,4,112.5,5,1410.75786078811,325.916715815431,10,1411,326,10.0618695158721,0.061869515872143,0.061869515872143,valid,,,Shared Pattern Plane,Grad-SIFT+Top2Geo+MidGrad+極線對齊,117,1,,,1.89009300000907
130,6,1,6,1,5,115,5,1428.62293028847,325.139274987251,10,1429,325,10.0301848957917,0.0301848957916633,0.0301848957916633,valid,,,Shared Pattern Plane,Grad-SIFT+Top2Geo+MidGrad+極線對齊,117,1,,,1.95830040000146
131,6,1,6,2,1,105,7.5,1358.51730671657,343.716673780764,10,1359,344,11.9680144984491,1.96801449844914,1.96801449844914,valid,,,Shared Pattern Plane,Grad-SIFT+Top2Geo+MidGrad+極線對齊,117,1,,,2.11931549999281
132,6,1,6,2,2,107.5,7.5,1376.20643146226,342.981504633117,10,1376,343,12.4765181414396,2.47651814143961,2.47651814143961,valid,,,Shared Pattern Plane,Grad-SIFT+Top2Geo+MidGradInterp+極線對齊,117,1,,,2.03680410000379
133,6,1,6,2,3,110,7.5,1393.97460483572,342.243050183731,10,1394,342,9.50040637331403,-0.499593626685973,0.499593626685973,valid,,,Shared Pattern Plane,Grad-SIFT+Top2Geo+MidGrad+極線對齊,117,1,,,2.08457249999628
134,6,1,6,2,4,112.5,7.5,1411.82235789874,341.501288361404,10,1412,342,8.84072145021238,-1.15927854978762,1.15927854978762,valid,,,Shared Pattern Plane,Grad-SIFT+Top2Geo+MidGrad+極線對齊,117,1,,,2.01238620000368
135,6,1,6,2,5,115,7.5,1429.7502264808,340.756196896786,10,1430,341,7.30006710726645,-2.69993289273355,2.69993289273355,valid,,,Shared Pattern Plane,Grad-SIFT+Top2Geo+MidGrad+極線對齊,117,1,,,1.68731959999423
136,6,1,6,3,1,105,10,1359.40258975022,359.309155583783,10,1359,359,13.0276119198472,3.02761191984721,3.02761191984721,valid,,,Shared Pattern Plane,Grad-SIFT+Top2Geo+MidGradInterp+極線對齊,117,1,,,1.7076098999969
137,6,1,6,3,2,107.5,10,1377.1533099428,358.606387888219,10,1377,359,11.4277098502907,1.42770985029066,1.42770985029066,valid,,,Shared Pattern Plane,Grad-SIFT+Top2Geo+MidGradInterp+極線對齊,117,1,,,2.0522190000047
138,6,1,6,3,3,110,10,1394.98362195238,357.900469077815,10,1395,358,12.4678778862884,2.46787788628836,2.46787788628836,valid,,,Shared Pattern Plane,Grad-SIFT+Top2Geo+MidGradInterp+極線對齊,117,1,,,2.01511530000425
139,6,1,6,3,4,112.5,10,1412.89406230014,357.191377911193,10,1413,357,6.37205039322447,-3.62794960677553,3.62794960677553,valid,,,Shared Pattern Plane,Grad-SIFT+Top2Geo+MidGrad+極線對齊,117,1,,,1.8606984999933
140,6,1,6,3,5,115,10,1430.88517234031,356.479092955631,10,1431,356,5.90151401828905,-4.09848598171095,4.09848598171095,valid,,,Shared Pattern Plane,Grad-SIFT+Top2Geo+MidGrad+極線對齊,117,1,,,1.98995300001116
141,6,1,6,4,1,105,12.5,1360.29384664077,375.006854872688,10,1360,375,11.7092486851907,1.70924868519065,1.70924868519065,valid,,,Shared Pattern Plane,Grad-SIFT+Top2Geo+MidGradInterp+極線對齊,117,1,,,1.76617540000007
142,6,1,6,4,2,107.5,12.5,1378.10659226514,374.336943922417,10,1378,374,11.2214919123085,1.22149191230854,1.22149191230854,valid,,,Shared Pattern Plane,Grad-SIFT+Top2Geo+MidGradInterp+極線對齊,117,1,,,2.02024749999691
143,6,1,6,4,3,110,12.5,1395.99947851217,373.66401900216,10,1396,374,10.339563518065,0.33956351806496,0.33956351806496,valid,,,Shared Pattern Plane,Grad-SIFT+Top2Geo+MidGradInterp+極線對齊,117,1,,,1.87944140000036
144,6,1,6,4,4,112.5,12.5,1413.97304743752,372.988059726008,10,1414,373,10.924939767345,0.92493976734502,0.92493976734502,valid,,,Shared Pattern Plane,Grad-SIFT+Top2Geo+MidGradInterp+極線對齊,117,1,,,1.87024869999732
145,6,1,6,4,5,115,12.5,1432.02784599637,372.309045523786,10,1432,372,10.9315745405414,0.931574540541423,0.931574540541423,valid,,,Shared Pattern Plane,Grad-SIFT+Top2Geo+MidGrad+極線對齊,117,1,,,1.89172159999725
146,6,1,6,5,1,105,15,1361.19113805999,390.810840258461,10,1361,391,9.57222406076745,-0.427775939232552,0.427775939232552,valid,,,Shared Pattern Plane,Grad-SIFT+Top2Geo+MidGrad+極線對齊,117,1,,,2.3729800000001
147,6,1,6,5,2,107.5,15,1379.06634361452,390.174248387778,10,1379,390,10.2735133355991,0.273513335599082,0.273513335599082,valid,,,Shared Pattern Plane,Grad-SIFT+Top2Geo+MidGrad+極線對齊,117,1,,,1.82874549999542
148,6,1,6,5,3,110,15,1397.0222442915,389.534782711879,10,1397,390,9.24642587699602,-0.753574123003983,0.753574123003983,valid,,,Shared Pattern Plane,Grad-SIFT+Top2Geo+MidGrad+極線對齊,117,1,,,2.33000479999464
149,6,1,6,5,4,112.5,15,1415.05938775743,388.892423726651,10,1415,389,9.95237392887598,-0.0476260711240233,0.0476260711240233,valid,,,Shared Pattern Plane,Grad-SIFT+Top2Geo+MidGrad+極線對齊,117,1,,,2.20624719999614
150,6,1,6,5,5,115,15,1433.17832664595,388.247151751083,10,1433,388,10.8334096561892,0.833409656189158,0.833409656189158,valid,,,Shared Pattern Plane,Grad-SIFT+Top2Geo+MidGradInterp+極線對齊,117,1,,,1.58148510000319
151,7,2,1,1,1,5,25,701.733752282807,473.346491962525,9.5,702,473,8.13405460141247,-1.36594539858753,1.36594539858753,valid,,,Shared Pattern Plane,Grad-SIFT+Top2Geo+MidGradInterp+極線對齊,117,1,,,1.80497589999868
152,7,2,1,1,2,7.5,25,716.958893513492,472.927812294999,9.5,717,473,9.33850342545223,-0.161496574547774,0.161496574547774,valid,,,Shared Pattern Plane,Grad-SIFT+Top2Geo+MidGradInterp+極線對齊,117,1,,,1.57328250000137
153,7,2,1,1,3,10,25,732.247871252403,472.507377172621,9.5,732,473,9.69116519104023,0.191165191040227,0.191165191040227,valid,,,Shared Pattern Plane,Grad-SIFT+Top2Geo+MidGradInterp+極線對齊,117,1,,,1.66075799999817
154,7,2,1,1,4,12.5,25,747.601087826924,472.085175531697,9.5,748,472,7.70613673730534,-1.79386326269466,1.79386326269466,valid,,,Shared Pattern Plane,Grad-SIFT+Top2Geo+MidGradInterp+極線對齊,117,1,,,1.59895089999191
155,7,2,1,1,5,15,25,763.01894895243,471.661196215368,9.5,763,472,9.52273407562079,0.0227340756207912,0.0227340756207912,valid,,,Shared Pattern Plane,Grad-SIFT+Top2Geo+MidGradInterp+極線對齊,117,1,,,1.69662349999999
156,7,2,1,2,1,5,27.5,700.49213354962,488.386184445113,9.5,700,488,9.44718406435909,-0.052815935640913,0.052815935640913,valid,,,Shared Pattern Plane,Grad-SIFT+Top2Geo+MidGradInterp+極線對齊,117,1,,,1.59226730000228
157,7,2,1,2,2,7.5,27.5,715.762808495968,487.997743978156,9.5,716,488,7.66716284215256,-1.83283715784744,1.83283715784744,valid,,,Shared Pattern Plane,Grad-SIFT+Top2Geo+MidGradInterp+極線對齊,117,1,,,1.61726420000196
158,7,2,1,2,3,10,27.5,731.097713736019,487.607669683921,9.5,731,488,7.32801405620581,-2.17198594379419,2.17198594379419,valid,,,Shared Pattern Plane,Grad-SIFT+Top2Geo+MidGradInterp+極線對齊,117,1,,,2.08800309999788
159,7,2,1,2,4,12.5,27.5,746.497255364314,487.215951232574,9.5,746,487,7.31555666158753,-2.18444333841247,2.18444333841247,valid,,,Shared Pattern Plane,Grad-SIFT+Top2Geo+MidGradInterp+極線對齊,117,1,,,1.62370660000306
160,7,2,1,2,5,15,27.5,761.961842905989,486.822578207014,9.5,762,487,9.00769252121932,-0.492307478780683,0.492307478780683,valid,,,Shared Pattern Plane,Grad-SIFT+Top2Geo+MidGradInterp+極線對齊,117,1,,,1.59232429999975
161,7,2,1,3,1,5,30,699.242654864499,503.521084302436,9.5,699,504,9.81870185118531,0.318701851185308,0.318701851185308,valid,,,Shared Pattern Plane,Grad-SIFT+Top2Geo+MidGradInterp+極線對齊,117,1,,,1.70127990000765
162,7,2,1,3,2,7.5,30,714.559135832728,503.16327530589,9.5,715,503,7.97660356988161,-1.52339643011839,1.52339643011839,valid,,,Shared Pattern Plane,Grad-SIFT+Top2Geo+MidGrad+極線對齊,117,1,,,1.65676900000835
163,7,2,1,3,3,10,30,729.940244532473,502.80395653802,9.5,730,503,9.55186913928319,0.0518691392831947,0.0518691392831947,valid,,,Shared Pattern Plane,Grad-SIFT+Top2Geo+MidGrad+極線對齊,117,1,,,1.64150499999232
164,7,2,1,3,4,12.5,30,745.386390872594,502.443118422925,9.5,745,502,9.15458961475038,-0.345410385249624,0.345410385249624,valid,,,Shared Pattern Plane,Grad-SIFT+Top2Geo+MidGrad+極線對齊,117,1,,,1.64744830000564
165,7,2,1,3,5,15,30,760.897988235823,502.080751303554,9.5,761,502,9.23162402029428,-0.268375979705723,0.268375979705723,valid,,,Shared Pattern Plane,Grad-SIFT+Top2Geo+MidGradInterp+極線對齊,117,1,,,1.61470410000766
166,7,2,1,4,1,5,32.5,697.985241355418,518.752098457238,9.5,698,519,8.72994201543892,-0.770057984561083,0.770057984561083,valid,,,Shared Pattern Plane,Grad-SIFT+Top2Geo+MidGradInterp+極線對齊,117,1,,,1.64179049999802
167,7,2,1,4,2,7.5,32.5,713.347803093019,518.425318860928,9.5,713,518,9.50033067325239,0.000330673252390667,0.000330673252390667,valid,,,Shared Pattern Plane,Grad-SIFT+Top2Geo+MidGradInterp+極線對齊,117,1,,,1.58896500000264
168,7,2,1,4,3,10,32.5,728.775393697555,518.097156024815,9.5,729,518,9.77338295204133,0.273382952041327,0.273382952041327,valid,,,Shared Pattern Plane,Grad-SIFT+Top2Geo+MidGrad+極線對齊,117,1,,,1.63008860000991
169,7,2,1,4,4,12.5,32.5,744.26842694011,517.767601147505,9.5,744,518,9.91137032998016,0.411370329980157,0.411370329980157,valid,,,Shared Pattern Plane,Grad-SIFT+Top2Geo+MidGrad+極線對齊,117,1,,,1.59041689999867
170,7,2,1,4,5,15,32.5,759.8273201096,517.436645352776,9.5,760,517,9.3572099280076,-0.142790071992399,0.142790071992399,valid,,,Shared Pattern Plane,Grad-SIFT+Top2Geo+MidGradInterp+極線對齊,117,1,,,1.62337129999651
171,7,2,1,5,1,5,35,696.719817196368,534.080145387793,9.5,697,534,8.77672433349643,-0.723275666503573,0.723275666503573,valid,,,Shared Pattern Plane,Grad-SIFT+Top2Geo+MidGradInterp+極線對齊,117,1,,,1.62027650000528
172,7,2,1,5,2,7.5,35,712.128736921255,533.784798878282,9.5,712,534,9.90542831040246,0.40542831040246,0.40542831040246,valid,,,Shared Pattern Plane,Grad-SIFT+Top2Geo+MidGradInterp+極線對齊,117,1,,,1.65046999999322
173,7,2,1,5,3,10,35,727.603090392078,533.488198184258,9.5,728,533,10.1427341765479,0.642734176547929,0.642734176547929,valid,,,Shared Pattern Plane,Grad-SIFT+Top2Geo+MidGrad+極線對齊,117,1,,,1.57775810000021
174,7,2,1,5,4,12.5,35,743.143295290803,533.190335299911,9.5,743,533,11.224516682437,1.72451668243697,1.72451668243697,valid,,,Shared Pattern Plane,Grad-SIFT+Top2Geo+MidGradInterp+極線對齊,117,1,,,1.62729819999367
175,7,2,1,5,5,15,35,758.749772861887,532.891202151145,9.5,759,533,9.52040972080696,0.0204097208069562,0.0204097208069562,valid,,,Shared Pattern Plane,Grad-SIFT+Top2Geo+MidGradInterp+極線對齊,117,1,,,1.6830850999977
176,8,2,2,1,1,25,25,825.345073865553,469.947275742548,9,825,470,8.47585601094775,-0.52414398905225,0.52414398905225,valid,,,Shared Pattern Plane,Grad-SIFT+Top2Geo+MidGradInterp+極線對齊,117,1,,,1.60001739999279
177,8,2,2,1,2,27.5,25,841.092364583509,469.514237365935,9,841,470,7.50166182618951,-1.49833817381049,1.49833817381049,valid,,,Shared Pattern Plane,Grad-SIFT+Top2Geo+MidGradInterp+極線對齊,117,1,,,1.59887830000662
178,8,2,2,1,3,30,25,856.906807325936,469.079352360325,9,857,469,7.85076320809542,-1.14923679190458,1.14923679190458,valid,,,Shared Pattern Plane,Grad-SIFT+Top2Geo+MidGradInterp+極線對齊,117,1,,,1.6182867000025
179,8,2,2,1,4,32.5,25,872.788832550667,468.642608888459,9,873,469,8.41587002193724,-0.584129978062759,0.584129978062759,valid,,,Shared Pattern Plane,Grad-SIFT+Top2Geo+MidGradInterp+極線對齊,117,1,,,1.59529599999951
180,8,2,2,1,5,35,25,888.738874402507,468.203995011688,9,889,468,8.18348004285729,-0.816519957142708,0.816519957142708,valid,,,Shared Pattern Plane,Grad-SIFT+Top2Geo+MidGradInterp+極線對齊,117,1,,,1.61223139999493
181,8,2,2,2,1,25,27.5,824.478964825935,485.232328914385,9,824,485,8.76384153013806,-0.236158469861941,0.236158469861941,valid,,,Shared Pattern Plane,Grad-SIFT+Top2Geo+MidGrad+極線對齊,117,1,,,1.57553590000316
182,8,2,2,2,2,27.5,27.5,840.275047449594,484.830523641731,9,840,485,8.68588571623028,-0.314114283769717,0.314114283769717,valid,,,Shared Pattern Plane,Grad-SIFT+Top2Geo+MidGrad+極線對齊,117,1,,,1.62553249999473
183,8,2,2,2,3,30,27.5,856.138707245607,484.426999407179,9,856,484,8.83134417832699,-0.168655821673006,0.168655821673006,valid,,,Shared Pattern Plane,Grad-SIFT+Top2Geo+MidGradInterp+極線對齊,117,1,,,1.58936929999618
184,8,2,2,2,4,32.5,27.5,872.070378796103,484.021745156255,9,872,484,7.78696258101647,-1.21303741898353,1.21303741898353,valid,,,Shared Pattern Plane,Grad-SIFT+Top2Geo+MidGradInterp+極線對齊,117,1,,,1.61908879999828
185,8,2,2,2,5,35,27.5,888.07050041756,483.614749739494,9,888,484,8.1165157623629,-0.883484237637099,0.883484237637099,valid,,,Shared Pattern Plane,Grad-SIFT+Top2Geo+MidGradInterp+極線對齊,117,1,,,1.54672719999508
186,8,2,2,3,1,25,30,823.607279238308,500.615796753339,9,824,501,8.01992529183501,-0.980074708164986,0.980074708164986,valid,,,Shared Pattern Plane,Grad-SIFT+Top2Geo+MidGrad+極線對齊,117,1,,,1.63982009999745
187,8,2,2,3,2,27.5,30,839.452456651538,500.245636855508,9,839,500,7.85554472491123,-1.14445527508877,1.14445527508877,valid,,,Shared Pattern Plane,Grad-SIFT+Top2Geo+MidGrad+極線對齊,117,1,,,1.60816799999157
188,8,2,2,3,3,30,30,855.365640434074,499.873888257845,9,855,500,7.63998454901022,-1.36001545098978,1.36001545098978,valid,,,Shared Pattern Plane,Grad-SIFT+Top2Geo+MidGrad+極線對齊,117,1,,,1.67765050000162
189,8,2,2,3,4,32.5,30,871.347269345194,499.500540710473,9,871,500,7.7576935691688,-1.2423064308312,1.2423064308312,valid,,,Shared Pattern Plane,Grad-SIFT+Top2Geo+MidGrad+極線對齊,117,1,,,1.7116348999989
190,8,2,2,3,5,35,30,887.397785926659,499.125583875155,9,887,499,7.50670053933969,-1.49329946066031,1.49329946066031,valid,,,Shared Pattern Plane,Grad-SIFT+Top2Geo+MidGradInterp+極線對齊,117,1,,,1.58020719999331
191,8,2,2,4,1,25,32.5,822.729963070807,516.09863281133,9,823,516,8.20548138970667,-0.794518610293325,0.794518610293325,valid,,,Shared Pattern Plane,Grad-SIFT+Top2Geo+MidGrad+極線對齊,117,1,,,1.6128263999999
192,8,2,2,4,2,27.5,32.5,838.624540982383,515.760536610829,9,839,516,8.1127984703991,-0.887201529600896,0.887201529600896,valid,,,Shared Pattern Plane,Grad-SIFT+Top2Geo+MidGrad+極線對齊,117,1,,,1.58171199999924
193,8,2,2,4,3,30,32.5,854.587558560852,515.420984618832,9,855,515,7.85235732725805,-1.14764267274195,1.14764267274195,valid,,,Shared Pattern Plane,Grad-SIFT+Top2Geo+MidGradInterp+極線對齊,117,1,,,1.68149800000538
194,8,2,2,4,4,32.5,32.5,870.61945879634,515.079967412425,9,871,515,7.95017655857105,-1.04982344142895,1.04982344142895,valid,,,Shared Pattern Plane,Grad-SIFT+Top2Geo+MidGradInterp+極線對齊,117,1,,,1.56516009999905
195,8,2,2,4,5,35,32.5,886.720688510367,514.737475487191,9,887,515,7.49045711920077,-1.50954288079923,1.50954288079923,valid,,,Shared Pattern Plane,Grad-SIFT+Top2Geo+MidGradInterp+極線對齊,117,1,,,1.59270560000732
196,8,2,2,5,1,25,35,821.846961591277,531.681802998971,9,822,532,8.26557320812105,-0.734426791878953,0.734426791878953,valid,,,Shared Pattern Plane,Grad-SIFT+Top2Geo+MidGrad+極線對齊,117,1,,,1.55927140000858
197,8,2,2,5,2,27.5,35,837.791248570062,531.376194975184,9,838,531,7.73823015685546,-1.26176984314454,1.26176984314454,valid,,,Shared Pattern Plane,Grad-SIFT+Top2Geo+MidGrad+極線對齊,117,1,,,1.5811304999952
198,8,2,2,5,3,30,35,853.804412666351,531.069266766944,9,854,531,7.96149163478429,-1.03850836521571,1.03850836521571,valid,,,Shared Pattern Plane,Grad-SIFT+Top2Geo+MidGrad+極線對齊,117,1,,,1.54925019999791
199,8,2,2,5,4,32.5,35,869.886901155681,530.761009801214,9,870,531,6.93957306103942,-2.06042693896058,2.06042693896058,valid,,,Shared Pattern Plane,Grad-SIFT+Top2Geo+MidGradInterp+極線對齊,117,1,,,1.63435649999883
200,8,2,2,5,5,35,35,886.03916519469,530.451415430563,9,886,530,6.88025227875139,-2.11974772124861,2.11974772124861,valid,,,Shared Pattern Plane,Grad-SIFT+Top2Geo+MidGradInterp+極線對齊,117,1,,,1.58850149999489
201,9,2,3,1,1,45,25,953.22802225076,466.430593072679,8.5,953,466,7.53605682845507,-0.963943171544926,0.963943171544926,valid,,,Shared Pattern Plane,Grad-SIFT+Top2Geo+MidGradInterp+極線對齊,117,1,,,1.65919049999502
202,9,2,3,1,2,47.5,25,969.524791252199,465.982444466115,8.5,970,466,7.21202426085459,-1.28797573914541,1.28797573914541,valid,,,Shared Pattern Plane,Grad-SIFT+Top2Geo+MidGradInterp+極線對齊,117,1,,,1.72884029999841
203,9,2,3,1,3,50,25,985.892261427482,465.532351631676,8.5,986,466,6.98487122139459,-1.51512877860541,1.51512877860541,valid,,,Shared Pattern Plane,Grad-SIFT+Top2Geo+MidGradInterp+極線對齊,117,1,,,1.60123659999226
204,9,2,3,1,4,52.5,25,1002.33089386701,465.080301889734,8.5,1002,465,6.61334920446647,-1.88665079553353,1.88665079553353,valid,,,Shared Pattern Plane,Grad-SIFT+Top2Geo+MidGradInterp+極線對齊,117,1,,,1.5820764000091
205,9,2,3,1,5,55,25,1018.84115367937,464.626282450158,8.5,1019,465,6.51372762391796,-1.98627237608204,1.98627237608204,valid,,,Shared Pattern Plane,Grad-SIFT+Top2Geo+MidGradInterp+極線對齊,117,1,,,1.69200890000502
206,9,2,3,2,1,45,27.5,952.76438691028,481.969130042474,8.5,953,482,6.69334809200778,-1.80665190799222,1.80665190799222,valid,,,Shared Pattern Plane,Grad-SIFT+Top2Geo+MidGradInterp+極線對齊,117,1,,,1.60658210000838
207,9,2,3,2,2,47.5,27.5,969.113467178945,481.553258157558,8.5,969,482,5.83155689344651,-2.66844310655349,2.66844310655349,valid,,,Shared Pattern Plane,Grad-SIFT+Top2Geo+MidGradInterp+極線對齊,117,1,,,1.7054075999913
208,9,2,3,2,3,50,27.5,985.533708126609,481.135576157013,8.5,986,481,5.86068708442691,-2.63931291557309,2.63931291557309,valid,,,Shared Pattern Plane,Grad-SIFT+Top2Geo+MidGradInterp+極線對齊,117,1,,,1.84345850000682
209,9,2,3,2,4,52.5,27.5,1002.02557536539,480.716072197055,8.5,1002,481,5.4620547265965,-3.0379452734035,3.0379452734035,valid,,,Shared Pattern Plane,Grad-SIFT+Top2Geo+MidGradInterp+極線對齊,117,1,,,1.68038809999416
210,9,2,3,2,5,55,27.5,1018.58953857837,480.294734330346,8.5,1019,480,5.99565725460319,-2.50434274539681,2.50434274539681,valid,,,Shared Pattern Plane,Grad-SIFT+Top2Geo+MidGradInterp+極線對齊,117,1,,,1.62402119999751
211,9,2,3,3,1,45,30,952.297714480417,497.609453743183,8.5,952,498,8.30296032809905,-0.197039671900953,0.197039671900953,valid,,,Shared Pattern Plane,Grad-SIFT+Top2Geo+MidGradInterp+極線對齊,117,1,,,1.69485410000198
212,9,2,3,3,2,47.5,30,968.699442816155,497.226292234374,8.5,969,497,6.78939169664644,-1.71060830335356,1.71060830335356,valid,,,Shared Pattern Plane,Grad-SIFT+Top2Geo+MidGradInterp+極線對齊,117,1,,,1.65532819999498
213,9,2,3,3,3,50,30,985.172795829994,496.841457498259,8.5,985,497,5.41857717908654,-3.08142282091346,3.08142282091346,valid,,,Shared Pattern Plane,Grad-SIFT+Top2Geo+MidGradInterp+極線對齊,117,1,,,1.67709469998954
214,9,2,3,3,4,52.5,30,1001.7182437151,496.454938550633,8.5,1002,496,4.72513880879487,-3.77486119120513,3.77486119120513,valid,,,Shared Pattern Plane,Grad-SIFT+Top2Geo+MidGradInterp+極線對齊,117,1,,,1.59097889999975
215,9,2,3,3,5,55,30,1018.33626078921,496.066724310939,8.5,1018,496,5.22766537449983,-3.27233462550017,3.27233462550017,valid,,,Shared Pattern Plane,Grad-SIFT+Top2Geo+MidGradInterp+極線對齊,117,1,,,1.66662850001012
216,9,2,3,4,1,45,32.5,951.827975020976,513.352567607495,8.5,952,513,7.37978447275012,-1.12021552724988,1.12021552724988,valid,,,Shared Pattern Plane,Grad-SIFT+Top2Geo+MidGradInterp+極線對齊,117,1,,,1.61945459998969
217,9,2,3,4,2,47.5,32.5,968.282691485679,513.002556607015,8.5,968,513,6.90347634721732,-1.59652365278268,1.59652365278268,valid,,,Shared Pattern Plane,Grad-SIFT+Top2Geo+MidGradInterp+極線對齊,117,1,,,1.66085669999302
218,9,2,3,4,3,50,32.5,984.809501180328,512.651012099495,8.5,985,513,6.90133182355234,-1.59866817644766,1.59866817644766,valid,,,Shared Pattern Plane,Grad-SIFT+Top2Geo+MidGradInterp+極線對齊,117,1,,,1.64988500000618
219,9,2,3,4,4,52.5,32.5,1001.40887893941,512.297923984651,8.5,1001,512,8.17097595447615,-0.329024045523854,0.329024045523854,valid,,,Shared Pattern Plane,Grad-SIFT+Top2Geo+MidGradInterp+極線對齊,117,1,,,1.66725399999996
220,9,2,3,4,5,55,32.5,1018.08130377652,511.943282073307,8.5,1018,512,7.90335150274807,-0.596648497251925,0.596648497251925,valid,,,Shared Pattern Plane,Grad-SIFT+Top2Geo+MidGradInterp+極線對齊,117,1,,,2.01752900000429
221,9,2,3,5,1,45,35,951.35513819692,529.199488300956,8.5,951,529,6.45488395629714,-2.04511604370286,2.04511604370286,valid,,,Shared Pattern Plane,Grad-SIFT+Top2Geo+MidGradInterp+極線對齊,117,1,,,2.23365589999594
222,9,2,3,5,2,47.5,35,967.863186156779,528.883074533421,8.5,968,529,6.84889342983472,-1.65110657016528,1.65110657016528,valid,,,Shared Pattern Plane,Grad-SIFT+Top2Geo+MidGradInterp+極線對齊,117,1,,,2.04031520000717
223,9,2,3,5,3,50,35,984.443800510915,528.56526986817,8.5,984,529,6.80083518856135,-1.69916481143865,1.69916481143865,valid,,,Shared Pattern Plane,Grad-SIFT+Top2Geo+MidGradInterp+極線對齊,117,1,,,1.91311720000522
224,9,2,3,5,4,52.5,35,1001.09746079643,528.246065113799,8.5,1001,528,7.04321588129318,-1.45678411870682,1.45678411870682,valid,,,Shared Pattern Plane,Grad-SIFT+Top2Geo+MidGradInterp+極線對齊,117,1,,,1.91241839999566
225,9,2,3,5,5,55,35,1017.82465078496,527.925450997738,8.5,1018,528,6.31361268280922,-2.18638731719078,2.18638731719078,valid,,,Shared Pattern Plane,Grad-SIFT+Top2Geo+MidGradInterp+極線對齊,117,1,,,2.25190699999803
226,10,2,4,1,1,65,25,1085.60791193778,462.790247977576,8,1086,463,6.85844340713414,-1.14155659286586,1.14155659286586,valid,,,Shared Pattern Plane,Grad-SIFT+Top2Geo+MidGradInterp+極線對齊,117,1,,,1.92064830000163
227,10,2,4,1,2,67.5,25,1102.48342898248,462.32618424519,8,1102,462,6.50540155834654,-1.49459844165346,1.49459844165346,valid,,,Shared Pattern Plane,Grad-SIFT+Top2Geo+MidGradInterp+極線對齊,117,1,,,1.90898530000413
228,10,2,4,1,3,70,25,1119.43345093062,461.860071685294,8,1119,462,6.89474080262426,-1.10525919737574,1.10525919737574,valid,,,Shared Pattern Plane,Grad-SIFT+Top2Geo+MidGradInterp+極線對齊,117,1,,,2.00621069999761
229,10,2,4,1,4,72.5,25,1136.45847227917,461.391896699601,8,1136,461,6.6405381973672,-1.3594618026328,1.3594618026328,valid,,,Shared Pattern Plane,Grad-SIFT+Top2Geo+MidGradInterp+極線對齊,117,1,,,1.94449850000092
230,10,2,4,1,5,75,25,1153.55899191085,460.921645569221,8,1154,461,6.64425648607193,-1.35574351392807,1.35574351392807,valid,,,Shared Pattern Plane,Grad-SIFT+Top2Geo+MidGradInterp+極線對齊,117,1,,,2.23666520000552
231,10,2,4,2,1,65,27.5,1085.57588983029,478.590801160956,8,1086,479,6.0925406675058,-1.9074593324942,1.9074593324942,valid,,,Shared Pattern Plane,Grad-SIFT+Top2Geo+MidGradInterp+極線對齊,117,1,,,1.87067869999737
232,10,2,4,2,2,67.5,27.5,1102.50752379782,478.160110845839,8,1103,478,6.42831905269879,-1.57168094730121,1.57168094730121,valid,,,Shared Pattern Plane,Grad-SIFT+Top2Geo+MidGradInterp+極線對齊,117,1,,,1.63994320000347
233,10,2,4,2,3,70,27.5,1119.51415986646,477.727512700761,8,1120,478,5.82392516839295,-2.17607483160705,2.17607483160705,valid,,,Shared Pattern Plane,Grad-SIFT+Top2Geo+MidGradInterp+極線對齊,117,1,,,1.9256475000002
234,10,2,4,2,4,72.5,27.5,1136.59629749795,477.292994020905,8,1137,477,5.9446205251527,-2.0553794748473,2.0553794748473,valid,,,Shared Pattern Plane,Grad-SIFT+Top2Geo+MidGradInterp+極線對齊,117,1,,,1.76850999999442
235,10,2,4,2,5,75,27.5,1153.75444059862,476.856541988395,8,1154,477,6.1646806029317,-1.8353193970683,1.8353193970683,valid,,,Shared Pattern Plane,Grad-SIFT+Top2Geo+MidGradInterp+極線對齊,117,1,,,1.73823280000943
236,10,2,4,3,1,65,30,1085.54365424609,494.496689388221,8,1086,494,6.68295490881837,-1.31704509118163,1.31704509118163,valid,,,Shared Pattern Plane,Grad-SIFT+Top2Geo+MidGradInterp+極線對齊,117,1,,,1.92460839998967
237,10,2,4,3,2,67.5,30,1102.53177959841,494.099829032496,8,1103,494,6.68668431911194,-1.31331568088806,1.31331568088806,valid,,,Shared Pattern Plane,Grad-SIFT+Top2Geo+MidGradInterp+極線對齊,117,1,,,1.80192700000771
238,10,2,4,3,3,70,30,1119.59540924316,493.70120481762,8,1120,494,6.07354338991002,-1.92645661008998,1.92645661008998,valid,,,Shared Pattern Plane,Grad-SIFT+Top2Geo+MidGradInterp+極線對齊,117,1,,,1.89284989998851
239,10,2,4,3,4,72.5,30,1136.73504767349,493.300804958107,8,1137,493,6.20973919504618,-1.79026080495382,1.79026080495382,valid,,,Shared Pattern Plane,Grad-SIFT+Top2Geo+MidGradInterp+極線對齊,117,1,,,1.74593439999444
240,10,2,4,3,5,75,30,1153.95120388704,492.89861756324,8,1154,493,6.32305093720363,-1.67694906279637,1.67694906279637,valid,,,Shared Pattern Plane,Grad-SIFT+Top2Geo+MidGradInterp+極線對齊,117,1,,,1.78275890000805
241,10,2,4,4,1,65,32.5,1085.51120304331,510.508969512815,8,1086,511,6.09895565118186,-1.90104434881814,1.90104434881814,valid,,,Shared Pattern Plane,Grad-SIFT+Top2Geo+MidGradInterp+極線對齊,117,1,,,1.62998589999916
242,10,2,4,4,2,67.5,32.5,1102.55619800307,510.146402600657,8,1103,510,5.73541499739705,-2.26458500260295,2.26458500260295,valid,,,Shared Pattern Plane,Grad-SIFT+Top2Geo+MidGradInterp+極線對齊,117,1,,,1.78319600000395
243,10,2,4,4,3,70,32.5,1119.67720450728,509.782218834342,8,1120,510,6.00330685694471,-1.99669314305529,1.99669314305529,valid,,,Shared Pattern Plane,Grad-SIFT+Top2Geo+MidGradInterp+極線對齊,117,1,,,1.73877640000137
244,10,2,4,4,4,72.5,32.5,1136.87473214833,509.416407374245,8,1137,509,6.02570383625331,-1.97429616374669,1.97429616374669,valid,,,Shared Pattern Plane,Grad-SIFT+Top2Geo+MidGradInterp+極線對齊,117,1,,,1.8112426000007
245,10,2,4,4,5,75,32.5,1154.14929508401,509.048957283631,8,1154,509,5.83950590332317,-2.16049409667683,2.16049409667683,valid,,,Shared Pattern Plane,Grad-SIFT+Top2Geo+MidGradInterp+極線對齊,117,1,,,1.63497970000026
246,10,2,4,5,1,65,35,1085.47853405135,526.628712573867,8,1085,527,6.83565635543977,-1.16434364456023,1.16434364456023,valid,,,Shared Pattern Plane,Grad-SIFT+Top2Geo+MidGradInterp+極線對齊,117,1,,,1.91989020000619
247,10,2,4,5,2,67.5,35,1102.58078065235,526.300909656557,8,1103,526,6.52126084040309,-1.47873915959691,1.47873915959691,valid,,,Shared Pattern Plane,Grad-SIFT+Top2Geo+MidGradInterp+極線對齊,117,1,,,1.94199829999707
248,10,2,4,5,3,70,35,1119.7595511788,525.97163998657,8,1120,526,6.39085454822228,-1.60914545177772,1.60914545177772,valid,,,Shared Pattern Plane,Grad-SIFT+Top2Geo+MidGradInterp+極線對齊,117,1,,,1.86450870000408
249,10,2,4,5,4,72.5,35,1137.01536039127,525.640893697363,8,1137,526,6.78290423726378,-1.21709576273622,1.21709576273622,valid,,,Shared Pattern Plane,Grad-SIFT+Top2Geo+MidGradInterp+極線對齊,117,1,,,1.71944690000964
250,10,2,4,5,5,75,35,1154.34872767765,525.308660833703,8,1154,525,6.02832195352236,-1.97167804647764,1.97167804647764,valid,,,Shared Pattern Plane,Grad-SIFT+Top2Geo+MidGrad+極線對齊,117,1,,,1.84044189999986
251,11,2,5,1,1,85,25,1222.72618717149,459.019600926304,7.5,1223,459,6.71324410528645,-0.786755894713554,0.786755894713554,valid,,,Shared Pattern Plane,Grad-SIFT+Top2Geo+MidGradInterp+極線對齊,117,1,,,1.79649900000368
252,11,2,5,1,2,87.5,25,1240.21183840845,458.538758973152,7.5,1240,459,6.42680468739589,-1.07319531260411,1.07319531260411,valid,,,Shared Pattern Plane,Grad-SIFT+Top2Geo+MidGradInterp+極線對齊,117,1,,,1.81423600000562
253,11,2,5,1,3,90,25,1257.77607610048,458.055755952961,7.5,1258,458,6.38310554745857,-1.11689445254143,1.11689445254143,valid,,,Shared Pattern Plane,Grad-SIFT+Top2Geo+MidGradInterp+極線對齊,117,1,,,1.73488110001199
254,11,2,5,1,4,92.5,25,1275.41943123211,457.570577264064,7.5,1275,458,6.1993943379512,-1.3006056620488,1.3006056620488,valid,,,Shared Pattern Plane,Grad-SIFT+Top2Geo+MidGradInterp+極線對齊,117,1,,,1.67917430000671
255,11,2,5,1,5,95,25,1293.14243958228,457.083208172954,7.5,1293,457,5.44365219389049,-2.05634780610951,2.05634780610951,valid,,,Shared Pattern Plane,Grad-SIFT+Top2Geo+MidGradInterp+極線對齊,117,1,,,1.72298229999433
256,11,2,5,2,1,85,27.5,1223.15730417534,475.091139946205,7.5,1223,475,6.12756050696909,-1.37243949303091,1.37243949303091,valid,,,Shared Pattern Plane,Grad-SIFT+Top2Geo+MidGradInterp+極線對齊,117,1,,,1.66958339999837
257,11,2,5,2,2,87.5,27.5,1240.7031922849,474.644824836074,7.5,1241,475,6.20430660629747,-1.29569339370253,1.29569339370253,valid,,,Shared Pattern Plane,Grad-SIFT+Top2Geo+MidGradInterp+極線對齊,117,1,,,1.74503940000432
258,11,2,5,2,3,90,27.5,1258.3282054607,474.196497020035,7.5,1258,474,6.58763730521266,-0.912362694787344,0.912362694787344,valid,,,Shared Pattern Plane,Grad-SIFT+Top2Geo+MidGradInterp+極線對齊,117,1,,,1.65357379999477
259,11,2,5,2,4,92.5,27.5,1276.03288014676,473.746142852551,7.5,1276,474,6.45200807277272,-1.04799192722728,1.04799192722728,valid,,,Shared Pattern Plane,Grad-SIFT+Top2Geo+MidGrad+極線對齊,117,1,,,1.67664190000505
260,11,2,5,2,5,95,27.5,1293.81775764738,473.293748564454,7.5,1294,473,6.12430080284115,-1.37569919715885,1.37569919715885,valid,,,Shared Pattern Plane,Grad-SIFT+Top2Geo+MidGrad+極線對齊,117,1,,,1.622466300003
261,11,2,5,3,1,85,30,1223.5913470245,491.27175106649,7.5,1224,491,6.73020694610652,-0.769793053893484,0.769793053893484,valid,,,Shared Pattern Plane,Grad-SIFT+Top2Geo+MidGradInterp+極線對齊,117,1,,,1.65137069999764
262,11,2,5,3,2,87.5,30,1241.19788834154,490.86044386777,7.5,1241,491,6.40650495815869,-1.09349504184131,1.09349504184131,valid,,,Shared Pattern Plane,Grad-SIFT+Top2Geo+MidGrad+極線對齊,117,1,,,1.61319770000409
263,11,2,5,3,3,90,30,1258.88409889179,490.447275512532,7.5,1259,490,5.97859631275502,-1.52140368724498,1.52140368724498,valid,,,Shared Pattern Plane,Grad-SIFT+Top2Geo+MidGrad+極線對齊,117,1,,,1.62216309999349
264,11,2,5,3,4,92.5,30,1276.6505206539,490.032233339588,7.5,1277,490,7.66476554566627,0.164765545666274,0.164765545666274,valid,,,Shared Pattern Plane,Grad-SIFT+Top2Geo+MidGrad+極線對齊,117,1,,,1.61452650000865
265,11,2,5,3,5,95,30,1294.49770053371,489.615304572646,7.5,1294,490,8.69047065629017,1.19047065629017,1.19047065629017,valid,,,Shared Pattern Plane,Grad-SIFT+Top2Geo+MidGrad+極線對齊,117,1,,,1.62387039999885
266,11,2,5,4,1,85,32.5,1224.02834560547,507.562548420975,7.5,1224,508,6.72375737098621,-0.776242629013795,0.776242629013795,valid,,,Shared Pattern Plane,Grad-SIFT+Top2Geo+MidGradInterp+極線對齊,117,1,,,1.69462300000305
267,11,2,5,4,2,87.5,32.5,1241.6959607949,507.186737650743,7.5,1242,507,5.9996207282196,-1.5003792717804,1.5003792717804,valid,,,Shared Pattern Plane,Grad-SIFT+Top2Geo+MidGradInterp+極線對齊,117,1,,,1.63013659999706
268,11,2,5,4,3,90,32.5,1259.443795017,506.809220528174,7.5,1259,507,6.63918708067563,-0.86081291932437,0.86081291932437,valid,,,Shared Pattern Plane,Grad-SIFT+Top2Geo+MidGradInterp+極線對齊,117,1,,,1.71366409999609
269,11,2,5,4,4,92.5,32.5,1277.27239586144,506.429985405399,7.5,1277,506,6.69181373059163,-0.808186269408371,0.808186269408371,valid,,,Shared Pattern Plane,Grad-SIFT+Top2Geo+MidGradInterp+極線對齊,117,1,,,1.62212870000803
270,11,2,5,4,5,95,32.5,1295.18231591317,506.049020528291,7.5,1295,506,6.11642315109702,-1.38357684890298,1.38357684890298,valid,,,Shared Pattern Plane,Grad-SIFT+Top2Geo+MidGrad+極線對齊,117,1,,,1.92284550001204
271,11,2,5,5,1,85,35,1224.46833021318,523.964661369306,7.5,1224,524,6.27555365490778,-1.22444634509222,1.22444634509222,valid,,,Shared Pattern Plane,Grad-SIFT+Top2Geo+MidGradInterp+極線對齊,117,1,,,1.78926540000248
272,11,2,5,5,2,87.5,35,1242.1974443302,523.624843129957,7.5,1242,524,6.1344620074045,-1.3655379925955,1.3655379925955,valid,,,Shared Pattern Plane,Grad-SIFT+Top2Geo+MidGradInterp+極線對齊,117,1,,,1.68754199999967
273,11,2,5,5,3,90,35,1260.00733298984,523.283476665316,7.5,1260,523,6.57969085358086,-0.920309146419138,0.920309146419138,valid,,,Shared Pattern Plane,Grad-SIFT+Top2Geo+MidGradInterp+極線對齊,117,1,,,1.61129599998822
274,11,2,5,5,4,92.5,35,1277.8985494705,522.940551370564,7.5,1278,523,6.49131147802649,-1.00868852197351,1.00868852197351,valid,,,Shared Pattern Plane,Grad-SIFT+Top2Geo+MidGradInterp+極線對齊,117,1,,,1.66118729999289
275,11,2,5,5,5,95,35,1295.87165211512,522.596056543805,7.5,1296,523,6.20841881560372,-1.29158118439628,1.29158118439628,valid,,,Shared Pattern Plane,Grad-SIFT+Top2Geo+MidGradInterp+極線對齊,117,1,,,1.6658199000085
276,12,2,6,1,1,105,25,1364.84189160894,455.111528417638,7,1365,455,5.41426402557103,-1.58573597442897,1.58573597442897,valid,,,Shared Pattern Plane,Grad-SIFT+Top2Geo+MidGradInterp+極線對齊,117,1,,,1.6611305999977
277,12,2,6,1,2,107.5,25,1382.97137437787,454.61298159281,7,1383,455,4.4673795756936,-2.5326204243064,2.5326204243064,valid,,,Shared Pattern Plane,Grad-SIFT+Top2Geo+MidGrad+極線對齊,117,1,,,1.63067389999924
278,12,2,6,1,3,110,25,1401.18382881077,454.112153111072,7,1401,454,5.97438177958861,-1.02561822041139,1.02561822041139,valid,,,Shared Pattern Plane,Grad-SIFT+Top2Geo+MidGradInterp+極線對齊,117,1,,,1.61699870000302
279,12,2,6,1,4,112.5,25,1419.47982580809,453.609027273101,7,1419,454,6.33626417174763,-0.663735828252371,0.663735828252371,valid,,,Shared Pattern Plane,Grad-SIFT+Top2Geo+MidGrad+極線對齊,117,1,,,1.61310250000679
280,12,2,6,1,5,115,25,1437.85994151988,453.103588235215,7,1438,453,5.64831131681753,-1.35168868318247,1.35168868318247,valid,,,Shared Pattern Plane,Grad-SIFT+Top2Geo+MidGradInterp+極線對齊,117,1,,,1.61111410000012
281,12,2,6,2,1,105,27.5,1365.77029509899,471.463490416426,7,1366,471,4.82039437229158,-2.17960562770842,2.17960562770842,valid,,,Shared Pattern Plane,Grad-SIFT+Top2Geo+MidGrad+極線對齊,117,1,,,1.63405189999321
282,12,2,6,2,2,107.5,27.5,1383.96448024836,471.000684561402,7,1384,471,8.40166907321073,1.40166907321073,1.40166907321073,valid,,,Shared Pattern Plane,Grad-SIFT+Top2Geo+MidGrad+極線對齊,117,1,,,1.59712189999118
283,12,2,6,2,3,110,27.5,1402.24222124533,470.535753294597,7,1402,471,7.17176500831967,0.171765008319672,0.171765008319672,valid,,,Shared Pattern Plane,Grad-SIFT+Top2Geo+MidGrad+極線對齊,117,1,,,1.56484550000459
284,12,2,6,2,4,112.5,27.5,1420.60409500344,470.068681941047,7,1421,470,5.91752068697115,-1.08247931302885,1.08247931302885,valid,,,Shared Pattern Plane,Grad-SIFT+Top2Geo+MidGrad+極線對齊,117,1,,,1.59121959999902
285,12,2,6,2,5,115,27.5,1439.05068375955,469.599455690383,7,1439,470,5.77231145669909,-1.22768854330091,1.22768854330091,valid,,,Shared Pattern Plane,Grad-SIFT+Top2Geo+MidGrad+極線對齊,117,1,,,1.79370100000233
286,12,2,6,3,1,105,30,1366.70511496224,487.928463936509,7,1367,488,8.31001096731345,1.31001096731345,1.31001096731345,valid,,,Shared Pattern Plane,Grad-SIFT+Top2Geo+MidGrad+極線對齊,117,1,,,1.57725550000032
287,12,2,6,3,2,107.5,30,1384.96446544111,487.501906433778,7,1385,488,8.13250606976292,1.13250606976292,1.13250606976292,valid,,,Shared Pattern Plane,Grad-SIFT+Top2Geo+MidGrad+極線對齊,117,1,,,1.64251330000116
288,12,2,6,3,3,110,30,1403.30796214067,487.073383187425,7,1403,487,7.89120157719757,0.891201577197569,0.891201577197569,valid,,,Shared Pattern Plane,Grad-SIFT+Top2Geo+MidGrad+極線對齊,117,1,,,1.56973810000636
289,12,2,6,3,4,112.5,30,1421.73618807226,486.642880577695,7,1422,487,7.14313911575953,0.143139115759526,0.143139115759526,valid,,,Shared Pattern Plane,Grad-SIFT+Top2Geo+MidGrad+極線對齊,117,1,,,1.61711369999102
290,12,2,6,3,5,115,30,1440.24973164562,486.210384858722,7,1440,486,5.80766786012182,-1.19233213987818,1.19233213987818,valid,,,Shared Pattern Plane,Grad-SIFT+Top2Geo+MidGrad+極線對齊,117,1,,,1.58126880000054
291,12,2,6,4,1,105,32.5,1367.64641794651,504.50762460658,7,1368,505,6.96312710001905,-0.0368728999809491,0.0368728999809491,valid,,,Shared Pattern Plane,Grad-SIFT+Top2Geo+MidGradInterp+極線對齊,117,1,,,1.66236070000741
292,12,2,6,4,2,107.5,32.5,1385.97140168496,504.117830841015,7,1386,504,6.66020334179083,-0.339796658209172,0.339796658209172,valid,,,Shared Pattern Plane,Grad-SIFT+Top2Geo+MidGradInterp+極線對齊,117,1,,,1.60876849999477
293,12,2,6,4,3,110,32.5,1404.38112829436,503.726234495801,7,1404,504,6.63452403699377,-0.365475963006235,0.365475963006235,valid,,,Shared Pattern Plane,Grad-SIFT+Top2Geo+MidGradInterp+極線對齊,117,1,,,1.63168019999284
294,12,2,6,4,4,112.5,32.5,1422.8761869701,503.332823038063,7,1423,503,6.59960561807242,-0.400394381927581,0.400394381927581,valid,,,Shared Pattern Plane,Grad-SIFT+Top2Geo+MidGradInterp+極線對齊,117,1,,,1.59181749999698
295,12,2,6,4,5,115,32.5,1441.45717238233,502.937583818475,7,1441,503,7.17473556449266,0.174735564492658,0.174735564492658,valid,,,Shared Pattern Plane,Grad-SIFT+Top2Geo+MidGradInterp+極線對齊,117,1,,,1.71853280000505
296,12,2,6,5,1,105,35,1368.59427172866,521.202164418409,7,1369,521,6.20515867614253,-0.794841323857465,0.794841323857465,valid,,,Shared Pattern Plane,Grad-SIFT+Top2Geo+MidGradInterp+極線對齊,117,1,,,1.77402110000548
297,12,2,6,5,2,107.5,35,1386.98536170943,520.849657926786,7,1387,521,6.13336240398682,-0.866637596013177,0.866637596013177,valid,,,Shared Pattern Plane,Grad-SIFT+Top2Geo+MidGrad+極線對齊,117,1,,,1.65764900000067
298,12,2,6,5,3,110,35,1405.46179757786,520.49551558979,7,1405,520,6.26414694652111,-0.735853053478889,0.735853053478889,valid,,,Shared Pattern Plane,Grad-SIFT+Top2Geo+MidGrad+極線對齊,117,1,,,1.64324610000767
299,12,2,6,5,4,112.5,35,1424.02417480118,520.139725993958,7,1424,520,6.49412014997856,-0.505879850021441,0.505879850021441,valid,,,Shared Pattern Plane,Grad-SIFT+Top2Geo+MidGrad+極線對齊,117,1,,,1.7327413999883
300,12,2,6,5,5,115,35,1442.67309439902,519.782277619398,7,1443,520,6.12312637567393,-0.876873624326073,0.876873624326073,valid,,,Shared Pattern Plane,Grad-SIFT+Top2Geo+MidGradInterp+極線對齊,117,1,,,1.59024020000652
301,13,3,1,1,1,5,45,691.576463289202,596.381445316084,6.5,692,596,6.4683691458193,-0.0316308541807038,0.0316308541807038,valid,,,Shared Pattern Plane,Grad-SIFT+Top2Geo+MidGradInterp+極線對齊,117,1,,,1.64969869999913
302,13,3,1,1,2,7.5,45,707.173637595623,596.215986650439,6.5,707,596,6.14169475483995,-0.358305245160054,0.358305245160054,valid,,,Shared Pattern Plane,Grad-SIFT+Top2Geo+MidGradInterp+極線對齊,117,1,,,1.56888959999196
303,13,3,1,1,3,10,45,722.837903544655,596.049816260128,6.5,723,596,7.25972183920754,0.759721839207538,0.759721839207538,valid,,,Shared Pattern Plane,Grad-SIFT+Top2Geo+MidGradInterp+極線對齊,117,1,,,1.62430029999814
304,13,3,1,1,4,12.5,45,738.569694963974,595.882929543001,6.5,739,596,6.60088719468988,0.100887194689883,0.100887194689883,valid,,,Shared Pattern Plane,Grad-SIFT+Top2Geo+MidGradInterp+極線對齊,117,1,,,1.66573799999605
305,13,3,1,1,5,15,45,754.369449429621,595.715321857144,6.5,754,596,6.53135230377179,0.0313523037717873,0.0313523037717873,valid,,,Shared Pattern Plane,Grad-SIFT+Top2Geo+MidGradInterp+極線對齊,117,1,,,1.63146820000838
306,13,3,1,2,1,5,47.5,690.269814017329,612.208850868452,6.5,690,612,6.66057563035611,0.16057563035611,0.16057563035611,valid,,,Shared Pattern Plane,Grad-SIFT+Top2Geo+MidGradInterp+極線對齊,117,1,,,1.61535029999504
307,13,3,1,2,2,7.5,47.5,705.914770508041,612.076933598258,6.5,706,612,7.67977320648586,1.17977320648586,1.17977320648586,valid,,,Shared Pattern Plane,Grad-SIFT+Top2Geo+MidGrad+極線對齊,117,1,,,1.62180439999793
308,13,3,1,2,3,10,47.5,721.627242953446,611.944447037862,6.5,722,612,6.45451712716453,-0.0454828728354721,0.0454828728354721,valid,,,Shared Pattern Plane,Grad-SIFT+Top2Geo+MidGrad+極線對齊,117,1,,,1.58401760000561
309,13,3,1,2,4,12.5,47.5,737.407669347221,611.81138749413,6.5,737,612,7.55597704228644,1.05597704228644,1.05597704228644,valid,,,Shared Pattern Plane,Grad-SIFT+Top2Geo+MidGrad+極線對齊,117,1,,,1.64909340000304
310,13,3,1,2,5,15,47.5,753.256491479757,611.677751241913,6.5,753,612,8.17399220486269,1.67399220486269,1.67399220486269,valid,,,Shared Pattern Plane,Grad-SIFT+Top2Geo+MidGradInterp+極線對齊,117,1,,,1.58790309999313
311,13,3,1,3,1,5,50,688.954678231391,628.139053324863,6.5,689,628,8.36126310637223,1.86126310637223,1.86126310637223,valid,,,Shared Pattern Plane,Grad-SIFT+Top2Geo+MidGrad+極線對齊,117,1,,,1.78508359999978
312,13,3,1,3,2,7.5,50,704.64770958387,628.041117820849,6.5,705,628,8.46777096348665,1.96777096348665,1.96777096348665,valid,,,Shared Pattern Plane,Grad-SIFT+Top2Geo+MidGrad+極線對齊,117,1,,,1.60049720000825
313,13,3,1,3,3,10,50,720.40868523808,627.942758296817,6.5,720,628,9.08021223836051,2.58021223836051,2.58021223836051,valid,,,Shared Pattern Plane,Grad-SIFT+Top2Geo+MidGrad+極線對齊,117,1,,,1.61536570001044
314,13,3,1,3,4,12.5,50,736.238047407191,627.843971993047,6.5,736,628,7.94569269022987,1.44569269022987,1.44569269022987,valid,,,Shared Pattern Plane,Grad-SIFT+Top2Geo+MidGrad+極線對齊,117,1,,,1.59406060000765
315,13,3,1,3,5,15,50,752.136242150221,627.744756125819,6.5,752,628,7.21037223261991,0.71037223261991,0.71037223261991,valid,,,Shared Pattern Plane,Grad-SIFT+Top2Geo+MidGradInterp+極線對齊,117,1,,,1.59911070000089
316,13,3,1,4,1,5,52.5,687.630972983845,644.173057426575,6.5,688,644,8.15732486305975,1.65732486305975,1.65732486305975,valid,,,Shared Pattern Plane,Grad-SIFT+Top2Geo+MidGrad+極線對齊,117,1,,,1.59271579999768
317,13,3,1,4,2,7.5,52.5,703.372374562647,644.109550550443,6.5,703,644,6.66632022622507,0.166320226225065,0.166320226225065,valid,,,Shared Pattern Plane,Grad-SIFT+Top2Geo+MidGrad+極線對齊,117,1,,,1.66189740000118
318,13,3,1,4,3,10,52.5,719.182152876453,644.045767816229,6.5,719,644,6.81206640918063,0.312066409180632,0.312066409180632,valid,,,Shared Pattern Plane,Grad-SIFT+Top2Geo+MidGrad+極線對齊,117,1,,,1.67097410000861
319,13,3,1,4,4,12.5,52.5,735.060754412282,643.981707422634,6.5,735,644,6.51407502177746,0.0140750217774617,0.0140750217774617,valid,,,Shared Pattern Plane,Grad-SIFT+Top2Geo+MidGrad+極線對齊,117,1,,,1.58720650000032
320,13,3,1,4,5,15,52.5,751.008629552936,643.917367552639,6.5,751,644,6.57048647811295,0.0704864781129508,0.0704864781129508,valid,,,Shared Pattern Plane,Grad-SIFT+Top2Geo+MidGradInterp+極線對齊,117,1,,,1.64034810000157
321,13,3,1,5,1,5,55,686.298614242634,660.311881051489,6.5,686,660,6.30223319473196,-0.197766805268038,0.197766805268038,valid,,,Shared Pattern Plane,Grad-SIFT+Top2Geo+MidGrad+極線對齊,117,1,,,1.57036269998935
322,13,3,1,5,2,7.5,55,702.088684132247,660.28325626953,6.5,702,660,5.78040535849364,-0.719594641506364,0.719594641506364,valid,,,Shared Pattern Plane,Grad-SIFT+Top2Geo+MidGrad+極線對齊,117,1,,,1.64101959999243
323,13,3,1,5,3,10,55,717.947567328468,660.254506740442,6.5,718,660,6.26109598885837,-0.238904011141632,0.238904011141632,valid,,,Shared Pattern Plane,Grad-SIFT+Top2Geo+MidGrad+極線對齊,117,1,,,1.63257210000302
324,13,3,1,5,4,12.5,55,733.875714647404,660.225631646969,6.5,734,660,6.35393455277247,-0.14606544722753,0.14606544722753,valid,,,Shared Pattern Plane,Grad-SIFT+Top2Geo+MidGrad+極線對齊,117,1,,,1.63244590000249
325,13,3,1,5,5,15,55,749.873580851683,660.196630164702,6.5,750,660,6.0645221328742,-0.435477867125798,0.435477867125798,valid,,,Shared Pattern Plane,Grad-SIFT+Top2Geo+MidGradInterp+極線對齊,117,1,,,1.65534120000666
326,14,3,2,1,1,25,45,818.2569827559,595.037587172139,6,818,595,5.14322702820061,-0.856772971799386,0.856772971799386,valid,,,Shared Pattern Plane,Grad-SIFT+Top2Geo+MidGradInterp+極線對齊,117,1,,,1.6487277999986
327,14,3,2,1,2,27.5,45,834.403250156343,594.866303591745,6,834,595,4.348049924411,-1.651950075589,1.651950075589,valid,,,Shared Pattern Plane,Grad-SIFT+Top2Geo+MidGradInterp+極線對齊,117,1,,,1.63033119999454
328,14,3,2,1,3,30,45,850.620187084424,594.694270331601,6,851,595,5.23057092753861,-0.769429072461393,0.769429072461393,valid,,,Shared Pattern Plane,Grad-SIFT+Top2Geo+MidGradInterp+極線對齊,117,1,,,1.68073469999945
329,14,3,2,1,4,32.5,45,866.908258520871,594.521482459076,6,867,595,5.05760351430804,-0.942396485691963,0.942396485691963,valid,,,Shared Pattern Plane,Grad-SIFT+Top2Geo+MidGradInterp+極線對齊,117,1,,,1.66934860000038
330,14,3,2,1,5,35,45,883.267933534594,594.347934998171,6,883,594,4.84804997291391,-1.15195002708609,1.15195002708609,valid,,,Shared Pattern Plane,Grad-SIFT+Top2Geo+MidGradInterp+極線對齊,117,1,,,1.63983920001192
331,14,3,2,2,1,25,47.5,817.344708414352,611.137363505159,6,817,611,6.18082593856889,0.180825938568886,0.180825938568886,valid,,,Shared Pattern Plane,Grad-SIFT+Top2Geo+MidGrad+極線對齊,117,1,,,1.61471160000656
332,14,3,2,2,2,27.5,47.5,833.542271898026,611.000786688226,6,834,611,6.34650851112094,0.346508511120939,0.346508511120939,valid,,,Shared Pattern Plane,Grad-SIFT+Top2Geo+MidGrad+極線對齊,117,1,,,1.71014640000067
333,14,3,2,2,3,30,47.5,849.810963940817,610.863610119842,6,850,611,6.49447111527985,0.494471115279855,0.494471115279855,valid,,,Shared Pattern Plane,Grad-SIFT+Top2Geo+MidGrad+極線對齊,117,1,,,1.62562279999838
334,14,3,2,2,4,32.5,47.5,866.15125409527,610.72582984077,6,866,611,5.17194717286983,-0.828052827130171,0.828052827130171,valid,,,Shared Pattern Plane,Grad-SIFT+Top2Geo+MidGrad+極線對齊,117,1,,,1.66154810000444
335,14,3,2,2,5,35,47.5,882.563616056026,610.587441856848,6,883,611,5.85018655692561,-0.149813443074389,0.149813443074389,valid,,,Shared Pattern Plane,Grad-SIFT+Top2Geo+MidGrad+極線對齊,117,1,,,1.6055195999943
336,14,3,2,3,1,25,50,816.426405008459,627.343540493143,6,816,627,7.03602069209399,1.03602069209399,1.03602069209399,valid,,,Shared Pattern Plane,Grad-SIFT+Top2Geo+MidGrad+極線對齊,117,1,,,1.66683089999424
337,14,3,2,3,2,27.5,50,832.675591075042,627.242134194289,6,833,627,7.16919826364707,1.16919826364707,1.16919826364707,valid,,,Shared Pattern Plane,Grad-SIFT+Top2Geo+MidGrad+極線對齊,117,1,,,1.62178190000122
338,14,3,2,3,3,30,50,848.996369217766,627.140281110751,6,849,627,8.27299174082257,2.27299174082257,2.27299174082257,valid,,,Shared Pattern Plane,Grad-SIFT+Top2Geo+MidGrad+極線對齊,117,1,,,1.71714320000319
339,14,3,2,3,4,32.5,50,865.38921362112,627.037978283285,6,865,627,7.48162259520813,1.48162259520813,1.48162259520813,valid,,,Shared Pattern Plane,Grad-SIFT+Top2Geo+MidGrad+極線對齊,117,1,,,1.72882340000069
340,14,3,2,3,5,35,50,881.85460266649,626.935222726457,6,882,627,6.02795791593001,0.0279579159300081,0.0279579159300081,valid,,,Shared Pattern Plane,Grad-SIFT+Top2Geo+MidGrad+極線對齊,117,1,,,1.62013290000323
341,14,3,2,4,1,25,52.5,815.502012572494,643.657176408525,6,816,644,5.91961143695932,-0.0803885630406764,0.0803885630406764,valid,,,Shared Pattern Plane,Grad-SIFT+Top2Geo+MidGrad+極線對齊,117,1,,,1.62570899999992
342,14,3,2,4,2,27.5,52.5,831.803150843977,643.591411339015,6,832,644,5.85472353685945,-0.145276463140546,0.145276463140546,valid,,,Shared Pattern Plane,Grad-SIFT+Top2Geo+MidGrad+極線對齊,117,1,,,1.66149329999462
343,14,3,2,4,3,30,52.5,848.176349252786,643.52535555116,6,848,644,6.08717044119638,0.0871704411963758,0.0871704411963758,valid,,,Shared Pattern Plane,Grad-SIFT+Top2Geo+MidGrad+極線對齊,117,1,,,1.88800259999698
344,14,3,2,4,4,32.5,52.5,864.622086676468,643.459007112984,6,865,643,6.29327487482686,0.293274874826857,0.293274874826857,valid,,,Shared Pattern Plane,Grad-SIFT+Top2Geo+MidGrad+極線對齊,117,1,,,1.76004850000027
345,14,3,2,4,5,35,52.5,881.14084624518,643.392364075353,6,881,643,6.55259719319716,0.552597193197162,0.552597193197162,valid,,,Shared Pattern Plane,Grad-SIFT+Top2Geo+MidGrad+極線對齊,117,1,,,1.57616820000112
346,14,3,2,5,1,25,55,814.571470342852,660.079343604681,6,815,660,5.89633521507854,-0.103664784921459,0.103664784921459,valid,,,Shared Pattern Plane,Grad-SIFT+Top2Geo+MidGrad+極線對齊,117,1,,,1.53871149999031
347,14,3,2,5,2,27.5,55,830.92489360341,660.049697556349,6,831,660,5.65435686951424,-0.345643130485763,0.345643130485763,valid,,,Shared Pattern Plane,Grad-SIFT+Top2Geo+MidGrad+極線對齊,117,1,,,1.62586770000053
348,14,3,2,5,3,30,55,847.350849666214,660.019920018058,6,847,660,6.30528670717475,0.305286707174747,0.305286707174747,valid,,,Shared Pattern Plane,Grad-SIFT+Top2Geo+MidGrad+極線對齊,117,1,,,1.62461830000393
349,14,3,2,5,4,32.5,55,863.849822163995,659.990010113062,6,864,660,6.75920944937276,0.759209449372764,0.759209449372764,valid,,,Shared Pattern Plane,Grad-SIFT+Top2Geo+MidGrad+極線對齊,117,1,,,1.70422159999725
350,14,3,2,5,5,35,55,880.422299038733,659.959966956802,6,880,660,6.87065164137798,0.870651641377977,0.870651641377977,valid,,,Shared Pattern Plane,Grad-SIFT+Top2Geo+MidGradInterp+極線對齊,117,1,,,1.7061229999963
351,15,3,3,1,1,45,45,949.43219636511,593.64604820597,5.5,949,594,4.90859786153567,-0.591402138464326,0.591402138464326,valid,,,Shared Pattern Plane,Grad-SIFT+Top2Geo+MidGradInterp+極線對齊,117,1,,,2.07354589999886
352,15,3,3,1,2,47.5,45,966.157071570825,593.468626611503,5.5,966,593,5.49694367454007,-0.00305632545992918,0.00305632545992918,valid,,,Shared Pattern Plane,Grad-SIFT+Top2Geo+MidGradInterp+極線對齊,117,1,,,1.78124589999788
353,15,3,3,1,3,50,45,982.956453182941,593.290414634731,5.5,983,593,4.97407429133964,-0.525925708660362,0.525925708660362,valid,,,Shared Pattern Plane,Grad-SIFT+Top2Geo+MidGradInterp+極線對齊,117,1,,,2.00865429999249
354,15,3,3,1,4,52.5,45,999.830840182489,593.11140698234,5.5,1000,593,5.46150446199769,-0.038495538002306,0.038495538002306,valid,,,Shared Pattern Plane,Grad-SIFT+Top2Geo+MidGradInterp+極線對齊,117,1,,,1.66449009999633
355,15,3,3,1,5,55,45,1016.78073601615,592.931598313643,5.5,1017,593,5.66798433346748,0.167984333467483,0.167984333467483,valid,,,Shared Pattern Plane,Grad-SIFT+Top2Geo+MidGradInterp+極線對齊,117,1,,,1.68370649999997
356,15,3,3,2,1,45,47.5,948.943403408595,610.027731745233,5.5,949,610,5.16536247509315,-0.334637524906847,0.334637524906847,valid,,,Shared Pattern Plane,Grad-SIFT+Top2Geo+MidGradInterp+極線對齊,117,1,,,1.63401140000497
357,15,3,3,2,2,47.5,47.5,965.723378032261,609.886244074904,5.5,966,610,4.605667203592,-0.894332796408003,0.894332796408003,valid,,,Shared Pattern Plane,Grad-SIFT+Top2Geo+MidGradInterp+極線對齊,117,1,,,1.85471129999496
358,15,3,3,2,3,50,47.5,982.578356220513,609.744123979326,5.5,983,610,4.33000238461885,-1.16999761538115,1.16999761538115,valid,,,Shared Pattern Plane,Grad-SIFT+Top2Geo+MidGradInterp+極線對齊,117,1,,,1.71398590000172
359,15,3,3,2,4,52.5,47.5,999.50884197907,609.601367208755,5.5,1000,610,4.29387873333669,-1.20612126666331,1.20612126666331,valid,,,Shared Pattern Plane,Grad-SIFT+Top2Geo+MidGradInterp+極線對齊,117,1,,,1.70507630000066
360,15,3,3,2,5,55,47.5,1016.51534383952,609.457969475287,5.5,1017,609,7.67842126588936,2.17842126588936,2.17842126588936,valid,,,Shared Pattern Plane,Grad-SIFT+Top2Geo+MidGradInterp+極線對齊,117,1,,,1.68156510000699
361,15,3,3,3,1,45,50,948.451322410667,626.519612563745,5.5,948,627,9.13757141194062,3.63757141194062,3.63757141194062,valid,,,Shared Pattern Plane,Grad-SIFT+Top2Geo+MidGradInterp+極線對齊,117,1,,,1.95087500000955
362,15,3,3,3,2,47.5,50,965.286760570794,626.41454764133,5.5,965,626,6.02611291335883,0.526112913358832,0.526112913358832,valid,,,Shared Pattern Plane,Grad-SIFT+Top2Geo+MidGradInterp+極線對齊,117,1,,,1.85070330000599
363,15,3,3,3,3,50,50,982.197704446054,626.309011510382,5.5,982,626,6.24885787054066,0.748857870540658,0.748857870540658,valid,,,Shared Pattern Plane,Grad-SIFT+Top2Geo+MidGradInterp+極線對齊,117,1,,,1.71797969999898
364,15,3,3,3,4,52.5,50,999.184663134536,626.203000993774,5.5,999,626,5.69464565563914,0.194645655639144,0.194645655639144,valid,,,Shared Pattern Plane,Grad-SIFT+Top2Geo+MidGradInterp+極線對齊,117,1,,,1.65104470000369
365,15,3,3,3,5,55,50,1016.24815032144,626.096512885749,5.5,1016,626,5.96234768810963,0.462347688109633,0.462347688109633,valid,,,Shared Pattern Plane,Grad-SIFT+Top2Geo+MidGrad+極線對齊,117,1,,,1.76682269999583
366,15,3,3,4,1,45,52.5,947.955920082069,643.122806336377,5.5,948,643,6.78539489442209,1.28539489442209,1.28539489442209,valid,,,Shared Pattern Plane,Grad-SIFT+Top2Geo+MidGradInterp+極線對齊,117,1,,,1.68442550000327
367,15,3,3,4,2,47.5,52.5,964.847189517174,643.054660450488,5.5,965,643,5.98745414406411,0.487454144064111,0.487454144064111,valid,,,Shared Pattern Plane,Grad-SIFT+Top2Geo+MidGradInterp+極線對齊,117,1,,,1.71045720000984
368,15,3,3,4,3,50,52.5,981.814471877375,642.986207899186,5.5,982,643,5.95758795354427,0.457587953544274,0.457587953544274,valid,,,Shared Pattern Plane,Grad-SIFT+Top2Geo+MidGradInterp+極線對齊,117,1,,,1.74587769999926
369,15,3,3,4,4,52.5,52.5,998.858281421969,642.917446607751,5.5,999,643,5.64976380074392,0.149763800743924,0.149763800743924,valid,,,Shared Pattern Plane,Grad-SIFT+Top2Geo+MidGrad+極線對齊,117,1,,,2.09674660000019
370,15,3,3,4,5,55,52.5,1015.97913705965,642.848374482704,5.5,1016,643,6.034013386897,0.534013386896997,0.534013386896997,valid,,,Shared Pattern Plane,Grad-SIFT+Top2Geo+MidGradInterp+極線對齊,117,1,,,2.17096540000057
371,15,3,3,5,1,45,55,947.457162682652,659.838443849632,5.5,947,660,5.57895661422286,0.0789566142228626,0.0789566142228626,valid,,,Shared Pattern Plane,Grad-SIFT+Top2Geo+MidGradInterp+極線對齊,117,1,,,1.87187350000022
372,15,3,3,5,2,47.5,55,964.404634799377,659.807720889096,5.5,964,660,5.46443816882372,-0.0355618311762775,0.0355618311762775,valid,,,Shared Pattern Plane,Grad-SIFT+Top2Geo+MidGradInterp+極線對齊,117,1,,,1.66731859999709
373,15,3,3,5,3,50,55,981.428632178774,659.77685920093,5.5,981,660,5.45785486961811,-0.0421451303818943,0.0421451303818943,valid,,,Shared Pattern Plane,Grad-SIFT+Top2Geo+MidGradInterp+極線對齊,117,1,,,1.61177820000739
374,15,3,3,5,4,52.5,55,998.529674311347,659.745857843386,5.5,999,660,4.98626449142774,-0.513735508572261,0.513735508572261,valid,,,Shared Pattern Plane,Grad-SIFT+Top2Geo+MidGradInterp+極線對齊,117,1,,,1.6249661000038
375,15,3,3,5,5,55,55,1015.70828540033,659.714715866168,5.5,1016,660,5.28542934592391,-0.21457065407609,0.21457065407609,valid,,,Shared Pattern Plane,Grad-SIFT+Top2Geo+MidGrad+極線對齊,117,1,,,1.58388020000712
376,16,3,4,1,1,65,45,1085.34563574565,592.204244974091,5,1085,592,5.40042653640647,0.400426536406473,0.400426536406473,valid,,,Shared Pattern Plane,Grad-SIFT+Top2Geo+MidGradInterp+極線對齊,117,1,,,1.64087560000189
377,16,3,4,1,2,67.5,45,1102.68078729033,592.020349417948,5,1103,592,5.27645026673731,0.276450266737306,0.276450266737306,valid,,,Shared Pattern Plane,Grad-SIFT+Top2Geo+MidGradInterp+極線對齊,117,1,,,1.56913319999876
378,16,3,4,1,3,70,45,1120.09456497934,591.835619776305,5,1120,592,4.29114521341428,-0.708854786585721,0.708854786585721,valid,,,Shared Pattern Plane,Grad-SIFT+Top2Geo+MidGradInterp+極線對齊,117,1,,,1.71115639999334
379,16,3,4,1,4,72.5,45,1137.58750495934,591.650050361587,5,1138,592,4.67336194027459,-0.326638059725409,0.326638059725409,valid,,,Shared Pattern Plane,Grad-SIFT+Top2Geo+MidGradInterp+極線對齊,117,1,,,1.61331390000123
380,16,3,4,1,5,75,45,1155.16014826267,591.463635434389,5,1155,591,4.63006681965048,-0.369933180349521,0.369933180349521,valid,,,Shared Pattern Plane,Grad-SIFT+Top2Geo+MidGradInterp+極線對齊,117,1,,,1.65027939999709
381,16,3,4,2,1,65,47.5,1085.31184420782,608.877881794449,5,1085,609,4.24496106886513,-0.75503893113487,0.75503893113487,valid,,,Shared Pattern Plane,Grad-SIFT+Top2Geo+MidGradInterp+極線對齊,117,1,,,1.56833229999756
382,16,3,4,2,2,67.5,47.5,1102.70621655976,608.731213561861,5,1103,609,4.9202663924001,-0.0797336075999011,0.0797336075999011,valid,,,Shared Pattern Plane,Grad-SIFT+Top2Geo+MidGrad+極線對齊,117,1,,,1.62600740000198
383,16,3,4,2,3,70,47.5,1120.1797541464,608.58387781309,5,1120,609,3.67149107237129,-1.32850892762871,1.32850892762871,valid,,,Shared Pattern Plane,Grad-SIFT+Top2Geo+MidGradInterp+極線對齊,117,1,,,1.5608840000059
384,16,3,4,2,4,72.5,47.5,1137.73299864538,608.435869980742,5,1138,608,1.73483967864602,-3.26516032135398,3.26516032135398,valid,,,Shared Pattern Plane,Grad-SIFT+Top2Geo+MidGradInterp+極線對齊,117,1,,,2.88446750000003
385,16,3,4,2,5,75,47.5,1155.36649668745,608.287185455665,5,1155,608,4.60962194542645,-0.390378054573547,0.390378054573547,valid,,,Shared Pattern Plane,Grad-SIFT+Top2Geo+MidGradInterp+極線對齊,117,1,,,1.58748969998851
386,16,3,4,3,1,65,50,1085.27782122558,625.66571940423,5,1085,626,4.40162303455135,-0.59837696544865,0.59837696544865,valid,,,Shared Pattern Plane,Grad-SIFT+Top2Geo+MidGradInterp+極線對齊,117,1,,,1.63639919999696
387,16,3,4,3,2,67.5,50,1102.73182039571,625.556794227991,5,1103,626,4.26917034126663,-0.730829658733372,0.730829658733372,valid,,,Shared Pattern Plane,Grad-SIFT+Top2Geo+MidGrad+極線對齊,117,1,,,1.64338190000854
388,16,3,4,3,3,70,50,1120.2655294543,625.447371606234,5,1120,625,3.69875796160069,-1.30124203839931,1.30124203839931,valid,,,Shared Pattern Plane,Grad-SIFT+Top2Geo+MidGrad+極線對齊,117,1,,,1.63323570000648
389,16,3,4,3,4,72.5,50,1137.87949568632,625.337448123519,5,1138,625,4.18724045265543,-0.812759547344573,0.812759547344573,valid,,,Shared Pattern Plane,Grad-SIFT+Top2Geo+MidGradInterp+極線對齊,117,1,,,1.65680009999778
390,16,3,4,3,5,75,50,1155.57427139841,625.227020333065,5,1156,625,3.84685570863504,-1.15314429136496,1.15314429136496,valid,,,Shared Pattern Plane,Grad-SIFT+Top2Geo+MidGradInterp+極線對齊,117,1,,,1.60337569999683
391,16,3,4,4,1,65,52.5,1085.24356441292,642.568935108374,5,1085,643,4.32177461847227,-0.678225381527725,0.678225381527725,valid,,,Shared Pattern Plane,Grad-SIFT+Top2Geo+MidGradInterp+極線對齊,117,1,,,1.61897489998955
392,16,3,4,4,2,67.5,52.5,1102.75760060192,642.498276741567,5,1103,642,3.89435627038072,-1.10564372961928,1.10564372961928,valid,,,Shared Pattern Plane,Grad-SIFT+Top2Geo+MidGradInterp+極線對齊,117,1,,,1.60985750000691
393,16,3,4,4,3,70,52.5,1120.35189697331,642.427294574274,5,1120,642,4.26169869709972,-0.738301302900276,0.738301302900276,valid,,,Shared Pattern Plane,Grad-SIFT+Top2Geo+MidGradInterp+極線對齊,117,1,,,1.658102100002
394,16,3,4,4,4,72.5,52.5,1138.02700649708,642.355986375603,5,1138,642,4.1773334018755,-0.822666598124499,0.822666598124499,valid,,,Shared Pattern Plane,Grad-SIFT+Top2Geo+MidGradInterp+極線對齊,117,1,,,1.55282450000232
395,16,3,4,4,5,75,52.5,1155.78348723463,642.284349894119,5,1156,642,3.6952213576128,-1.3047786423872,1.3047786423872,valid,,,Shared Pattern Plane,Grad-SIFT+Top2Geo+MidGradInterp+極線對齊,117,1,,,1.64336899999762
396,16,3,4,5,1,65,55,1085.20907135098,659.588722450199,5,1085,660,3.9374850585067,-1.0625149414933,1.0625149414933,valid,,,Shared Pattern Plane,Grad-SIFT+Top2Geo+MidGradInterp+極線對齊,117,1,,,1.56631290000223
397,16,3,4,5,2,67.5,55,1102.78355900704,659.556862814321,5,1103,660,3.92814248090267,-1.07185751909733,1.07185751909733,valid,,,Shared Pattern Plane,Grad-SIFT+Top2Geo+MidGradInterp+極線對齊,117,1,,,1.65720180000062
398,16,3,4,5,3,70,55,1120.4388628578,659.524856672063,5,1120,660,4.09446332507549,-0.905536674924505,0.905536674924505,valid,,,Shared Pattern Plane,Grad-SIFT+Top2Geo+MidGradInterp+極線對齊,117,1,,,1.57401189999655
399,16,3,4,5,4,72.5,55,1138.17554163725,659.492703010536,5,1138,659,3.68464282098687,-1.31535717901313,1.31535717901313,valid,,,Shared Pattern Plane,Grad-SIFT+Top2Geo+MidGradInterp+極線對齊,117,1,,,1.64797689999978
400,16,3,4,5,5,75,55,1155.99415924176,659.460400807487,5,1156,659,4.09231838239322,-0.90768161760678,0.90768161760678,valid,,,Shared Pattern Plane,Grad-SIFT+Top2Geo+MidGradInterp+極線對齊,117,1,,,1.61194970000361
401,17,3,5,1,1,85,45,1226.25874950127,590.709403965337,4.5,1226,591,4.77866452630063,0.278664526300629,0.278664526300629,valid,,,Shared Pattern Plane,Grad-SIFT+Top2Geo+MidGradInterp+極線對齊,117,1,,,1.8450187999988
402,17,3,5,1,2,87.5,45,1244.23819985404,590.518673528787,4.5,1244,591,4.52547262134551,0.0254726213455116,0.0254726213455116,valid,,,Shared Pattern Plane,Grad-SIFT+Top2Geo+MidGradInterp+極線對齊,117,1,,,1.75166320000426
403,17,3,5,1,3,90,45,1262.30070550201,590.327062021215,4.5,1262,590,4.8105827535148,0.310582753514804,0.310582753514804,valid,,,Shared Pattern Plane,Grad-SIFT+Top2Geo+MidGradInterp+極線對齊,117,1,,,1.64264019999246
404,17,3,5,1,4,92.5,45,1280.44684328305,590.134563323381,4.5,1280,590,4.51972902525026,0.0197290252502613,0.0197290252502613,valid,,,Shared Pattern Plane,Grad-SIFT+Top2Geo+MidGradInterp+極線對齊,117,1,,,1.59792529999686
405,17,3,5,1,5,95,45,1298.67719538912,589.941171259252,4.5,1299,590,3.38954122407734,-1.11045877592266,1.11045877592266,valid,,,Shared Pattern Plane,Grad-SIFT+Top2Geo+MidGradInterp+極線對齊,117,1,,,1.6522571999958
406,17,3,5,2,1,85,47.5,1226.71413345999,607.68558675621,4.5,1227,608,3.8805917056498,-0.619408294350196,0.619408294350196,valid,,,Shared Pattern Plane,Grad-SIFT+Top2Geo+MidGradInterp+極線對齊,117,1,,,1.61137630000303
407,17,3,5,2,2,87.5,47.5,1244.75727605369,607.533448134534,4.5,1245,608,4.0194404764064,-0.480559523593602,0.480559523593602,valid,,,Shared Pattern Plane,Grad-SIFT+Top2Geo+MidGradInterp+極線對齊,117,1,,,1.61489359999541
408,17,3,5,2,3,90,47.5,1262.88405922332,607.380604260883,4.5,1263,607,3.52249235662962,-0.977507643370381,0.977507643370381,valid,,,Shared Pattern Plane,Grad-SIFT+Top2Geo+MidGradInterp+極線對齊,117,1,,,1.6087692000001
409,17,3,5,2,4,92.5,47.5,1281.09506590489,607.227050219979,4.5,1281,607,3.27947633268492,-1.22052366731508,1.22052366731508,valid,,,Shared Pattern Plane,Grad-SIFT+Top2Geo+MidGradInterp+極線對齊,117,1,,,1.64235200000985
410,17,3,5,2,5,95,47.5,1299.39088446406,607.072781050759,4.5,1299,607,2.58864352792728,-1.91135647207272,1.91135647207272,valid,,,Shared Pattern Plane,Grad-SIFT+Top2Geo+MidGrad+極線對齊,117,1,,,1.5741726999986
411,17,3,5,3,1,85,50,1227.17269419444,624.780196041081,4.5,1227,625,4.82600735198048,0.326007351980478,0.326007351980478,valid,,,Shared Pattern Plane,Grad-SIFT+Top2Geo+MidGradInterp+極線對齊,117,1,,,1.59919959999388
412,17,3,5,3,2,87.5,50,1245.27998175139,624.667193887871,4.5,1245,625,4.84834800791529,0.348348007915289,0.348348007915289,valid,,,Shared Pattern Plane,Grad-SIFT+Top2Geo+MidGrad+極線對齊,117,1,,,1.58787259999372
413,17,3,5,3,3,90,50,1263.47150137291,624.553666067598,4.5,1263,625,6.4630801474409,1.9630801474409,1.9630801474409,valid,,,Shared Pattern Plane,Grad-SIFT+Top2Geo+MidGrad+極線對齊,117,1,,,1.60993170000438
414,17,3,5,3,4,92.5,50,1281.7478421794,624.439608903739,4.5,1282,624,4.95181750152497,0.451817501524967,0.451817501524967,valid,,,Shared Pattern Plane,Grad-SIFT+Top2Geo+MidGrad+極線對齊,117,1,,,1.56716269999743
415,17,3,5,3,5,95,50,1300.10959879786,624.325018685404,4.5,1300,624,3.02699205076616,-1.47300794923384,1.47300794923384,valid,,,Shared Pattern Plane,Grad-SIFT+Top2Geo+MidGrad+極線對齊,117,1,,,1.68445749999955
416,17,3,5,4,1,85,52.5,1227.63446506296,641.994475379067,4.5,1228,642,4.01925286056794,-0.480747139432064,0.480747139432064,valid,,,Shared Pattern Plane,Grad-SIFT+Top2Geo+MidGradInterp+極線對齊,117,1,,,1.59607939999842
417,17,3,5,4,2,87.5,52.5,1245.80635514809,641.921162976297,4.5,1246,642,5.34318696897957,0.843186968979569,0.843186968979569,valid,,,Shared Pattern Plane,Grad-SIFT+Top2Geo+MidGradInterp+極線對齊,117,1,,,1.6960653999995
418,17,3,5,4,3,90,52.5,1264.06307508246,641.847508337246,4.5,1264,642,3.73939892623953,-0.76060107376047,0.76060107376047,valid,,,Shared Pattern Plane,Grad-SIFT+Top2Geo+MidGradInterp+極線對齊,117,1,,,1.56920080000418
419,17,3,5,4,4,92.5,52.5,1282.40522025866,641.773509059871,4.5,1282,642,4.22942927551285,-0.270570724487152,0.270570724487152,valid,,,Shared Pattern Plane,Grad-SIFT+Top2Geo+MidGradInterp+極線對齊,117,1,,,1.80346850000205
420,17,3,5,4,5,95,52.5,1300.83339165414,641.699162719599,4.5,1301,642,3.9847056585074,-0.515294341492595,0.515294341492595,valid,,,Shared Pattern Plane,Grad-SIFT+Top2Geo+MidGrad+極線對齊,117,1,,,1.70885419999831
421,17,3,5,5,1,85,55,1228.09947989253,659.329685801405,4.5,1228,659,3.29537433611121,-1.20462566388879,1.20462566388879,valid,,,Shared Pattern Plane,Grad-SIFT+Top2Geo+MidGradInterp+極線對齊,117,1,,,2.39665610001248
422,17,3,5,5,2,87.5,55,1246.33643498273,659.296625221769,4.5,1246,659,4.25828492312637,-0.241715076873626,0.241715076873626,valid,,,Shared Pattern Plane,Grad-SIFT+Top2Geo+MidGradInterp+極線對齊,117,1,,,1.6088163999957
423,17,3,5,5,3,90,55,1264.65882409254,659.263409764403,4.5,1265,659,5.53831490167771,1.03831490167771,1.03831490167771,valid,,,Shared Pattern Plane,Grad-SIFT+Top2Geo+MidGrad+極線對齊,117,1,,,1.64424129998952
424,17,3,5,5,4,92.5,55,1283.06724897604,659.230038338426,4.5,1283,659,5.90531331802894,1.40531331802894,1.40531331802894,valid,,,Shared Pattern Plane,Grad-SIFT+Top2Geo+MidGrad+極線對齊,117,1,,,1.73430529999314
425,17,3,5,5,5,95,55,1301.56231705194,659.196509842689,4.5,1302,659,5.74478969463662,1.24478969463662,1.24478969463662,valid,,,Shared Pattern Plane,Grad-SIFT+Top2Geo+MidGrad+極線對齊,117,1,,,1.72665739999502
426,18,3,6,1,1,105,45,1372.45258180716,589.158543793893,4,1372,589,3.123454454381,-0.876545545618997,0.876545545618997,valid,,,Shared Pattern Plane,Grad-SIFT+Top2Geo+MidGradInterp+極線對齊,117,1,,,1.84676169999875
427,18,3,6,1,2,107.5,45,1391.11293021844,588.960590223076,4,1391,589,3.36684430107291,-0.633155698927085,0.633155698927085,valid,,,Shared Pattern Plane,Grad-SIFT+Top2Geo+MidGradInterp+極線對齊,117,1,,,1.70657920000667
428,18,3,6,1,3,110,45,1409.86110209089,588.761704999358,4,1410,589,2.91109672348378,-1.08890327651622,1.08890327651622,valid,,,Shared Pattern Plane,Grad-SIFT+Top2Geo+MidGradInterp+極線對齊,117,1,,,2.27444280000054
429,18,3,6,1,4,112.5,45,1428.69771888826,588.561881530097,4,1429,589,3.50361825092237,-0.496381749077628,0.496381749077628,valid,,,Shared Pattern Plane,Grad-SIFT+Top2Geo+MidGradInterp+極線對齊,117,1,,,1.62951100000646
430,18,3,6,1,5,115,45,1447.62340795168,588.361113160306,4,1448,588,3.35900001008673,-0.640999989913274,0.640999989913274,valid,,,Shared Pattern Plane,Grad-SIFT+Top2Geo+MidGradInterp+極線對齊,117,1,,,1.92011220000859
431,18,3,6,2,1,105,47.5,1373.43423840239,606.448452236974,4,1373,606,2.43189906027224,-1.56810093972776,1.56810093972776,valid,,,Shared Pattern Plane,Grad-SIFT+Top2Geo+MidGradInterp+極線對齊,117,1,,,1.8416647999984
432,18,3,6,2,2,107.5,47.5,1392.16313635907,606.290531370038,4,1392,606,4.38912479571215,0.389124795712149,0.389124795712149,valid,,,Shared Pattern Plane,Grad-SIFT+Top2Geo+MidGrad+極線對齊,117,1,,,1.91864309999801
433,18,3,6,2,3,110,47.5,1410.98049402205,606.13186461653,4,1411,606,3.63741914445619,-0.362580855543809,0.362580855543809,valid,,,Shared Pattern Plane,Grad-SIFT+Top2Geo+MidGrad+極線對齊,117,1,,,2.41873460001079
434,18,3,6,2,4,112.5,47.5,1429.88693958978,605.972446679519,4,1430,606,2.92988814325324,-1.07011185674676,1.07011185674676,valid,,,Shared Pattern Plane,Grad-SIFT+Top2Geo+MidGrad+極線對齊,117,1,,,1.61582470001304
435,18,3,6,2,5,115,47.5,1448.88310722305,605.812272211803,4,1449,606,3.49987084248201,-0.500129157517994,0.500129157517994,valid,,,Shared Pattern Plane,Grad-SIFT+Top2Geo+MidGrad+極線對齊,117,1,,,1.53273700000136
436,18,3,6,3,1,105,50,1374.42287229901,623.861251824062,4,1374,624,3.91515530745879,-0.084844692541207,0.084844692541207,valid,,,Shared Pattern Plane,Grad-SIFT+Top2Geo+MidGradInterp+極線對齊,117,1,,,1.66054529999383
437,18,3,6,3,2,107.5,50,1393.22082467856,623.74393943875,4,1393,624,3.94832023694138,-0.0516797630586203,0.0516797630586203,valid,,,Shared Pattern Plane,Grad-SIFT+Top2Geo+MidGrad+極線對齊,117,1,,,1.61242849999689
438,18,3,6,3,3,110,50,1412.10787994635,623.626070989026,4,1412,624,4.04761496989006,0.0476149698900619,0.0476149698900619,valid,,,Shared Pattern Plane,Grad-SIFT+Top2Geo+MidGrad+極線對齊,117,1,,,1.60001959999499
439,18,3,6,3,4,112.5,50,1431.08467313319,623.507642511851,4,1431,624,4.04684526367541,0.0468452636754053,0.0468452636754053,valid,,,Shared Pattern Plane,Grad-SIFT+Top2Geo+MidGrad+極線對齊,117,1,,,1.58617579999554
440,18,3,6,3,5,115,50,1450.15184531867,623.388650006441,4,1450,623,3.96886163594362,-0.0311383640563756,0.0311383640563756,valid,,,Shared Pattern Plane,Grad-SIFT+Top2Geo+MidGrad+極線對齊,117,1,,,1.61476529999345
441,18,3,6,4,1,105,52.5,1375.41855815095,641.398257434496,4,1375,641,3.86703363510105,-0.132966364898953,0.132966364898953,valid,,,Shared Pattern Plane,Grad-SIFT+Top2Geo+MidGradInterp+極線對齊,117,1,,,1.60638610000024
442,18,3,6,4,2,107.5,52.5,1394.28607542278,641.322138603762,4,1394,641,3.34732819324329,-0.652671806756714,0.652671806756714,valid,,,Shared Pattern Plane,Grad-SIFT+Top2Geo+MidGrad+極線對齊,117,1,,,1.66107509999711
443,18,3,6,4,3,110,52.5,1413.24334580278,641.245657674425,4,1413,641,3.70747023948627,-0.292529760513735,0.292529760513735,valid,,,Shared Pattern Plane,Grad-SIFT+Top2Geo+MidGradInterp+極線對齊,117,1,,,1.59467330000189
444,18,3,6,4,4,112.5,52.5,1432.2910112535,641.16881205656,4,1432,641,3.5439833157463,-0.456016684253701,0.456016684253701,valid,,,Shared Pattern Plane,Grad-SIFT+Top2Geo+MidGradInterp+極線對齊,117,1,,,1.61045279999962
445,18,3,6,4,5,115,52.5,1451.42971987434,641.091599135486,4,1451,641,3.35909076033738,-0.640909239662623,0.640909239662623,valid,,,Shared Pattern Plane,Grad-SIFT+Top2Geo+MidGradInterp+極線對齊,117,1,,,1.56092519999947
446,18,3,6,5,1,105,55,1376.421371681,659.060802772908,4,1376,659,4.55058100820643,0.55058100820643,0.55058100820643,valid,,,Shared Pattern Plane,Grad-SIFT+Top2Geo+MidGradInterp+極線對齊,117,1,,,1.64017320000858
447,18,3,6,5,2,107.5,55,1395.35896998925,659.026472043141,4,1395,659,4.31805332579196,0.31805332579196,0.31805332579196,valid,,,Shared Pattern Plane,Grad-SIFT+Top2Geo+MidGrad+極線對齊,117,1,,,1.57667660000152
448,18,3,6,5,3,110,55,1414.38697876656,658.991977414164,4,1414,659,3.7421016347618,-0.257898365238196,0.257898365238196,valid,,,Shared Pattern Plane,Grad-SIFT+Top2Geo+MidGrad+極線對齊,117,1,,,1.6574210000108
449,18,3,6,5,4,112.5,55,1433.50604700852,658.957317709457,4,1434,659,3.52488723563492,-0.47511276436508,0.47511276436508,valid,,,Shared Pattern Plane,Grad-SIFT+Top2Geo+MidGrad+極線對齊,117,1,,,1.6487449999986
450,18,3,6,5,5,115,55,1452.71682993718,658.922491741211,4,1453,659,3.41495884348952,-0.585041156510478,0.585041156510478,valid,,,Shared Pattern Plane,Grad-SIFT+Top2Geo+MidGrad+極線對齊,117,1,,,1.62297539999417
451,19,4,1,1,1,5,65,680.880924736455,725.936200306008,3.5,681,726,6.28866802732279,2.78866802732279,2.78866802732279,valid,,,Shared Pattern Plane,Grad-SIFT+Top2Geo+MidGradInterp+極線對齊,117,1,,,1.57936580000387
452,19,4,1,1,2,7.5,65,696.868704290907,726.05177476435,3.5,697,726,5.47017541495853,1.97017541495853,1.97017541495853,valid,,,Shared Pattern Plane,Grad-SIFT+Top2Geo+MidGradInterp+極線對齊,117,1,,,1.69877299999644
453,19,4,1,1,3,10,65,712.92708589314,726.167859599597,3.5,713,726,5.60312190858675,2.10312190858675,2.10312190858675,valid,,,Shared Pattern Plane,Grad-SIFT+Top2Geo+MidGradInterp+極線對齊,117,1,,,1.62059800000861
454,19,4,1,1,4,12.5,65,729.056538246102,726.284458199967,3.5,729,726,5.40772472277195,1.90772472277195,1.90772472277195,valid,,,Shared Pattern Plane,Grad-SIFT+Top2Geo+MidGradInterp+極線對齊,117,1,,,1.98393380000198
455,19,4,1,1,5,15,65,745.257534210688,726.401573983734,3.5,745,726,5.15306781101936,1.65306781101936,1.65306781101936,valid,,,Shared Pattern Plane,Grad-SIFT+Top2Geo+MidGradInterp+極線對齊,117,1,,,1.67330669998773
456,19,4,1,2,1,5,67.5,679.503998823557,742.614864816915,3.5,680,743,3.33983370400065,-0.160166295999351,0.160166295999351,valid,,,Shared Pattern Plane,Grad-SIFT+Top2Geo+MidGradInterp+極線對齊,117,1,,,1.66100179999194
457,19,4,1,2,2,7.5,67.5,695.541979095599,742.767691912945,3.5,696,743,3.3403392135667,-0.159660786433296,0.159660786433296,valid,,,Shared Pattern Plane,Grad-SIFT+Top2Geo+MidGradInterp+極線對齊,117,1,,,1.73666579999554
458,19,4,1,2,3,10,67.5,711.651019489852,742.921196146117,3.5,712,743,3.67935699515927,0.179356995159268,0.179356995159268,valid,,,Shared Pattern Plane,Grad-SIFT+Top2Geo+MidGradInterp+極線對齊,117,1,,,1.65283629999612
459,19,4,1,2,4,12.5,67.5,727.831593328299,743.07538202675,3.5,728,743,2.70399461918755,-0.79600538081245,0.79600538081245,valid,,,Shared Pattern Plane,Grad-SIFT+Top2Geo+MidGradInterp+極線對齊,117,1,,,1.59769519999099
460,19,4,1,2,5,15,67.5,744.084178145921,743.230254105311,3.5,744,743,4.19896177734248,0.698961777342483,0.698961777342483,valid,,,Shared Pattern Plane,Grad-SIFT+Top2Geo+MidGradInterp+極線對齊,117,1,,,1.60851120000007
461,19,4,1,3,1,5,70,678.117891429084,759.404744353608,3.5,678,759,4.71891890580993,1.21891890580993,1.21891890580993,valid,,,Shared Pattern Plane,Grad-SIFT+Top2Geo+MidGrad+極線對齊,117,1,,,1.61697079999431
462,19,4,1,3,2,7.5,70,694.20638754137,759.595319701884,3.5,694,760,4.01585514989579,0.515855149895786,0.515855149895786,valid,,,Shared Pattern Plane,Grad-SIFT+Top2Geo+MidGrad+極線對齊,117,1,,,1.64941080000426
463,19,4,1,3,3,10,70,710.366406319267,759.786742267751,3.5,710,760,5.2774031754098,1.7774031754098,1.7774031754098,valid,,,Shared Pattern Plane,Grad-SIFT+Top2Geo+MidGrad+極線對齊,117,1,,,1.70043490000535
464,19,4,1,3,4,12.5,70,726.598425764662,759.979017713351,3.5,727,760,4.31059736777117,0.810597367771175,0.810597367771175,valid,,,Shared Pattern Plane,Grad-SIFT+Top2Geo+MidGrad+極線對齊,117,1,,,1.64926370000467
465,19,4,1,3,5,15,70,742.902928148413,760.172151751397,3.5,743,760,4.8997523320694,1.3997523320694,1.3997523320694,valid,,,Shared Pattern Plane,Grad-SIFT+Top2Geo+MidGradInterp+極線對齊,117,1,,,1.69277490000241
466,19,4,1,4,1,5,72.5,676.722510411256,776.306955026856,3.5,677,776,3.7759097589041,0.275909758904104,0.275909758904104,valid,,,Shared Pattern Plane,Grad-SIFT+Top2Geo+MidGrad+極線對齊,117,1,,,1.61374380000052
467,19,4,1,4,2,7.5,72.5,692.861840450883,776.535781710476,3.5,693,777,3.84653700517796,0.346537005177963,0.346537005177963,valid,,,Shared Pattern Plane,Grad-SIFT+Top2Geo+MidGrad+極線對齊,117,1,,,1.58450450000237
468,19,4,1,4,3,10,72.5,709.073160226761,776.765629079129,3.5,709,777,4.3426893238097,0.842689323809701,0.842689323809701,valid,,,Shared Pattern Plane,Grad-SIFT+Top2Geo+MidGrad+極線對齊,117,1,,,1.61319360000198
469,19,4,1,4,4,12.5,72.5,725.356952482561,776.996503977251,3.5,725,777,3.65248846330942,0.152488463309421,0.152488463309421,valid,,,Shared Pattern Plane,Grad-SIFT+Top2Geo+MidGrad+極線對齊,117,1,,,1.60852310000337
470,19,4,1,4,5,15,72.5,741.713704287826,777.228413310613,3.5,742,777,4.33430872705493,0.834308727054933,0.834308727054933,valid,,,Shared Pattern Plane,Grad-SIFT+Top2Geo+MidGradInterp+極線對齊,117,1,,,1.63147900000331
471,19,4,1,5,1,5,75,675.317762391221,793.322627932027,3.5,675,793,2.00216195609754,-1.49783804390246,1.49783804390246,valid,,,Shared Pattern Plane,Grad-SIFT+Top2Geo+MidGrad+極線對齊,117,1,,,1.62109479999344
472,19,4,1,5,2,7.5,75,691.508247446858,793.59021663658,3.5,692,794,2.99824553686595,-0.50175446313405,0.50175446313405,valid,,,Shared Pattern Plane,Grad-SIFT+Top2Geo+MidGradInterp+極線對齊,117,1,,,1.59279189999506
473,19,4,1,5,3,10,75,707.771193895847,793.859002948884,3.5,708,794,2.11959324880096,-1.38040675119904,1.38040675119904,valid,,,Shared Pattern Plane,Grad-SIFT+Top2Geo+MidGrad+極線對齊,117,1,,,1.6173104000045
474,19,4,1,5,4,12.5,75,724.107089286552,794.128994926906,3.5,724,794,3.20280072612116,-0.297199273878843,0.297199273878843,valid,,,Shared Pattern Plane,Grad-SIFT+Top2Geo+MidGradInterp+極線對齊,117,1,,,1.6293663999968
475,19,4,1,5,5,15,75,740.516425551056,794.40020070107,3.5,741,794,2.80880640207283,-0.691193597927168,0.691193597927168,valid,,,Shared Pattern Plane,Grad-SIFT+Top2Geo+MidGradInterp+極線對齊,117,1,,,1.71681589999935
476,20,4,2,1,1,25,65,810.786559536444,726.87527838915,3,811,727,3.95292436396126,0.952924363961257,0.952924363961257,valid,,,Shared Pattern Plane,Grad-SIFT+Top2Geo+MidGradInterp+極線對齊,117,1,,,1.57423399999971
477,20,4,2,1,2,27.5,65,827.352515270268,726.995032439695,3,827,727,4.34763507233557,1.34763507233557,1.34763507233557,valid,,,Shared Pattern Plane,Grad-SIFT+Top2Geo+MidGradInterp+極線對齊,117,1,,,1.67277410000679
478,20,4,2,1,3,30,65,843.992941729501,727.115324833525,3,844,727,4.59957543104709,1.59957543104709,1.59957543104709,valid,,,Shared Pattern Plane,Grad-SIFT+Top2Geo+MidGradInterp+極線對齊,117,1,,,1.59478700000909
479,20,4,2,1,4,32.5,65,860.708342209814,727.236159208925,3,861,727,4.02958623808186,1.02958623808186,1.02958623808186,valid,,,Shared Pattern Plane,Grad-SIFT+Top2Geo+MidGradInterp+極線對齊,117,1,,,1.66999589999614
480,20,4,2,1,5,35,65,877.499224552351,727.357539237041,3,877,727,3.68567658178612,0.685676581786119,0.685676581786119,valid,,,Shared Pattern Plane,Grad-SIFT+Top2Geo+MidGradInterp+極線對齊,117,1,,,1.59963519999292
481,20,4,2,2,1,25,67.5,809.82432801136,743.856696838504,3,810,744,3.53466596519869,0.534665965198693,0.534665965198693,valid,,,Shared Pattern Plane,Grad-SIFT+Top2Geo+MidGrad+極線對齊,117,1,,,1.64386389999709
482,20,4,2,2,2,27.5,67.5,826.444281528688,744.01506960048,3,826,744,4.32299582995302,1.32299582995302,1.32299582995302,valid,,,Shared Pattern Plane,Grad-SIFT+Top2Geo+MidGrad+極線對齊,117,1,,,1.58434539999871
483,20,4,2,2,3,30,67.5,843.139202383571,744.174156731741,3,843,744,3.4759530790304,0.475953079030395,0.475953079030395,valid,,,Shared Pattern Plane,Grad-SIFT+Top2Geo+MidGrad+極線對齊,117,1,,,1.62789239999256
484,20,4,2,2,4,32.5,67.5,859.909598953387,744.333963076652,3,860,744,3.55433617352578,0.554336173525779,0.554336173525779,valid,,,Shared Pattern Plane,Grad-SIFT+Top2Geo+MidGradInterp+極線對齊,117,1,,,1.61317249998683
485,20,4,2,2,5,35,67.5,876.755984222556,744.49449352348,3,877,744,3.79991909089976,0.799919090899759,0.799919090899759,valid,,,Shared Pattern Plane,Grad-SIFT+Top2Geo+MidGradInterp+極線對齊,117,1,,,1.65501600000425
486,20,4,2,3,1,25,70,808.855564590792,760.953389884036,3,809,761,3.95913881368484,0.959138813684838,0.959138813684838,valid,,,Shared Pattern Plane,Grad-SIFT+Top2Geo+MidGrad+極線對齊,117,1,,,1.64037599999574
487,20,4,2,3,2,27.5,70,825.529868522751,761.150904384888,3,826,761,4.14944444284959,1.14944444284959,1.14944444284959,valid,,,Shared Pattern Plane,Grad-SIFT+Top2Geo+MidGrad+極線對齊,117,1,,,1.87978479999583
488,20,4,2,3,3,30,70,842.279641386842,761.349312848603,3,842,761,3.43284968679523,0.432849686795227,0.432849686795227,valid,,,Shared Pattern Plane,Grad-SIFT+Top2Geo+MidGrad+極線對齊,117,1,,,1.60348900000099
489,20,4,2,3,4,32.5,70,859.105396710783,761.548621358142,3,859,762,3.30672228558325,0.306722285583252,0.306722285583252,valid,,,Shared Pattern Plane,Grad-SIFT+Top2Geo+MidGradInterp+極線對齊,117,1,,,1.65598310000496
490,20,4,2,3,5,35,70,876.007652691947,761.748836051783,3,876,762,3.17617248260603,0.17617248260603,0.17617248260603,valid,,,Shared Pattern Plane,Grad-SIFT+Top2Geo+MidGradInterp+極線對齊,117,1,,,1.5715429999982
491,20,4,2,4,1,25,72.5,807.880202537737,778.166535297345,3,808,778,3.23404572508523,0.234045725085231,0.234045725085231,valid,,,Shared Pattern Plane,Grad-SIFT+Top2Geo+MidGrad+極線對齊,117,1,,,1.87992169999052
492,20,4,2,4,2,27.5,72.5,824.609212975283,778.403722588842,3,825,778,2.7354546055374,-0.264545394462597,0.264545394462597,valid,,,Shared Pattern Plane,Grad-SIFT+Top2Geo+MidGrad+極線對齊,117,1,,,1.86797289999959
493,20,4,2,4,3,30,72.5,841.414198988817,778.641987077412,3,841,779,3.22511578133553,0.225115781335534,0.225115781335534,valid,,,Shared Pattern Plane,Grad-SIFT+Top2Geo+MidGrad+極線對齊,117,1,,,1.73225690000982
494,20,4,2,4,4,32.5,72.5,858.295679326195,778.881336117968,3,858,779,3.21056267914681,0.210562679146814,0.210562679146814,valid,,,Shared Pattern Plane,Grad-SIFT+Top2Geo+MidGrad+極線對齊,117,1,,,2.03105299999879
495,20,4,2,4,5,35,72.5,875.254177468606,779.121777132532,3,875,779,2.95576904267407,-0.0442309573259294,0.0442309573259294,valid,,,Shared Pattern Plane,Grad-SIFT+Top2Geo+MidGradInterp+極線對齊,117,1,,,1.71460829999705
496,20,4,2,5,1,25,75,806.898174202942,795.497326949401,3,807,795,3.32041511377304,0.320415113773044,0.320415113773044,valid,,,Shared Pattern Plane,Grad-SIFT+Top2Geo+MidGrad+極線對齊,117,1,,,1.90546950000862
497,20,4,2,5,2,27.5,75,823.682250742185,795.774726254167,3,824,796,3.71960405930285,0.719604059302846,0.719604059302846,valid,,,Shared Pattern Plane,Grad-SIFT+Top2Geo+MidGrad+極線對齊,117,1,,,1.78761490000761
498,20,4,2,5,3,30,75,840.542814618528,796.053389705583,3,841,796,2.9500532225855,-0.049946777414501,0.049946777414501,valid,,,Shared Pattern Plane,Grad-SIFT+Top2Geo+MidGrad+極線對齊,117,1,,,1.82128589999047
499,20,4,2,5,4,32.5,75,857.480389870944,796.333325964719,3,857,796,2.49617146010278,-0.503828539897217,0.503828539897217,valid,,,Shared Pattern Plane,Grad-SIFT+Top2Geo+MidGrad+極線對齊,117,1,,,1.80179820000194
500,20,4,2,5,5,35,75,874.49550533651,796.614543771944,3,874,797,2.01668573193032,-0.983314268069682,0.983314268069682,valid,,,Shared Pattern Plane,Grad-SIFT+Top2Geo+MidGrad+極線對齊,117,1,,,1.78301650000503
501,21,4,3,1,1,45,65,945.427891358973,727.848590470603,2.5,945,728,3.21415078871166,0.71415078871166,0.71415078871166,valid,,,Shared Pattern Plane,Grad-SIFT+Top2Geo+MidGradInterp+極線對齊,117,1,,,1.77606089999608
502,21,4,3,1,2,47.5,65,962.603963361003,727.972755005855,2.5,963,728,3.11587958764017,0.615879587640167,0.615879587640167,valid,,,Shared Pattern Plane,Grad-SIFT+Top2Geo+MidGradInterp+極線對齊,117,1,,,1.72597480000695
503,21,4,3,1,3,50,65,979.858662656805,728.097487931912,2.5,980,728,3.04475002484771,0.544750024847709,0.544750024847709,valid,,,Shared Pattern Plane,Grad-SIFT+Top2Geo+MidGradInterp+極線對齊,117,1,,,1.8132445000083
504,21,4,3,1,4,52.5,65,997.192530385886,728.222793160631,2.5,997,728,2.01829649320965,-0.481703506790351,0.481703506790351,valid,,,Shared Pattern Plane,Grad-SIFT+Top2Geo+MidGradInterp+極線對齊,117,1,,,1.88481209999009
505,21,4,3,1,5,55,65,1014.60611266491,728.348674639848,2.5,1015,728,1.71008541075347,-0.789914589246527,0.789914589246527,valid,,,Shared Pattern Plane,Grad-SIFT+Top2Geo+MidGradInterp+極線對齊,117,1,,,2.46484339999733
506,21,4,3,2,1,45,67.5,944.911836176695,745.143955659915,2.5,945,745,2.90586376089856,0.405863760898563,0.405863760898563,valid,,,Shared Pattern Plane,Grad-SIFT+Top2Geo+MidGradInterp+極線對齊,117,1,,,2.17313179999474
507,21,4,3,2,2,47.5,67.5,962.146024656998,745.308181512124,2.5,962,745,3.00608956364801,0.506089563648009,0.506089563648009,valid,,,Shared Pattern Plane,Grad-SIFT+Top2Geo+MidGradInterp+極線對齊,117,1,,,1.79294179999852
508,21,4,3,2,3,50,67.5,979.459379470763,745.473161746158,2.5,979,745,2.70182806915372,0.201828069153723,0.201828069153723,valid,,,Shared Pattern Plane,Grad-SIFT+Top2Geo+MidGradInterp+極線對齊,117,1,,,1.80054409999866
509,21,4,3,2,4,52.5,67.5,996.852447357061,745.638901571936,2.5,997,746,2.20097692936271,-0.299023070637295,0.299023070637295,valid,,,Shared Pattern Plane,Grad-SIFT+Top2Geo+MidGradInterp+極線對齊,117,1,,,1.92050940000627
510,21,4,3,2,5,55,67.5,1014.3257801011,745.805406247458,2.5,1014,746,2.49906372649286,-0.000936273507135876,0.000936273507135876,valid,,,Shared Pattern Plane,Grad-SIFT+Top2Geo+MidGradInterp+極線對齊,117,1,,,2.17305230000056
511,21,4,3,3,1,45,70,944.392213573699,762.558881404424,2.5,944,763,2.47996267616574,-0.020037323834257,0.020037323834257,valid,,,Shared Pattern Plane,Grad-SIFT+Top2Geo+MidGradInterp+極線對齊,117,1,,,2.05859810000402
512,21,4,3,3,2,47.5,70,961.684913004426,762.763721073318,2.5,962,763,2.58264229491176,0.0826422949117616,0.0826422949117616,valid,,,Shared Pattern Plane,Grad-SIFT+Top2Geo+MidGradInterp+極線對齊,117,1,,,2.10775840000133
513,21,4,3,3,3,50,70,979.057323370115,762.969504953473,2.5,979,763,3.04791799723923,0.54791799723923,0.54791799723923,valid,,,Shared Pattern Plane,Grad-SIFT+Top2Geo+MidGradInterp+極線對齊,117,1,,,1.89464719999523
514,21,4,3,3,4,52.5,70,996.509997086923,763.176239588501,2.5,997,763,2.66648982777054,0.166489827770539,0.166489827770539,valid,,,Shared Pattern Plane,Grad-SIFT+Top2Geo+MidGradInterp+極線對齊,117,1,,,2.11421110000811
515,21,4,3,3,5,55,70,1014.04349168733,763.383931582622,2.5,1014,763,2.6877905725381,0.187790572538103,0.187790572538103,valid,,,Shared Pattern Plane,Grad-SIFT+Top2Geo+MidGradInterp+極線對齊,117,1,,,1.91518389999692
516,21,4,3,4,1,45,72.5,943.868986430026,780.09461176342,2.5,944,780,3.17439083841356,0.674390838413563,0.674390838413563,valid,,,Shared Pattern Plane,Grad-SIFT+Top2Geo+MidGrad+極線對齊,117,1,,,1.95545209999545
517,21,4,3,4,2,47.5,72.5,961.220595311732,780.340626381507,2.5,961,780,2.06962267679613,-0.430377323203866,0.430377323203866,valid,,,Shared Pattern Plane,Grad-SIFT+Top2Geo+MidGrad+極線對齊,117,1,,,1.8404021999886
518,21,4,3,4,3,50,72.5,978.652465368487,780.587778958758,2.5,979,781,2.04665249341505,-0.45334750658495,0.45334750658495,valid,,,Shared Pattern Plane,Grad-SIFT+Top2Geo+MidGradInterp+極線對齊,117,1,,,1.85991319999448
519,21,4,3,4,4,52.5,72.5,996.165154772399,780.836077409048,2.5,996,781,2.21173535544447,-0.288264644555531,0.288264644555531,valid,,,Shared Pattern Plane,Grad-SIFT+Top2Geo+MidGradInterp+極線對齊,117,1,,,1.87961099999666
520,21,4,3,4,5,55,72.5,1013.7592268833,781.085529719809,2.5,1014,781,1.94135534916508,-0.558644650834919,0.558644650834919,valid,,,Shared Pattern Plane,Grad-SIFT+Top2Geo+MidGradInterp+極線對齊,117,1,,,1.90034849999938
521,21,4,3,5,1,45,75,943.342117108934,797.752408115956,2.5,943,798,2.31817019649005,-0.181829803509954,0.181829803509954,valid,,,Shared Pattern Plane,Grad-SIFT+Top2Geo+MidGrad+極線對齊,117,1,,,1.78647490000003
522,21,4,3,5,2,47.5,75,960.753038025599,798.040167609088,2.5,961,798,0.870746262505764,-1.62925373749424,1.62925373749424,valid,,,Shared Pattern Plane,Grad-SIFT+Top2Geo+MidGrad+極線對齊,117,1,,,1.90608689999499
523,21,4,3,5,3,50,75,978.244776074085,798.329262809676,2.5,978,798,2.5138293603583,0.0138293603583,0.0138293603583,valid,,,Shared Pattern Plane,Grad-SIFT+Top2Geo+MidGrad+極線對齊,117,1,,,1.89912509999704
524,21,4,3,5,4,52.5,75,995.817895262695,798.619703039384,2.5,996,799,1.4429086433899,-1.0570913566101,1.0570913566101,valid,,,Shared Pattern Plane,Grad-SIFT+Top2Geo+MidGrad+極線對齊,117,1,,,2.01849260000745
525,21,4,3,5,5,55,75,1013.47296486012,798.911497706816,2.5,1013,799,1.5182483861518,-0.981751613848201,0.981751613848201,valid,,,Shared Pattern Plane,Grad-SIFT+Top2Geo+MidGrad+極線對齊,117,1,,,2.02549080000608
526,22,4,4,1,1,65,65,1085.06868704846,728.858043301087,2,1085,729,1.94296782980076,-0.0570321701992387,0.0570321701992387,valid,,,Shared Pattern Plane,Grad-SIFT+Top2Geo+MidGradInterp+極線對齊,117,1,,,1.91507200000342
527,22,4,4,1,2,67.5,65,1102.88921208735,728.986866538969,2,1103,729,1.20991547763758,-0.79008452236242,0.79008452236242,valid,,,Shared Pattern Plane,Grad-SIFT+Top2Geo+MidGradInterp+極線對齊,117,1,,,1.83828989999893
528,22,4,4,1,3,70,65,1120.79283616468,729.116290493563,2,1121,729,1.2775336158943,-0.722466384105702,0.722466384105702,valid,,,Shared Pattern Plane,Grad-SIFT+Top2Geo+MidGradInterp+極線對齊,117,1,,,2.03545759999542
529,22,4,4,1,4,72.5,65,1138.78014188854,729.246319376498,2,1139,729,1.55119760059385,-0.448802399406152,0.448802399406152,valid,,,Shared Pattern Plane,Grad-SIFT+Top2Geo+MidGradInterp+極線對齊,117,1,,,1.77960080000048
530,22,4,4,1,5,75,65,1156.85171732604,729.376957438869,2,1157,729,1.53096071464275,-0.46903928535725,0.46903928535725,valid,,,Shared Pattern Plane,Grad-SIFT+Top2Geo+MidGradInterp+極線對齊,117,1,,,1.77778610000678
531,22,4,4,2,1,65,67.5,1085.03297526437,746.479180321371,2,1085,746,1.27957284701122,-0.720427152988785,0.720427152988785,valid,,,Shared Pattern Plane,Grad-SIFT+Top2Geo+MidGradInterp+極線對齊,117,1,,,2.30471329999273
532,22,4,4,2,2,67.5,67.5,1102.91608982065,746.649589837984,2,1103,747,1.62888674658981,-0.371113253410185,0.371113253410185,valid,,,Shared Pattern Plane,Grad-SIFT+Top2Geo+MidGradInterp+極線對齊,117,1,,,1.93985229999817
533,22,4,4,2,3,70,67.5,1120.88288924014,746.820796793826,2,1121,747,1.79921491396995,-0.200785086030054,0.200785086030054,valid,,,Shared Pattern Plane,Grad-SIFT+Top2Geo+MidGradInterp+極線對齊,117,1,,,1.85534209999605
534,22,4,4,2,4,72.5,67.5,1138.93396231126,746.992806799505,2,1139,747,1.24496418447473,-0.755035815525265,0.755035815525265,valid,,,Shared Pattern Plane,Grad-SIFT+Top2Geo+MidGrad+極線對齊,117,1,,,1.81161040000734
535,22,4,4,2,5,75,67.5,1157.06990335886,747.165625518387,2,1157,747,1.10585600764967,-0.894143992350326,0.894143992350326,valid,,,Shared Pattern Plane,Grad-SIFT+Top2Geo+MidGradInterp+極線對齊,117,1,,,1.86651159999019
536,22,4,4,3,1,65,70,1084.99701199384,764.224407395243,2,1085,764,2.18458768031568,0.184587680315683,0.184587680315683,valid,,,Shared Pattern Plane,Grad-SIFT+Top2Geo+MidGradInterp+極線對齊,117,1,,,1.70546119999199
537,22,4,4,3,2,67.5,70,1102.9431572734,764.436987419068,2,1103,764,1.95160212894917,-0.0483978710508348,0.0483978710508348,valid,,,Shared Pattern Plane,Grad-SIFT+Top2Geo+MidGrad+極線對齊,117,1,,,1.66956549999304
538,22,4,4,3,3,70,70,1120.97357945772,764.650565740085,2,1121,765,2.44471190982484,0.444711909824836,0.444711909824836,valid,,,Shared Pattern Plane,Grad-SIFT+Top2Geo+MidGrad+極線對齊,117,1,,,2.48819770000409
539,22,4,4,3,4,72.5,70,1139.08887360324,764.865149406999,2,1139,765,2.78957790360809,0.789577903608091,0.789577903608091,valid,,,Shared Pattern Plane,Grad-SIFT+Top2Geo+MidGrad+極線對齊,117,1,,,1.90347720000136
540,22,4,4,3,5,75,70,1157.2896403817,765.080745535032,2,1157,765,1.96209336746126,-0.0379066325387358,0.0379066325387358,valid,,,Shared Pattern Plane,Grad-SIFT+Top2Geo+MidGrad+極線對齊,117,1,,,1.94594549998874
541,22,4,4,4,1,65,72.5,1084.96079457097,782.095039938792,2,1085,782,2.05122125751596,0.0512212575159645,0.0512212575159645,valid,,,Shared Pattern Plane,Grad-SIFT+Top2Geo+MidGradInterp+極線對齊,117,1,,,1.72320120000222
542,22,4,4,4,2,67.5,72.5,1102.97041646145,782.350383998324,2,1103,782,1.66617800071486,-0.333821999285141,0.333821999285141,valid,,,Shared Pattern Plane,Grad-SIFT+Top2Geo+MidGrad+極線對齊,117,1,,,1.67830700000923
543,22,4,4,4,3,70,72.5,1121.06491360326,782.606931436326,2,1121,783,1.9153310337272,-0.0846689662727966,0.0846689662727966,valid,,,Shared Pattern Plane,Grad-SIFT+Top2Geo+MidGrad+極線對齊,117,1,,,1.87192759999016
544,22,4,4,4,4,72.5,72.5,1139.24488741018,782.864690779764,2,1139,783,2.54085667601693,0.540856676016929,0.540856676016929,valid,,,Shared Pattern Plane,Grad-SIFT+Top2Geo+MidGrad+極線對齊,117,1,,,1.65653320000274
545,22,4,4,4,5,75,72.5,1157.51094499151,783.123670636356,2,1158,783,1.41338043959319,-0.586619560406812,0.586619560406812,valid,,,Shared Pattern Plane,Grad-SIFT+Top2Geo+MidGrad+極線對齊,117,1,,,1.72858280000219
546,22,4,4,5,1,65,75,1084.92432029207,800.092412026116,2,1085,800,1.86809033677274,-0.131909663227264,0.131909663227264,valid,,,Shared Pattern Plane,Grad-SIFT+Top2Geo+MidGradInterp+極線對齊,117,1,,,1.64685710000049
547,22,4,4,5,2,67.5,75,1102.9978694293,800.391123126105,2,1103,800,1.12275910511277,-0.877240894887233,0.877240894887233,valid,,,Shared Pattern Plane,Grad-SIFT+Top2Geo+MidGradInterp+極線對齊,117,1,,,1.65348819999781
548,22,4,4,5,3,70,75,1121.15689855932,800.691246999117,2,1121,801,1.20267819234277,-0.797321807657227,0.797321807657227,valid,,,Shared Pattern Plane,Grad-SIFT+Top2Geo+MidGradInterp+極線對齊,117,1,,,1.57468620000873
549,22,4,4,5,4,72.5,75,1139.40201554413,800.99279369161,2,1139,801,0.493045029039894,-1.50695497096011,1.50695497096011,valid,,,Shared Pattern Plane,Grad-SIFT+Top2Geo+MidGrad+極線對齊,117,1,,,1.66574490000494
550,22,4,4,5,5,75,75,1157.73383402291,801.295773345524,2,1158,801,1.35611586808276,-0.643884131917238,0.643884131917238,valid,,,Shared Pattern Plane,Grad-SIFT+Top2Geo+MidGrad+極線對齊,117,1,,,1.56176939999568
551,23,4,5,1,1,85,65,1229.99267223308,729.90568791187,1.5,1230,730,2.21467356884983,0.714673568849827,0.714673568849827,valid,,,Shared Pattern Plane,Grad-SIFT+Top2Geo+MidGradInterp+極線對齊,117,1,,,1.63660140000866
552,23,4,5,1,2,87.5,65,1248.49461284687,730.039437051796,1.5,1248,730,2.23692735225382,0.736927352253824,0.736927352253824,valid,,,Shared Pattern Plane,Grad-SIFT+Top2Geo+MidGradInterp+極線對齊,117,1,,,1.66234660000191
553,23,4,5,1,3,90,65,1267.08446986866,730.173821732836,1.5,1267,730,2.41725840931586,0.917258409315862,0.917258409315862,valid,,,Shared Pattern Plane,Grad-SIFT+Top2Geo+MidGradInterp+極線對齊,117,1,,,1.66100680000091
554,23,4,5,1,4,92.5,65,1285.76287142464,730.308846495667,1.5,1286,730,1.73788148113718,0.237881481137182,0.237881481137182,valid,,,Shared Pattern Plane,Grad-SIFT+Top2Geo+MidGradInterp+極線對齊,117,1,,,1.57859679999819
555,23,4,5,1,5,95,65,1304.53045163887,730.444515924326,1.5,1305,730,1.83023730106002,0.330237301060017,0.330237301060017,valid,,,Shared Pattern Plane,Grad-SIFT+Top2Geo+MidGradInterp+極線對齊,117,1,,,1.63634399999864
556,23,4,5,2,1,85,67.5,1230.47443126523,747.865102674805,1.5,1230,748,2.21284516569531,0.712845165695309,0.712845165695309,valid,,,Shared Pattern Plane,Grad-SIFT+Top2Geo+MidGradInterp+極線對齊,117,1,,,1.56749640000635
557,23,4,5,2,2,87.5,67.5,1249.04382546145,748.042051800686,1.5,1249,748,2.22553674490262,0.725536744902624,0.725536744902624,valid,,,Shared Pattern Plane,Grad-SIFT+Top2Geo+MidGradInterp+極線對齊,117,1,,,1.74030620000849
558,23,4,5,2,3,90,67.5,1267.70177356673,748.219844763294,1.5,1268,748,2.10319126671538,0.603191266715378,0.603191266715378,valid,,,Shared Pattern Plane,Grad-SIFT+Top2Geo+MidGradInterp+極線對齊,117,1,,,1.56430389999878
559,23,4,5,2,4,92.5,67.5,1286.4489105402,748.3984876132,1.5,1286,748,2.17627970542876,0.676279705428757,0.676279705428757,valid,,,Shared Pattern Plane,Grad-SIFT+Top2Geo+MidGradInterp+極線對齊,117,1,,,1.63565150000795
560,23,4,5,2,5,95,67.5,1305.28587742599,748.57798645896,1.5,1305,749,2.16513515015462,0.665135150154621,0.665135150154621,valid,,,Shared Pattern Plane,Grad-SIFT+Top2Geo+MidGrad+極線對齊,117,1,,,1.58416569999827
561,23,4,5,3,1,85,70,1230.959647538,765.953399335196,1.5,1231,766,2.04744246136035,0.54744246136035,0.54744246136035,valid,,,Shared Pattern Plane,Grad-SIFT+Top2Geo+MidGradInterp+極線對齊,117,1,,,1.62483709999651
562,23,4,5,3,2,87.5,70,1249.59698879188,766.174166880877,1.5,1250,766,3.13060713813478,1.63060713813478,1.63060713813478,valid,,,Shared Pattern Plane,Grad-SIFT+Top2Geo+MidGradInterp+極線對齊,117,1,,,1.58100459999696
563,23,4,5,3,3,90,70,1268.32352841445,766.395991020664,1.5,1268,766,3.1673849874852,1.6673849874852,1.6673849874852,valid,,,Shared Pattern Plane,Grad-SIFT+Top2Geo+MidGradInterp+極線對齊,117,1,,,1.62383729999419
564,23,4,5,3,4,92.5,70,1287.13990829723,766.618879358047,1.5,1287,767,1.86774754557755,0.367747545577546,0.367747545577546,valid,,,Shared Pattern Plane,Grad-SIFT+Top2Geo+MidGradInterp+極線對齊,117,1,,,1.65480649999517
565,23,4,5,3,5,95,70,1306.04677650548,766.842839569644,1.5,1306,767,1.37167093729419,-0.128329062705814,0.128329062705814,valid,,,Shared Pattern Plane,Grad-SIFT+Top2Geo+MidGrad+極線對齊,117,1,,,1.64209140000457
566,23,4,5,4,1,85,72.5,1231.44835840063,784.171970228987,1.5,1231,784,1.10391576874112,-0.396084231258883,0.396084231258883,valid,,,Shared Pattern Plane,Grad-SIFT+Top2Geo+MidGradInterp+極線對齊,117,1,,,1.56491860000824
567,23,4,5,4,2,87.5,72.5,1250.15414562077,784.437184661283,1.5,1250,784,0.808808673672983,-0.691191326327017,0.691191326327017,valid,,,Shared Pattern Plane,Grad-SIFT+Top2Geo+MidGradInterp+極線對齊,117,1,,,1.65550979999534
568,23,4,5,4,3,90,72.5,1268.94978272943,784.70367300346,1.5,1269,785,1.08354840084027,-0.416451599159733,0.416451599159733,valid,,,Shared Pattern Plane,Grad-SIFT+Top2Geo+MidGradInterp+極線對齊,117,1,,,1.61809479999647
569,23,4,5,4,4,92.5,72.5,1287.8359186518,784.97144445611,1.5,1288,785,1.25835046845558,-0.241649531544416,0.241649531544416,valid,,,Shared Pattern Plane,Grad-SIFT+Top2Geo+MidGradInterp+極線對齊,117,1,,,1.59271450000233
570,23,4,5,4,5,95,72.5,1306.81320857715,785.24050830864,1.5,1307,785,1.71057392214313,0.210573922143126,0.210573922143126,valid,,,Shared Pattern Plane,Grad-SIFT+Top2Geo+MidGrad+極線對齊,117,1,,,1.57178800000111
571,23,4,5,5,1,85,75,1231.94060174227,802.522227820166,1.5,1232,803,0.76971672639987,-0.73028327360013,0.73028327360013,valid,,,Shared Pattern Plane,Grad-SIFT+Top2Geo+MidGrad+極線對齊,117,1,,,1.60323030001018
572,23,4,5,5,2,87.5,75,1250.71533935069,802.832527832655,1.5,1251,803,2.40518273277591,0.905182732775913,0.905182732775913,valid,,,Shared Pattern Plane,Grad-SIFT+Top2Geo+MidGrad+極線對齊,117,1,,,1.54508090000309
573,23,4,5,5,3,90,75,1269.58058553113,803.144323728155,1.5,1270,803,1.44421153776755,-0.0557884622324478,0.0557884622324478,valid,,,Shared Pattern Plane,Grad-SIFT+Top2Geo+MidGrad+極線對齊,117,1,,,1.64515100000426
574,23,4,5,5,4,92.5,75,1288.5369963456,803.45762634975,1.5,1289,803,,,,failed,Top2-Geo: HIGH/MID 均未通過支援點與 RANSAC 門檻,,,,117,,,,1.64576029998716
575,23,4,5,5,5,95,75,1307.58523421219,803.772446645574,1.5,1308,804,0.11505152640649,-1.38494847359351,1.38494847359351,valid,,,Shared Pattern Plane,Grad-SIFT+Top2Geo+MidGrad+極線對齊,117,1,,,1.5679308000108
576,24,4,6,1,1,105,65,1380.50545553371,730.993733524734,1,1381,731,1.53519845584548,0.53519845584548,0.53519845584548,valid,,,Shared Pattern Plane,Grad-SIFT+Top2Geo+MidGradInterp+極線對齊,117,1,,,1.62771840000642
577,24,4,6,1,2,107.5,65,1399.72865590808,731.13269659733,1,1400,731,1.36868812464009,0.368688124640093,0.368688124640093,valid,,,Shared Pattern Plane,Grad-SIFT+Top2Geo+MidGradInterp+極線對齊,117,1,,,1.55052570000407
578,24,4,6,1,3,110,65,1419.04496973273,731.27233278007,1,1419,731,0.915122321087122,-0.0848776789128776,0.0848776789128776,valid,,,Shared Pattern Plane,Grad-SIFT+Top2Geo+MidGradInterp+極線對齊,117,1,,,1.63622839999152
579,24,4,6,1,4,112.5,65,1438.45507518535,731.412646975448,1,1438,731,1.45673649491455,0.456736494914546,0.456736494914546,valid,,,Shared Pattern Plane,Grad-SIFT+Top2Geo+MidGradInterp+極線對齊,117,1,,,1.55266729999857
580,24,4,6,1,5,115,65,1457.95965704554,731.553644133685,1,1458,732,0.645944427541476,-0.354055572458524,0.354055572458524,valid,,,Shared Pattern Plane,Grad-SIFT+Top2Geo+MidGradInterp+極線對齊,117,1,,,1.59944140000152
581,24,4,6,2,1,105,67.5,1381.5450820724,749.304666040427,1,1382,749,1.98952453744332,0.989524537443322,0.989524537443322,valid,,,Shared Pattern Plane,Grad-SIFT+Top2Geo+MidGradInterp+極線對齊,117,1,,,1.62352449999889
582,24,4,6,2,2,107.5,67.5,1400.84103233194,749.488538572584,1,1401,749,1.21053099188831,0.210530991888307,0.210530991888307,valid,,,Shared Pattern Plane,Grad-SIFT+Top2Geo+MidGrad+極線對齊,117,1,,,1.61444940000365
583,24,4,6,2,3,110,67.5,1420.23079072072,749.673305009318,1,1420,750,0.688020976521789,-0.311979023478211,0.311979023478211,valid,,,Shared Pattern Plane,Grad-SIFT+Top2Geo+MidGrad+極線對齊,117,1,,,1.58855199998652
584,24,4,6,2,4,112.5,67.5,1439.7150429843,749.858971885149,1,1440,750,-0.473528482771107,-1.47352848277111,1.47352848277111,valid,,,Shared Pattern Plane,Grad-SIFT+Top2Geo+MidGradInterp+極線對齊,117,1,,,1.60864299999957
585,24,4,6,2,5,115,67.5,1459.29448156835,750.045545798444,1,1459,750,-1.10081547186864,-2.10081547186864,2.10081547186864,valid,,,Shared Pattern Plane,Grad-SIFT+Top2Geo+MidGradInterp+極線對齊,117,1,,,2.28998159999901
586,24,4,6,3,1,105,70,1382.592314176,767.749555299861,1,1383,768,1.48279937785832,0.482799377858318,0.482799377858318,valid,,,Shared Pattern Plane,Grad-SIFT+Top2Geo+MidGradInterp+極線對齊,117,1,,,1.65591329999734
587,24,4,6,3,2,107.5,70,1401.96156634036,767.978992653812,1,1402,768,1.22055141581386,0.220551415813856,0.220551415813856,valid,,,Shared Pattern Plane,Grad-SIFT+Top2Geo+MidGrad+極線對齊,117,1,,,1.57353199999488
588,24,4,6,3,3,110,70,1421.4253291133,768.209549527701,1,1421,768,0.777480255318906,-0.222519744681094,0.222519744681094,valid,,,Shared Pattern Plane,Grad-SIFT+Top2Geo+MidGrad+極線對齊,117,1,,,1.6127342999971
589,24,4,6,3,4,112.5,70,1440.98429592122,768.441234135468,1,1441,768,0.306191571500818,-0.693808428499182,0.693808428499182,valid,,,Shared Pattern Plane,Grad-SIFT+Top2Geo+MidGrad+極線對齊,117,1,,,1.57883369999763
590,24,4,6,3,5,115,70,1460.63916699073,768.674054771608,1,1461,769,0.136085227843119,-0.863914772156881,0.863914772156881,valid,,,Shared Pattern Plane,Grad-SIFT+Top2Geo+MidGrad+極線對齊,117,1,,,1.6281985000096
591,24,4,6,4,1,105,72.5,1383.64723561063,786.329876674743,1,1384,786,0.615672449141715,-0.384327550858285,0.384327550858285,valid,,,Shared Pattern Plane,Grad-SIFT+Top2Geo+MidGradInterp+極線對齊,117,1,,,1.5773182999983
592,24,4,6,4,2,107.5,72.5,1403.09034799874,786.605545052309,1,1403,787,0.418933628423676,-0.581066371576324,0.581066371576324,valid,,,Shared Pattern Plane,Grad-SIFT+Top2Geo+MidGrad+極線對齊,117,1,,,1.78272010000364
593,24,4,6,4,3,110,72.5,1422.62868139234,786.882563492539,1,1423,787,0.492925256293579,-0.507074743706421,0.507074743706421,valid,,,Shared Pattern Plane,Grad-SIFT+Top2Geo+MidGrad+極線對齊,117,1,,,1.9514688999916
594,24,4,6,4,4,112.5,72.5,1442.26293701377,787.160941937504,1,1442,787,1.13391098726147,0.133910987261472,0.133910987261472,valid,,,Shared Pattern Plane,Grad-SIFT+Top2Geo+MidGrad+極線對齊,117,1,,,1.5788792000094
595,24,4,6,4,5,115,72.5,1461.99382298759,787.440690427137,1,1462,787,0.101062334895194,-0.898937665104806,0.898937665104806,valid,,,Shared Pattern Plane,Grad-SIFT+Top2Geo+MidGrad+極線對齊,117,1,,,1.59576710000692
596,24,4,6,5,1,105,75,1384.70993137702,805.047127282533,1,1385,805,0.790793317922016,-0.209206682077984,0.209206682077984,valid,,,Shared Pattern Plane,Grad-SIFT+Top2Geo+MidGradInterp+極線對齊,117,1,,,1.73341600000276
597,24,4,6,5,2,107.5,75,1404.22746870325,805.369703938591,1,1404,805,0.409840674589974,-0.590159325410026,0.590159325410026,valid,,,Shared Pattern Plane,Grad-SIFT+Top2Geo+MidGrad+極線對齊,117,1,,,2.00354700000025
598,24,4,6,5,3,110,75,1423.84094546878,805.693866236474,1,1424,806,-0.091836512085309,-1.09183651208531,1.09183651208531,valid,,,Shared Pattern Plane,Grad-SIFT+Top2Geo+MidGrad+極線對齊,117,1,,,1.75609379999514
599,24,4,6,5,4,112.5,75,1443.55107080926,806.019625896442,1,1444,806,0.46460809025806,-0.53539190974194,0.53539190974194,valid,,,Shared Pattern Plane,Grad-SIFT+Top2Geo+MidGrad+極線對齊,117,1,,,2.03733690000081
600,24,4,6,5,5,115,75,1463.35856086633,806.346994754547,1,1463,806,-0.0211398914912444,-1.02113989149124,1.02113989149124,valid,,,Shared Pattern Plane,Grad-SIFT+Top2Geo+MidGrad+極線對齊,117,1,,,1.88348680001218
