sample_id,block_id,row,column,sample_row,sample_column,model_x_mm,model_y_mm,u,v,true_height_mm,measured_u,measured_v,wound_height_mm,error_mm,abs_error_mm,status,failure_reason,measurement_warning,height_reference_source,method,candidate_frame,fused_count,group_score,objective_score,elapsed_seconds
1,1,1,1,1,1,5,5,682.2459083,317.307136,12.5,682,317,13.01566563,0.515665631,0.515665631,valid,,,Shared Pattern Plane,Region-SIFT(21/28),109,1,150.2569185,153.6970258,3.7214451
2,1,1,1,1,2,7.5,5,699.1557519,317.1266139,12.5,699,317,12.96112807,0.461128072,0.461128072,valid,,,Shared Pattern Plane,Region-SIFT(21/28),109,1,173.8869493,177.1278954,3.0141422
3,1,1,1,1,3,10,5,716.1514935,316.9451748,12.5,716,317,12.90688556,0.406885561,0.406885561,valid,,,Shared Pattern Plane,Region-SIFT(21/28),109,1,190.574975,194.2350881,2.6306103
4,1,1,1,1,4,12.5,5,733.2337894,316.7628116,12.5,733,317,12.85295686,0.352956856,0.352956856,valid,,,Shared Pattern Plane,Region-SIFT(21/28),109,1,223.2718608,228.629098,2.768851
5,1,1,1,1,5,15,5,750.4033024,316.5795174,12.5,750,317,12.79932816,0.299328161,0.299328161,valid,,,Shared Pattern Plane,Region-SIFT(21/28),109,1,224.8902879,230.8582643,2.709893
6,1,1,1,2,1,5,7.5,682.8002795,335.4240946,12.5,683,335,12.56967245,0.069672447,0.069672447,valid,,,Shared Pattern Plane,Region-SIFT(21/28),109,1,247.5492996,254.9486558,2.6366452
7,1,1,1,2,2,7.5,7.5,699.6885377,335.2896538,12.5,700,335,12.51623739,0.016237392,0.016237392,valid,,,Shared Pattern Plane,Region-SIFT(21/28),109,1,226.2741027,229.3723515,2.6349256
8,1,1,1,2,3,10,7.5,716.6624674,335.1545311,12.5,717,335,12.4368072,-0.0631928,0.0631928,valid,,,Shared Pattern Plane,Region-SIFT(21/28),109,1,194.5554854,196.2408987,4.1376189
9,1,1,1,2,4,12.5,7.5,733.7227221,335.0187212,12.5,734,335,12.38464042,-0.115359575,0.115359575,valid,,,Shared Pattern Plane,Region-SIFT(21/28),109,1,228.523677,232.6489979,3.3570369
10,1,1,1,2,5,15,7.5,750.8699621,334.8822188,12.5,751,335,12.78276794,0.282767942,0.282767942,valid,,,Shared Pattern Plane,Region-SIFT(21/28),109,1,251.7948762,254.5497507,3.2129403
11,1,1,1,3,1,5,10,683.3531493,353.491986,12.5,683,353,12.55617139,0.056171393,0.056171393,valid,,,Shared Pattern Plane,Region-SIFT(21/28),109,1,191.2497161,195.5724416,3.2016275
12,1,1,1,3,2,7.5,10,700.2198769,353.4033776,12.5,700,353,12.93088416,0.430884156,0.430884156,valid,,,Shared Pattern Plane,Region-SIFT(21/28),109,1,218.2250701,225.2411174,3.3016214
13,1,1,1,3,3,10,10,717.1720503,353.3143203,12.5,717,353,12.87676447,0.376764468,0.376764468,valid,,,Shared Pattern Plane,Region-SIFT(21/28),109,1,206.2012756,212.5253269,3.5293611
14,1,1,1,3,4,12.5,10,734.2103205,353.2248107,12.5,734,353,12.39693031,-0.10306969,0.10306969,valid,,,Shared Pattern Plane,Region-SIFT(21/28),109,1,179.2098487,184.4504781,3.2242956
15,1,1,1,3,5,15,10,751.3353451,353.1348454,12.5,751,353,12.76941074,0.269410739,0.269410739,valid,,,Shared Pattern Plane,Region-SIFT(21/28),109,1,267.8163733,276.8236159,3.3016703
16,1,1,1,4,1,5,12.5,683.9045237,371.5110095,12.5,684,372,12.53879178,0.038791776,0.038791776,valid,,,Shared Pattern Plane,Region-SIFT(21/28),109,1,147.5826261,150.1594394,3.1066274
17,1,1,1,4,2,7.5,12.5,700.7497754,371.4679858,12.5,701,371,12.48622268,-0.013777318,0.013777318,valid,,,Shared Pattern Plane,Region-SIFT(21/28),109,1,157.5955804,157.7903117,3.5681898
18,1,1,1,4,3,10,12.5,717.6802481,371.4247445,12.5,718,371,12.43318992,-0.066810081,0.066810081,valid,,,Shared Pattern Plane,Region-SIFT(21/28),109,1,237.2143243,242.7191957,4.2453759
19,1,1,1,4,4,12.5,12.5,734.6965901,371.3812839,12.5,735,371,12.38046515,-0.119534847,0.119534847,valid,,,Shared Pattern Plane,Region-SIFT(21/28),109,1,182.814353,185.0187689,3.3638056
20,1,1,1,4,5,15,12.5,751.7994566,371.3376022,12.5,752,371,12.32800365,-0.171996348,0.171996348,valid,,,Shared Pattern Plane,Region-SIFT(21/28),109,1,268.9786844,277.1630972,3.0522647
21,1,1,1,5,1,5,15,684.4544088,389.481363,12.5,684,389,12.52606295,0.026062954,0.026062954,valid,,,Shared Pattern Plane,Region-SIFT(21/28),109,1,172.9955434,176.7509235,2.8000402
22,1,1,1,5,2,7.5,15,701.2782389,389.483678,12.5,701,389,12.47279342,-0.027206584,0.027206584,valid,,,Shared Pattern Plane,Region-SIFT(21/28),109,1,189.1160966,191.5986614,2.734248
23,1,1,1,5,3,10,15,718.1870662,389.4860047,12.5,718,389,12.84665203,0.346652035,0.346652035,valid,,,Shared Pattern Plane,Region-SIFT(21/28),109,1,160.5856038,164.8519062,2.8119309
24,1,1,1,5,4,12.5,15,735.1815363,389.4883432,12.5,735,389,12.7929011,0.292901102,0.292901102,valid,,,Shared Pattern Plane,Region-SIFT(21/28),109,1,169.2271518,171.2097339,3.0091924
25,1,1,1,5,5,15,15,752.2623017,389.4906935,12.5,752,389,12.71532027,0.215320267,0.215320267,valid,,,Shared Pattern Plane,Region-SIFT(21/28),109,1,281.7290208,290.1605619,3.2644139
26,2,1,2,1,1,25,5,819.9670227,315.8368854,12,820,316,12.58221014,0.582210142,0.582210142,valid,,,Shared Pattern Plane,Region-SIFT(21/28),109,1,308.8993631,314.0003549,2.7834526
27,2,1,2,1,2,27.5,5,837.5828051,315.648827,12,838,316,11.66346613,-0.336533868,0.336533868,valid,,,Shared Pattern Plane,Region-SIFT(21/28),109,1,304.7900817,312.3333728,2.8290637
28,2,1,2,1,3,30,5,855.2899276,315.4597935,12,855,315,12.05697283,0.056972834,0.056972834,valid,,,Shared Pattern Plane,Region-SIFT(21/28),109,1,280.2185142,286.8869015,2.982784
29,2,1,2,1,4,32.5,5,873.0891024,315.2697773,12,873,315,12.00338462,0.003384622,0.003384622,valid,,,Shared Pattern Plane,Region-SIFT(21/28),109,1,297.7757898,306.5013742,2.8035234
30,2,1,2,1,5,35,5,890.9810491,315.0787706,12,891,315,11.95012604,-0.049873956,0.049873956,valid,,,Shared Pattern Plane,Region-SIFT(21/28),109,1,286.6286383,289.7275902,2.7486447
31,2,1,2,2,1,25,7.5,820.3422174,334.3291778,12,820,334,12.96599463,0.965994627,0.965994627,valid,,,Shared Pattern Plane,Region-SIFT(21/28),109,1,321.0217296,328.4047812,3.048005
32,2,1,2,2,2,27.5,7.5,837.9345263,334.1891324,12,838,334,12.09397783,0.09397783,0.09397783,valid,,,Shared Pattern Plane,Region-SIFT(21/28),109,1,285.6898,290.6736542,2.6604485
33,2,1,2,2,3,30,7.5,855.6179267,334.0483619,12,856,334,12.04015189,0.040151892,0.040151892,valid,,,Shared Pattern Plane,Region-SIFT(21/28),109,1,233.2778078,237.3532856,3.1241159
34,2,1,2,2,4,32.5,7.5,873.3931278,333.9068605,12,873,334,12.40733902,0.407339019,0.407339019,valid,,,Shared Pattern Plane,Region-SIFT(21/28),109,1,278.4845435,284.8388661,3.1395632
35,2,1,2,2,5,35,7.5,891.2608464,333.7646227,12,891,334,12.35306534,0.35306534,0.35306534,valid,,,Shared Pattern Plane,Region-SIFT(21/28),109,1,345.0897309,357.0570194,3.153059
36,2,1,2,3,1,25,10,820.716375,352.770356,12,821,353,12.13118409,0.131184092,0.131184092,valid,,,Shared Pattern Plane,Region-SIFT(21/28),109,1,314.4671346,323.2674735,3.0169003
37,2,1,2,3,2,27.5,10,838.2852728,352.6780588,12,838,353,11.68003834,-0.319961657,0.319961657,valid,,,Shared Pattern Plane,Region-SIFT(21/28),109,1,315.8755283,322.0414692,2.8034928
38,2,1,2,3,3,30,10,855.9450145,352.5852843,12,856,353,12.02636112,0.02636112,0.02636112,valid,,,Shared Pattern Plane,Region-SIFT(21/28),109,1,322.2205926,332.4771897,2.6251681
39,2,1,2,3,4,32.5,10,873.6963064,352.4920289,12,874,352,12.37129003,0.371290026,0.371290026,valid,,,Shared Pattern Plane,Region-SIFT(21/28),109,1,327.2779549,335.3665641,2.5876115
40,2,1,2,3,5,35,10,891.5398623,352.3982888,12,892,352,11.93968222,-0.06031778,0.06031778,valid,,,Shared Pattern Plane,Region-SIFT(21/28),109,1,307.0225929,317.3510528,2.689009
41,2,1,2,4,1,25,12.5,821.0894998,371.1606317,12,821,371,12.53872492,0.538724922,0.538724922,valid,,,Shared Pattern Plane,Region-SIFT(21/28),109,1,379.2572751,391.7358104,2.7858509
42,2,1,2,4,2,27.5,12.5,838.6350487,371.1158195,12,839,371,12.06401817,0.064018171,0.064018171,valid,,,Shared Pattern Plane,Region-SIFT(21/28),109,1,396.6132673,408.8990769,2.8132473
43,2,1,2,4,3,30,12.5,856.2711948,371.0707758,12,856,371,11.63395519,-0.36604481,0.36604481,valid,,,Shared Pattern Plane,Region-SIFT(21/28),109,1,324.5399856,330.6474373,2.8021044
44,2,1,2,4,4,32.5,12.5,873.9986416,371.025499,12,874,371,11.99933936,-0.000660639,0.000660639,valid,,,Shared Pattern Plane,Region-SIFT(21/28),109,1,328.7483719,338.8831185,2.6207337
45,2,1,2,4,5,35,12.5,891.8181001,370.9799871,12,892,371,13.99008623,1.990086231,1.990086231,valid,,,Shared Pattern Plane,Region-SIFT(21/28),109,1,281.5339589,289.6361777,2.6650255
46,2,1,2,5,1,25,15,821.4615961,389.5002155,12,821,390,13.36055394,1.360553944,1.360553944,valid,,,Shared Pattern Plane,Region-SIFT(21/28),109,1,411.4926879,424.2566599,3.1203247
47,2,1,2,5,2,27.5,15,838.9838579,389.5026265,12,839,390,12.49045805,0.490458049,0.490458049,valid,,,Shared Pattern Plane,Region-SIFT(21/28),109,1,384.866925,399.7124391,2.8626712
48,2,1,2,5,3,30,15,856.5964713,389.5050501,12,857,390,12.43508045,0.435080448,0.435080448,valid,,,Shared Pattern Plane,Region-SIFT(21/28),109,1,239.5476607,244.922369,2.626371
49,2,1,2,5,4,32.5,15,874.300137,389.5074861,12,874,390,12.7792432,0.779243201,0.779243201,valid,,,Shared Pattern Plane,Region-SIFT(21/28),109,1,211.821721,218.0010768,2.9645449
50,2,1,2,5,5,35,15,892.0955629,389.5099348,12,892,390,11.49380622,-0.506193775,0.506193775,valid,,,Shared Pattern Plane,Region-SIFT(21/28),109,1,233.4251017,240.0019884,2.7415056
51,3,1,3,1,1,45,5,963.4912146,314.3046837,11.5,963,314,11.34345719,-0.15654281,0.15654281,valid,,,Shared Pattern Plane,Region-SIFT(21/28),109,1,361.6526658,374.0536521,2.7189542
52,3,1,3,1,2,47.5,5,981.8580832,314.108607,11.5,982,314,11.27278715,-0.227212849,0.227212849,valid,,,Shared Pattern Plane,Region-SIFT(21/28),109,1,357.8082497,367.3359718,2.8836511
53,3,1,3,1,3,50,5,1000.322203,313.9114921,11.5,1000,314,11.63452719,0.134527187,0.134527187,valid,,,Shared Pattern Plane,Region-SIFT(21/28),109,1,276.5826013,280.0382897,2.8086727
54,3,1,3,1,4,52.5,5,1018.884349,313.7133307,11.5,1019,314,11.58046998,0.080469982,0.080469982,valid,,,Shared Pattern Plane,Region-SIFT(21/28),109,1,345.7869024,351.2566857,2.9429783
55,3,1,3,1,5,55,5,1037.545304,313.5141145,11.5,1038,314,11.51257783,0.012577832,0.012577832,valid,,,Shared Pattern Plane,Region-SIFT(21/28),109,1,412.0322839,425.9996616,2.7684776
56,3,1,3,2,1,45,7.5,963.6714934,333.1881903,11.5,964,333,11.74101022,0.241010219,0.241010219,valid,,,Shared Pattern Plane,Region-SIFT(21/28),109,1,327.9882165,336.2456724,2.744769
57,3,1,3,2,2,47.5,7.5,982.0128153,333.0421823,11.5,982,333,11.68859523,0.188595225,0.188595225,valid,,,Shared Pattern Plane,Region-SIFT(21/28),109,1,288.0329755,296.133274,2.8465203
58,3,1,3,2,3,50,7.5,1000.451115,332.8954023,11.5,1000,333,11.651796,0.151795996,0.151795996,valid,,,Shared Pattern Plane,Region-SIFT(21/28),109,1,277.1147949,283.93355,2.7368861
59,3,1,3,2,4,52.5,7.5,1018.987165,332.7478442,11.5,1019,333,11.58172805,0.081728049,0.081728049,valid,,,Shared Pattern Plane,Region-SIFT(21/28),109,1,350.3101287,361.4288722,2.6770258
60,3,1,3,2,5,55,7.5,1037.621744,332.5995017,11.5,1038,333,11.52734278,0.027342782,0.027342782,valid,,,Shared Pattern Plane,Region-SIFT(21/28),109,1,364.8152294,378.1885958,2.7415228
61,3,1,3,3,1,45,10,963.8512635,352.0184049,11.5,964,352,11.31324226,-0.186757739,0.186757739,valid,,,Shared Pattern Plane,Region-SIFT(21/28),109,1,217.4285888,224.0198862,2.9228052
62,3,1,3,3,2,47.5,10,982.1671096,351.9221836,11.5,982,352,11.26192788,-0.23807212,0.23807212,valid,,,Shared Pattern Plane,Region-SIFT(21/28),109,1,229.1478595,234.3080195,2.8685137
63,3,1,3,3,3,50,10,1000.579662,351.8254543,11.5,1001,352,10.80969056,-0.690309435,0.690309435,valid,,,Shared Pattern Plane,Region-SIFT(21/28),109,1,211.0608276,215.2632817,3.0663162
64,3,1,3,3,4,52.5,10,1019.089688,351.7282129,11.5,1019,352,10.73000254,-0.769997462,0.769997462,valid,,,Shared Pattern Plane,Region-SIFT(21/28),109,1,192.0097678,196.4835737,2.9708469
65,3,1,3,3,5,55,10,1037.697965,351.6304554,11.5,1038,352,11.49998888,-1.11E-05,1.11E-05,valid,,,Shared Pattern Plane,Region-SIFT(21/28),109,1,179.399526,184.1946341,2.6699086
66,3,1,3,4,1,45,12.5,964.0305269,370.7955527,11.5,964,371,10.88387441,-0.616125587,0.616125587,valid,,,Shared Pattern Plane,Region-SIFT(21/28),109,1,151.512032,154.0401553,2.77934
67,3,1,3,4,2,47.5,12.5,982.3209679,370.748838,11.5,982,371,11.23251132,-0.267488681,0.267488681,valid,,,Shared Pattern Plane,Region-SIFT(21/28),109,1,182.8546072,186.5584659,2.9107179
68,3,1,3,4,3,50,12.5,1000.707844,370.7018769,11.5,1001,371,11.17935793,-0.320642067,0.320642067,valid,,,Shared Pattern Plane,Region-SIFT(21/28),109,1,158.959707,161.8297456,2.7315977
69,3,1,3,4,4,52.5,12.5,1019.19192,370.6546676,11.5,1019,371,11.54022614,0.040226143,0.040226143,valid,,,Shared Pattern Plane,Region-SIFT(21/28),109,1,165.2685851,169.0695183,2.6317873
70,3,1,3,4,5,55,12.5,1037.773969,370.607208,11.5,1038,371,11.48662987,-0.01337013,0.01337013,valid,,,Shared Pattern Plane,Region-SIFT(21/28),109,1,160.1055665,163.9068313,2.7255919
71,3,1,3,5,1,45,15,964.2092859,389.5198578,11.5,964,390,12.07972888,0.57972888,0.57972888,valid,,,Shared Pattern Plane,Region-SIFT(21/28),109,1,187.7878705,189.5546637,2.7902824
72,3,1,3,5,2,47.5,15,982.4743921,389.5223711,11.5,982,390,11.6320117,0.132011698,0.132011698,valid,,,Shared Pattern Plane,Region-SIFT(21/28),109,1,144.3762038,145.9765316,2.8743598
73,3,1,3,5,3,50,15,1000.835664,389.5248977,11.5,1001,390,11.57784453,0.07784453,0.07784453,valid,,,Shared Pattern Plane,Region-SIFT(21/28),109,1,172.0548634,176.9649502,2.8074929
74,3,1,3,5,4,52.5,15,1019.293863,389.5274375,11.5,1019,390,11.93593473,0.435934729,0.435934729,valid,,,Shared Pattern Plane,Region-SIFT(21/28),109,1,203.5555407,207.4880563,2.7273008
75,3,1,3,5,5,55,15,1037.849758,389.5299909,11.5,1038,390,11.881276,0.381276004,0.381276004,valid,,,Shared Pattern Plane,Region-SIFT(21/28),109,1,173.2544898,175.9213406,2.7052158
76,4,1,4,1,1,65,5,1113.193159,312.706531,11,1113,313,11.72251865,0.722518655,0.722518655,valid,,,Shared Pattern Plane,Region-SIFT(21/28),109,1,343.620382,352.2445089,2.9791747
77,4,1,4,1,2,67.5,5,1132.360195,312.5019121,11,1132,313,10.8721157,-0.127884302,0.127884302,valid,,,Shared Pattern Plane,Region-SIFT(21/28),109,1,340.001904,346.7304008,2.7203387
78,4,1,4,1,3,70,5,1151.630914,312.2961863,11,1152,312,10.81850905,-0.181490945,0.181490945,valid,,,Shared Pattern Plane,Region-SIFT(21/28),109,1,318.4434016,327.7173131,2.6981251
79,4,1,4,1,4,72.5,5,1171.006162,312.0893446,11,1171,312,10.35366596,-0.646334038,0.646334038,valid,,,Shared Pattern Plane,Region-SIFT(21/28),109,1,338.6177694,350.0925748,2.9377957
80,4,1,4,1,5,75,5,1190.486791,311.8813778,11,1190,312,11.51768508,0.51768508,0.51768508,valid,,,Shared Pattern Plane,Region-SIFT(21/28),109,1,347.2612135,361.083194,2.5804145
81,4,1,4,2,1,65,7.5,1113.161227,331.9981619,11,1113,332,11.31635214,0.316352144,0.316352144,valid,,,Shared Pattern Plane,Region-SIFT(21/28),109,1,231.9279685,237.4817703,2.7062355
82,4,1,4,2,2,67.5,7.5,1132.300436,331.8458022,11,1132,332,10.8588545,-0.141145498,0.141145498,valid,,,Shared Pattern Plane,Region-SIFT(21/28),109,1,299.8094878,308.4993804,2.956856
83,4,1,4,2,3,70,7.5,1151.543028,331.6926196,11,1152,332,10.79480744,-0.20519256,0.20519256,valid,,,Shared Pattern Plane,Region-SIFT(21/28),109,1,256.5022509,261.2051857,2.7024762
84,4,1,4,2,4,72.5,7.5,1170.889843,331.5386073,11,1171,332,10.74426214,-0.255737862,0.255737862,valid,,,Shared Pattern Plane,Region-SIFT(21/28),109,1,297.2457877,307.7025156,2.5809885
85,4,1,4,2,5,75,7.5,1190.341732,331.3837585,11,1190,331,11.09622573,0.096225732,0.096225732,valid,,,Shared Pattern Plane,Region-SIFT(21/28),109,1,249.8116476,258.806017,2.6788262
86,4,1,4,3,1,65,10,1113.129388,351.2341806,11,1113,351,11.29194693,0.291946932,0.291946932,valid,,,Shared Pattern Plane,Region-SIFT(21/28),109,1,136.1666011,137.4706677,2.7466734
87,4,1,4,3,2,67.5,10,1132.24085,351.1337796,11,1132,351,10.84561476,-0.154385238,0.154385238,valid,,,Shared Pattern Plane,Region-SIFT(21/28),109,1,163.647177,166.2408046,3.1077954
88,4,1,4,3,3,70,10,1151.455396,351.0328371,11,1151,351,11.18797311,0.187973114,0.187973114,valid,,,Shared Pattern Plane,Region-SIFT(21/28),109,1,156.2315099,159.9731591,2.9647707
89,4,1,4,3,4,72.5,10,1170.773863,350.9313486,11,1171,351,11.53459114,0.534591136,0.534591136,valid,,,Shared Pattern Plane,Region-SIFT(21/28),109,1,179.2577062,184.3201239,3.0083582
90,4,1,4,3,5,75,10,1190.197095,350.8293098,11,1190,351,11.48231988,0.482319882,0.482319882,valid,,,Shared Pattern Plane,Region-SIFT(21/28),109,1,149.2802693,151.3029889,2.7477185
91,4,1,4,4,1,65,12.5,1113.097639,370.4148273,11,1113,370,11.27874761,0.278747611,0.278747611,valid,,,Shared Pattern Plane,Region-SIFT(21/28),109,1,168.3668137,173.5052431,2.6170275
92,4,1,4,4,2,67.5,12.5,1132.181436,370.3660863,11,1132,370,10.82211669,-0.177883307,0.177883307,valid,,,Shared Pattern Plane,Region-SIFT(21/28),109,1,171.3988883,175.6331134,2.6708155
93,4,1,4,4,3,70,12.5,1151.368018,370.3170828,11,1151,370,11.17487567,0.174875665,0.174875665,valid,,,Shared Pattern Plane,Region-SIFT(21/28),109,1,165.9374038,167.2443474,2.8581852
94,4,1,4,4,4,72.5,12.5,1170.658219,370.2678145,11,1171,370,11.12067225,0.120672251,0.120672251,valid,,,Shared Pattern Plane,Region-SIFT(21/28),109,1,163.1983244,165.9996821,2.6215256
95,4,1,4,4,5,75,12.5,1190.05288,370.2182795,11,1190,370,11.06948651,0.06948651,0.06948651,valid,,,Shared Pattern Plane,Region-SIFT(21/28),109,1,184.5028547,187.5703016,2.5912257
96,4,1,4,5,1,65,15,1113.065982,389.5403408,11,1113,390,10.8593204,-0.140679597,0.140679597,valid,,,Shared Pattern Plane,Region-SIFT(21/28),109,1,163.282773,165.4536499,2.7712849
97,4,1,4,5,2,67.5,15,1132.122193,389.5429629,11,1132,390,10.8083312,-0.191668798,0.191668798,valid,,,Shared Pattern Plane,Region-SIFT(21/28),109,1,138.4073375,140.456684,3.0348376
98,4,1,4,5,3,70,15,1151.280892,389.5455992,11,1151,390,10.75762276,-0.242377236,0.242377236,valid,,,Shared Pattern Plane,Region-SIFT(21/28),109,1,187.168226,189.3075309,2.6584155
99,4,1,4,5,4,72.5,15,1170.54291,389.5482497,11,1171,390,11.10690429,0.106904291,0.106904291,valid,,,Shared Pattern Plane,Region-SIFT(21/28),109,1,186.7984235,191.1911258,3.3019563
100,4,1,4,5,5,75,15,1189.909084,389.5509145,11,1190,390,11.0557737,0.055773703,0.055773703,valid,,,Shared Pattern Plane,Region-SIFT(21/28),109,1,197.1793801,203.1715762,2.9904749
101,5,1,5,1,1,85,5,1269.480496,311.0380755,10.5,1269,311,10.905362,0.405362005,0.405362005,valid,,,Shared Pattern Plane,Region-SIFT(21/28),109,1,225.4513091,228.4857839,2.7851791
102,5,1,5,1,2,87.5,5,1289.50115,310.8243437,10.5,1290,311,10.84951518,0.349515175,0.349515175,valid,,,Shared Pattern Plane,Region-SIFT(21/28),109,1,264.9230208,270.057163,3.5743002
103,5,1,5,1,3,90,5,1309.632502,310.6094302,10.5,1310,311,10.39732011,-0.10267989,0.10267989,valid,,,Shared Pattern Plane,Region-SIFT(21/28),109,1,251.0619759,258.2501704,2.8842148
104,5,1,5,1,4,92.5,5,1329.875471,310.393325,10.5,1330,310,10.74130846,0.241308463,0.241308463,valid,,,Shared Pattern Plane,Region-SIFT(21/28),109,1,247.8912337,252.6093037,2.7595704
105,5,1,5,1,5,95,5,1350.23099,310.1760184,10.5,1350,310,10.68978382,0.189783819,0.189783819,valid,,,Shared Pattern Plane,Region-SIFT(21/28),109,1,239.3312306,240.94586,2.8726417
106,5,1,5,2,1,85,7.5,1269.217318,330.7558613,10.5,1269,331,10.88611508,0.38611508,0.38611508,valid,,,Shared Pattern Plane,Region-SIFT(21/28),109,1,249.4672826,253.1712516,3.2095383
107,5,1,5,2,2,87.5,7.5,1289.207633,330.5967263,10.5,1289,331,10.43754569,-0.062454312,0.062454312,valid,,,Shared Pattern Plane,Region-SIFT(21/28),109,1,241.707252,244.1627951,2.6695972
108,5,1,5,2,3,90,7.5,1309.308314,330.4367128,10.5,1309,330,10.78640591,0.286405914,0.286405914,valid,,,Shared Pattern Plane,Region-SIFT(21/28),109,1,266.4728238,271.84471,3.1448199
109,5,1,5,2,4,92.5,7.5,1329.520277,330.2758134,10.5,1330,330,10.33386252,-0.166137483,0.166137483,valid,,,Shared Pattern Plane,Region-SIFT(21/28),109,1,242.1129034,245.4457464,2.8500292
110,5,1,5,2,5,95,7.5,1349.844448,330.1140207,10.5,1350,330,10.67642729,0.176427288,0.176427288,valid,,,Shared Pattern Plane,Region-SIFT(21/28),109,1,229.0349057,234.3691164,2.9067562
111,5,1,5,3,1,85,10,1268.954915,350.41556,10.5,1269,350,10.47606352,-0.023936482,0.023936482,valid,,,Shared Pattern Plane,Region-SIFT(21/28),109,1,194.8102857,198.1730676,2.6992309
112,5,1,5,3,2,87.5,10,1288.914983,350.3107009,10.5,1289,350,10.42477713,-0.075222873,0.075222873,valid,,,Shared Pattern Plane,Region-SIFT(21/28),109,1,195.6230227,198.2821795,2.713911
113,5,1,5,3,3,90,10,1308.985086,350.2052637,10.5,1309,350,10.37780657,-0.122193433,0.122193433,valid,,,Shared Pattern Plane,Region-SIFT(21/28),109,1,222.8978377,226.9916101,2.8506988
114,5,1,5,3,4,92.5,10,1329.166137,350.0992437,10.5,1329,350,10.71708068,0.217080675,0.217080675,valid,,,Shared Pattern Plane,Region-SIFT(21/28),109,1,233.7030896,236.8837429,3.3914108
115,5,1,5,3,5,95,10,1349.459059,349.992636,10.5,1349,350,10.66563307,0.165633073,0.165633073,valid,,,Shared Pattern Plane,Region-SIFT(21/28),109,1,203.3641771,208.9778958,2.9851166
116,5,1,5,4,1,85,12.5,1268.693283,370.0174278,10.5,1269,370,10.46261616,-0.037383838,0.037383838,valid,,,Shared Pattern Plane,Region-SIFT(21/28),109,1,140.6311804,144.505641,2.7368724
117,5,1,5,4,2,87.5,12.5,1288.623195,369.9665257,10.5,1289,370,10.4113554,-0.088644601,0.088644601,valid,,,Shared Pattern Plane,Region-SIFT(21/28),109,1,148.0567002,149.7492395,2.851808
118,5,1,5,4,3,90,12.5,1308.662814,369.9153434,10.5,1309,370,10.75928036,0.259280363,0.259280363,valid,,,Shared Pattern Plane,Region-SIFT(21/28),109,1,200.4520851,201.0381759,2.6380125
119,5,1,5,4,4,92.5,12.5,1328.813048,369.8638787,10.5,1329,370,10.70043868,0.20043868,0.20043868,valid,,,Shared Pattern Plane,Region-SIFT(21/28),109,1,238.9159061,242.9282311,3.9526837
120,5,1,5,4,5,95,12.5,1349.074815,369.812129,10.5,1349,370,10.65474461,0.15474461,0.15474461,valid,,,Shared Pattern Plane,Region-SIFT(21/28),109,1,220.2544742,223.6468706,3.9458924
121,5,1,5,5,1,85,15,1268.432421,389.5617195,10.5,1268,390,10.45170708,-0.048292917,0.048292917,valid,,,Shared Pattern Plane,Region-SIFT(21/28),109,1,149.3262619,150.1266866,6.6195257
122,5,1,5,5,2,87.5,15,1288.332268,389.5644577,10.5,1288,390,10.7965198,0.296519803,0.296519803,valid,,,Shared Pattern Plane,Region-SIFT(21/28),109,1,128.3707574,129.945847,3.3450218
123,5,1,5,5,3,90,15,1308.341494,389.567211,10.5,1308,390,10.74451825,0.24451825,0.24451825,valid,,,Shared Pattern Plane,Region-SIFT(21/28),109,1,135.8602306,138.3347337,3.158096
124,5,1,5,5,4,92.5,15,1328.461004,389.5699795,10.5,1328,390,10.29892926,-0.201070738,0.201070738,valid,,,Shared Pattern Plane,Region-SIFT(21/28),109,1,170.8452337,174.4032703,3.4965856
125,5,1,5,5,5,95,15,1348.691713,389.5727633,10.5,1349,390,10.24606759,-0.253932405,0.253932405,valid,,,Shared Pattern Plane,Region-SIFT(21/28),109,1,147.4008964,148.9958441,3.1275532
126,6,1,6,1,1,105,5,1432.797535,309.2945739,10,1433,309,10.09101792,0.091017922,0.091017922,valid,,,Shared Pattern Plane,Region-SIFT(21/28),109,1,227.1760637,228.6725244,2.9424867
127,6,1,6,1,2,107.5,5,1453.730129,309.0711067,10,1454,309,10.0395867,0.0395867,0.0395867,valid,,,Shared Pattern Plane,Region-SIFT(21/28),109,1,189.2167518,193.0519629,2.7798342
128,6,1,6,1,3,110,5,1474.78108,308.8463759,10,1475,309,9.986898128,-0.013101872,0.013101872,valid,,,Shared Pattern Plane,Region-SIFT(21/28),109,1,237.9704866,245.1995423,2.9945788
129,6,1,6,1,4,112.5,5,1495.951396,308.6203708,10,1496,309,9.937666858,-0.062333142,0.062333142,valid,,,Shared Pattern Plane,Region-SIFT(21/28),109,1,186.1157665,190.0687452,2.9279477
130,6,1,6,1,5,115,5,1517.242093,308.3930806,10,1517,308,9.887795449,-0.112204551,0.112204551,valid,,,Shared Pattern Plane,Region-SIFT(21/28),109,1,252.7597314,258.8733205,3.0291938
131,6,1,6,2,1,105,7.5,1432.282122,329.4577671,10,1432,329,10.08036019,0.080360187,0.080360187,valid,,,Shared Pattern Plane,Region-SIFT(21/28),109,1,248.235886,255.8925216,3.2619722
132,6,1,6,2,2,107.5,7.5,1453.181604,329.2913946,10,1453,329,10.02896768,0.028967685,0.028967685,valid,,,Shared Pattern Plane,Region-SIFT(21/28),109,1,177.8481197,179.8306536,3.007034
133,6,1,6,2,3,110,7.5,1474.199078,329.1240829,10,1474,329,9.977864613,-0.022135387,0.022135387,valid,,,Shared Pattern Plane,Region-SIFT(21/28),109,1,209.764965,215.0906707,2.772461
134,6,1,6,2,4,112.5,7.5,1495.335544,328.9558239,10,1495,329,10.31263501,0.312635007,0.312635007,valid,,,Shared Pattern Plane,Region-SIFT(21/28),109,1,178.7953253,180.5090498,3.2724219
135,6,1,6,2,5,115,7.5,1516.592016,328.7866095,10,1517,329,9.874214961,-0.125785039,0.125785039,valid,,,Shared Pattern Plane,Region-SIFT(21/28),109,1,260.099237,266.3666242,3.0076797
136,6,1,6,3,1,105,10,1431.768261,349.5602292,10,1432,350,10.06658828,0.06658828,0.06658828,valid,,,Shared Pattern Plane,Region-SIFT(21/28),109,1,337.921518,349.1962793,2.8324045
137,6,1,6,3,2,107.5,10,1452.634737,349.4506083,10,1453,349,10.01587333,0.015873329,0.015873329,valid,,,Shared Pattern Plane,Region-SIFT(21/28),109,1,236.948632,241.7687835,3.0516268
138,6,1,6,3,3,110,10,1473.618838,349.3403695,10,1474,349,9.966494325,-0.033505675,0.033505675,valid,,,Shared Pattern Plane,Region-SIFT(21/28),109,1,274.243587,280.553493,2.7141768
139,6,1,6,3,4,112.5,10,1494.721563,349.2295075,10,1495,349,9.914080189,-0.085919811,0.085919811,valid,,,Shared Pattern Plane,Region-SIFT(21/28),109,1,224.5159448,228.5701517,2.8755889
140,6,1,6,3,5,115,10,1515.94392,349.1180171,10,1516,349,9.863660772,-0.136339228,0.136339228,valid,,,Shared Pattern Plane,Region-SIFT(21/28),109,1,265.9056147,274.3297742,2.8308612
141,6,1,6,4,1,105,12.5,1431.255946,369.602234,10,1431,370,10.05592811,0.055928106,0.055928106,valid,,,Shared Pattern Plane,Region-SIFT(21/28),109,1,262.027789,265.7639771,3.0198434
142,6,1,6,4,2,107.5,12.5,1452.089518,369.549024,10,1452,370,10.00459496,0.004594959,0.004594959,valid,,,Shared Pattern Plane,Region-SIFT(21/28),109,1,224.1383421,227.9329066,2.8317235
143,6,1,6,4,3,110,12.5,1473.040353,369.4955144,10,1473,369,9.954229916,-0.045770084,0.045770084,valid,,,Shared Pattern Plane,Region-SIFT(21/28),109,1,259.5279077,266.001936,3.0153225
144,6,1,6,4,4,112.5,12.5,1494.109444,369.4417028,10,1494,369,9.90352777,-0.09647223,0.09647223,valid,,,Shared Pattern Plane,Region-SIFT(21/28),109,1,272.871087,276.5105956,2.8377804
145,6,1,6,4,5,115,12.5,1515.297795,369.3875866,10,1515,369,9.85312385,-0.14687615,0.14687615,valid,,,Shared Pattern Plane,Region-SIFT(21/28),109,1,257.4003784,262.969122,2.7821397
146,6,1,6,5,1,105,15,1430.745169,389.584054,10,1431,390,9.653021742,-0.346978258,0.346978258,valid,,,Shared Pattern Plane,Region-SIFT(21/28),109,1,221.2612936,225.5843859,2.9916852
147,6,1,6,5,2,107.5,15,1451.545941,389.5869162,10,1452,390,9.991518023,-0.008481977,0.008481977,valid,,,Shared Pattern Plane,Region-SIFT(21/28),109,1,214.2494972,218.6395055,2.921247
148,6,1,6,5,3,110,15,1472.463615,389.5897945,10,1472,390,9.942965492,-0.057034508,0.057034508,valid,,,Shared Pattern Plane,Region-SIFT(21/28),109,1,290.4501586,299.8971786,2.9661086
149,6,1,6,5,4,112.5,15,1493.499179,389.5926891,10,1493,390,9.892316395,-0.107683605,0.107683605,valid,,,Shared Pattern Plane,Region-SIFT(21/28),109,1,282.5183887,287.5313846,3.0122953
150,6,1,6,5,5,115,15,1514.653632,389.5956,10,1515,390,9.839530515,-0.160469485,0.160469485,valid,,,Shared Pattern Plane,Region-SIFT(21/28),109,1,284.5325879,295.2526912,3.0119546
151,7,2,1,1,1,5,25,686.6391767,460.8799997,9.5,687,461,9.851604038,0.351604038,0.351604038,valid,,,Shared Pattern Plane,Region-SIFT(21/28),109,1,176.1806418,177.3703051,2.9065731
152,7,2,1,1,2,7.5,25,703.3778604,461.0612383,9.5,703,461,9.39304603,-0.10695397,0.10695397,valid,,,Shared Pattern Plane,Region-SIFT(21/28),109,1,215.7972768,220.1212884,2.9108081
153,7,2,1,1,3,10,25,720.2006545,461.2433877,9.5,720,461,9.761501479,0.261501479,0.261501479,valid,,,Shared Pattern Plane,Region-SIFT(21/28),109,1,226.8180173,229.9044581,2.8258027
154,7,2,1,1,4,12.5,25,737.1081945,461.4264546,9.5,737,461,9.740183778,0.240183778,0.240183778,valid,,,Shared Pattern Plane,Region-SIFT(21/28),109,1,226.1721618,232.4007605,2.7349049
155,7,2,1,1,5,15,25,754.1011223,461.6104461,9.5,754,462,9.668976104,0.168976104,0.168976104,valid,,,Shared Pattern Plane,Region-SIFT(21/28),109,1,182.1802948,184.397098,2.7326785
156,7,2,1,2,1,5,27.5,687.1817051,478.609936,9.5,687,479,9.838573776,0.338573776,0.338573776,valid,,,Shared Pattern Plane,Region-SIFT(21/28),109,1,160.037296,162.6701406,2.8124974
157,7,2,1,2,2,7.5,27.5,703.8992363,478.8353051,9.5,704,479,9.792082978,0.292082978,0.292082978,valid,,,Shared Pattern Plane,Region-SIFT(21/28),109,1,166.7094381,169.3479875,3.1429941
158,7,2,1,2,3,10,27.5,720.7006582,479.0618052,9.5,721,479,9.306143705,-0.193856295,0.193856295,valid,,,Shared Pattern Plane,Region-SIFT(21/28),109,1,187.868996,189.3123186,3.3783127
159,7,2,1,2,4,12.5,27.5,737.586604,479.2894448,9.5,738,479,9.699858983,0.199858983,0.199858983,valid,,,Shared Pattern Plane,Region-SIFT(21/28),109,1,203.2826397,204.308056,2.9922894
160,7,2,1,2,5,15,27.5,754.557713,479.5182324,9.5,755,480,9.677189307,0.177189307,0.177189307,valid,,,Shared Pattern Plane,Region-SIFT(21/28),109,1,273.2318744,278.1408269,2.6989666
161,7,2,1,3,1,5,30,687.72278,496.2923681,9.5,688,496,9.823546216,0.323546216,0.323546216,valid,,,Shared Pattern Plane,Region-SIFT(21/28),109,1,153.3189365,153.7634721,2.8115438
162,7,2,1,3,2,7.5,30,704.4192117,496.5616304,9.5,704,497,9.779100602,0.279100602,0.279100602,valid,,,Shared Pattern Plane,Region-SIFT(21/28),109,1,152.3207783,155.0775836,2.7562602
163,7,2,1,3,3,10,30,721.1993156,496.8322422,9.5,721,497,9.757767739,0.257767739,0.257767739,valid,,,Shared Pattern Plane,Region-SIFT(21/28),109,1,227.1964009,232.5661335,2.8809313
164,7,2,1,3,4,12.5,30,738.063722,497.1042135,9.5,738,497,10.12353497,0.623534974,0.623534974,valid,,,Shared Pattern Plane,Region-SIFT(21/28),109,1,241.8705912,247.6740382,3.0760338
165,7,2,1,3,5,15,30,755.0130679,497.3775546,9.5,755,497,9.641256457,0.141256457,0.141256457,valid,,,Shared Pattern Plane,Region-SIFT(21/28),109,1,353.5226159,366.7003817,2.8850799
166,7,2,1,4,1,5,32.5,688.2624071,513.9274866,9.5,688,514,9.368777328,-0.131222672,0.131222672,valid,,,Shared Pattern Plane,Region-SIFT(21/28),109,1,157.2223397,157.9535999,2.7858618
167,7,2,1,4,2,7.5,32.5,704.9377924,514.2404063,9.5,705,514,9.764119312,0.264119312,0.264119312,valid,,,Shared Pattern Plane,Region-SIFT(21/28),109,1,178.3475889,179.5705688,2.7869751
168,7,2,1,4,3,10,32.5,721.6966319,514.5548921,9.5,722,515,9.717237908,0.217237908,0.217237908,valid,,,Shared Pattern Plane,Region-SIFT(21/28),109,1,229.3494562,234.6658659,3.2717842
169,7,2,1,4,4,12.5,32.5,738.5395538,514.8709558,9.5,739,515,9.695328005,0.195328005,0.195328005,valid,,,Shared Pattern Plane,Region-SIFT(21/28),109,1,299.8705453,306.8051928,2.7242244
170,7,2,1,4,5,15,32.5,755.4671923,515.1886092,9.5,755,515,10.54344093,1.043440934,1.043440934,valid,,,Shared Pattern Plane,Region-SIFT(21/28),109,1,438.4482351,452.0909985,2.9184389
171,7,2,1,5,1,5,35,688.8005922,531.5154812,9.5,689,532,9.794737885,0.294737885,0.294737885,valid,,,Shared Pattern Plane,Region-SIFT(21/28),109,1,167.118334,170.0155958,2.9601518
172,7,2,1,5,2,7.5,35,705.4549839,531.8718239,9.5,705,532,9.751100949,0.251100949,0.251100949,valid,,,Shared Pattern Plane,Region-SIFT(21/28),109,1,155.156321,156.8041537,2.7303241
173,7,2,1,5,3,10,35,722.1926127,532.2299476,9.5,722,532,8.824221617,-0.675778383,0.675778383,valid,,,Shared Pattern Plane,Region-SIFT(21/28),109,1,231.3179542,236.1694101,2.7545569
174,7,2,1,5,4,12.5,35,739.0141045,532.5898657,9.5,739,533,10.576169,1.076169004,1.076169004,valid,,,Shared Pattern Plane,Region-SIFT(21/28),109,1,372.2156617,385.9589289,2.800703
175,7,2,1,5,5,15,35,755.9200909,532.9515916,9.5,756,533,10.52712184,1.027121839,1.027121839,valid,,,Shared Pattern Plane,Region-SIFT(21/28),109,1,413.4799362,426.5962559,3.0739085
176,8,2,2,1,1,25,25,822.939781,462.3557989,9,823,462,9.052528005,0.052528005,0.052528005,valid,,,Shared Pattern Plane,Region-SIFT(21/28),109,1,156.5758149,157.4557818,2.8251429
177,8,2,2,1,2,27.5,25,840.3695083,462.5445199,9,840,463,8.966516358,-0.033483642,0.033483642,valid,,,Shared Pattern Plane,Region-SIFT(21/28),109,1,169.3502667,170.1011402,2.6736974
178,8,2,2,1,3,30,25,857.8886148,462.7342086,9,858,463,8.962610635,-0.037389365,0.037389365,valid,,,Shared Pattern Plane,Region-SIFT(21/28),109,1,190.4416957,192.6030783,2.6465198
179,8,2,2,1,4,32.5,25,875.4977898,462.9248725,9,875,463,8.468208193,-0.531791807,0.531791807,valid,,,Shared Pattern Plane,Region-SIFT(21/28),109,1,283.4166349,291.2319857,2.779429
180,8,2,2,1,5,35,25,893.1977297,463.1165192,9,893,463,8.893243452,-0.106756548,0.106756548,valid,,,Shared Pattern Plane,Region-SIFT(21/28),109,1,236.7432534,242.2665124,2.8510715
181,8,2,2,2,1,25,27.5,823.3067981,480.4450392,9,823,480,9.451757287,0.451757287,0.451757287,valid,,,Shared Pattern Plane,Region-SIFT(21/28),109,1,134.5984765,135.6535499,2.8138916
182,8,2,2,2,2,27.5,27.5,840.713544,480.6796997,9,841,481,8.993224402,-0.006775598,0.006775598,valid,,,Shared Pattern Plane,Region-SIFT(21/28),109,1,207.3278389,213.1399306,2.8593788
183,8,2,2,2,3,30,27.5,858.2094285,480.9155618,9,858,481,9.4007831,0.4007831,0.4007831,valid,,,Shared Pattern Plane,Region-SIFT(21/28),109,1,256.6555027,262.7615976,2.7154499
184,8,2,2,2,4,32.5,27.5,875.7951381,481.1526349,9,876,481,9.334350523,0.334350523,0.334350523,valid,,,Shared Pattern Plane,Region-SIFT(21/28),109,1,308.7329841,315.6909457,2.9043347
185,8,2,2,2,5,35,27.5,893.4713662,481.3909282,9,893,481,9.717480991,0.717480991,0.717480991,valid,,,Shared Pattern Plane,Region-SIFT(21/28),109,1,223.0212678,227.4974715,2.7091611
186,8,2,2,3,1,25,30,823.6728118,498.4848262,9,824,498,9.436651745,0.436651745,0.436651745,valid,,,Shared Pattern Plane,Region-SIFT(21/28),109,1,139.1666447,142.2699096,2.8830098
187,8,2,2,3,2,27.5,30,841.0566368,498.7651742,9,841,499,8.980618024,-0.019381976,0.019381976,valid,,,Shared Pattern Plane,Region-SIFT(21/28),109,1,253.1974724,258.6448154,2.6852438
188,8,2,2,3,3,30,30,858.5293607,499.0469558,9,859,499,8.934929803,-0.065070197,0.065070197,valid,,,Shared Pattern Plane,Region-SIFT(21/28),109,1,257.762003,264.2697863,3.061319
189,8,2,2,3,4,32.5,30,876.0916672,499.330182,9,876,499,8.892095008,-0.107904992,0.107904992,valid,,,Shared Pattern Plane,Region-SIFT(21/28),109,1,185.1990716,189.5609127,2.7336455
190,8,2,2,3,5,35,30,893.7442469,499.6148642,9,894,500,9.683286655,0.683286655,0.683286655,valid,,,Shared Pattern Plane,Region-SIFT(21/28),109,1,155.2740757,156.9672984,2.7341136
191,8,2,2,4,1,25,32.5,824.0378262,516.4753625,9,824,516,8.098184471,-0.901815529,0.901815529,valid,,,Shared Pattern Plane,Region-SIFT(21/28),109,1,142.5267734,145.5992628,4.133486
192,8,2,2,4,2,27.5,32.5,841.3987905,516.8011474,9,841,517,8.947739074,-0.052260926,0.052260926,valid,,,Shared Pattern Plane,Region-SIFT(21/28),109,1,270.503469,275.8673911,2.9655184
193,8,2,2,4,3,30,32.5,858.848415,517.128596,9,859,517,8.92238483,-0.07761517,0.07761517,valid,,,Shared Pattern Plane,Region-SIFT(21/28),109,1,260.3341777,268.6050839,3.5431168
194,8,2,2,4,4,32.5,32.5,876.3873805,517.4577212,9,876,517,9.290349459,0.290349459,0.290349459,valid,,,Shared Pattern Plane,Region-SIFT(21/28),109,1,208.153219,214.1257076,2.905616
195,8,2,2,4,5,35,32.5,894.016375,517.7885358,9,894,518,9.670852818,0.670852818,0.670852818,valid,,,Shared Pattern Plane,Region-SIFT(21/28),109,1,158.4480307,162.0009872,2.8803956
196,8,2,2,5,1,25,35,824.4018454,534.4168494,9,824,534,8.978691662,-0.021308338,0.021308338,valid,,,Shared Pattern Plane,Region-SIFT(21/28),109,1,150.1708965,152.4871308,3.2670116
197,8,2,2,5,2,27.5,35,841.740009,534.7878223,9,842,535,8.952880124,-0.047119876,0.047119876,valid,,,Shared Pattern Plane,Region-SIFT(21/28),109,1,233.2284998,237.3614508,3.4273533
198,8,2,2,5,3,30,35,859.1665949,535.1606872,9,859,535,8.909846535,-0.090153465,0.090153465,valid,,,Shared Pattern Plane,Region-SIFT(21/28),109,1,195.9593915,201.6740253,2.8598368
199,8,2,2,5,4,32.5,35,876.6822814,535.5354584,9,877,536,9.274703055,0.274703055,0.274703055,valid,,,Shared Pattern Plane,Region-SIFT(21/28),109,1,175.9466638,180.2456142,2.8016484
200,8,2,2,5,5,35,35,894.2877535,535.9121508,9,894,536,9.249684022,0.249684022,0.249684022,valid,,,Shared Pattern Plane,Region-SIFT(21/28),109,1,200.7342016,203.5381675,2.9881578
201,9,2,3,1,1,45,25,964.9193191,463.893087,8.5,965,464,8.695321707,0.195321707,0.195321707,valid,,,Shared Pattern Plane,Region-SIFT(21/28),109,1,119.4505185,121.8481376,2.6966515
202,9,2,3,1,2,47.5,25,983.0837841,464.0897634,8.5,983,464,8.651352508,0.151352508,0.151352508,valid,,,Shared Pattern Plane,Region-SIFT(21/28),109,1,104.1280863,105.2841638,2.8495773
203,9,2,3,1,3,50,25,1001.343347,464.2874694,8.5,1001,464,8.607639889,0.107639889,0.107639889,valid,,,Shared Pattern Plane,Region-SIFT(21/28),109,1,133.800268,137.1062894,3.7362206
204,9,2,3,1,4,52.5,25,1019.698756,464.4862132,8.5,1020,464,8.982749636,0.482749636,0.482749636,valid,,,Shared Pattern Plane,Region-SIFT(21/28),109,1,168.0093926,173.2067334,3.1963093
205,9,2,3,1,5,55,25,1038.150767,464.6860029,8.5,1038,465,8.517853088,0.017853088,0.017853088,valid,,,Shared Pattern Plane,Region-SIFT(21/28),109,1,155.2763634,159.4916041,3.0678261
206,9,2,3,2,1,45,27.5,965.0955873,482.3564948,8.5,965,482,8.68299423,0.18299423,0.18299423,valid,,,Shared Pattern Plane,Region-SIFT(21/28),109,1,138.3065296,141.9643089,2.8204204
207,9,2,3,2,2,47.5,27.5,983.235065,482.6010332,8.5,983,483,8.638380914,0.138380914,0.138380914,valid,,,Shared Pattern Plane,Region-SIFT(21/28),109,1,122.3350923,126.2657453,2.9755006
208,9,2,3,2,3,50,27.5,1001.469376,482.8468501,8.5,1001,483,8.594681124,0.094681124,0.094681124,valid,,,Shared Pattern Plane,Region-SIFT(21/28),109,1,130.4947887,132.0856485,3.0810086
209,9,2,3,2,4,52.5,27.5,1019.799266,483.0939554,8.5,1020,483,8.96978323,0.46978323,0.46978323,valid,,,Shared Pattern Plane,Region-SIFT(21/28),109,1,197.530521,199.6423116,2.8825172
210,9,2,3,2,5,55,27.5,1038.225489,483.3423595,8.5,1038,483,8.505665058,0.005665058,0.005665058,valid,,,Shared Pattern Plane,Region-SIFT(21/28),109,1,122.0189167,122.4593733,2.839587
211,9,2,3,3,1,45,30,965.2713636,500.7683778,8.5,965,501,8.669973945,0.169973945,0.169973945,valid,,,Shared Pattern Plane,Region-SIFT(21/28),109,1,144.327085,148.0601146,2.8771071
212,9,2,3,3,2,47.5,30,983.3859226,501.0605102,8.5,983,501,8.62609228,0.12609228,0.12609228,valid,,,Shared Pattern Plane,Region-SIFT(21/28),109,1,186.1163685,192.1253696,2.9126044
213,9,2,3,3,3,50,30,1001.595052,501.3541678,8.5,1002,501,8.58003325,0.08003325,0.08003325,valid,,,Shared Pattern Plane,Region-SIFT(21/28),109,1,157.7131416,158.9048437,3.0670751
214,9,2,3,3,4,52.5,30,1019.899494,501.6493624,8.5,1020,502,8.535959936,0.035959936,0.035959936,valid,,,Shared Pattern Plane,Region-SIFT(21/28),109,1,129.876013,130.247562,2.8259228
215,9,2,3,3,5,55,30,1038.299999,501.9461063,8.5,1038,502,8.912583624,0.412583624,0.412583624,valid,,,Shared Pattern Plane,Region-SIFT(21/28),109,1,112.2911046,112.6411202,3.1737192
216,9,2,3,4,1,45,32.5,965.44665,519.1289513,8.5,965,519,8.657656875,0.157656875,0.157656875,valid,,,Shared Pattern Plane,Region-SIFT(21/28),109,1,178.8124111,181.537293,3.1031594
217,9,2,3,4,2,47.5,32.5,983.5363587,519.4684114,8.5,984,519,8.611370395,0.111370395,0.111370395,valid,,,Shared Pattern Plane,Region-SIFT(21/28),109,1,164.7704053,166.7510643,2.9004937
218,9,2,3,4,3,50,32.5,1001.720376,519.8096412,8.5,1002,520,8.567094224,0.067094224,0.067094224,valid,,,Shared Pattern Plane,Region-SIFT(21/28),109,1,173.4461161,174.3364035,2.8705224
219,9,2,3,4,4,52.5,32.5,1019.99944,520.1526546,8.5,1020,520,8.523735523,0.023735523,0.023735523,valid,,,Shared Pattern Plane,Region-SIFT(21/28),109,1,156.675422,157.4328043,2.9091623
220,9,2,3,4,5,55,32.5,1038.3743,520.4974656,8.5,1038,520,8.900361946,0.400361946,0.400361946,valid,,,Shared Pattern Plane,Region-SIFT(21/28),109,1,126.3208246,127.662634,2.8491537
221,9,2,3,5,1,45,35,965.6214487,537.4384296,8.5,966,537,8.642885934,0.142885934,0.142885934,valid,,,Shared Pattern Plane,Region-SIFT(21/28),109,1,159.2012163,160.5398786,3.085496
222,9,2,3,5,2,47.5,35,983.6863751,537.8249526,8.5,984,538,8.598410014,0.098410014,0.098410014,valid,,,Shared Pattern Plane,Region-SIFT(21/28),109,1,160.225501,161.4469431,2.9077665
223,9,2,3,5,3,50,35,1001.845349,538.2134878,8.5,1002,538,8.568920692,0.068920692,0.068920692,valid,,,Shared Pattern Plane,Region-SIFT(21/28),109,1,211.8163709,212.7402592,2.8393173
224,9,2,3,5,4,52.5,35,1020.099106,538.6040511,8.5,1020,539,8.510886235,0.010886235,0.010886235,valid,,,Shared Pattern Plane,Region-SIFT(21/28),109,1,215.9781775,217.9870474,2.7881891
225,9,2,3,5,5,55,35,1038.448391,538.9966584,8.5,1038,539,8.467807893,-0.032192107,0.032192107,valid,,,Shared Pattern Plane,Region-SIFT(21/28),109,1,158.50922,159.8869883,2.8901334
226,10,2,4,1,1,65,25,1112.940259,465.4957886,8,1113,465,7.923130667,-0.076869333,0.076869333,valid,,,Shared Pattern Plane,Region-SIFT(21/28),109,1,130.5167208,130.7128063,2.839086
227,10,2,4,1,2,67.5,25,1131.886919,465.7009342,8,1132,466,7.879286282,-0.120713718,0.120713718,valid,,,Shared Pattern Plane,Region-SIFT(21/28),109,1,158.7054702,162.5471523,2.9455253
228,10,2,4,1,3,70,25,1150.934893,465.9071767,8,1151,466,7.836317084,-0.163682916,0.163682916,valid,,,Shared Pattern Plane,Region-SIFT(21/28),109,1,126.2446685,127.0253511,2.7424902
229,10,2,4,1,4,72.5,25,1170.084996,466.1145251,8,1170,466,8.207511735,0.207511735,0.207511735,valid,,,Shared Pattern Plane,Region-SIFT(21/28),109,1,103.4633283,104.0053726,2.8819745
230,10,2,4,1,5,75,25,1189.338052,466.3229882,8,1189,466,7.751173218,-0.248826782,0.248826782,valid,,,Shared Pattern Plane,Region-SIFT(21/28),109,1,125.8069288,127.042437,2.8300465
231,10,2,4,2,1,65,27.5,1112.909053,484.3491691,8,1113,484,7.910538306,-0.089461694,0.089461694,valid,,,Shared Pattern Plane,Region-SIFT(21/28),109,1,103.8671587,104.5289873,2.7962698
232,10,2,4,2,2,67.5,27.5,1131.828521,484.6042225,8,1132,485,7.866691659,-0.133308341,0.133308341,valid,,,Shared Pattern Plane,Region-SIFT(21/28),109,1,123.4664908,124.5367649,2.9534008
233,10,2,4,2,3,70,27.5,1150.849014,484.8606379,8,1151,485,7.823777851,-0.176222149,0.176222149,valid,,,Shared Pattern Plane,Region-SIFT(21/28),109,1,89.40524566,90.65473732,2.9255413
234,10,2,4,2,4,72.5,27.5,1169.971341,485.1184261,8,1170,485,7.781122452,-0.218877548,0.218877548,valid,,,Shared Pattern Plane,Region-SIFT(21/28),109,1,62.27982855,62.34209906,3.0458731
235,10,2,4,2,5,75,27.5,1189.196323,485.3775983,8,1189,485,7.738725044,-0.261274956,0.261274956,valid,,,Shared Pattern Plane,Region-SIFT(21/28),109,1,96.35781888,96.85002011,2.855353
236,10,2,4,3,1,65,30,1112.877935,503.1488203,8,1113,503,7.897879849,-0.102120151,0.102120151,valid,,,Shared Pattern Plane,Region-SIFT(21/28),109,1,90.19851312,92.18291421,2.8149485
237,10,2,4,3,2,67.5,30,1131.77029,503.4534962,8,1132,503,7.854781482,-0.145218518,0.145218518,valid,,,Shared Pattern Plane,Region-SIFT(21/28),109,1,98.08545637,100.9646081,2.8379397
238,10,2,4,3,3,70,30,1150.76338,503.7597966,8,1151,504,7.811258453,-0.188741547,0.188741547,valid,,,Shared Pattern Plane,Region-SIFT(21/28),109,1,62.61651332,64.56689631,3.0122028
239,10,2,4,3,4,72.5,30,1169.858012,504.0677346,8,1170,504,7.768626934,-0.231373066,0.231373066,valid,,,Shared Pattern Plane,Region-SIFT(21/28),109,1,72.81156376,73.95151633,2.7918318
240,10,2,4,3,5,75,30,1189.055003,504.3773234,8,1189,504,7.726268629,-0.273731371,0.273731371,valid,,,Shared Pattern Plane,Region-SIFT(21/28),109,1,88.37163194,88.66400032,2.8142064
241,10,2,4,4,1,65,32.5,1112.846906,521.8949716,8,1113,522,7.88529778,-0.11470222,0.11470222,valid,,,Shared Pattern Plane,Region-SIFT(21/28),109,1,98.34254096,100.1125678,2.8855909
242,10,2,4,4,2,67.5,32.5,1131.712226,522.2489863,8,1132,522,7.842213009,-0.157786991,0.157786991,valid,,,Shared Pattern Plane,Region-SIFT(21/28),109,1,90.46287083,90.74118682,2.7590646
243,10,2,4,4,3,70,32.5,1150.677992,522.6048859,8,1151,523,7.798715132,-0.201284868,0.201284868,valid,,,Shared Pattern Plane,Region-SIFT(21/28),109,1,72.63244984,73.65434979,2.7273202
244,10,2,4,4,4,72.5,32.5,1169.745009,522.9626855,8,1170,523,7.756152684,-0.243847316,0.243847316,valid,,,Shared Pattern Plane,Region-SIFT(21/28),109,1,81.03475108,81.53619891,3.4221908
245,10,2,4,4,5,75,32.5,1188.914089,523.3224004,8,1189,523,7.7138305,-0.2861695,0.2861695,valid,,,Shared Pattern Plane,Region-SIFT(21/28),109,1,105.8735555,107.4229781,2.8701055
246,10,2,4,5,1,65,35,1112.815965,540.587851,8,1113,541,8.289614402,0.289614402,0.289614402,valid,,,Shared Pattern Plane,Region-SIFT(21/28),109,1,112.3384715,114.5532093,2.7415426
247,10,2,4,5,2,67.5,35,1131.654327,540.9909227,8,1132,541,8.24546972,0.24546972,0.24546972,valid,,,Shared Pattern Plane,Region-SIFT(21/28),109,1,104.9706914,106.1233112,2.794968
248,10,2,4,5,3,70,35,1150.592847,541.3961374,8,1151,541,8.201554846,0.201554846,0.201554846,valid,,,Shared Pattern Plane,Region-SIFT(21/28),109,1,124.1738801,126.518414,2.9694061
249,10,2,4,5,4,72.5,35,1169.632329,541.8035123,8,1170,542,7.743668744,-0.256331256,0.256331256,valid,,,Shared Pattern Plane,Region-SIFT(21/28),109,1,174.3404826,178.5435327,3.0346194
250,10,2,4,5,5,75,35,1188.77358,542.2130646,8,1189,542,7.701369374,-0.298630626,0.298630626,valid,,,Shared Pattern Plane,Region-SIFT(21/28),109,1,153.6812632,157.3207445,3.0424199
251,11,2,5,1,1,85,25,1267.396587,467.1681695,7.5,1267,467,7.578803896,0.078803896,0.078803896,valid,,,Shared Pattern Plane,Region-SIFT(21/28),109,1,79.04476859,79.11041577,3.0346047
252,11,2,5,1,2,87.5,25,1287.177075,467.3823434,7.5,1287,467,7.539870377,0.039870377,0.039870377,valid,,,Shared Pattern Plane,Region-SIFT(21/28),109,1,108.6296749,108.8765577,2.8158059
253,11,2,5,1,3,90,25,1307.065648,467.5976876,7.5,1307,468,7.491640171,-0.008359829,0.008359829,valid,,,Shared Pattern Plane,Region-SIFT(21/28),109,1,114.8129436,115.5233359,2.8439622
254,11,2,5,1,4,92.5,25,1327.063195,467.8142117,7.5,1327,468,7.448786122,-0.051213878,0.051213878,valid,,,Shared Pattern Plane,Region-SIFT(21/28),109,1,108.0785994,110.3636543,2.8901109
255,11,2,5,1,5,95,25,1347.170613,468.0319254,7.5,1347,468,7.406155865,-0.093844135,0.093844135,valid,,,Shared Pattern Plane,Region-SIFT(21/28),109,1,119.6085958,121.6548601,2.8282361
256,11,2,5,2,1,85,27.5,1267.139517,486.4283509,7.5,1267,486,7.566512111,0.066512111,0.066512111,valid,,,Shared Pattern Plane,Region-SIFT(21/28),109,1,103.1505278,103.3089376,3.0348756
257,11,2,5,2,2,87.5,27.5,1286.890388,486.6946126,7.5,1287,487,7.526848955,0.026848955,0.026848955,valid,,,Shared Pattern Plane,Region-SIFT(21/28),109,1,139.2038612,142.4101218,2.8919648
258,11,2,5,2,3,90,27.5,1306.749025,486.962327,7.5,1307,487,7.47942438,-0.02057562,0.02057562,valid,,,Shared Pattern Plane,Region-SIFT(21/28),109,1,172.546148,175.0874352,2.6970771
259,11,2,5,2,4,92.5,27.5,1326.716311,487.2315061,7.5,1327,487,7.436622122,-0.063377878,0.063377878,valid,,,Shared Pattern Plane,Region-SIFT(21/28),109,1,145.8121448,149.0481426,2.7216382
260,11,2,5,2,5,95,27.5,1346.79314,487.5021619,7.5,1347,488,7.393418114,-0.106581886,0.106581886,valid,,,Shared Pattern Plane,Region-SIFT(21/28),109,1,95.34661433,95.87014884,2.9301867
261,11,2,5,3,1,85,30,1266.883194,505.6324541,7.5,1267,506,7.553553657,0.053553657,0.053553657,valid,,,Shared Pattern Plane,Region-SIFT(21/28),109,1,135.7780058,137.8519798,2.8960532
262,11,2,5,3,2,87.5,30,1286.604538,505.950499,7.5,1287,506,7.921474234,0.421474234,0.421474234,valid,,,Shared Pattern Plane,Region-SIFT(21/28),109,1,166.281805,169.6611578,2.7764197
263,11,2,5,3,3,90,30,1306.433328,506.2702767,7.5,1306,506,7.469359762,-0.030640238,0.030640238,valid,,,Shared Pattern Plane,Region-SIFT(21/28),109,1,139.9500826,141.3233911,2.650148
264,11,2,5,3,4,92.5,30,1326.370445,506.5918014,7.5,1326,507,7.4259438,-0.0740562,0.0740562,valid,,,Shared Pattern Plane,Region-SIFT(21/28),109,1,91.54715123,91.83496495,3.3208723
265,11,2,5,3,5,95,30,1346.416779,506.9150875,7.5,1346,507,7.38338976,-0.11661024,0.11661024,valid,,,Shared Pattern Plane,Region-SIFT(21/28),109,1,95.8771665,96.14617081,2.8708497
266,11,2,5,4,1,85,32.5,1266.627618,524.7807234,7.5,1267,525,7.541270961,0.041270961,0.041270961,valid,,,Shared Pattern Plane,Region-SIFT(21/28),109,1,112.8281035,113.5427977,2.8659764
267,11,2,5,4,2,87.5,32.5,1286.319521,525.1502493,7.5,1286,525,7.50016184,0.00016184,0.00016184,valid,,,Shared Pattern Plane,Region-SIFT(21/28),109,1,113.2695188,114.0209622,2.8968535
268,11,2,5,4,3,90,32.5,1306.118554,525.5217855,7.5,1306,526,7.456522997,-0.043477003,0.043477003,valid,,,Shared Pattern Plane,Region-SIFT(21/28),109,1,123.5779569,123.938333,2.9683023
269,11,2,5,4,4,92.5,32.5,1326.025593,525.8953484,7.5,1326,526,7.413767556,-0.086232444,0.086232444,valid,,,Shared Pattern Plane,Region-SIFT(21/28),109,1,125.507012,127.5588684,2.7805465
270,11,2,5,4,5,95,32.5,1346.041523,526.2709547,7.5,1346,526,7.371263753,-0.128736247,0.128736247,valid,,,Shared Pattern Plane,Region-SIFT(21/28),109,1,72.65802732,72.9491019,2.6546979
271,11,2,5,5,1,85,35,1266.372783,543.8734022,7.5,1266,544,7.531151039,0.031151039,0.031151039,valid,,,Shared Pattern Plane,Region-SIFT(21/28),109,1,147.8890321,148.6284849,2.8007902
272,11,2,5,5,2,87.5,35,1286.035334,544.2941085,7.5,1286,544,7.487932809,-0.012067191,0.012067191,valid,,,Shared Pattern Plane,Region-SIFT(21/28),109,1,104.4059632,104.9797104,2.8671329
273,11,2,5,5,3,90,35,1305.804699,544.7171003,7.5,1306,545,7.85014963,0.35014963,0.35014963,valid,,,Shared Pattern Plane,Region-SIFT(21/28),109,1,104.8261619,105.2695065,3.2960615
274,11,2,5,5,4,92.5,35,1325.68175,545.1423961,7.5,1326,545,7.401611331,-0.098388669,0.098388669,valid,,,Shared Pattern Plane,Region-SIFT(21/28),109,1,86.78857813,88.77979934,2.8069251
275,11,2,5,5,5,95,35,1345.66737,545.5700148,7.5,1346,546,7.35851959,-0.14148041,0.14148041,valid,,,Shared Pattern Plane,Region-SIFT(21/28),109,1,107.9614977,112.8141134,2.8373278
276,12,2,6,1,1,105,25,1428.717308,468.9148749,7,1429,469,7.233952288,0.233952288,0.233952288,valid,,,Shared Pattern Plane,Region-SIFT(21/28),109,1,203.7272057,207.6055356,2.9855234
277,12,2,6,1,2,107.5,25,1449.387905,469.1386865,7,1449,469,7.192095729,0.192095729,0.192095729,valid,,,Shared Pattern Plane,Region-SIFT(21/28),109,1,145.9406939,147.7067599,3.2874038
278,12,2,6,1,3,110,25,1470.173975,469.3637483,7,1470,469,7.148965786,0.148965786,0.148965786,valid,,,Shared Pattern Plane,Region-SIFT(21/28),109,1,191.0490958,193.2594531,3.3340093
279,12,2,6,1,4,112.5,25,1491.076487,469.590071,7,1491,470,7.105463812,0.105463812,0.105463812,valid,,,Shared Pattern Plane,Region-SIFT(21/28),109,1,234.5555432,237.4737559,3.1757196
280,12,2,6,1,5,115,25,1512.096424,469.817665,7,1512,470,7.461061655,0.461061655,0.461061655,valid,,,Shared Pattern Plane,Region-SIFT(21/28),109,1,281.3477695,289.0018367,2.797677
281,12,2,6,2,1,105,27.5,1428.214121,488.5997987,7,1428,489,6.821985406,-0.178014594,0.178014594,valid,,,Shared Pattern Plane,Region-SIFT(21/28),109,1,170.8353022,174.1060487,3.0722189
282,12,2,6,2,2,107.5,27.5,1448.852427,488.8780238,7,1449,489,6.779750178,-0.220249822,0.220249822,valid,,,Shared Pattern Plane,Region-SIFT(21/28),109,1,149.9507618,152.0554105,2.916861
283,12,2,6,2,3,110,27.5,1469.605854,489.1578009,7,1470,489,7.136450943,0.136450943,0.136450943,valid,,,Shared Pattern Plane,Region-SIFT(21/28),109,1,171.3006049,174.0564188,3.1549972
284,12,2,6,2,4,112.5,27.5,1490.475365,489.4391429,7,1490,489,7.095647031,0.095647031,0.095647031,valid,,,Shared Pattern Plane,Region-SIFT(21/28),109,1,205.6625307,208.3003187,3.1964702
285,12,2,6,2,5,115,27.5,1511.461939,489.7220631,7,1511,490,6.655954718,-0.344045282,0.344045282,valid,,,Shared Pattern Plane,Region-SIFT(21/28),109,1,298.1904487,307.7428344,3.4963471
286,12,2,6,3,1,105,30,1427.71243,508.2261377,7,1428,508,7.210962671,0.210962671,0.210962671,valid,,,Shared Pattern Plane,Region-SIFT(21/28),109,1,150.3129591,154.263383,3.1689564
287,12,2,6,3,2,107.5,30,1448.318548,508.5584513,7,1448,509,7.169078666,0.169078666,0.169078666,valid,,,Shared Pattern Plane,Region-SIFT(21/28),109,1,136.3395921,138.0841364,3.0453303
288,12,2,6,3,3,110,30,1469.039433,508.8926158,7,1469,509,7.125956301,0.125956301,0.125956301,valid,,,Shared Pattern Plane,Region-SIFT(21/28),109,1,150.0253038,151.4179139,2.661052
289,12,2,6,3,4,112.5,30,1489.876047,509.2286467,7,1490,509,6.688321827,-0.311678173,0.311678173,valid,,,Shared Pattern Plane,Region-SIFT(21/28),109,1,203.24616,208.0296458,3.1199044
290,12,2,6,3,5,115,30,1510.829364,509.5665596,7,1511,510,7.040003265,0.040003265,0.040003265,valid,,,Shared Pattern Plane,Region-SIFT(21/28),109,1,278.5022221,287.1144031,3.274426
291,12,2,6,4,1,105,32.5,1427.212231,527.794153,7,1427,528,7.200429024,0.200429024,0.200429024,valid,,,Shared Pattern Plane,Region-SIFT(21/28),109,1,178.9814907,180.6203992,3.9868156
292,12,2,6,4,2,107.5,32.5,1447.786259,528.1802323,7,1448,528,7.157125596,0.157125596,0.157125596,valid,,,Shared Pattern Plane,Region-SIFT(21/28),109,1,162.7492723,164.5377568,3.1757405
293,12,2,6,4,3,110,32.5,1468.474705,528.5684586,7,1468,529,7.115509391,0.115509391,0.115509391,valid,,,Shared Pattern Plane,Region-SIFT(21/28),109,1,139.1519651,140.5551687,3.1735742
294,12,2,6,4,4,112.5,32.5,1489.278525,528.95885,7,1489,529,6.677950537,-0.322049463,0.322049463,valid,,,Shared Pattern Plane,Region-SIFT(21/28),109,1,272.611346,279.3908084,2.8651233
295,12,2,6,4,5,115,32.5,1510.198689,529.3514246,7,1510,529,7.42500342,0.42500342,0.42500342,valid,,,Shared Pattern Plane,Region-SIFT(21/28),109,1,355.6528096,367.2412516,3.03136
296,12,2,6,5,1,105,35,1426.713516,547.3041043,7,1427,547,6.786960812,-0.213039188,0.213039188,valid,,,Shared Pattern Plane,Region-SIFT(21/28),109,1,169.6504415,171.8520794,2.7416116
297,12,2,6,5,2,107.5,35,1447.255554,547.7436284,7,1447,548,6.745521311,-0.254478689,0.254478689,valid,,,Shared Pattern Plane,Region-SIFT(21/28),109,1,171.8552823,174.6650104,2.7210853
298,12,2,6,5,3,110,35,1467.911662,548.1855932,7,1468,548,7.103636297,0.103636297,0.103636297,valid,,,Shared Pattern Plane,Region-SIFT(21/28),109,1,161.1841936,164.7361427,2.9006889
299,12,2,6,5,4,112.5,35,1488.682791,548.630019,7,1489,549,6.266609132,-0.733390868,0.733390868,valid,,,Shared Pattern Plane,Region-SIFT(21/28),109,1,291.9653824,304.2662656,2.7707888
300,12,2,6,5,5,115,35,1509.569907,549.0769264,7,1510,549,7.408976708,0.408976708,0.408976708,valid,,,Shared Pattern Plane,Region-SIFT(21/28),109,1,404.0801596,411.6841697,3.0617772
301,13,3,1,1,1,5,45,690.939028,601.399978,6.5,691,601,6.609323825,0.109323825,0.109323825,valid,,,Shared Pattern Plane,Region-SIFT(21/28),109,1,221.6248736,226.5297662,3.030303
302,13,3,1,1,2,7.5,45,707.5099689,601.9276965,6.5,708,602,6.570507386,0.070507386,0.070507386,valid,,,Shared Pattern Plane,Region-SIFT(21/28),109,1,243.3597689,246.7362178,3.0092969
303,13,3,1,1,3,10,45,724.1632875,602.4580384,6.5,724,602,6.510378049,0.010378049,0.010378049,valid,,,Shared Pattern Plane,Region-SIFT(21/28),109,1,230.3710548,232.8880915,2.888238
304,13,3,1,1,4,12.5,45,740.8995997,602.9910234,6.5,741,603,6.496454774,-0.003545226,0.003545226,valid,,,Shared Pattern Plane,Region-SIFT(21/28),109,1,279.1133888,283.0219086,2.6693161
305,13,3,1,1,5,15,45,757.7195273,603.5266711,6.5,758,604,6.435126863,-0.064873137,0.064873137,valid,,,Shared Pattern Plane,Region-SIFT(21/28),109,1,254.4044023,257.2423914,2.9297029
306,13,3,1,2,1,5,47.5,691.4700893,618.7551625,6.5,691,619,7.024593718,0.524593718,0.524593718,valid,,,Shared Pattern Plane,Region-SIFT(21/28),109,1,235.6468956,239.5692118,2.8762014
307,13,3,1,2,2,7.5,47.5,708.0202975,619.3251528,6.5,708,619,6.558754424,0.058754424,0.058754424,valid,,,Shared Pattern Plane,Region-SIFT(21/28),109,1,252.5302471,255.0015603,3.0199598
308,13,3,1,2,3,10,47.5,724.6526706,619.897973,6.5,725,620,6.496007544,-0.003992456,0.003992456,valid,,,Shared Pattern Plane,Region-SIFT(21/28),109,1,239.2648066,241.1933939,2.749696
309,13,3,1,2,4,12.5,47.5,741.367822,620.473644,6.5,741,620,6.461200704,-0.038799296,0.038799296,valid,,,Shared Pattern Plane,Region-SIFT(21/28),109,1,286.304952,292.9409432,3.0487424
310,13,3,1,2,5,15,47.5,758.1663713,621.0521872,6.5,758,621,6.423690125,-0.076309875,0.076309875,valid,,,Shared Pattern Plane,Region-SIFT(21/28),109,1,326.2057869,337.5243078,2.7839701
311,13,3,1,3,1,5,50,691.9997427,636.0643399,6.5,692,636,6.557506075,0.057506075,0.057506075,valid,,,Shared Pattern Plane,Region-SIFT(21/28),109,1,242.657844,246.0304932,2.841644
312,13,3,1,3,2,7.5,50,708.5292698,636.676376,6.5,709,637,6.544111914,0.044111914,0.044111914,valid,,,Shared Pattern Plane,Region-SIFT(21/28),109,1,197.7200834,200.4728901,2.8880454
313,13,3,1,3,3,10,50,725.1407499,637.2914465,6.5,725,637,6.508533801,0.008533801,0.008533801,valid,,,Shared Pattern Plane,Region-SIFT(21/28),109,1,193.986531,196.128773,2.8438492
314,13,3,1,3,4,12.5,50,741.8347939,637.9095742,6.5,742,638,6.446891287,-0.053108713,0.053108713,valid,,,Shared Pattern Plane,Region-SIFT(21/28),109,1,303.677892,309.3429932,2.9612468
315,13,3,1,3,5,15,50,758.612019,638.5307817,6.5,759,639,6.409495961,-0.090504039,0.090504039,valid,,,Shared Pattern Plane,Region-SIFT(21/28),109,1,338.556963,351.3411826,2.8387671
316,13,3,1,4,1,5,52.5,692.5279939,653.3276929,6.5,693,653,6.543783317,0.043783317,0.043783317,valid,,,Shared Pattern Plane,Region-SIFT(21/28),109,1,253.1415668,256.812193,2.8559485
317,13,3,1,4,2,7.5,52.5,709.0368914,653.98155,6.5,709,654,6.532381742,0.032381742,0.032381742,valid,,,Shared Pattern Plane,Region-SIFT(21/28),109,1,232.3133544,236.6901348,2.9261699
318,13,3,1,4,3,10,52.5,725.6275307,654.6386446,6.5,726,655,6.493925005,-0.006074995,0.006074995,valid,,,Shared Pattern Plane,Region-SIFT(21/28),109,1,248.3550494,255.8202787,3.118839
319,13,3,1,4,4,12.5,52.5,742.3005204,655.2990008,6.5,742,655,6.412252858,-0.087747142,0.087747142,valid,,,Shared Pattern Plane,Region-SIFT(21/28),109,1,311.1415794,316.0192909,2.9282766
320,13,3,1,4,5,15,52.5,759.0564751,655.9626429,6.5,759,656,6.868827938,0.368827938,0.368827938,valid,,,Shared Pattern Plane,Region-SIFT(21/28),109,1,299.4740985,308.5805777,2.8560164
321,13,3,1,5,1,5,55,693.0548485,670.5454034,6.5,693,671,6.556319701,0.056319701,0.056319701,valid,,,Shared Pattern Plane,Region-SIFT(21/28),109,1,264.2546644,273.5555359,2.9208888
322,13,3,1,5,2,7.5,55,709.5431676,671.240858,6.5,710,671,6.518447039,0.018447039,0.018447039,valid,,,Shared Pattern Plane,Region-SIFT(21/28),109,1,254.2804327,258.0495659,2.8409485
323,13,3,1,5,3,10,55,726.1130181,671.9397515,6.5,726,672,6.458691341,-0.041308659,0.041308659,valid,,,Shared Pattern Plane,Region-SIFT(21/28),109,1,311.5239929,318.8823169,2.8945588
324,13,3,1,5,4,12.5,55,742.7650063,672.6421095,6.5,743,673,5.969689581,-0.530310419,0.530310419,valid,,,Shared Pattern Plane,Region-SIFT(21/28),109,1,359.9196495,371.1688943,3.0181878
325,13,3,1,5,5,15,55,759.4997444,673.3479578,6.5,759,673,6.857117291,0.357117291,0.357117291,valid,,,Shared Pattern Plane,Region-SIFT(21/28),109,1,332.5251905,337.8336096,3.0545383
326,14,3,2,1,1,25,45,825.8480516,605.6962935,6,826,606,6.773493456,0.773493456,0.773493456,valid,,,Shared Pattern Plane,Region-SIFT(21/28),109,1,130.1984772,130.5888299,2.991844
327,14,3,2,1,2,27.5,45,843.0956069,606.2455595,6,843,606,6.754957249,0.754957249,0.754957249,valid,,,Shared Pattern Plane,Region-SIFT(21/28),109,1,128.6242984,128.869245,2.6508582
328,14,3,2,1,3,30,45,860.4306431,606.7976114,6,860,607,6.254991003,0.254991003,0.254991003,valid,,,Shared Pattern Plane,Region-SIFT(21/28),109,1,146.3558454,146.7037291,2.7474287
329,14,3,2,1,4,32.5,45,877.8538274,607.3524705,6,878,607,6.197616725,0.197616725,0.197616725,valid,,,Shared Pattern Plane,Region-SIFT(21/28),109,1,162.6572319,163.8911363,2.973289
330,14,3,2,1,5,35,45,895.3658338,607.9101582,6,895,608,5.701780215,-0.298219785,0.298219785,valid,,,Shared Pattern Plane,Region-SIFT(21/28),109,1,131.005441,131.6830543,2.9288676
331,14,3,2,2,1,25,47.5,826.2071555,623.3955167,6,826,623,6.741494202,0.741494202,0.741494202,valid,,,Shared Pattern Plane,Region-SIFT(21/28),109,1,144.1983348,146.7312267,2.7046827
332,14,3,2,2,2,27.5,47.5,843.4322063,623.9887487,6,843,624,6.722874372,0.722874372,0.722874372,valid,,,Shared Pattern Plane,Region-SIFT(21/28),109,1,123.9743211,125.3506411,2.9731123
333,14,3,2,2,3,30,47.5,860.744505,624.5849855,6,861,625,6.221570841,0.221570841,0.221570841,valid,,,Shared Pattern Plane,Region-SIFT(21/28),109,1,154.264788,156.7756798,2.6944779
334,14,3,2,2,4,32.5,47.5,878.144716,625.18425,6,878,625,5.724705189,-0.275294811,0.275294811,valid,,,Shared Pattern Plane,Region-SIFT(21/28),109,1,130.4536908,132.005965,3.0572013
335,14,3,2,2,5,35,47.5,895.6335107,625.7865654,6,896,626,5.687994924,-0.312005076,0.312005076,valid,,,Shared Pattern Plane,Region-SIFT(21/28),109,1,133.1324477,134.1070538,2.8865663
336,14,3,2,3,1,25,50,826.5652883,641.0468763,6,827,641,6.263217697,0.263217697,0.263217697,valid,,,Shared Pattern Plane,Region-SIFT(21/28),109,1,196.9367786,201.240784,2.8259065
337,14,3,2,3,2,27.5,50,843.7678932,641.6838343,6,844,642,6.246305397,0.246305397,0.246305397,valid,,,Shared Pattern Plane,Region-SIFT(21/28),109,1,128.3541871,130.9747483,2.9161745
338,14,3,2,3,3,30,50,861.0575138,642.3240143,6,861,642,6.210166602,0.210166602,0.210166602,valid,,,Shared Pattern Plane,Region-SIFT(21/28),109,1,159.168483,163.3782222,2.9117661
339,14,3,2,3,4,32.5,50,878.434812,642.9674407,6,878,643,6.173525937,0.173525937,0.173525937,valid,,,Shared Pattern Plane,Region-SIFT(21/28),109,1,144.3952197,146.5239017,2.8397403
340,14,3,2,3,5,35,50,895.9004564,643.6141382,6,896,644,6.134991401,0.134991401,0.134991401,valid,,,Shared Pattern Plane,Region-SIFT(21/28),109,1,132.4375564,133.9322976,2.8092389
341,14,3,2,4,1,25,52.5,826.9224539,658.6505662,6,827,659,5.845535129,-0.154464871,0.154464871,valid,,,Shared Pattern Plane,Region-SIFT(21/28),109,1,293.573957,301.2014707,2.7954017
342,14,3,2,4,2,27.5,52.5,844.1026712,659.3310118,6,844,659,6.677357722,0.677357722,0.677357722,valid,,,Shared Pattern Plane,Region-SIFT(21/28),109,1,155.789989,158.4912759,2.7430959
343,14,3,2,4,3,30,52.5,861.369673,660.0148946,6,861,660,6.198048967,0.198048967,0.198048967,valid,,,Shared Pattern Plane,Region-SIFT(21/28),109,1,129.8473674,130.9365507,2.8466972
344,14,3,2,4,4,32.5,52.5,878.7241185,660.7022407,6,879,661,5.717218131,-0.282781869,0.282781869,valid,,,Shared Pattern Plane,Region-SIFT(21/28),109,1,145.4045865,146.9652864,2.9008948
345,14,3,2,4,5,35,52.5,896.1666738,661.3930766,6,896,661,6.123659519,0.123659519,0.123659519,valid,,,Shared Pattern Plane,Region-SIFT(21/28),109,1,102.8303924,104.8685482,2.7220303
346,14,3,2,5,1,25,55,827.2786563,676.2067792,6,827,676,5.833948938,-0.166051062,0.166051062,valid,,,Shared Pattern Plane,Region-SIFT(21/28),109,1,327.6459689,338.5518496,2.7383245
347,14,3,2,5,2,27.5,55,844.436544,676.9304753,6,844,677,6.684133135,0.684133135,0.684133135,valid,,,Shared Pattern Plane,Region-SIFT(21/28),109,1,214.8103606,217.9240678,2.8365314
348,14,3,2,5,3,30,55,861.680986,677.6578222,6,862,678,6.18386171,0.18386171,0.18386171,valid,,,Shared Pattern Plane,Region-SIFT(21/28),109,1,141.3219348,143.4338381,2.7283212
349,14,3,2,5,4,32.5,55,879.0126389,678.3888475,6,879,678,6.147978285,0.147978285,0.147978285,valid,,,Shared Pattern Plane,Region-SIFT(21/28),109,1,140.1616812,142.8747716,2.7734965
350,14,3,2,5,5,35,55,896.432166,679.1235792,6,896,679,6.111656282,0.111656282,0.111656282,valid,,,Shared Pattern Plane,Region-SIFT(21/28),109,1,149.4717753,151.9779765,2.6808647
351,15,3,3,1,1,45,45,966.3158057,610.1696324,5.5,966,610,5.575635039,0.075635039,0.075635039,valid,,,Shared Pattern Plane,Region-SIFT(21/28),109,1,151.5475401,154.4923742,3.0615357
352,15,3,3,1,2,47.5,45,984.2822782,610.741793,5.5,984,611,5.539233007,0.039233007,0.039233007,valid,,,Shared Pattern Plane,Region-SIFT(21/28),109,1,159.0694519,162.8538732,2.6893698
353,15,3,3,1,3,50,45,1002.341765,611.3169158,5.5,1002,611,5.503741747,0.003741747,0.003741747,valid,,,Shared Pattern Plane,Region-SIFT(21/28),109,1,195.5424839,200.1758576,3.0079527
354,15,3,3,1,4,52.5,45,1020.494991,611.8950238,5.5,1020,612,5.481166539,-0.018833461,0.018833461,valid,,,Shared Pattern Plane,Region-SIFT(21/28),109,1,184.5867776,187.589004,2.7563439
355,15,3,3,1,5,55,45,1038.742686,612.4761403,5.5,1039,612,5.443432747,-0.056567253,0.056567253,valid,,,Shared Pattern Plane,Region-SIFT(21/28),109,1,217.3417451,220.1029703,2.8175404
356,15,3,3,2,1,45,47.5,966.4881956,628.2268058,5.5,966,628,5.579004135,0.079004135,0.079004135,valid,,,Shared Pattern Plane,Region-SIFT(21/28),109,1,149.8584254,153.2621783,2.8115764
357,15,3,3,2,2,47.5,47.5,984.430222,628.8447305,5.5,984,629,5.54201522,0.04201522,0.04201522,valid,,,Shared Pattern Plane,Region-SIFT(21/28),109,1,98.11899818,99.27601147,2.7268389
358,15,3,3,2,3,50,47.5,1002.465007,629.4658498,5.5,1002,629,5.50590363,0.00590363,0.00590363,valid,,,Shared Pattern Plane,Region-SIFT(21/28),109,1,105.7114249,107.0282614,2.7350057
359,15,3,3,2,4,52.5,47.5,1020.593273,630.0901885,5.5,1021,630,5.454174692,-0.045825308,0.045825308,valid,,,Shared Pattern Plane,Region-SIFT(21/28),109,1,101.2908378,102.4777712,3.0530033
360,15,3,3,2,5,55,47.5,1038.815746,630.7177718,5.5,1039,631,5.405944252,-0.094055748,0.094055748,valid,,,Shared Pattern Plane,Region-SIFT(21/28),109,1,110.7221368,111.1055766,2.6710432
361,15,3,3,3,1,45,50,966.6601097,646.2341443,5.5,967,646,5.550081221,0.050081221,0.050081221,valid,,,Shared Pattern Plane,Region-SIFT(21/28),109,1,183.7508035,188.0571597,2.6872795
362,15,3,3,3,2,47.5,50,984.5777565,646.8975781,5.5,985,647,5.52802422,0.02802422,0.02802422,valid,,,Shared Pattern Plane,Region-SIFT(21/28),109,1,109.8855089,112.9802757,3.6015998
363,15,3,3,3,3,50,50,1002.587908,647.564437,5.5,1003,648,5.898214645,0.398214645,0.398214645,valid,,,Shared Pattern Plane,Region-SIFT(21/28),109,1,105.7289919,106.1324533,3.3147878
364,15,3,3,3,4,52.5,50,1020.691281,648.2347477,5.5,1021,648,5.862462207,0.362462207,0.362462207,valid,,,Shared Pattern Plane,Region-SIFT(21/28),109,1,122.3383638,125.3084563,2.7300646
365,15,3,3,3,5,55,50,1038.888603,648.9085369,5.5,1039,649,5.838645209,0.338645209,0.338645209,valid,,,Shared Pattern Plane,Region-SIFT(21/28),109,1,125.2441095,127.7410518,3.1328973
366,15,3,3,4,1,45,52.5,966.8315501,664.191854,5.5,967,664,5.538270089,0.038270089,0.038270089,valid,,,Shared Pattern Plane,Region-SIFT(21/28),109,1,190.468662,194.5823458,2.8047744
367,15,3,3,4,2,47.5,52.5,984.7248833,664.9005435,5.5,985,665,5.502033574,0.002033574,0.002033574,valid,,,Shared Pattern Plane,Region-SIFT(21/28),109,1,156.7806263,157.5157151,3.1234346
368,15,3,3,4,3,50,52.5,1002.710467,665.6128867,5.5,1003,666,5.465970875,-0.034029125,0.034029125,valid,,,Shared Pattern Plane,Region-SIFT(21/28),109,1,122.5679099,124.4308431,2.6909076
369,15,3,3,4,4,52.5,52.5,1020.789018,666.328912,5.5,1021,666,5.863677041,0.363677041,0.363677041,valid,,,Shared Pattern Plane,Region-SIFT(21/28),109,1,138.1926838,142.5656225,2.7357136
370,15,3,3,4,5,55,52.5,1038.961256,667.048648,5.5,1039,667,5.826884841,0.326884841,0.326884841,valid,,,Shared Pattern Plane,Region-SIFT(21/28),109,1,125.0252304,126.5075058,2.7271954
371,15,3,3,5,1,45,55,967.0025186,682.1001397,5.5,967,682,5.526463651,0.026463651,0.026463651,valid,,,Shared Pattern Plane,Region-SIFT(21/28),109,1,167.8832741,169.6340943,2.8113278
372,15,3,3,5,2,47.5,55,984.8716042,682.8538332,5.5,985,683,5.490282064,-0.009717936,0.009717936,valid,,,Shared Pattern Plane,Region-SIFT(21/28),109,1,181.6118778,184.2353601,3.2565893
373,15,3,3,5,3,50,55,1002.832688,683.611407,5.5,1003,684,5.454268426,-0.045731574,0.045731574,valid,,,Shared Pattern Plane,Region-SIFT(21/28),109,1,169.3571303,173.9939245,2.8043797
374,15,3,3,5,4,52.5,55,1020.886483,684.3728913,5.5,1021,684,5.851944794,0.351944794,0.351944794,valid,,,Shared Pattern Plane,Region-SIFT(21/28),109,1,128.7910056,131.1175586,2.8800625
375,15,3,3,5,5,55,55,1039.033708,685.1383163,5.5,1039,685,5.815215954,0.315215954,0.315215954,valid,,,Shared Pattern Plane,Region-SIFT(21/28),109,1,113.5519428,114.1613954,2.6850055
376,16,3,4,1,1,65,45,1112.693076,614.8311659,5,1113,615,4.857516821,-0.142483179,0.142483179,valid,,,Shared Pattern Plane,Region-SIFT(21/28),109,1,172.4436042,173.1442751,2.7686801
377,16,3,4,1,2,67.5,45,1131.42437,615.4276831,5,1131,615,4.824607991,-0.175392009,0.175392009,valid,,,Shared Pattern Plane,Region-SIFT(21/28),109,1,172.9905184,174.055225,2.7862965
378,16,3,4,1,3,70,45,1150.254689,616.0273538,5,1150,616,5.216176736,0.216176736,0.216176736,valid,,,Shared Pattern Plane,Region-SIFT(21/28),109,1,147.0291751,147.8865245,3.2863035
379,16,3,4,1,4,72.5,45,1169.184819,616.6302031,5,1169,617,4.76237739,-0.23762261,0.23762261,valid,,,Shared Pattern Plane,Region-SIFT(21/28),109,1,144.9521962,145.6334085,3.0151901
380,16,3,4,1,5,75,45,1188.215557,617.2362563,5,1188,617,5.137306189,0.137306189,0.137306189,valid,,,Shared Pattern Plane,Region-SIFT(21/28),109,1,247.0947941,250.8942853,2.6133789
381,16,3,4,2,1,65,47.5,1112.662571,633.2610618,5,1113,633,4.846138591,-0.153861409,0.153861409,valid,,,Shared Pattern Plane,Region-SIFT(21/28),109,1,96.21674648,96.37886643,2.6637268
382,16,3,4,2,2,67.5,47.5,1131.367287,633.9052535,5,1131,634,4.812594756,-0.187405244,0.187405244,valid,,,Shared Pattern Plane,Region-SIFT(21/28),109,1,110.5941041,111.8146968,2.8613178
383,16,3,4,2,3,70,47.5,1150.170748,634.5528461,5,1150,635,5.204106842,0.204106842,0.204106842,valid,,,Shared Pattern Plane,Region-SIFT(21/28),109,1,104.2537071,104.5198443,2.6376113
384,16,3,4,2,4,72.5,47.5,1169.073737,635.2038664,5,1169,635,5.168583537,0.168583537,0.168583537,valid,,,Shared Pattern Plane,Region-SIFT(21/28),109,1,88.92213829,89.19236207,2.8792495
385,16,3,4,2,5,75,47.5,1188.077046,635.8583417,5,1188,636,5.12542409,0.12542409,0.12542409,valid,,,Shared Pattern Plane,Region-SIFT(21/28),109,1,141.9646907,144.4180326,2.7994759
386,16,3,4,3,1,65,50,1112.632151,651.6390272,5,1113,652,4.834077484,-0.165922516,0.165922516,valid,,,Shared Pattern Plane,Region-SIFT(21/28),109,1,119.003585,120.1085235,3.0446729
387,16,3,4,3,2,67.5,50,1131.310366,652.3306224,5,1131,652,4.801195293,-0.198804707,0.198804707,valid,,,Shared Pattern Plane,Region-SIFT(21/28),109,1,147.5573553,150.9695308,2.727042
388,16,3,4,3,3,70,50,1150.087046,653.0258634,5,1150,653,4.774502523,-0.225497477,0.225497477,valid,,,Shared Pattern Plane,Region-SIFT(21/28),109,1,176.0678969,181.5416542,2.8900145
389,16,3,4,3,4,72.5,50,1168.96297,653.7247792,5,1169,654,5.156577828,0.156577828,0.156577828,valid,,,Shared Pattern Plane,Region-SIFT(21/28),109,1,127.4989014,129.6674475,2.6723431
390,16,3,4,3,5,75,50,1187.938929,654.4273989,5,1188,654,5.121317749,0.121317749,0.121317749,valid,,,Shared Pattern Plane,Region-SIFT(21/28),109,1,85.65696108,86.0693247,2.8413824
391,16,3,4,4,1,65,52.5,1112.601817,669.9652814,5,1113,670,4.832258515,-0.167741485,0.167741485,valid,,,Shared Pattern Plane,Region-SIFT(21/28),109,1,144.2287597,146.5371282,2.8094382
392,16,3,4,4,2,67.5,52.5,1131.253606,670.7040105,5,1131,671,4.78917734,-0.21082266,0.21082266,valid,,,Shared Pattern Plane,Region-SIFT(21/28),109,1,147.9864557,150.212818,2.683267
393,16,3,4,4,3,70,52.5,1150.00358,671.4466285,5,1150,671,4.754738237,-0.245261763,0.245261763,valid,,,Shared Pattern Plane,Region-SIFT(21/28),109,1,173.3221412,178.8666121,2.8283764
394,16,3,4,4,4,72.5,52.5,1168.852518,672.193166,5,1169,672,4.719802137,-0.280197863,0.280197863,valid,,,Shared Pattern Plane,Region-SIFT(21/28),109,1,144.8674847,148.2709305,3.0860112
395,16,3,4,4,5,75,52.5,1187.801205,672.9436542,5,1188,673,5.109330883,0.109330883,0.109330883,valid,,,Shared Pattern Plane,Region-SIFT(21/28),109,1,97.16239761,97.76391026,2.8107937
396,16,3,4,5,1,65,55,1112.571568,688.2400422,5,1113,688,5.249479171,0.249479171,0.249479171,valid,,,Shared Pattern Plane,Region-SIFT(21/28),109,1,75.26073107,75.57326995,2.7223191
397,16,3,4,5,2,67.5,55,1131.197005,689.0256376,5,1131,689,4.777790755,-0.222209245,0.222209245,valid,,,Shared Pattern Plane,Region-SIFT(21/28),109,1,88.37911719,88.72562204,2.6298339
398,16,3,4,5,3,70,55,1149.92035,689.8153626,5,1150,690,5.177321064,0.177321064,0.177321064,valid,,,Shared Pattern Plane,Region-SIFT(21/28),109,1,90.38183498,90.65093061,2.7483283
399,16,3,4,5,4,72.5,55,1168.742378,690.6092498,5,1169,691,5.133172533,0.133172533,0.133172533,valid,,,Shared Pattern Plane,Region-SIFT(21/28),109,1,104.2737724,106.2423156,2.6917985
400,16,3,4,5,5,75,55,1187.663871,691.4073324,5,1188,691,5.09795833,0.09795833,0.09795833,valid,,,Shared Pattern Plane,Region-SIFT(21/28),109,1,86.39443836,87.45287307,3.1778778
401,17,3,5,1,1,85,45,1265.360798,619.6930253,4.5,1265,620,4.581819439,0.081819439,0.081819439,valid,,,Shared Pattern Plane,Region-SIFT(21/28),109,1,156.8966676,160.5504857,2.7434675
402,17,3,5,1,2,87.5,45,1284.906811,620.315488,4.5,1285,620,4.546905392,0.046905392,0.046905392,valid,,,Shared Pattern Plane,Region-SIFT(21/28),109,1,71.63331117,71.73976968,2.7418805
403,17,3,5,1,3,90,45,1304.558387,620.9413125,4.5,1305,621,4.511585977,0.011585977,0.011585977,valid,,,Shared Pattern Plane,Region-SIFT(21/28),109,1,92.13536363,93.38757307,2.7240307
404,17,3,5,1,4,92.5,45,1324.316385,621.5705261,4.5,1324,622,4.894468118,0.394468118,0.394468118,valid,,,Shared Pattern Plane,Region-SIFT(21/28),109,1,127.3784561,129.3911982,2.8823496
405,17,3,5,1,5,95,45,1344.181671,622.2031564,4.5,1344,622,4.443883068,-0.056116932,0.056116932,valid,,,Shared Pattern Plane,Region-SIFT(21/28),109,1,144.4466362,148.6637878,2.7293234
406,17,3,5,2,1,85,47.5,1265.109625,638.5113493,4.5,1265,639,4.570073738,0.070073738,0.070073738,valid,,,Shared Pattern Plane,Region-SIFT(21/28),109,1,186.5580733,189.2160746,3.1522288
407,17,3,5,2,2,87.5,47.5,1284.626718,639.1835193,4.5,1285,639,4.531306563,0.031306563,0.031306563,valid,,,Shared Pattern Plane,Region-SIFT(21/28),109,1,114.4134067,114.5972483,2.6973454
408,17,3,5,2,3,90,47.5,1304.249066,639.8593144,4.5,1304,640,4.501649047,0.001649047,0.001649047,valid,,,Shared Pattern Plane,Region-SIFT(21/28),109,1,122.3176201,124.5695135,2.8043651
409,17,3,5,2,4,92.5,47.5,1323.977523,640.5387639,4.5,1324,641,4.46655425,-0.03344575,0.03344575,valid,,,Shared Pattern Plane,Region-SIFT(21/28),109,1,141.7628132,144.9432135,2.5966722
410,17,3,5,2,5,95,47.5,1343.812952,641.2218975,4.5,1344,641,4.847308749,0.347308749,0.347308749,valid,,,Shared Pattern Plane,Region-SIFT(21/28),109,1,162.9731655,165.7204551,2.6323159
411,17,3,5,3,1,85,50,1264.859175,657.2755123,4.5,1265,657,4.558984754,0.058984754,0.058984754,valid,,,Shared Pattern Plane,Region-SIFT(21/28),109,1,105.7014085,106.9588122,2.7388959
412,17,3,5,3,2,87.5,50,1284.347434,657.9971008,4.5,1284,658,4.525219599,0.025219599,0.025219599,valid,,,Shared Pattern Plane,Region-SIFT(21/28),109,1,90.25468848,91.4068338,3.5199741
413,17,3,5,3,3,90,50,1303.94064,658.7225753,4.5,1304,659,4.489946821,-0.010053179,0.010053179,valid,,,Shared Pattern Plane,Region-SIFT(21/28),109,1,132.1099547,135.4194648,2.9488676
414,17,3,5,3,4,92.5,50,1323.639644,659.4519671,4.5,1324,659,4.455546158,-0.044453842,0.044453842,valid,,,Shared Pattern Plane,Region-SIFT(21/28),109,1,124.8942871,126.1478771,2.7189575
415,17,3,5,3,5,95,50,1343.445305,660.185308,4.5,1343,660,4.837419723,0.337419723,0.337419723,valid,,,Shared Pattern Plane,Region-SIFT(21/28),109,1,109.7535044,110.3113457,2.9449407
416,17,3,5,4,1,85,52.5,1264.609445,675.9857478,4.5,1265,676,4.547191073,0.047191073,0.047191073,valid,,,Shared Pattern Plane,Region-SIFT(21/28),109,1,185.4087404,191.5224368,2.6510197
417,17,3,5,4,2,87.5,52.5,1284.068955,676.7564678,4.5,1284,677,4.513525038,0.013525038,0.013525038,valid,,,Shared Pattern Plane,Region-SIFT(21/28),109,1,115.5547181,116.7786269,2.7073064
418,17,3,5,4,3,90,52.5,1303.633106,677.5313323,4.5,1304,678,4.478311178,-0.021688822,0.021688822,valid,,,Shared Pattern Plane,Region-SIFT(21/28),109,1,89.74602947,89.91478345,2.8744879
419,17,3,5,4,4,92.5,52.5,1323.302745,678.3103748,4.5,1323,678,4.861708451,0.361708451,0.361708451,valid,,,Shared Pattern Plane,Region-SIFT(21/28),109,1,113.8719712,114.8667397,3.0080353
420,17,3,5,4,5,95,52.5,1343.078727,679.0936292,4.5,1343,679,4.825718274,0.325718274,0.325718274,valid,,,Shared Pattern Plane,Region-SIFT(21/28),109,1,109.795657,110.9262033,2.6346279
421,17,3,5,5,1,85,55,1264.360431,694.6422879,4.5,1264,695,4.53719672,0.03719672,0.03719672,valid,,,Shared Pattern Plane,Region-SIFT(21/28),109,1,143.302727,146.1409201,2.7480285
422,17,3,5,5,2,87.5,55,1283.791277,695.4618543,4.5,1284,695,4.502409106,0.002409106,0.002409106,valid,,,Shared Pattern Plane,Region-SIFT(21/28),109,1,115.8098156,117.114661,2.9118622
423,17,3,5,5,3,90,55,1303.326459,696.2858215,4.5,1303,696,4.468952859,-0.031047141,0.031047141,valid,,,Shared Pattern Plane,Region-SIFT(21/28),109,1,97.57111739,97.72404798,2.739995
424,17,3,5,5,4,92.5,55,1322.96682,697.1142249,4.5,1323,697,4.849989492,0.349989492,0.349989492,valid,,,Shared Pattern Plane,Region-SIFT(21/28),109,1,126.2726735,127.3766353,2.9581283
425,17,3,5,5,5,95,55,1342.713211,697.9471006,4.5,1343,698,4.814040005,0.314040005,0.314040005,valid,,,Shared Pattern Plane,Region-SIFT(21/28),109,1,158.372129,159.8725849,2.9216093
426,18,3,6,1,1,105,45,1424.733368,624.7684073,4,1425,625,3.893229166,-0.106770834,0.106770834,valid,,,Shared Pattern Plane,Region-SIFT(21/28),109,1,170.3587772,171.8100345,2.6631379
427,18,3,6,1,2,107.5,45,1445.148432,625.4185459,4,1445,625,4.27046289,0.27046289,0.27046289,valid,,,Shared Pattern Plane,Region-SIFT(21/28),109,1,194.6157891,196.059464,2.9327039
428,18,3,6,1,3,110,45,1465.676189,626.0722732,4,1466,626,4.236661884,0.236661884,0.236661884,valid,,,Shared Pattern Plane,Region-SIFT(21/28),109,1,193.0883605,193.7096768,2.6849095
429,18,3,6,1,4,112.5,45,1486.317573,626.7296192,4,1486,627,4.203207447,0.203207447,0.203207447,valid,,,Shared Pattern Plane,Region-SIFT(21/28),109,1,233.2091866,235.9985505,2.6046069
430,18,3,6,1,5,115,45,1507.073532,627.3906138,4,1507,627,4.578157868,0.578157868,0.578157868,valid,,,Shared Pattern Plane,Region-SIFT(21/28),109,1,249.6727263,253.6039535,2.8439848
431,18,3,6,2,1,105,47.5,1424.241976,643.9918788,4,1424,644,3.883459306,-0.116540694,0.116540694,valid,,,Shared Pattern Plane,Region-SIFT(21/28),109,1,154.3211748,157.1410883,3.1547195
432,18,3,6,2,2,107.5,47.5,1444.625542,644.6938903,4,1445,645,4.667526239,0.667526239,0.667526239,valid,,,Shared Pattern Plane,Region-SIFT(21/28),109,1,182.2273936,186.5330742,2.6277054
433,18,3,6,2,3,110,47.5,1465.121459,645.3997712,4,1465,645,4.634968456,0.634968456,0.634968456,valid,,,Shared Pattern Plane,Region-SIFT(21/28),109,1,238.4573098,244.7795033,2.8705113
434,18,3,6,2,4,112.5,47.5,1485.730659,646.1095535,4,1486,646,4.194771451,0.194771451,0.194771451,valid,,,Shared Pattern Plane,Region-SIFT(21/28),109,1,324.0850111,333.9903451,2.6705972
435,18,3,6,2,5,115,47.5,1506.454084,646.8232698,4,1506,647,4.15501837,0.15501837,0.15501837,valid,,,Shared Pattern Plane,Region-SIFT(21/28),109,1,327.3147546,335.1800128,2.6913059
436,18,3,6,3,1,105,50,1423.752029,663.158812,4,1424,663,3.872055745,-0.127944255,0.127944255,valid,,,Shared Pattern Plane,Region-SIFT(21/28),109,1,254.3641827,262.144198,2.8859906
437,18,3,6,3,2,107.5,50,1444.104193,663.9123882,4,1444,664,4.248566109,0.248566109,0.248566109,valid,,,Shared Pattern Plane,Region-SIFT(21/28),109,1,238.8495363,245.6138979,2.725174
438,18,3,6,3,3,110,50,1464.568369,664.6701119,4,1465,665,4.214983718,0.214983718,0.214983718,valid,,,Shared Pattern Plane,Region-SIFT(21/28),109,1,356.3659272,371.8807524,2.6560512
439,18,3,6,3,4,112.5,50,1485.145485,665.4320174,4,1485,665,3.776623818,-0.223376182,0.223376182,valid,,,Shared Pattern Plane,Region-SIFT(21/28),109,1,310.973277,320.6758842,2.7683193
440,18,3,6,3,5,115,50,1505.836479,666.1981394,4,1506,666,3.743706842,-0.256293158,0.256293158,valid,,,Shared Pattern Plane,Region-SIFT(21/28),109,1,276.5523704,281.7102729,2.7589189
441,18,3,6,4,1,105,52.5,1423.263521,682.2694557,4,1423,682,3.863246032,-0.136753968,0.136753968,valid,,,Shared Pattern Plane,Region-SIFT(21/28),109,1,182.9476743,187.6862635,2.7530532
442,18,3,6,4,2,107.5,52.5,1443.584379,683.0742907,4,1444,683,4.242103732,0.242103732,0.242103732,valid,,,Shared Pattern Plane,Region-SIFT(21/28),109,1,305.9182805,314.959789,2.8832621
443,18,3,6,4,3,110,52.5,1464.016913,683.8835486,4,1464,684,3.79798336,-0.20201664,0.20201664,valid,,,Shared Pattern Plane,Region-SIFT(21/28),109,1,356.9824519,368.4662707,2.889676
444,18,3,6,4,4,112.5,52.5,1484.562044,684.6972662,4,1485,685,4.576994794,0.576994794,0.576994794,valid,,,Shared Pattern Plane,Region-SIFT(21/28),109,1,255.8494753,260.2682697,2.7480569
445,18,3,6,4,5,115,52.5,1505.220708,685.5154803,4,1505,686,3.733506196,-0.266493804,0.266493804,valid,,,Shared Pattern Plane,Region-SIFT(21/28),109,1,215.4148112,218.6351211,2.7410393
446,18,3,6,5,1,105,55,1422.776446,701.3240578,4,1423,701,4.262799713,0.262799713,0.262799713,valid,,,Shared Pattern Plane,Region-SIFT(21/28),109,1,257.0216205,263.3494407,2.5695035
447,18,3,6,5,2,107.5,55,1443.066095,702.1798473,4,1443,702,4.232436093,0.232436093,0.232436093,valid,,,Shared Pattern Plane,Region-SIFT(21/28),109,1,342.9305235,353.4726986,2.8014867
448,18,3,6,5,3,110,55,1463.467082,703.040333,4,1463,703,4.19549457,0.19549457,0.19549457,valid,,,Shared Pattern Plane,Region-SIFT(21/28),109,1,358.9391879,365.7640504,3.0132422
449,18,3,6,5,4,112.5,55,1483.980328,703.9055535,4,1484,704,4.16360498,0.16360498,0.16360498,valid,,,Shared Pattern Plane,Region-SIFT(21/28),109,1,295.5049857,304.1885661,3.4324585
450,18,3,6,5,5,115,55,1504.606762,704.7755481,4,1505,705,3.722328951,-0.277671049,0.277671049,valid,,,Shared Pattern Plane,Region-SIFT(21/28),109,1,211.026114,213.7363462,2.8089416
451,19,4,1,1,1,5,65,695.1484106,738.9634198,3.5,695,739,3.280422744,-0.219577256,0.219577256,valid,,,Shared Pattern Plane,Region-SIFT(21/28),109,1,273.9474103,277.4777215,2.722545
452,19,4,1,1,2,7.5,65,711.5549246,739.8230571,3.5,712,740,3.716281138,0.216281138,0.216281138,valid,,,Shared Pattern Plane,Region-SIFT(21/28),109,1,227.2701177,231.0537819,3.0524056
453,19,4,1,1,3,10,65,728.0421367,740.6869227,3.5,728,741,4.149541175,0.649541175,0.649541175,valid,,,Shared Pattern Plane,Region-SIFT(21/28),109,1,247.093951,249.0063915,3.2582731
454,19,4,1,1,4,12.5,65,744.6106438,741.5550478,3.5,745,742,3.656390581,0.156390581,0.156390581,valid,,,Shared Pattern Plane,Region-SIFT(21/28),109,1,212.5077554,214.2779322,2.9293373
455,19,4,1,1,5,15,65,761.2610485,742.4274641,3.5,761,742,3.628212175,0.128212175,0.128212175,valid,,,Shared Pattern Plane,Region-SIFT(21/28),109,1,216.5595086,219.7484529,2.8814872
456,19,4,1,2,1,5,67.5,695.6683644,755.9556096,3.5,696,756,3.734292816,0.234292816,0.234292816,valid,,,Shared Pattern Plane,Region-SIFT(21/28),109,1,212.1027582,219.7608158,2.83768
457,19,4,1,2,2,7.5,67.5,712.0545533,756.8557473,3.5,712,757,3.704975423,0.204975423,0.204975423,valid,,,Shared Pattern Plane,Region-SIFT(21/28),109,1,223.4606536,227.8728584,2.8445279
458,19,4,1,2,3,10,67.5,728.521234,757.7603065,3.5,729,758,3.67414889,0.17414889,0.17414889,valid,,,Shared Pattern Plane,Region-SIFT(21/28),109,1,182.7294369,186.7082067,2.8107123
459,19,4,1,2,4,12.5,67.5,745.069001,758.6693201,3.5,745,759,3.182023131,-0.317976869,0.317976869,valid,,,Shared Pattern Plane,Region-SIFT(21/28),109,1,173.1040379,173.8449238,3.2349165
460,19,4,1,2,5,15,67.5,761.6984547,759.5828209,3.5,762,760,4.096281865,0.596281865,0.596281865,valid,,,Shared Pattern Plane,Region-SIFT(21/28),109,1,272.0821532,277.6525337,3.1416376
461,19,4,1,3,1,5,70,696.1869542,772.9032273,3.5,696,773,3.72301387,0.22301387,0.22301387,valid,,,Shared Pattern Plane,Region-SIFT(21/28),109,1,233.1466239,237.576887,3.7625532
462,19,4,1,3,2,7.5,70,712.5528682,773.8436497,3.5,713,774,3.715528631,0.215528631,0.215528631,valid,,,Shared Pattern Plane,Region-SIFT(21/28),109,1,264.1379307,274.0148229,2.9434018
463,19,4,1,3,3,10,70,728.9990684,774.7886855,3.5,729,775,3.685873777,0.185873777,0.185873777,valid,,,Shared Pattern Plane,Region-SIFT(21/28),109,1,225.1551438,227.9750405,3.1243553
464,19,4,1,3,4,12.5,70,745.526147,775.7383688,3.5,746,776,3.169230129,-0.330769871,0.330769871,valid,,,Shared Pattern Plane,Region-SIFT(21/28),109,1,180.6901005,181.9964654,3.5472607
465,19,4,1,3,5,15,70,762.1347022,776.6927338,3.5,762,777,3.163452735,-0.336547265,0.336547265,valid,,,Shared Pattern Plane,Region-SIFT(21/28),109,1,283.6643428,287.2260165,2.7850253
466,19,4,1,4,1,5,72.5,696.7041856,789.8064479,3.5,697,790,3.709948043,0.209948043,0.209948043,valid,,,Shared Pattern Plane,Region-SIFT(21/28),109,1,201.2231844,202.9661929,3.0170659
467,19,4,1,4,2,7.5,72.5,713.0498745,790.7869408,3.5,713,791,3.215360844,-0.284639156,0.284639156,valid,,,Shared Pattern Plane,Region-SIFT(21/28),109,1,211.4473143,213.6284329,2.786783
468,19,4,1,4,3,10,72.5,729.4756449,791.7722373,3.5,729,792,3.187518253,-0.312481747,0.312481747,valid,,,Shared Pattern Plane,Region-SIFT(21/28),109,1,213.2146116,215.2612592,2.7584658
469,19,4,1,4,4,12.5,72.5,745.9820867,792.7623729,3.5,746,793,3.621038077,0.121038077,0.121038077,valid,,,Shared Pattern Plane,Region-SIFT(21/28),109,1,238.8792854,242.1892815,2.7058754
470,19,4,1,4,5,15,72.5,762.5697956,793.7573832,3.5,763,794,4.050212121,0.550212121,0.550212121,valid,,,Shared Pattern Plane,Region-SIFT(21/28),109,1,285.8694032,289.3393433,3.0597236
471,19,4,1,5,1,5,75,697.2200637,806.6654458,3.5,697,807,3.69867362,0.19867362,0.19867362,valid,,,Shared Pattern Plane,Region-SIFT(21/28),109,1,166.5747383,168.4816197,2.8590781
472,19,4,1,5,2,7.5,75,713.5455774,807.6857961,3.5,714,808,3.202520589,-0.297479411,0.297479411,valid,,,Shared Pattern Plane,Region-SIFT(21/28),109,1,166.2463405,167.2046944,2.9430289
473,19,4,1,5,3,10,75,729.9509685,808.7111388,3.5,730,809,3.17468226,-0.32531774,0.32531774,valid,,,Shared Pattern Plane,Region-SIFT(21/28),109,1,216.7802019,218.5864126,2.8093929
474,19,4,1,5,4,12.5,75,746.4368247,809.7415105,3.5,746,810,2.192648804,-1.307351196,1.307351196,valid,,,Shared Pattern Plane,Region-SIFT(21/28),109,1,316.2148664,323.9742884,2.8163154
475,19,4,1,5,5,15,75,763.0037395,810.7769485,3.5,763,811,3.600753953,0.100753953,0.100753953,valid,,,Shared Pattern Plane,Region-SIFT(21/28),109,1,294.7751357,305.2541815,2.8059684
476,20,4,2,1,1,25,65,828.6939104,745.9606829,3,829,746,3.0700889,0.0700889,0.0700889,valid,,,Shared Pattern Plane,Region-SIFT(21/28),109,1,260.6440035,263.5744931,3.0142632
477,20,4,2,1,2,27.5,65,845.7630567,746.8550396,3,846,747,3.021834908,0.021834908,0.021834908,valid,,,Shared Pattern Plane,Region-SIFT(21/28),109,1,217.6957521,219.5369008,2.7798246
478,20,4,2,1,3,30,65,862.9178454,747.7538836,3,863,748,2.975057279,-0.024942721,0.024942721,valid,,,Shared Pattern Plane,Region-SIFT(21/28),109,1,235.0144261,237.6759538,2.7425621
479,20,4,2,1,4,32.5,65,880.1589226,748.6572487,3,880,749,2.965262071,-0.034737929,0.034737929,valid,,,Shared Pattern Plane,Region-SIFT(21/28),109,1,261.9331978,263.5463459,2.831331
480,20,4,2,1,5,35,65,897.4869409,749.5651693,3,897,750,3.839929278,0.839929278,0.839929278,valid,,,Shared Pattern Plane,Region-SIFT(21/28),109,1,228.1443399,230.479592,2.6801963
481,20,4,2,2,1,25,67.5,829.0453543,763.282368,3,829,763,3.019908969,0.019908969,0.019908969,valid,,,Shared Pattern Plane,Region-SIFT(21/28),109,1,337.4949633,350.5502173,2.7377727
482,20,4,2,2,2,27.5,67.5,846.0924583,764.2188115,3,846,764,2.992056929,-0.007943071,0.007943071,valid,,,Shared Pattern Plane,Region-SIFT(21/28),109,1,228.5782822,236.5766205,3.0070918
483,20,4,2,2,3,30,67.5,863.224979,765.1599471,3,863,765,2.982599323,-0.017400677,0.017400677,valid,,,Shared Pattern Plane,Region-SIFT(21/28),109,1,183.5023143,185.6728583,2.8563858
484,20,4,2,2,4,32.5,67.5,880.4435598,766.1058103,3,880,766,2.95443329,-0.04556671,0.04556671,valid,,,Shared Pattern Plane,Region-SIFT(21/28),109,1,208.5586388,212.8282338,2.7694566
485,20,4,2,2,5,35,67.5,897.7488508,767.0564367,3,898,767,3.393798075,0.393798075,0.393798075,valid,,,Shared Pattern Plane,Region-SIFT(21/28),109,1,225.1816722,228.1287782,2.6602323
486,20,4,2,3,1,25,70,829.395858,780.5577117,3,829,781,3.047155097,0.047155097,0.047155097,valid,,,Shared Pattern Plane,Region-SIFT(21/28),109,1,357.6053354,367.8297297,3.0754241
487,20,4,2,3,2,27.5,70,846.4209765,781.5360135,3,846,782,2.999410323,-0.000589677,0.000589677,valid,,,Shared Pattern Plane,Region-SIFT(21/28),109,1,249.9735323,258.1705928,2.6968613
488,20,4,2,3,3,30,70,863.5312867,782.5192106,3,864,783,2.969499897,-0.030500103,0.030500103,valid,,,Shared Pattern Plane,Region-SIFT(21/28),109,1,257.6919809,265.45258,2.9491797
489,20,4,2,3,4,32.5,70,880.7274297,783.5073398,3,881,784,2.923934779,-0.076065221,0.076065221,valid,,,Shared Pattern Plane,Region-SIFT(21/28),109,1,248.7611561,253.7324513,2.8895603
490,20,4,2,3,5,35,70,898.010053,784.5004383,3,898,785,2.913363015,-0.086636985,0.086636985,valid,,,Shared Pattern Plane,Region-SIFT(21/28),109,1,271.3014478,275.8068241,2.738798
491,20,4,2,4,1,25,72.5,829.7454253,797.7868998,3,830,798,2.556358233,-0.443641767,0.443641767,valid,,,Shared Pattern Plane,Region-SIFT(21/28),109,1,285.6385449,294.7616873,2.9356094
492,20,4,2,4,2,27.5,72.5,846.7486147,798.8068327,3,847,799,3.442504174,0.442504174,0.442504174,valid,,,Shared Pattern Plane,Region-SIFT(21/28),109,1,279.5550264,285.891016,2.8432126
493,20,4,2,4,3,30,72.5,863.836772,799.8318624,3,864,800,2.958627164,-0.041372836,0.041372836,valid,,,Shared Pattern Plane,Region-SIFT(21/28),109,1,297.549657,307.7089171,2.8021145
494,20,4,2,4,4,32.5,72.5,881.0105356,800.8620271,3,881,801,2.913281032,-0.086718968,0.086718968,valid,,,Shared Pattern Plane,Region-SIFT(21/28),109,1,258.7464357,265.7373149,2.8252196
495,20,4,2,4,5,35,72.5,898.2705503,801.8973656,3,898,802,3.338130167,0.338130167,0.338130167,valid,,,Shared Pattern Plane,Region-SIFT(21/28),109,1,295.8908689,302.9427859,2.8538545
496,20,4,2,5,1,25,75,830.0940598,814.970117,3,830,815,3.461115738,0.461115738,0.461115738,valid,,,Shared Pattern Plane,Region-SIFT(21/28),109,1,269.4769816,277.5674003,2.7617486
497,20,4,2,5,2,27.5,75,847.0753766,816.0314552,3,847,816,2.957696834,-0.042303166,0.042303166,valid,,,Shared Pattern Plane,Region-SIFT(21/28),109,1,284.570058,293.8730066,2.7680104
498,20,4,2,5,3,30,75,864.1414381,817.09809,3,864,817,2.491348765,-0.508651235,0.508651235,valid,,,Shared Pattern Plane,Region-SIFT(21/28),109,1,310.5437398,317.2305544,3.1324864
499,20,4,2,5,4,32.5,75,881.2928803,818.1700611,3,881,818,3.372834023,0.372834023,0.372834023,valid,,,Shared Pattern Plane,Region-SIFT(21/28),109,1,296.5362024,305.1741499,3.1107657
500,20,4,2,5,5,35,75,898.5303456,819.2474087,3,899,819,3.342065015,0.342065015,0.342065015,valid,,,Shared Pattern Plane,Region-SIFT(21/28),109,1,317.0429757,325.2586145,2.6950566
501,21,4,3,1,1,45,65,967.6817128,753.2431014,2.5,968,753,2.358405108,-0.141594892,0.141594892,valid,,,Shared Pattern Plane,Region-SIFT(21/28),109,1,217.9005792,220.4932548,2.8680655
502,21,4,3,1,2,47.5,65,985.4544614,754.1743241,2.5,985,754,2.346939855,-0.153060145,0.153060145,valid,,,Shared Pattern Plane,Region-SIFT(21/28),109,1,200.4359868,202.0405844,2.8328307
503,21,4,3,1,3,50,65,1003.318209,755.1103148,2.5,1003,755,2.766507318,0.266507318,0.266507318,valid,,,Shared Pattern Plane,Region-SIFT(21/28),109,1,187.9263925,190.1852788,2.7759674
504,21,4,3,1,4,52.5,65,1021.273656,756.0511101,2.5,1021,756,2.738030147,0.238030147,0.238030147,valid,,,Shared Pattern Plane,Region-SIFT(21/28),109,1,188.0513947,191.1936857,2.8834313
505,21,4,3,1,5,55,65,1039.32151,756.9967473,2.5,1039,757,2.709692407,0.209692407,0.209692407,valid,,,Shared Pattern Plane,Region-SIFT(21/28),109,1,184.4899894,186.881319,3.2627838
506,21,4,3,2,1,45,67.5,967.850351,770.9073015,2.5,968,771,2.361841726,-0.138158274,0.138158274,valid,,,Shared Pattern Plane,Region-SIFT(21/28),109,1,141.2369221,142.9082124,2.9442491
507,21,4,3,2,2,47.5,67.5,985.5991774,771.8822924,2.5,986,772,2.334267495,-0.165732505,0.165732505,valid,,,Shared Pattern Plane,Region-SIFT(21/28),109,1,179.5394523,181.302145,2.8542823
508,21,4,3,2,3,50,67.5,1003.438755,772.8622686,2.5,1003,773,2.75530254,0.25530254,0.25530254,valid,,,Shared Pattern Plane,Region-SIFT(21/28),109,1,160.5796706,163.270782,2.7064442
509,21,4,3,2,4,52.5,67.5,1021.369783,773.8472684,2.5,1021,774,2.726807392,0.226807392,0.226807392,valid,,,Shared Pattern Plane,Region-SIFT(21/28),109,1,129.5027724,129.9858243,2.8570387
510,21,4,3,2,5,55,67.5,1039.392964,774.8373305,2.5,1039,775,2.698525164,0.198525164,0.198525164,valid,,,Shared Pattern Plane,Region-SIFT(21/28),109,1,158.4618338,162.4606563,2.9331681
511,21,4,3,3,1,45,70,968.0185289,788.5232835,2.5,968,789,2.350569294,-0.149430706,0.149430706,valid,,,Shared Pattern Plane,Region-SIFT(21/28),109,1,249.5383669,254.6915875,2.9158043
512,21,4,3,3,2,47.5,70,985.7434973,789.5418002,2.5,986,790,2.323115524,-0.176884476,0.176884476,valid,,,Shared Pattern Plane,Region-SIFT(21/28),109,1,236.7141914,241.4473132,3.2478743
513,21,4,3,3,3,50,70,1003.558971,790.5655175,2.5,1004,791,2.742510639,0.242510639,0.242510639,valid,,,Shared Pattern Plane,Region-SIFT(21/28),109,1,200.6272643,203.4573003,2.7470407
514,21,4,3,3,4,52.5,70,1021.465645,791.5944754,2.5,1021,792,2.715620857,0.215620857,0.215620857,valid,,,Shared Pattern Plane,Region-SIFT(21/28),109,1,185.2922851,187.6059815,2.7661768
515,21,4,3,3,5,55,70,1039.464221,792.6287143,2.5,1039,793,2.687334745,0.187334745,0.187334745,valid,,,Shared Pattern Plane,Region-SIFT(21/28),109,1,169.7199492,172.3188588,3.1442471
516,21,4,3,4,1,45,72.5,968.1862484,806.0912446,2.5,968,806,1.888877452,-0.611122548,0.611122548,valid,,,Shared Pattern Plane,Region-SIFT(21/28),109,1,348.4113281,357.1971156,2.9379087
517,21,4,3,4,2,47.5,72.5,985.8874229,807.153046,2.5,986,807,2.773852792,0.273852792,0.273852792,valid,,,Shared Pattern Plane,Region-SIFT(21/28),109,1,351.3040222,361.9823613,2.9370176
518,21,4,3,4,3,50,72.5,1003.678857,808.2202616,2.5,1004,808,2.744642951,0.244642951,0.244642951,valid,,,Shared Pattern Plane,Region-SIFT(21/28),109,1,286.7984619,295.3285813,2.7696318
519,21,4,3,4,4,52.5,72.5,1021.561244,809.2929329,2.5,1022,809,2.715576548,0.215576548,0.215576548,valid,,,Shared Pattern Plane,Region-SIFT(21/28),109,1,269.7286577,278.3817147,2.8364452
520,21,4,3,4,5,55,72.5,1039.535282,810.3711019,2.5,1040,810,2.675279638,0.175279638,0.175279638,valid,,,Shared Pattern Plane,Region-SIFT(21/28),109,1,237.7405048,245.0748129,2.743083
521,21,4,3,5,1,45,75,968.3535113,823.611381,2.5,968,824,2.3566464,-0.1433536,0.1433536,valid,,,Shared Pattern Plane,Region-SIFT(21/28),109,1,375.444981,386.0236234,2.6714661
522,21,4,3,5,2,47.5,75,986.0309556,824.7162274,2.5,986,825,2.314693167,-0.185306833,0.185306833,valid,,,Shared Pattern Plane,Region-SIFT(21/28),109,1,341.8791623,350.0469879,2.6325692
523,21,4,3,5,3,50,75,1003.798416,825.8266999,2.5,1004,826,2.708055908,0.208055908,0.208055908,valid,,,Shared Pattern Plane,Region-SIFT(21/28),109,1,353.7191491,365.5033734,3.3669401
524,21,4,3,5,4,52.5,75,1021.656581,826.9428414,2.5,1022,827,3.135772973,0.635772973,0.635772973,valid,,,Shared Pattern Plane,Region-SIFT(21/28),109,1,376.0660644,387.5077302,2.8360908
525,21,4,3,5,5,55,75,1039.606147,828.0646956,2.5,1040,828,2.652781052,0.152781052,0.152781052,valid,,,Shared Pattern Plane,Region-SIFT(21/28),109,1,391.3952252,405.4856957,3.9795824
526,22,4,4,1,1,65,65,1112.451418,760.8284691,2,1112,761,2.156757096,0.156757096,0.156757096,valid,,,Shared Pattern Plane,Region-SIFT(21/28),109,1,174.8729043,179.0415233,3.7809171
527,22,4,4,1,2,67.5,65,1130.972187,761.7988851,2,1131,762,2.120224634,0.120224634,0.120224634,valid,,,Shared Pattern Plane,Region-SIFT(21/28),109,1,180.4966396,183.3632578,3.3680509
528,22,4,4,1,3,70,65,1149.589768,762.7743737,2,1150,763,2.09325562,0.09325562,0.09325562,valid,,,Shared Pattern Plane,Region-SIFT(21/28),109,1,208.6745405,213.4544965,3.5367112
529,22,4,4,1,4,72.5,65,1168.304922,763.7549747,2,1168,764,2.075373515,0.075373515,0.075373515,valid,,,Shared Pattern Plane,Region-SIFT(21/28),109,1,250.068721,255.4185655,2.8271425
530,22,4,4,1,5,75,65,1187.118417,764.7407285,2,1187,765,2.048085247,0.048085247,0.048085247,valid,,,Shared Pattern Plane,Region-SIFT(21/28),109,1,207.3291443,211.9044827,3.1599339
531,22,4,4,2,1,65,67.5,1112.42159,778.8489902,2,1112,779,2.145818957,0.145818957,0.145818957,valid,,,Shared Pattern Plane,Region-SIFT(21/28),109,1,154.4632901,156.3025151,3.439062
532,22,4,4,2,2,67.5,67.5,1130.916376,779.8649587,2,1131,780,2.118099094,0.118099094,0.118099094,valid,,,Shared Pattern Plane,Region-SIFT(21/28),109,1,144.9437128,147.6032395,3.4754383
533,22,4,4,2,3,70,67.5,1149.507702,780.8862305,2,1150,781,2.090494525,0.090494525,0.090494525,valid,,,Shared Pattern Plane,Region-SIFT(21/28),109,1,167.4438816,171.5419157,3.904282
534,22,4,4,2,4,72.5,67.5,1168.196326,781.9128471,2,1168,782,2.06452677,0.06452677,0.06452677,valid,,,Shared Pattern Plane,Region-SIFT(21/28),109,1,134.6148013,136.8374899,3.6889139
535,22,4,4,2,5,75,67.5,1186.983014,782.9448506,2,1187,783,2.037293778,0.037293778,0.037293778,valid,,,Shared Pattern Plane,Region-SIFT(21/28),109,1,129.6582506,131.1620192,2.8066293
536,22,4,4,3,1,65,70,1112.391845,796.8193003,2,1112,797,2.134874151,0.134874151,0.134874151,valid,,,Shared Pattern Plane,Region-SIFT(21/28),109,1,162.311323,164.0210825,2.844048
537,22,4,4,3,2,67.5,70,1130.860721,797.8805636,2,1131,798,2.107194775,0.107194775,0.107194775,valid,,,Shared Pattern Plane,Region-SIFT(21/28),109,1,128.9646357,129.5457041,2.6075958
538,22,4,4,3,3,70,70,1149.425866,798.9473587,2,1149,799,1.642143823,-0.357856177,0.357856177,valid,,,Shared Pattern Plane,Region-SIFT(21/28),109,1,204.5722056,209.9270598,2.8096184
539,22,4,4,3,4,72.5,70,1168.088036,800.0197291,2,1168,800,1.615990264,-0.384009736,0.384009736,valid,,,Shared Pattern Plane,Region-SIFT(21/28),109,1,163.0889554,164.6621915,3.9145347
540,22,4,4,3,5,75,70,1186.847993,801.0977186,2,1187,801,2.026478695,0.026478695,0.026478695,valid,,,Shared Pattern Plane,Region-SIFT(21/28),109,1,131.5543645,132.9877154,2.7557465
541,22,4,4,4,1,65,72.5,1112.362183,814.7396089,2,1112,815,2.123964906,0.123964906,0.123964906,valid,,,Shared Pattern Plane,Region-SIFT(21/28),109,1,198.9243637,203.2017539,2.7528995
542,22,4,4,4,2,67.5,72.5,1130.805221,815.8459108,2,1131,816,2.096285651,0.096285651,0.096285651,valid,,,Shared Pattern Plane,Region-SIFT(21/28),109,1,165.2544753,166.4090483,3.0294411
543,22,4,4,4,3,70,72.5,1149.344259,816.9579712,2,1149,817,2.070184746,0.070184746,0.070184746,valid,,,Shared Pattern Plane,Region-SIFT(21/28),109,1,247.810156,254.3755554,2.7393195
544,22,4,4,4,4,72.5,72.5,1167.980049,818.0758354,2,1168,818,2.042847744,0.042847744,0.042847744,valid,,,Shared Pattern Plane,Region-SIFT(21/28),109,1,141.1699402,143.4524759,3.2813955
545,22,4,4,4,5,75,72.5,1186.713351,819.1995487,2,1187,819,2.015652294,0.015652294,0.015652294,valid,,,Shared Pattern Plane,Region-SIFT(21/28),109,1,181.7469393,184.3976884,2.7290497
546,22,4,4,5,1,65,75,1112.332604,832.6101245,2,1112,833,1.671811066,-0.328188934,0.328188934,valid,,,Shared Pattern Plane,Region-SIFT(21/28),109,1,290.5523075,298.9076824,2.709853
547,22,4,4,5,2,67.5,75,1130.749875,833.7612104,2,1131,834,2.077083424,0.077083424,0.077083424,valid,,,Shared Pattern Plane,Region-SIFT(21/28),109,1,235.9879166,238.2240175,2.9450934
548,22,4,4,5,3,70,75,1149.262879,834.9182797,2,1149,835,2.051704609,0.051704609,0.051704609,valid,,,Shared Pattern Plane,Region-SIFT(21/28),109,1,206.1336142,210.3458257,2.8578931
549,22,4,4,5,4,72.5,75,1167.872365,836.081379,2,1168,836,2.032017937,0.032017937,0.032017937,valid,,,Shared Pattern Plane,Region-SIFT(21/28),109,1,178.5542345,178.9933916,2.7207539
550,22,4,4,5,5,75,75,1186.579088,837.2505557,2,1187,837,1.562192027,-0.437807973,0.437807973,valid,,,Shared Pattern Plane,Region-SIFT(21/28),109,1,267.6018132,274.3309882,2.8180742
551,23,4,5,1,1,85,65,1263.371482,768.7360915,1.5,1263,769,1.504602547,0.004602547,0.004602547,valid,,,Shared Pattern Plane,Region-SIFT(21/28),109,1,243.6578053,248.1704473,2.6839078
552,23,4,5,1,2,87.5,65,1282.688509,769.7482284,1.5,1283,770,1.912705781,0.412705781,0.412705781,valid,,,Shared Pattern Plane,Region-SIFT(21/28),109,1,247.3122747,252.4550023,2.7345712
553,23,4,5,1,3,90,65,1302.108666,770.7657688,1.5,1302,771,1.886357529,0.386357529,0.386357529,valid,,,Shared Pattern Plane,Region-SIFT(21/28),109,1,214.3502072,215.9565435,2.7427165
554,23,4,5,1,4,92.5,65,1321.632782,771.7887563,1.5,1322,772,1.85888928,0.35888928,0.35888928,valid,,,Shared Pattern Plane,Region-SIFT(21/28),109,1,186.1584751,186.6943411,2.7290772
555,23,4,5,1,5,95,65,1341.261692,772.8172346,1.5,1341,773,2.683917015,1.183917015,1.183917015,valid,,,Shared Pattern Plane,Region-SIFT(21/28),109,1,174.3582878,174.5672603,2.6028977
556,23,4,5,2,1,85,67.5,1263.126006,787.1275908,1.5,1263,787,1.498258603,-0.001741397,0.001741397,valid,,,Shared Pattern Plane,Region-SIFT(21/28),109,1,160.4026557,163.1554791,2.8693161
557,23,4,5,2,2,87.5,67.5,1282.414786,788.1871757,1.5,1282,788,1.899964669,0.399964669,0.399964669,valid,,,Shared Pattern Plane,Region-SIFT(21/28),109,1,171.8165382,174.5048425,2.7278371
558,23,4,5,2,3,90,67.5,1301.806398,789.2524093,1.5,1302,789,2.303155887,0.803155887,0.803155887,valid,,,Shared Pattern Plane,Region-SIFT(21/28),109,1,149.6149652,152.3736403,2.9721871
559,23,4,5,2,4,92.5,67.5,1321.301667,790.3233371,1.5,1321,790,1.847574526,0.347574526,0.347574526,valid,,,Shared Pattern Plane,Region-SIFT(21/28),109,1,204.2591991,209.2200981,3.1786493
560,23,4,5,2,5,95,67.5,1340.901425,791.4000047,1.5,1341,791,1.820856924,0.320856924,0.320856924,valid,,,Shared Pattern Plane,Region-SIFT(21/28),109,1,266.4817497,271.2749988,2.7964872
561,23,4,5,3,1,85,70,1262.881228,805.46676,1.5,1263,805,1.919200037,0.419200037,0.419200037,valid,,,Shared Pattern Plane,Region-SIFT(21/28),109,1,193.1557028,197.2670274,2.7239484
562,23,4,5,3,2,87.5,70,1282.141844,806.5735185,1.5,1282,807,1.461886447,-0.038113553,0.038113553,valid,,,Shared Pattern Plane,Region-SIFT(21/28),109,1,264.1063684,273.3259007,3.0461175
563,23,4,5,3,3,90,70,1301.504995,807.6861689,1.5,1302,808,1.86722072,0.36722072,0.36722072,valid,,,Shared Pattern Plane,Region-SIFT(21/28),109,1,272.3204112,278.8032174,2.7186017
564,23,4,5,3,4,92.5,70,1320.971502,808.8047584,1.5,1321,809,1.834424535,0.334424535,0.334424535,valid,,,Shared Pattern Plane,Region-SIFT(21/28),109,1,339.9425636,349.2961522,2.8117635
565,23,4,5,3,5,95,70,1340.542194,809.9293346,1.5,1341,810,14.21241979,12.71241979,12.71241979,valid,,,Shared Pattern Plane,Region-SIFT(21/28),109,1,387.8984647,397.7774902,2.6579269
566,23,4,5,4,1,85,72.5,1262.637146,823.7538222,1.5,1263,824,1.047130395,-0.452869605,0.452869605,valid,,,Shared Pattern Plane,Region-SIFT(21/28),109,1,272.5911974,277.0800909,2.7230625
567,23,4,5,4,2,87.5,72.5,1281.86968,824.9074818,1.5,1282,825,1.878331383,0.378331383,0.378331383,valid,,,Shared Pattern Plane,Region-SIFT(21/28),109,1,337.1403695,346.8694273,2.6648824
568,23,4,5,4,3,90,72.5,1301.204453,826.0672743,1.5,1301,826,2.282631033,0.782631033,0.782631033,valid,,,Shared Pattern Plane,Region-SIFT(21/28),109,1,384.6441168,397.807366,2.8802224
569,23,4,5,4,4,92.5,72.5,1320.642283,827.2332486,1.5,1321,827,2.253954393,0.753954393,0.753954393,valid,,,Shared Pattern Plane,Region-SIFT(21/28),109,1,373.4401457,383.959756,2.6877448
570,23,4,5,4,5,95,72.5,1340.183995,828.4054543,1.5,1340,828,14.20293898,12.70293898,12.70293898,valid,,,Shared Pattern Plane,Region-SIFT(21/28),109,1,416.047413,427.884849,2.7602687
571,23,4,5,5,1,85,75,1262.393756,841.988999,1.5,1262,842,1.47100737,-0.02899263,0.02899263,valid,,,Shared Pattern Plane,Region-SIFT(21/28),109,1,303.7635315,308.8175243,2.7072783
572,23,4,5,5,2,87.5,75,1281.59829,843.1892891,1.5,1282,843,1.440791364,-0.059208636,0.059208636,valid,,,Shared Pattern Plane,Region-SIFT(21/28),109,1,349.6404171,359.0722595,2.7000244
573,23,4,5,5,3,90,75,1300.904768,844.3959507,1.5,1301,844,1.415759381,-0.084240619,0.084240619,valid,,,Shared Pattern Plane,Region-SIFT(21/28),109,1,352.3244323,362.8391295,2.7723754
574,23,4,5,5,4,92.5,75,1320.314005,845.6090348,1.5,1320,846,1.388415124,-0.111584876,0.111584876,valid,,,Shared Pattern Plane,Region-SIFT(21/28),109,1,405.1030488,417.6111951,3.9845109
575,23,4,5,5,5,95,75,1339.826823,846.8285927,1.5,1340,847,0.505972598,-0.994027402,0.994027402,valid,,,Shared Pattern Plane,Region-SIFT(21/28),109,1,423.1582569,436.6806497,2.7772297
576,24,4,6,1,1,105,65,1420.842345,776.9869503,1,1421,777,1.725096006,0.725096006,0.725096006,valid,,,Shared Pattern Plane,Region-SIFT(21/28),109,1,279.0410189,281.4605674,2.7113034
577,24,4,6,1,2,107.5,65,1441.008106,778.0435575,1,1441,778,2.950239077,1.950239077,1.950239077,valid,,,Shared Pattern Plane,Region-SIFT(21/28),109,1,312.9029682,315.4986013,2.6502822
578,24,4,6,1,3,110,65,1461.283878,779.1059288,1,1461,779,1.252772571,0.252772571,0.252772571,valid,,,Shared Pattern Plane,Region-SIFT(21/28),109,1,266.4074997,267.4736677,2.6869734
579,24,4,6,1,4,112.5,65,1481.670563,780.1741116,1,1482,780,2.475962812,1.475962812,1.475962812,valid,,,Shared Pattern Plane,Region-SIFT(21/28),109,1,271.0837413,275.6803169,2.7793666
580,24,4,6,1,5,115,65,1502.169074,781.2481536,1,1502,781,2.033924199,1.033924199,1.033924199,valid,,,Shared Pattern Plane,Region-SIFT(21/28),109,1,258.5502459,261.5429833,3.2039319
581,24,4,6,2,1,105,67.5,1420.362339,795.7650074,1,1420,796,1.293612184,0.293612184,0.293612184,valid,,,Shared Pattern Plane,Region-SIFT(21/28),109,1,307.1020213,315.3989311,2.678971
582,24,4,6,2,2,107.5,67.5,1440.497364,796.8710787,1,1440,797,0.845962115,-0.154037885,0.154037885,valid,,,Shared Pattern Plane,Region-SIFT(21/28),109,1,367.3905318,380.4076745,2.7540596
583,24,4,6,2,3,110,67.5,1460.742071,797.9831751,1,1461,798,2.078928852,1.078928852,1.078928852,valid,,,Shared Pattern Plane,Region-SIFT(21/28),109,1,294.4036676,304.1576136,2.6087189
584,24,4,6,2,4,112.5,67.5,1481.097359,799.1013461,1,1481,799,0.797089882,-0.202910118,0.202910118,valid,,,Shared Pattern Plane,Region-SIFT(21/28),109,1,346.961461,358.0500562,2.6979665
585,24,4,6,2,5,115,67.5,1501.564136,800.2256415,1,1502,800,2.023002818,1.023002818,1.023002818,valid,,,Shared Pattern Plane,Region-SIFT(21/28),109,1,327.2883817,335.7580415,2.7961585
586,24,4,6,3,1,105,70,1419.883728,814.4884782,1,1420,814,0.857318868,-0.142681132,0.142681132,valid,,,Shared Pattern Plane,Region-SIFT(21/28),109,1,432.5489441,448.4199021,2.886726
587,24,4,6,3,2,107.5,70,1439.98811,815.6437214,1,1440,816,0.833337318,-0.166662682,0.166662682,valid,,,Shared Pattern Plane,Region-SIFT(21/28),109,1,425.696322,442.667669,2.6879618
588,24,4,6,3,3,110,70,1460.201847,816.8052484,1,1460,817,-0.038450248,-1.038450248,1.038450248,valid,,,Shared Pattern Plane,Region-SIFT(21/28),109,1,399.0938705,416.0451844,2.6074678
589,24,4,6,3,4,112.5,70,1480.525834,817.9731106,1,1481,818,-0.058293674,-1.058293674,1.058293674,valid,,,Shared Pattern Plane,Region-SIFT(21/28),109,1,364.1707191,372.8836784,2.7466018
590,24,4,6,3,5,115,70,1500.960976,819.14736,1,1501,819,0.762781172,-0.237218828,0.237218828,valid,,,Shared Pattern Plane,Region-SIFT(21/28),109,1,279.728235,288.5275405,2.6992981
591,24,4,6,4,1,105,72.5,1419.406506,833.1576006,1,1419,833,3.36517181,2.36517181,2.36517181,valid,,,Shared Pattern Plane,Region-SIFT(21/28),109,1,492.8663293,512.4190741,2.7445753
592,24,4,6,4,2,107.5,72.5,1439.480338,834.3617253,1,1439,834,2.502853541,1.502853541,1.502853541,valid,,,Shared Pattern Plane,Region-SIFT(21/28),109,1,478.621143,497.3933653,2.8186612
593,24,4,6,4,3,110,72.5,1459.6632,835.5723902,1,1460,836,0.80055761,-0.19944239,0.19944239,valid,,,Shared Pattern Plane,Region-SIFT(21/28),109,1,435.8222762,448.6388526,2.6412738
594,24,4,6,4,4,112.5,72.5,1479.955982,836.7896487,1,1480,837,0.776855146,-0.223144854,0.223144854,valid,,,Shared Pattern Plane,Region-SIFT(21/28),109,1,376.4428769,386.7795337,2.9609652
595,24,4,6,4,5,115,72.5,1500.359585,838.0135547,1,1500,838,0.7532586,-0.2467414,0.2467414,valid,,,Shared Pattern Plane,Region-SIFT(21/28),109,1,317.1969733,327.0382454,2.8081843
596,24,4,6,5,1,105,75,1418.930668,851.7726107,1,1419,852,13.94699655,12.94699655,12.94699655,valid,,,Shared Pattern Plane,Region-SIFT(21/28),109,1,504.3259068,517.222991,2.8318992
597,24,4,6,5,2,107.5,75,1438.974042,853.0253286,1,1439,853,10.88101561,9.881015611,9.881015611,valid,,,Shared Pattern Plane,Region-SIFT(21/28),109,1,495.9003612,513.3670462,3.4022672
598,24,4,6,5,3,110,75,1459.126123,854.2848407,1,1459,854,7.718758907,6.718758907,6.718758907,valid,,,Shared Pattern Plane,Region-SIFT(21/28),109,1,481.1044794,500.7729041,2.6983799
599,24,4,6,5,4,112.5,75,1479.387795,855.5512023,1,1479,856,0.767279051,-0.232720949,0.232720949,valid,,,Shared Pattern Plane,Region-SIFT(21/28),109,1,425.4203875,439.1908909,2.8008745
600,24,4,6,5,5,115,75,1499.759957,856.8244695,1,1500,857,0.326286099,-0.673713901,0.673713901,valid,,,Shared Pattern Plane,Region-SIFT(21/28),109,1,352.8414703,363.991166,2.8118216
,,,,,,,,,,,,,,,,,,,,,,,,,
,,,,,,,,,,,,,,,,,,,,,,,,,
,,,,,,,,,,,,,,1.5 Avg,1.37759695,,,,,,,,,,
