sample_id,block_id,row,column,sample_row,sample_column,model_x_mm,model_y_mm,u,v,true_height_mm,measured_u,measured_v,wound_height_mm,error_mm,abs_error_mm,status,failure_reason,measurement_warning,height_reference_source,method,candidate_frame,fused_count,group_score,objective_score,elapsed_seconds
1,1,1,1,1,1,5,5,911.54035163182,460.586419691007,12.5,912,461,13.9457872690608,1.44578726906078,1.44578726906078,valid,,,Shared Pattern Plane,Grad-SIFT+Top2Geo+MidGrad+極線對齊,124,1,,,1.92015530000208
2,1,1,1,1,2,7.5,5,923.656039545306,456.664211893071,12.5,924,457,13.3658629591056,0.86586295910562,0.86586295910562,valid,,,Shared Pattern Plane,Grad-SIFT+Top2Geo+MidGradInterp+極線對齊,124,1,,,1.86435599999095
3,1,1,1,1,3,10,5,935.838987678066,452.720229965725,12.5,936,453,12.1723816810531,-0.327618318946934,0.327618318946934,valid,,,Shared Pattern Plane,Grad-SIFT+Top2Geo+MidGradInterp+極線對齊,124,1,,,1.95151699999406
4,1,1,1,1,4,12.5,5,948.08975768158,448.754292085714,12.5,948,449,12.2228157614659,-0.277184238534138,0.277184238534138,valid,,,Shared Pattern Plane,Grad-SIFT+Top2Geo+MidGradInterp+極線對齊,124,1,,,1.77155910000147
5,1,1,1,1,5,15,5,960.408917478154,444.766214399729,12.5,960,445,12.0166536180555,-0.483346381944544,0.483346381944544,valid,,,Shared Pattern Plane,Grad-SIFT+Top2Geo+MidGrad+極線對齊,124,1,,,1.76977549999719
6,1,1,1,2,1,5,7.5,916.052079704301,473.29564241374,12.5,916,473,13.1796060612038,0.679606061203783,0.679606061203783,valid,,,Shared Pattern Plane,Grad-SIFT+Top2Geo+MidGrad+極線對齊,124,1,,,1.84206360000826
7,1,1,1,2,2,7.5,7.5,928.171072489153,469.41155797454,12.5,928,469,12.0866184488576,-0.41338155114236,0.41338155114236,valid,,,Shared Pattern Plane,Grad-SIFT+Top2Geo+MidGrad+極線對齊,124,1,,,1.99499890000152
8,1,1,1,2,3,10,7.5,940.35729275323,465.505927420858,12.5,940,466,13.6658516831672,1.16585168316715,1.16585168316715,valid,,,Shared Pattern Plane,Grad-SIFT+Top2Geo+MidGrad+極線對齊,124,1,,,1.95336569999927
9,1,1,1,2,4,12.5,7.5,952.611301447158,461.57857097046,12.5,953,462,12.9800279988579,0.480027998857906,0.480027998857906,valid,,,Shared Pattern Plane,Grad-SIFT+Top2Geo+MidGrad+極線對齊,124,1,,,1.82430200000817
10,1,1,1,2,5,15,7.5,964.933665779784,457.62930683538,12.5,965,458,12.6000634665889,0.100063466588947,0.100063466588947,valid,,,Shared Pattern Plane,Grad-SIFT+Top2Geo+MidGrad+極線對齊,124,1,,,1.74535820000165
11,1,1,1,3,1,5,10,920.556998883016,485.985684958501,12.5,921,486,12.7253990995189,0.225399099518873,0.225399099518873,valid,,,Shared Pattern Plane,Grad-SIFT+Top2Geo+MidGrad+極線對齊,124,1,,,1.74865399999544
12,1,1,1,3,2,7.5,10,932.679272718944,482.139613173342,12.5,933,482,11.2715803935746,-1.22841960642541,1.22841960642541,valid,,,Shared Pattern Plane,Grad-SIFT+Top2Geo+MidGrad+極線對齊,124,1,,,1.96329919999698
13,1,1,1,3,3,10,10,944.868741211695,478.27222232897,12.5,945,478,11.5611143539201,-0.938885646079859,0.938885646079859,valid,,,Shared Pattern Plane,Grad-SIFT+Top2Geo+MidGrad+極線對齊,124,1,,,2.00254050000513
14,1,1,1,3,4,12.5,10,957.125964611422,474.383334673062,12.5,957,474,12.0500510680897,-0.449948931910294,0.449948931910294,valid,,,Shared Pattern Plane,Grad-SIFT+Top2Geo+MidGrad+極線對齊,124,1,,,1.77932190000138
15,1,1,1,3,5,15,10,969.451509413913,470.472770471727,12.5,969,470,12.6659081229613,0.165908122961293,0.165908122961293,valid,,,Shared Pattern Plane,Grad-SIFT+Top2Geo+MidGrad+極線對齊,124,1,,,1.77003189999959
16,1,1,1,4,1,5,12.5,925.055124569847,498.656590711323,12.5,925,499,11.5541466865373,-0.945853313462722,0.945853313462722,valid,,,Shared Pattern Plane,Grad-SIFT+Top2Geo+MidGrad+極線對齊,124,1,,,1.75640100000601
17,1,1,1,4,2,7.5,12.5,937.180655733131,494.848421246445,12.5,937,495,9.12055813585446,-3.37944186414554,3.37944186414554,valid,,,Shared Pattern Plane,Grad-SIFT+Top2Geo+MidGradInterp+極線對齊,124,1,,,1.96864420000929
18,1,1,1,4,3,10,12.5,949.373348649204,491.019158822196,12.5,949,491,12.5906297638408,0.0906297638407825,0.0906297638407825,valid,,,Shared Pattern Plane,Grad-SIFT+Top2Geo+MidGrad+極線對齊,124,1,,,2.01476930000354
19,1,1,1,4,4,12.5,12.5,961.63376286813,487.168627705122,12.5,962,487,10.8752162520009,-1.6247837479991,1.6247837479991,valid,,,Shared Pattern Plane,Grad-SIFT+Top2Geo+MidGrad+極線對齊,124,1,,,1.96419260000403
20,1,1,1,4,5,15,12.5,973.962464173049,483.296650204197,12.5,974,483,12.4801691293825,-0.0198308706175396,0.0198308706175396,valid,,,Shared Pattern Plane,Grad-SIFT+Top2Geo+MidGrad+極線對齊,124,1,,,1.83164609999221
21,1,1,1,5,1,5,15,929.546472120262,511.308402927486,12.5,930,511,10.8519891389013,-1.64801086109871,1.64801086109871,valid,,,Shared Pattern Plane,Grad-SIFT+Top2Geo+MidGradInterp+極線對齊,124,1,,,1.74727140000323
22,1,1,1,5,2,7.5,15,941.67523698333,507.538025818575,12.5,942,508,11.0385552830549,-1.46144471694509,1.46144471694509,valid,,,Shared Pattern Plane,Grad-SIFT+Top2Geo+MidGrad+極線對齊,124,1,,,1.93582820000302
23,1,1,1,5,3,10,15,953.871130614238,503.746780898929,12.5,954,504,11.7643991823004,-0.735600817699572,0.735600817699572,valid,,,Shared Pattern Plane,Grad-SIFT+Top2Geo+MidGrad+極線對齊,124,1,,,2.12437359998876
24,1,1,1,5,4,12.5,15,966.134711863352,499.934494442975,12.5,966,500,14.271140446647,1.771140446647,1.771140446647,valid,,,Shared Pattern Plane,Grad-SIFT+Top2Geo+MidGrad+極線對齊,124,1,,,1.83284920000006
25,1,1,1,5,5,15,15,978.466545801577,496.100990791407,12.5,978,496,13.05142217692,0.551422176919999,0.551422176919999,valid,,,Shared Pattern Plane,Grad-SIFT+Top2Geo+MidGradInterp+極線對齊,124,1,,,1.74973940000928
26,2,1,2,1,1,25,5,1010.38103747641,428.588755873551,12,1010,429,11.7348422647561,-0.265157735243859,0.265157735243859,valid,,,Shared Pattern Plane,Grad-SIFT+Top2Geo+MidGrad+極線對齊,124,1,,,1.96491019999667
27,2,1,2,1,2,27.5,5,1023.05089077876,424.487148290391,12,1023,424,12.4246622739259,0.424662273925899,0.424662273925899,valid,,,Shared Pattern Plane,Grad-SIFT+Top2Geo+MidGrad+極線對齊,124,1,,,2.03420589999587
28,2,1,2,1,3,30,5,1035.79267811515,420.362253525249,12,1036,420,12.6894620892699,0.689462089269906,0.689462089269906,valid,,,Shared Pattern Plane,Grad-SIFT+Top2Geo+MidGrad+極線對齊,124,1,,,1.9273644000059
29,2,1,2,1,4,32.5,5,1048.60701384588,416.213872691467,12,1049,416,13.7945978414854,1.7945978414854,1.7945978414854,valid,,,Shared Pattern Plane,Grad-SIFT+Top2Geo+MidGrad+極線對齊,124,1,,,1.94864679999591
30,2,1,2,1,5,35,5,1061.49451934719,412.041804631104,12,1061,412,13.0369724250355,1.03697242503546,1.03697242503546,valid,,,Shared Pattern Plane,Grad-SIFT+Top2Geo+MidGrad+極線對齊,124,1,,,1.85839940000733
31,2,1,2,2,1,25,7.5,1014.91824765437,441.609465904235,12,1015,442,12.8027235393435,0.802723539343495,0.802723539343495,valid,,,Shared Pattern Plane,Grad-SIFT+Top2Geo+MidGrad+極線對齊,124,1,,,1.73103209999681
32,2,1,2,2,2,27.5,7.5,1027.59112356045,437.547864335478,12,1028,438,13.378805176318,1.37880517631796,1.37880517631796,valid,,,Shared Pattern Plane,Grad-SIFT+Top2Geo+MidGrad+極線對齊,124,1,,,1.73292740000761
33,2,1,2,2,3,30,7.5,1040.33589478668,433.463220629537,12,1040,433,13.4500653277024,1.45006532770243,1.45006532770243,valid,,,Shared Pattern Plane,Grad-SIFT+Top2Geo+MidGrad+極線對齊,124,1,,,2.00557300000219
34,2,1,2,2,4,32.5,7.5,1053.15317488452,429.355338145845,12,1053,429,13.5904053198392,1.59040531983924,1.59040531983924,valid,,,Shared Pattern Plane,Grad-SIFT+Top2Geo+MidGrad+極線對齊,124,1,,,2.02547720000439
35,2,1,2,2,5,35,7.5,1066.04358440669,425.224017999954,12,1066,425,13.4703996082042,1.47039960820415,1.47039960820415,valid,,,Shared Pattern Plane,Grad-SIFT+Top2Geo+MidGrad+極線對齊,124,1,,,1.98035070000333
36,2,1,2,3,1,25,10,1019.4484560933,454.610082615449,12,1019,455,13.0091438551597,1.00914385515973,1.00914385515973,valid,,,Shared Pattern Plane,Grad-SIFT+Top2Geo+MidGrad+極線對齊,124,1,,,1.811841799994
37,2,1,2,3,2,27.5,10,1032.12433013599,450.588368358895,12,1032,451,13.4040613421329,1.40406134213292,1.40406134213292,valid,,,Shared Pattern Plane,Grad-SIFT+Top2Geo+MidGrad+極線對齊,124,1,,,1.75015269999858
38,2,1,2,3,3,30,10,1044.87206070633,446.543855956769,12,1045,447,12.6669311636255,0.666931163625508,0.666931163625508,valid,,,Shared Pattern Plane,Grad-SIFT+Top2Geo+MidGrad+極線對齊,124,1,,,1.88384020001104
39,2,1,2,3,4,32.5,10,1057.69226054752,442.476351002116,12,1058,442,13.2091055840714,1.20910558407136,1.20910558407136,valid,,,Shared Pattern Plane,Grad-SIFT+Top2Geo+MidGrad+極線對齊,124,1,,,2.19864869999583
40,2,1,2,3,5,35,10,1070.58554938936,438.385656871321,12,1071,438,13.2448818336421,1.24488183364209,1.24488183364209,valid,,,Shared Pattern Plane,Grad-SIFT+Top2Geo+MidGrad+極線對齊,124,1,,,2.26963160000741
41,2,1,2,4,1,25,12.5,1023.97167898813,467.590652482794,12,1024,468,13.3261364222563,1.32613642225629,1.32613642225629,valid,,,Shared Pattern Plane,Grad-SIFT+Top2Geo+MidGrad+極線對齊,124,1,,,2.21594330000516
42,2,1,2,4,2,27.5,12.5,1036.6505268028,463.608707242831,12,1037,464,12.4568280343187,0.45682803431872,0.45682803431872,valid,,,Shared Pattern Plane,Grad-SIFT+Top2Geo+MidGrad+極線對齊,124,1,,,2.32441780000227
43,2,1,2,4,3,30,12.5,1049.40119227476,459.604206800473,12,1049,460,12.9797102757995,0.979710275799469,0.979710275799469,valid,,,Shared Pattern Plane,Grad-SIFT+Top2Geo+MidGrad+極線對齊,124,1,,,2.48317629999656
44,2,1,2,4,4,32.5,12.5,1062.22428733957,455.576958969971,12,1062,456,12.5393860825615,0.539386082561501,0.539386082561501,valid,,,Shared Pattern Plane,Grad-SIFT+Top2Geo+MidGrad+極線對齊,124,1,,,3.09967329999199
45,2,1,2,4,5,35,12.5,1075.12043090471,451.526769375953,12,1075,452,13.5546356804549,1.55463568045487,1.55463568045487,valid,,,Shared Pattern Plane,Grad-SIFT+Top2Geo+MidGrad+極線對齊,124,1,,,2.31883199998992
46,2,1,2,5,1,25,15,1028.48793248391,480.551221838649,12,1028,481,12.3531574298627,0.353157429862684,0.353157429862684,valid,,,Shared Pattern Plane,Grad-SIFT+Top2Geo+MidGradInterp+極線對齊,124,1,,,2.89730110000528
47,2,1,2,5,2,27.5,15,1041.16972980796,476.608927724592,12,1041,477,12.5856532465169,0.585653246516868,0.585653246516868,valid,,,Shared Pattern Plane,Grad-SIFT+Top2Geo+MidGrad+極線對齊,124,1,,,2.24707630000194
48,2,1,2,5,3,30,15,1053.92330584185,472.644320307611,12,1054,473,11.8457611978186,-0.154238802181395,0.154238802181395,valid,,,Shared Pattern Plane,Grad-SIFT+Top2Geo+MidGrad+極線對齊,124,1,,,2.53949860000284
49,2,1,2,5,4,32.5,15,1066.74927171407,468.657209610828,12,1067,469,13.1213974336249,1.12139743362489,1.12139743362489,valid,,,Shared Pattern Plane,Grad-SIFT+Top2Geo+MidGradInterp+極線對齊,124,1,,,2.7479544999951
50,2,1,2,5,5,35,15,1079.64824551046,464.64740349459,12,1080,465,12.7776116536836,0.7776116536836,0.7776116536836,valid,,,Shared Pattern Plane,Grad-SIFT+Top2Geo+MidGradInterp+極線對齊,124,1,,,2.56532720000541
51,3,1,3,1,1,45,5,1113.78891781647,395.112555633511,11.5,1114,395,13.0820726461657,1.58207264616572,1.58207264616572,valid,,,Shared Pattern Plane,Grad-SIFT+Top2Geo+MidGrad+極線對齊,124,1,,,2.50441739999224
52,3,1,3,1,2,47.5,5,1127.05184550286,390.818952268477,11.5,1127,391,12.8396904038072,1.33969040380723,1.33969040380723,valid,,,Shared Pattern Plane,Grad-SIFT+Top2Geo+MidGrad+極線對齊,124,1,,,2.34568630000285
53,3,1,3,1,3,50,5,1140.39182430087,386.500405171568,11.5,1140,387,12.8635206373147,1.36352063731474,1.36352063731474,valid,,,Shared Pattern Plane,Grad-SIFT+Top2Geo+MidGrad+極線對齊,124,1,,,2.36013420000381
54,3,1,3,1,4,52.5,5,1153.80952761037,382.156696343255,11.5,1154,382,13.1681734062405,1.66817340624055,1.66817340624055,valid,,,Shared Pattern Plane,Grad-SIFT+Top2Geo+MidGrad+極線對齊,124,1,,,2.43059869999706
55,3,1,3,1,5,55,5,1167.30563670119,377.787605236272,11.5,1167,378,13.188751023413,1.68875102341296,1.68875102341296,valid,,,Shared Pattern Plane,Grad-SIFT+Top2Geo+MidGrad+極線對齊,124,1,,,2.37445370000205
56,3,1,3,2,1,45,7.5,1118.34917849475,408.460302756677,11.5,1118,408,10.8754704111959,-0.624529588804076,0.624529588804076,valid,,,Shared Pattern Plane,Grad-SIFT+Top2Geo+MidGrad+極線對齊,124,1,,,2.49318249999487
57,3,1,3,2,2,47.5,7.5,1131.61479558216,404.208730219229,11.5,1132,404,11.8407794519064,0.340779451906371,0.340779451906371,valid,,,Shared Pattern Plane,Grad-SIFT+Top2Geo+MidGrad+極線對齊,124,1,,,2.28371899999911
58,3,1,3,2,3,50,7.5,1144.95741816815,399.932477754658,11.5,1145,400,12.4669496053948,0.966949605394777,0.966949605394777,valid,,,Shared Pattern Plane,Grad-SIFT+Top2Geo+MidGrad+極線對齊,124,1,,,2.67379159999837
59,3,1,3,2,4,52.5,7.5,1158.37771871761,395.631329840888,11.5,1158,396,12.4562798818842,0.956279881884194,0.956279881884194,valid,,,Shared Pattern Plane,Grad-SIFT+Top2Geo+MidGrad+極線對齊,124,1,,,2.56141239999852
60,3,1,3,2,5,55,7.5,1171.87637754822,391.305068439068,11.5,1172,391,11.6745765101796,0.17457651017957,0.17457651017957,valid,,,Shared Pattern Plane,Grad-SIFT+Top2Geo+MidGrad+極線對齊,124,1,,,2.23670819999825
61,3,1,3,3,1,45,10,1122.90223953086,421.786976741713,11.5,1123,422,12.6160017668254,1.11600176682539,1.11600176682539,valid,,,Shared Pattern Plane,Grad-SIFT+Top2Geo+MidGrad+極線對齊,124,1,,,2.3636783999973
62,3,1,3,3,2,47.5,10,1136.17052094143,417.577307544217,11.5,1136,418,11.7683303258486,0.268330325848614,0.268330325848614,valid,,,Shared Pattern Plane,Grad-SIFT+Top2Geo+MidGrad+極線對齊,124,1,,,2.3427473000047
63,3,1,3,3,3,50,10,1149.5157621645,413.34322106598,11.5,1150,413,14.3468611842813,2.84686118428133,2.84686118428133,valid,,,Shared Pattern Plane,Grad-SIFT+Top2Geo+MidGrad+極線對齊,124,1,,,2.28853259999596
64,3,1,3,3,4,52.5,10,1162.93863473087,409.084504248325,11.5,1163,409,12.694345096559,1.19434509655903,1.19434509655903,valid,,,Shared Pattern Plane,Grad-SIFT+Top2Geo+MidGrad+極線對齊,124,1,,,3.28855439998733
65,3,1,3,3,5,55,10,1176.43981800692,404.800941546551,11.5,1176,405,12.4546215064815,0.954621506481477,0.954621506481477,valid,,,Shared Pattern Plane,Grad-SIFT+Top2Geo+MidGrad+極線對齊,124,1,,,2.65860530000646
66,3,1,3,4,1,45,12.5,1127.44811796131,435.092627453988,11.5,1127,435,12.3841650144061,0.884165014406063,0.884165014406063,valid,,,Shared Pattern Plane,Grad-SIFT+Top2Geo+MidGrad+極線對齊,124,1,,,2.36306819999299
67,3,1,3,4,2,47.5,12.5,1140.71903872591,430.924734555438,11.5,1141,431,12.2642816150276,0.764281615027622,0.764281615027622,valid,,,Shared Pattern Plane,Grad-SIFT+Top2Geo+MidGrad+極線對齊,124,1,,,2.21105019999959
68,3,1,3,4,3,50,12.5,1154.06687354474,426.732685869506,11.5,1154,427,12.5959626823467,1.09596268234674,1.09596268234674,valid,,,Shared Pattern Plane,Grad-SIFT+Top2Geo+MidGrad+極線對齊,124,1,,,2.28062659999705
69,3,1,3,4,4,52.5,12.5,1167.49229301531,422.516270786939,11.5,1167,423,13.9745395033618,2.47453950336183,2.47453950336183,valid,,,Shared Pattern Plane,Grad-SIFT+Top2Geo+MidGrad+極線對齊,124,1,,,2.73349969999981
70,3,1,3,4,5,55,12.5,1180.99597555362,418.275276243003,11.5,1181,418,12.8451385738531,1.34513857385311,1.34513857385311,valid,,,Shared Pattern Plane,Grad-SIFT+Top2Geo+MidGrad+極線對齊,124,1,,,2.56831859999511
71,3,1,3,5,1,45,15,1131.98683076889,448.377304601664,11.5,1132,448,12.3168926354141,0.816892635414062,0.816892635414062,valid,,,Shared Pattern Plane,Grad-SIFT+Top2Geo+MidGradInterp+極線對齊,124,1,,,2.51502379999147
72,3,1,3,5,2,47.5,15,1145.26036602666,444.251061405819,11.5,1145,444,12.5438682081749,1.04386820817488,1.04386820817488,valid,,,Shared Pattern Plane,Grad-SIFT+Top2Geo+MidGrad+極線對齊,124,1,,,2.54894150000473
73,3,1,3,5,3,50,15,1158.61076950893,440.100922768244,11.5,1159,440,12.4082226949528,0.908222694952771,0.908222694952771,valid,,,Shared Pattern Plane,Grad-SIFT+Top2Geo+MidGradInterp+極線對齊,124,1,,,2.41269130000728
74,3,1,3,5,4,52.5,15,1172.03871088084,435.926680515218,11.5,1172,436,11.7244910620743,0.224491062074298,0.224491062074298,valid,,,Shared Pattern Plane,Grad-SIFT+Top2Geo+MidGradInterp+極線對齊,124,1,,,2.47178190000704
75,3,1,3,5,5,55,15,1185.54486760888,431.72812404787,11.5,1186,432,12.2427110560581,0.742711056058074,0.742711056058074,valid,,,Shared Pattern Plane,Grad-SIFT+Top2Geo+MidGradInterp+極線對齊,124,1,,,2.42059939999308
76,4,1,4,1,1,65,5,1222.08803823779,360.052915796368,11,1222,360,11.9858186471924,0.98581864719244,0.98581864719244,valid,,,Shared Pattern Plane,Grad-SIFT+Top2Geo+MidGradInterp+極線對齊,124,1,,,2.18976340000518
77,4,1,4,1,2,67.5,5,1235.98667891818,355.553513265817,11,1236,356,12.0199154536215,1.01991545362147,1.01991545362147,valid,,,Shared Pattern Plane,Grad-SIFT+Top2Geo+MidGradInterp+極線對齊,124,1,,,2.23465490000672
78,4,1,4,1,3,70,5,1249.9679848701,351.027349533182,11,1250,351,12.4229016509442,1.42290165094415,1.42290165094415,valid,,,Shared Pattern Plane,Grad-SIFT+Top2Geo+MidGrad+極線對齊,124,1,,,2.43802480000886
79,4,1,4,1,4,72.5,5,1264.03269579861,346.474185133982,11,1264,346,12.2390246224643,1.23902462246435,1.23902462246435,valid,,,Shared Pattern Plane,Grad-SIFT+Top2Geo+MidGrad+極線對齊,124,1,,,2.59263850000571
80,4,1,4,1,5,75,5,1278.18156026051,341.893777738159,11,1278,342,12.6126230567839,1.61262305678388,1.61262305678388,valid,,,Shared Pattern Plane,Grad-SIFT+Top2Geo+HighGrad+極線對齊,124,1,,,2.44709739999962
81,4,1,4,2,1,65,7.5,1226.66848337695,373.744437005538,11,1227,374,13.4269974210363,2.42699742103628,2.42699742103628,valid,,,Shared Pattern Plane,Grad-SIFT+Top2Geo+MidGrad+極線對齊,124,1,,,2.40778649999993
82,4,1,4,2,2,67.5,7.5,1240.56942138681,369.289246877701,11,1241,369,12.8092653829428,1.80926538294283,1.80926538294283,valid,,,Shared Pattern Plane,Grad-SIFT+Top2Geo+MidGrad+極線對齊,124,1,,,2.32492210000055
83,4,1,4,2,3,70,7.5,1254.5529710738,364.807580066917,11,1255,365,12.5919845938126,1.59198459381265,1.59198459381265,valid,,,Shared Pattern Plane,Grad-SIFT+Top2Geo+MidGrad+極線對齊,124,1,,,2.45088990000659
84,4,1,4,2,4,72.5,7.5,1268.61987106023,360.299199847945,11,1269,360,12.7205833892973,1.72058338929733,1.72058338929733,valid,,,Shared Pattern Plane,Grad-SIFT+Top2Geo+MidGrad+極線對齊,124,1,,,2.62804929999402
85,4,1,4,2,5,75,7.5,1282.77086880002,355.76386666506,11,1283,356,,,,failed,Top2-Geo: HIGH/MID 均未通過支援點與 RANSAC 門檻,,,,124,,,,2.39077050000196
86,4,1,4,3,1,65,10,1231.24152625668,387.413831939013,11,1231,387,12.3051694339208,1.30516943392077,1.30516943392077,valid,,,Shared Pattern Plane,Grad-SIFT+Top2Geo+MidGrad+極線對齊,124,1,,,2.42934820000664
87,4,1,4,3,2,67.5,10,1245.14473595997,383.002717053581,11,1245,383,12.0478427022094,1.0478427022094,1.0478427022094,valid,,,Shared Pattern Plane,Grad-SIFT+Top2Geo+MidGrad+極線對齊,124,1,,,2.32502149998618
88,4,1,4,3,3,70,10,1259.13050368085,378.565408727345,11,1259,379,11.8038784565135,0.803878456513507,0.803878456513507,valid,,,Shared Pattern Plane,Grad-SIFT+Top2Geo+MidGrad+極線對齊,124,1,,,2.31757590000052
89,4,1,4,3,4,72.5,10,1273.19956696013,374.101672958427,11,1273,374,11.9939707301028,0.993970730102816,0.993970730102816,valid,,,Shared Pattern Plane,Grad-SIFT+Top2Geo+MidGrad+極線對齊,124,1,,,2.30925600000774
90,4,1,4,3,5,75,10,1287.35267215004,369.611272949317,11,1287,370,12.9712732074788,1.97127320747875,1.97127320747875,valid,,,Shared Pattern Plane,Grad-SIFT+Top2Geo+MidGrad+極線對齊,124,1,,,2.26409880000574
91,4,1,4,4,1,65,12.5,1235.8071848062,401.061154189465,11,1236,401,11.9579685472445,0.957968547244487,0.957968547244487,valid,,,Shared Pattern Plane,Grad-SIFT+Top2Geo+MidGrad+極線對齊,124,1,,,2.37717500000144
92,4,1,4,4,2,67.5,12.5,1249.71264068216,396.69397787785,11,1250,397,12.6838803445568,1.68388034455681,1.68388034455681,valid,,,Shared Pattern Plane,Grad-SIFT+Top2Geo+MidGrad+極線對齊,124,1,,,2.60158280000906
93,4,1,4,4,3,70,12.5,1263.70060085195,392.300890096608,11,1264,392,12.1583811809552,1.15838118095516,1.15838118095516,valid,,,Shared Pattern Plane,Grad-SIFT+Top2Geo+MidGradInterp+極線對齊,124,1,,,2.51317130000098
94,4,1,4,4,4,72.5,12.5,1277.77180177599,387.881659551443,11,1278,388,11.7823517496896,0.782351749689646,0.782351749689646,valid,,,Shared Pattern Plane,Grad-SIFT+Top2Geo+MidGrad+極線對齊,124,1,,,2.47090470000694
95,4,1,4,4,5,75,12.5,1291.92698870611,383.436052187031,11,1292,383,10.6912188242347,-0.308781175765272,0.308781175765272,valid,,,Shared Pattern Plane,Grad-SIFT+Top2Geo+MidGrad+極線對齊,124,1,,,3.32266890000028
96,4,1,4,5,1,65,15,1240.36547689688,414.68645717663,11,1240,415,11.7258899276021,0.725889927602099,0.725889927602099,valid,,,Shared Pattern Plane,Grad-SIFT+Top2Geo+MidGradInterp+極線對齊,124,1,,,2.82821510000213
97,4,1,4,5,2,67.5,15,1254.27315353954,410.363083259861,11,1254,410,11.3961587000066,0.396158700006618,0.396158700006618,valid,,,Shared Pattern Plane,Grad-SIFT+Top2Geo+MidGradInterp+極線對齊,124,1,,,2.732488499998
98,4,1,4,5,3,70,15,1268.26328068881,406.014078579675,11,1268,406,11.0869297763654,0.0869297763654462,0.0869297763654462,valid,,,Shared Pattern Plane,Grad-SIFT+Top2Geo+MidGradInterp+極線對齊,124,1,,,2.32066150000901
99,4,1,4,5,4,72.5,15,1282.33659372599,401.639214533665,11,1282,402,10.9928830757234,-0.00711692427657695,0.00711692427657695,valid,,,Shared Pattern Plane,Grad-SIFT+Top2Geo+MidGrad+極線對齊,124,1,,,2.31911310000578
100,4,1,4,5,5,75,15,1296.49383680368,397.238259792762,11,1296,397,10.8753061159514,-0.124693884048604,0.124693884048604,valid,,,Shared Pattern Plane,Grad-SIFT+Top2Geo+MidGrad+極線對齊,124,1,,,2.22499420000531
101,5,1,5,1,1,85,5,1335.63384189501,323.294768862635,10.5,1336,323,,,,failed,Top2-Geo: HIGH/MID 均未通過支援點與 RANSAC 門檻,,,,124,,,,2.48990349999804
102,5,1,5,1,2,87.5,5,1350.21502162015,318.574408184034,10.5,1350,319,,,,failed,Top2-Geo: HIGH/MID 均未通過支援點與 RANSAC 門檻,,,,124,,,,2.44111309999425
103,5,1,5,1,3,90,5,1364.88503971455,313.825287888384,10.5,1365,314,11.1920493159221,0.692049315922073,0.692049315922073,valid,,,Shared Pattern Plane,Grad-SIFT+Top2Geo+MidGrad+極線對齊,124,1,,,2.47903530001349
104,5,1,5,1,4,92.5,5,1379.64471055385,309.047144338116,10.5,1380,309,11.5640054615942,1.06400546159419,1.06400546159419,valid,,,Shared Pattern Plane,Grad-SIFT+Top2Geo+MidGrad+極線對齊,124,1,,,2.42933329999505
105,5,1,5,1,5,95,5,1394.494858498,304.239710663451,10.5,1394,304,11.5248575959201,1.02485759592013,1.02485759592013,valid,,,Shared Pattern Plane,Grad-SIFT+Top2Geo+MidGrad+極線對齊,124,1,,,2.53938240000571
106,5,1,5,2,1,85,7.5,1340.23110295756,337.348111715271,10.5,1340,337,,,,failed,Top2-Geo: HIGH/MID 均未通過支援點與 RANSAC 門檻,,,,124,,,,2.38086849999672
107,5,1,5,2,2,87.5,7.5,1354.81411978078,332.674318296523,10.5,1355,333,11.0403600741693,0.540360074169337,0.540360074169337,valid,,,Shared Pattern Plane,Grad-SIFT+Top2Geo+MidGrad+極線對齊,124,1,,,2.36485879999236
108,5,1,5,2,3,90,7.5,1369.48591212809,327.972072708708,10.5,1369,328,10.6569931584034,0.156993158403376,0.156993158403376,valid,,,Shared Pattern Plane,Grad-SIFT+Top2Geo+MidGrad+極線對齊,124,1,,,2.27323000000615
109,5,1,5,2,4,92.5,7.5,1384.24729311881,323.241114350615,10.5,1384,323,11.2607569240509,0.760756924050886,0.760756924050886,valid,,,Shared Pattern Plane,Grad-SIFT+Top2Geo+MidGrad+極線對齊,124,1,,,2.56199990000459
110,5,1,5,2,5,95,7.5,1399.09908583281,318.48117942873,10.5,1399,318,11.6423148342946,1.1423148342946,1.1423148342946,valid,,,Shared Pattern Plane,Grad-SIFT+Top2Geo+MidGrad+極線對齊,124,1,,,2.31699300000037
111,5,1,5,3,1,85,10,1344.82075491902,351.37819434736,10.5,1345,351,11.9319863313029,1.43198633130292,1.43198633130292,valid,,,Shared Pattern Plane,Grad-SIFT+Top2Geo+MidGrad+極線對齊,124,1,,,2.34781810001004
112,5,1,5,3,2,87.5,10,1359.40558271935,346.750820353548,10.5,1359,347,11.2837896910876,0.783789691087559,0.783789691087559,valid,,,Shared Pattern Plane,Grad-SIFT+Top2Geo+MidGrad+極線對齊,124,1,,,2.58692840000731
113,5,1,5,3,3,90,10,1374.07912314434,342.095300227476,10.5,1374,342,10.7759128305159,0.27591283051594,0.27591283051594,valid,,,Shared Pattern Plane,Grad-SIFT+Top2Geo+MidGrad+極線對齊,124,1,,,2.36149220001244
114,5,1,5,3,4,92.5,10,1388.84218805862,337.411376386307,10.5,1389,337,10.4874887894616,-0.012511210538408,0.012511210538408,valid,,,Shared Pattern Plane,Grad-SIFT+Top2Geo+MidGrad+極線對齊,124,1,,,2.22481910001079
115,5,1,5,3,5,95,10,1403.69559926366,332.698788094518,10.5,1404,333,10.9279279247084,0.427927924708404,0.427927924708404,valid,,,Shared Pattern Plane,Grad-SIFT+Top2Geo+MidGrad+極線對齊,124,1,,,2.34248580000713
116,5,1,5,4,1,85,12.5,1349.40281665496,365.38507445946,10.5,1349,365,12.2126918193341,1.71269181933406,1.71269181933406,valid,,,Shared Pattern Plane,Grad-SIFT+Top2Geo+MidGrad+極線對齊,124,1,,,2.3144908999966
117,5,1,5,4,2,87.5,12.5,1363.98942943358,360.80397259831,10.5,1364,361,10.6885707921139,0.188570792113884,0.188570792113884,valid,,,Shared Pattern Plane,Grad-SIFT+Top2Geo+MidGrad+極線對齊,124,1,,,2.39767590000702
118,5,1,5,4,3,90,12.5,1378.66469188408,356.195029237354,10.5,1379,356,10.8267650159807,0.326765015980685,0.326765015980685,valid,,,Shared Pattern Plane,Grad-SIFT+Top2Geo+MidGrad+極線對齊,124,1,,,2.39473759999964
119,5,1,5,4,4,92.5,12.5,1393.42941461802,351.557989794249,10.5,1393,352,9.93424602916851,-0.565753970831492,0.565753970831492,valid,,,Shared Pattern Plane,Grad-SIFT+Top2Geo+MidGrad+極線對齊,124,1,,,2.25187830001232
120,5,1,5,4,5,95,12.5,1408.2844181601,346.892596573298,10.5,1408,347,10.0959497838345,-0.404050216165468,0.404050216165468,valid,,,Shared Pattern Plane,Grad-SIFT+Top2Geo+MidGrad+極線對齊,124,1,,,2.87544530000014
121,5,1,5,5,1,85,15,1353.97730697853,379.368809561439,10.5,1354,379,10.4947419653053,-0.00525803469469643,0.00525803469469643,valid,,,Shared Pattern Plane,Grad-SIFT+Top2Geo+MidGradInterp+極線對齊,124,1,,,2.50199409999186
122,5,1,5,5,2,87.5,15,1368.56567885821,374.833833080947,10.5,1369,375,10.1596101862706,-0.340389813729436,0.340389813729436,valid,,,Shared Pattern Plane,Grad-SIFT+Top2Geo+MidGradInterp+極線對齊,124,1,,,2.42336289999366
123,5,1,5,5,3,90,15,1383.24263740452,370.27131833553,10.5,1383,370,10.2180925391419,-0.281907460858141,0.281907460858141,valid,,,Shared Pattern Plane,Grad-SIFT+Top2Geo+MidGradInterp+極線對齊,124,1,,,2.4342689000041
124,5,1,5,5,4,92.5,15,1398.00899197752,365.681013725568,10.5,1398,366,9.59356583295277,-0.906434167047234,0.906434167047234,valid,,,Shared Pattern Plane,Grad-SIFT+Top2Geo+MidGradInterp+極線對齊,124,1,,,2.34969899999851
125,5,1,5,5,5,95,15,1412.86556182686,361.062664577136,10.5,1413,361,9.47295604691571,-1.02704395308429,1.02704395308429,valid,,,Shared Pattern Plane,Grad-SIFT+Top2Geo+MidGradInterp+極線對齊,124,1,,,2.35222089999297
126,6,1,6,1,1,105,5,1454.81706664627,284.71162138967,10,1455,285,12.0110865342094,2.01108653420943,2.01108653420943,valid,,,Shared Pattern Plane,Grad-SIFT+Top2Geo+MidGrad+極線對齊,124,1,,,2.26635530000203
127,6,1,6,1,2,107.5,5,1470.13232586775,279.753617389003,10,1470,280,12.4129327226733,2.41293272267332,2.41293272267332,valid,,,Shared Pattern Plane,Grad-SIFT+Top2Geo+MidGrad+極線對齊,124,1,,,2.19120659999317
128,6,1,6,1,3,110,5,1485.54322682071,274.764651321,10,1486,275,11.46799679351,1.46799679350996,1.46799679350996,valid,,,Shared Pattern Plane,Grad-SIFT+Top2Geo+MidGrad+極線對齊,124,1,,,2.28855640000256
129,6,1,6,1,4,112.5,5,1501.05066821591,269.74443224631,10,1501,270,11.8653954212766,1.86539542127658,1.86539542127658,valid,,,Shared Pattern Plane,Grad-SIFT+Top2Geo+MidGrad+極線對齊,124,1,,,2.20802819999517
130,6,1,6,1,5,115,5,1516.65556005931,264.692665568994,10,1517,265,,,,failed,Top2-Geo: HIGH/MID 均未通過支援點與 RANSAC 門檻,,,,124,,,,2.17548619999434
131,6,1,6,2,1,105,7.5,1459.42719278405,299.146283731077,10,1459,299,10.3626608713544,0.362660871354407,0.362660871354407,valid,,,Shared Pattern Plane,Grad-SIFT+Top2Geo+MidGrad+極線對齊,124,1,,,2.18776320001052
132,6,1,6,2,2,107.5,7.5,1474.74374979978,294.23739387339,10,1475,294,11.8705725145242,1.87057251452423,1.87057251452423,valid,,,Shared Pattern Plane,Grad-SIFT+Top2Geo+MidGrad+極線對齊,124,1,,,2.51059009999153
133,6,1,6,2,3,110,7.5,1490.1558749576,289.29787484213,10,1490,289,11.5508675882113,1.55086758821129,1.55086758821129,valid,,,Shared Pattern Plane,Grad-SIFT+Top2Geo+MidGrad+極線對齊,124,1,,,2.8286550000048
134,6,1,6,2,4,112.5,7.5,1505.66446550737,284.327439072617,10,1506,284,10.6179640024721,0.617964002472061,0.617964002472061,valid,,,Shared Pattern Plane,Grad-SIFT+Top2Geo+MidGrad+極線對齊,124,1,,,2.35865389999526
135,6,1,6,2,5,115,7.5,1521.27042996612,279.325795389102,10,1521,279,,,,failed,Top2-Geo: HIGH/MID 均未通過支援點與 RANSAC 門檻,,,,124,,,,2.20462650000991
136,6,1,6,3,1,105,10,1464.02949942832,313.556462632104,10,1464,314,10.3216817976257,0.321681797625677,0.321681797625677,valid,,,Shared Pattern Plane,Grad-SIFT+Top2Geo+MidGrad+極線對齊,124,1,,,3.08655209999415
137,6,1,6,3,2,107.5,10,1479.34732773178,308.696527273011,10,1479,309,10.7383317492506,0.738331749250589,0.738331749250589,valid,,,Shared Pattern Plane,Grad-SIFT+Top2Geo+MidGrad+極線對齊,124,1,,,3.14455959999759
138,6,1,6,3,3,110,10,1494.76065054827,303.806294070694,10,1495,304,9.23248622542401,-0.767513774575992,0.767513774575992,valid,,,Shared Pattern Plane,Grad-SIFT+Top2Geo+MidGrad+極線對齊,124,1,,,3.22769839999091
139,6,1,6,3,4,112.5,10,1510.27036366891,298.885478814698,10,1510,299,12.1221095113397,2.12210951133972,2.12210951133972,valid,,,Shared Pattern Plane,Grad-SIFT+Top2Geo+MidGrad+極線對齊,124,1,,,2.78852170000027
140,6,1,6,3,5,115,10,1525.87737412398,293.933793728686,10,1526,294,11.6721486855432,1.6721486855432,1.6721486855432,valid,,,Shared Pattern Plane,Grad-SIFT+Top2Geo+MidGrad+極線對齊,124,1,,,2.42446230001224
141,6,1,6,4,1,105,12.5,1468.62400645684,327.942220331572,10,1469,328,10.5256820082847,0.525682008284704,0.525682008284704,valid,,,Shared Pattern Plane,Grad-SIFT+Top2Geo+MidGrad+極線對齊,124,1,,,2.40283259999705
142,6,1,6,4,2,107.5,12.5,1483.94307967081,323.131080427014,10,1484,323,11.9291753821057,1.92917538210573,1.92917538210573,valid,,,Shared Pattern Plane,Grad-SIFT+Top2Geo+MidGrad+極線對齊,124,1,,,2.3936168999935
143,6,1,6,4,3,110,12.5,1499.35757373,318.289972453903,10,1499,318,9.76269174983818,-0.237308250161815,0.237308250161815,valid,,,Shared Pattern Plane,Grad-SIFT+Top2Geo+MidGrad+極線對齊,124,1,,,2.75209229999746
144,6,1,6,4,4,112.5,12.5,1514.86838296893,313.418615535693,10,1515,313,10.886994455298,0.886994455297971,0.886994455297971,valid,,,Shared Pattern Plane,Grad-SIFT+Top2Geo+MidGrad+極線對齊,124,1,,,2.4777322000009
145,6,1,6,4,5,115,12.5,1530.47641293335,308.516725274805,10,1530,309,11.6091681552763,1.60916815527626,1.60916815527626,valid,,,Shared Pattern Plane,Grad-SIFT+Top2Geo+MidGrad+極線對齊,124,1,,,2.31177960000059
146,6,1,6,5,1,105,15,1473.21073368008,342.303618857527,10,1473,342,9.78965898615566,-0.210341013844342,0.210341013844342,valid,,,Shared Pattern Plane,Grad-SIFT+Top2Geo+MidGradInterp+極線對齊,124,1,,,2.43276540000807
147,6,1,6,5,2,107.5,15,1488.53102555597,337.541115961078,10,1489,338,9.31054923254837,-0.689450767451627,0.689450767451627,valid,,,Shared Pattern Plane,Grad-SIFT+Top2Geo+MidGradInterp+極線對齊,124,1,,,2.41490609999164
148,6,1,6,5,3,110,15,1503.94666457147,332.748973222766,10,1504,333,11.771615378805,1.77161537880499,1.77161537880499,valid,,,Shared Pattern Plane,Grad-SIFT+Top2Geo+MidGrad+極線對齊,124,1,,,2.43724929999735
149,6,1,6,5,4,112.5,15,1519.45854360657,327.926913079756,10,1519,328,9.91384729965452,-0.0861527003454761,0.0861527003454761,valid,,,Shared Pattern Plane,Grad-SIFT+Top2Geo+MidGradInterp+極線對齊,124,1,,,2.42174510000041
150,6,1,6,5,5,115,15,1535.06756672471,323.074654492708,10,1535,323,9.84116812487326,-0.158831875126738,0.158831875126738,valid,,,Shared Pattern Plane,Grad-SIFT+Top2Geo+MidGradInterp+極線對齊,124,1,,,2.19755340000847
151,7,2,1,1,1,5,25,947.444386452262,561.725576982181,9.5,947,562,10.6191752316243,1.11917523162428,1.11917523162428,valid,,,Shared Pattern Plane,Grad-SIFT+Top2Geo+MidGradInterp+極線對齊,124,1,,,2.45039769999858
152,7,2,1,1,2,7.5,25,959.585851747103,558.10527699153,9.5,960,558,10.5691468394047,1.06914683940465,1.06914683940465,valid,,,Shared Pattern Plane,Grad-SIFT+Top2Geo+MidGrad+極線對齊,124,1,,,2.40779879999172
153,7,2,1,1,3,10,25,971.794313075049,554.465000356205,9.5,972,554,11.254911380336,1.754911380336,1.754911380336,valid,,,Shared Pattern Plane,Grad-SIFT+Top2Geo+MidGrad+極線對齊,124,1,,,2.53992019999714
154,7,2,1,1,4,12.5,25,984.070326491673,550.804581273484,9.5,984,551,11.1290025639767,1.62900256397666,1.62900256397666,valid,,,Shared Pattern Plane,Grad-SIFT+Top2Geo+MidGrad+極線對齊,124,1,,,2.35758739999437
155,7,2,1,1,5,15,25,996.414454223173,547.12385210071,9.5,996,547,12.1980598409361,2.69805984093613,2.69805984093613,valid,,,Shared Pattern Plane,Grad-SIFT+Top2Geo+MidGradInterp+極線對齊,124,1,,,2.4971557000099
156,7,2,1,2,1,5,27.5,951.902072040181,574.282565802124,9.5,952,574,11.2621342805029,1.76213428050287,1.76213428050287,valid,,,Shared Pattern Plane,Grad-SIFT+Top2Geo+MidGrad+極線對齊,124,1,,,2.41587960001198
157,7,2,1,2,2,7.5,27.5,964.046654324602,570.699513836241,9.5,964,571,12.0466780408193,2.54667804081929,2.54667804081929,valid,,,Shared Pattern Plane,Grad-SIFT+Top2Geo+MidGrad+極線對齊,124,1,,,2.6236554000061
158,7,2,1,2,3,10,27.5,976.258199263219,567.096705680797,9.5,976,567,10.9614408492744,1.46144084927438,1.46144084927438,valid,,,Shared Pattern Plane,Grad-SIFT+Top2Geo+MidGrad+極線對齊,124,1,,,2.4733331999887
159,7,2,1,2,4,12.5,27.5,988.537262213931,563.473977486911,9.5,989,563,11.5227117775403,2.02271177754033,2.02271177754033,valid,,,Shared Pattern Plane,Grad-SIFT+Top2Geo+MidGrad+極線對齊,124,1,,,2.41877920000115
160,7,2,1,2,5,15,27.5,1000.88440469284,559.831163588828,9.5,1001,560,11.0202867121023,1.52028671210232,1.52028671210232,valid,,,Shared Pattern Plane,Grad-SIFT+Top2Geo+MidGrad+極線對齊,124,1,,,2.61835079999582
161,7,2,1,3,1,5,30,956.353070659449,586.82071789863,9.5,956,587,9.92142895786787,0.421428957867866,0.421428957867866,valid,,,Shared Pattern Plane,Grad-SIFT+Top2Geo+MidGrad+極線對齊,124,1,,,2.78904499999771
162,7,2,1,3,2,7.5,30,968.500746874059,583.274806179168,9.5,969,583,9.99801184739162,0.498011847391624,0.498011847391624,valid,,,Shared Pattern Plane,Grad-SIFT+Top2Geo+MidGrad+極線對齊,124,1,,,2.43868120000116
163,7,2,1,3,3,10,30,980.715352287255,579.709357798912,9.5,981,580,9.43454289672053,-0.0654571032794724,0.0654571032794724,valid,,,Shared Pattern Plane,Grad-SIFT+Top2Geo+MidGrad+極線對齊,124,1,,,2.82077579999168
164,7,2,1,3,4,12.5,30,992.997441559682,576.124210852191,9.5,993,576,11.0460504206545,1.5460504206545,1.5460504206545,valid,,,Shared Pattern Plane,Grad-SIFT+Top2Geo+MidGrad+極線對齊,124,1,,,2.76018990000011
165,7,2,1,3,5,15,30,1005.3475754978,572.519201639366,9.5,1005,573,10.1649971759688,0.66499717596877,0.66499717596877,valid,,,Shared Pattern Plane,Grad-SIFT+Top2Geo+MidGrad+極線對齊,124,1,,,3.4065147999936
166,7,2,1,4,1,5,32.5,960.797397345459,599.34007562535,9.5,961,599,9.29987077451587,-0.20012922548413,0.20012922548413,valid,,,Shared Pattern Plane,Grad-SIFT+Top2Geo+MidGrad+極線對齊,124,1,,,3.45964860000822
167,7,2,1,4,2,7.5,32.5,972.948144524133,595.831196733231,9.5,973,596,9.77049758174775,0.270497581747755,0.270497581747755,valid,,,Shared Pattern Plane,Grad-SIFT+Top2Geo+MidGrad+極線對齊,124,1,,,2.80668449999939
168,7,2,1,4,3,10,32.5,985.165787369768,592.302999786813,9.5,985,592,8.91513259289188,-0.584867407108117,0.584867407108117,valid,,,Shared Pattern Plane,Grad-SIFT+Top2Geo+MidGrad+極線對齊,124,1,,,2.42184009999619
169,7,2,1,4,4,12.5,32.5,997.45087984618,588.755324813057,9.5,997,589,8.89285103197573,-0.607148968024275,0.607148968024275,valid,,,Shared Pattern Plane,Grad-SIFT+Top2Geo+MidGrad+極線對齊,124,1,,,2.77887100000225
170,7,2,1,4,5,15,32.5,1009.80398205062,585.188010067719,9.5,1010,585,9.64426423620255,0.144264236202552,0.144264236202552,valid,,,Shared Pattern Plane,Grad-SIFT+Top2Geo+MidGrad+極線對齊,124,1,,,2.60514980000153
171,7,2,1,5,1,5,35,965.235067088562,611.840681209056,9.5,965,612,9.36842734035755,-0.131572659642453,0.131572659642453,valid,,,Shared Pattern Plane,Grad-SIFT+Top2Geo+MidGradInterp+極線對齊,124,1,,,2.42917219999072
172,7,2,1,5,2,7.5,35,977.388862358037,608.368728083043,9.5,977,608,8.95118457262839,-0.548815427371613,0.548815427371613,valid,,,Shared Pattern Plane,Grad-SIFT+Top2Geo+MidGrad+極線對齊,124,1,,,2.50387930001307
173,7,2,1,5,3,10,35,989.609519687516,604.877674591006,9.5,990,605,9.14851826742551,-0.351481732574486,0.351481732574486,valid,,,Shared Pattern Plane,Grad-SIFT+Top2Geo+MidGradInterp+極線對齊,124,1,,,2.72278549999464
174,7,2,1,5,4,12.5,35,1001.89759234442,601.367362682022,9.5,1002,601,9.57513545672737,0.0751354567273665,0.0751354567273665,valid,,,Shared Pattern Plane,Grad-SIFT+Top2Geo+MidGradInterp+極線對齊,124,1,,,2.41479359999357
175,7,2,1,5,5,15,35,1014.25363971724,597.83763255657,9.5,1014,598,9.46552183585422,-0.0344781641457779,0.0344781641457779,valid,,,Shared Pattern Plane,Grad-SIFT+Top2Geo+MidGradInterp+極線對齊,124,1,,,2.43780500000867
176,8,2,2,1,1,25,25,1046.48357364095,532.194415812892,9,1046,532,11.5931732076881,2.59317320768809,2.59317320768809,valid,,,Shared Pattern Plane,Grad-SIFT+Top2Geo+MidGrad+極線對齊,124,1,,,2.47166289998859
177,8,2,2,1,2,27.5,25,1059.17692840132,528.40955533647,9,1059,528,11.202238180084,2.20223818008403,2.20223818008403,valid,,,Shared Pattern Plane,Grad-SIFT+Top2Geo+MidGradInterp+極線對齊,124,1,,,2.51297630000045
178,8,2,2,1,3,30,25,1071.94190532575,524.603338811699,9,1072,525,10.7464320113749,1.74643201137492,1.74643201137492,valid,,,Shared Pattern Plane,Grad-SIFT+Top2Geo+MidGradInterp+極線對齊,124,1,,,2.86653020000085
179,8,2,2,1,4,32.5,25,1084.77911232061,520.775584975163,9,1085,521,10.8838963085285,1.88389630852855,1.88389630852855,valid,,,Shared Pattern Plane,Grad-SIFT+Top2Geo+MidGradInterp+極線對齊,124,1,,,2.47690800001146
180,8,2,2,1,5,35,25,1097.68916419144,516.926110506285,9,1098,517,10.4985000489481,1.49850004894811,1.49850004894811,valid,,,Shared Pattern Plane,Grad-SIFT+Top2Geo+MidGradInterp+極線對齊,124,1,,,2.62784290000855
181,8,2,2,2,1,25,27.5,1050.96522058352,545.055672622762,9,1051,545,11.0608860755113,2.06088607551133,2.06088607551133,valid,,,Shared Pattern Plane,Grad-SIFT+Top2Geo+MidGradInterp+極線對齊,124,1,,,2.50164219998987
182,8,2,2,2,2,27.5,27.5,1063.66140505491,541.30987983516,9,1064,541,10.9494156651091,1.94941566510911,1.94941566510911,valid,,,Shared Pattern Plane,Grad-SIFT+Top2Geo+MidGradInterp+極線對齊,124,1,,,2.67816340000718
183,8,2,2,2,3,30,27.5,1076.42917236863,537.54296775025,9,1076,538,10.6855928050982,1.68559280509823,1.68559280509823,valid,,,Shared Pattern Plane,Grad-SIFT+Top2Geo+MidGradInterp+極線對齊,124,1,,,2.84110950000468
184,8,2,2,2,4,32.5,27.5,1089.26912962709,533.75475725282,9,1089,534,10.9026993082239,1.90269930822393,1.90269930822393,valid,,,Shared Pattern Plane,Grad-SIFT+Top2Geo+MidGradInterp+極線對齊,124,1,,,2.50558310000633
185,8,2,2,2,5,35,27.5,1102.18189081733,529.945067196454,9,1102,530,10.077241961659,1.07724196165898,1.07724196165898,valid,,,Shared Pattern Plane,Grad-SIFT+Top2Geo+MidGradInterp+極線對齊,124,1,,,2.55979240000306
186,8,2,2,3,1,25,30,1055.43999395986,557.897203938506,9,1055,558,10.6032490734859,1.60324907348591,1.60324907348591,valid,,,Shared Pattern Plane,Grad-SIFT+Top2Geo+MidGradInterp+極線對齊,124,1,,,2.44285749999108
187,8,2,2,3,2,27.5,30,1068.13898448239,554.19036334417,9,1068,554,10.2712721105095,1.27127211050946,1.27127211050946,valid,,,Shared Pattern Plane,Grad-SIFT+Top2Geo+MidGradInterp+極線對齊,124,1,,,2.71336880000308
188,8,2,2,3,3,30,30,1080.90951845287,550.462639187737,9,1081,550,10.1997054527609,1.19970545276091,1.19970545276091,valid,,,Shared Pattern Plane,Grad-SIFT+Top2Geo+MidGradInterp+極線對齊,124,1,,,2.77247979999811
189,8,2,2,3,4,32.5,30,1093.75220217036,546.713854490266,9,1094,547,9.75014251512207,0.750142515122068,0.750142515122068,valid,,,Shared Pattern Plane,Grad-SIFT+Top2Geo+MidGradInterp+極線對齊,124,1,,,2.57233110000379
190,8,2,2,3,5,35,30,1106.66764880411,542.943830267392,9,1107,543,9.81940165758843,0.819401657588433,0.819401657588433,valid,,,Shared Pattern Plane,Grad-SIFT+Top2Geo+MidGradInterp+極線對齊,124,1,,,2.64054940000642
191,8,2,2,4,1,25,32.5,1059.90790957099,570.71905510526,9,1060,571,9.63755265119105,0.637552651191045,0.637552651191045,valid,,,Shared Pattern Plane,Grad-SIFT+Top2Geo+MidGradInterp+極線對齊,124,1,,,2.43809769999643
192,8,2,2,4,2,27.5,32.5,1072.60968258366,567.051051602161,9,1073,567,9.66630466736185,0.666304667361853,0.666304667361853,valid,,,Shared Pattern Plane,Grad-SIFT+Top2Geo+MidGradInterp+極線對齊,124,1,,,2.509839499995
193,8,2,2,4,3,30,32.5,1085.38295957799,563.362399260907,9,1085,563,9.18816560592308,0.18816560592308,0.18816560592308,valid,,,Shared Pattern Plane,Grad-SIFT+Top2Geo+MidGradInterp+極線對齊,124,1,,,2.9029589999991
194,8,2,2,4,4,32.5,32.5,1098.2283460503,559.652923226963,9,1098,560,8.89302225209783,-0.106977747902167,0.106977747902167,valid,,,Shared Pattern Plane,Grad-SIFT+Top2Geo+MidGradInterp+極線對齊,124,1,,,2.73986780000268
195,8,2,2,4,5,35,32.5,1111.14645435273,555.922446665979,9,1111,556,8.93116296028111,-0.0688370397188862,0.0688370397188862,valid,,,Shared Pattern Plane,Grad-SIFT+Top2Geo+MidGradInterp+極線對齊,124,1,,,2.87854900000093
196,8,2,2,5,1,25,35,1064.36898316952,583.521271329281,9,1064,584,9.71363508534843,0.713635085348432,0.713635085348432,valid,,,Shared Pattern Plane,Grad-SIFT+Top2Geo+MidGradInterp+極線對齊,124,1,,,2.77167840000766
197,8,2,2,5,2,27.5,35,1077.07351520979,579.891990207315,9,1077,580,8.8471404360785,-0.152859563921499,0.152859563921499,valid,,,Shared Pattern Plane,Grad-SIFT+Top2Geo+MidGradInterp+極線對齊,124,1,,,2.61692680000851
198,8,2,2,5,3,30,35,1089.84951169423,576.242293964408,9,1090,576,8.7748671720077,-0.225132827992303,0.225132827992303,valid,,,Shared Pattern Plane,Grad-SIFT+Top2Geo+MidGradInterp+極線對齊,124,1,,,2.45022900000913
199,8,2,2,5,4,32.5,35,1102.69757731706,572.572009858632,9,1103,573,8.8313134932416,-0.168686506758403,0.168686506758403,valid,,,Shared Pattern Plane,Grad-SIFT+Top2Geo+MidGradInterp+極線對齊,124,1,,,2.69219029998931
200,8,2,2,5,5,35,35,1115.61832361396,568.88096319368,9,1116,569,8.60445566121942,-0.395544338780578,0.395544338780578,valid,,,Shared Pattern Plane,Grad-SIFT+Top2Geo+MidGradInterp+極線對齊,124,1,,,2.47930580000684
201,9,2,3,1,1,45,25,1150.07036355871,501.307266242063,8.5,1150,501,10.8379861963847,2.33798619638473,2.33798619638473,valid,,,Shared Pattern Plane,Grad-SIFT+Top2Geo+MidGradInterp+極線對齊,124,1,,,2.65260409998882
202,9,2,3,1,2,47.5,25,1163.3541103279,497.346364725113,8.5,1163,497,10.5762916292295,2.07629162922949,2.07629162922949,valid,,,Shared Pattern Plane,Grad-SIFT+Top2Geo+MidGradInterp+極線對齊,124,1,,,2.53165450000961
203,9,2,3,1,3,50,25,1176.71454130424,493.362597777371,8.5,1177,493,10.1329789880293,1.63297898802934,1.63297898802934,valid,,,Shared Pattern Plane,Grad-SIFT+Top2Geo+MidGradInterp+極線對齊,124,1,,,2.84503410001344
204,9,2,3,1,4,52.5,25,1190.15232243201,489.355766829882,8.5,1190,489,9.9779164528519,1.4779164528519,1.4779164528519,valid,,,Shared Pattern Plane,Grad-SIFT+Top2Geo+MidGradInterp+極線對齊,124,1,,,2.61984179999854
205,9,2,3,1,5,55,25,1203.66812738884,485.32567100779,8.5,1204,485,9.90217539555798,1.40217539555798,1.40217539555798,valid,,,Shared Pattern Plane,Grad-SIFT+Top2Geo+MidGradInterp+極線對齊,124,1,,,2.45584970001073
206,9,2,3,2,1,45,27.5,1154.57350112899,514.487815730197,8.5,1155,514,10.2241090056339,1.72410900563389,1.72410900563389,valid,,,Shared Pattern Plane,Grad-SIFT+Top2Geo+MidGradInterp+極線對齊,124,1,,,2.81822169999941
207,9,2,3,2,2,47.5,27.5,1167.85973969331,510.567937541538,8.5,1168,511,10.2649980261671,1.76499802616707,1.76499802616707,valid,,,Shared Pattern Plane,Grad-SIFT+Top2Geo+MidGradInterp+極線對齊,124,1,,,2.67072650000046
208,9,2,3,2,3,50,27.5,1181.22261628972,506.625448608012,8.5,1181,507,9.82932808081707,1.32932808081707,1.32932808081707,valid,,,Shared Pattern Plane,Grad-SIFT+Top2Geo+MidGradInterp+極線對齊,124,1,,,2.45031860000745
209,9,2,3,2,4,52.5,27.5,1194.66279593449,502.660152727908,8.5,1195,503,10.0739704871142,1.5739704871142,1.5739704871142,valid,,,Shared Pattern Plane,Grad-SIFT+Top2Geo+MidGradInterp+極線對齊,124,1,,,2.52265300000727
210,9,2,3,2,5,55,27.5,1208.18095136032,498.671851422909,8.5,1208,499,9.60252744235911,1.10252744235911,1.10252744235911,valid,,,Shared Pattern Plane,Grad-SIFT+Top2Geo+MidGradInterp+極線對齊,124,1,,,2.52568510000128
211,9,2,3,3,1,45,30,1159.06957385712,527.647686635876,8.5,1159,528,9.36183914582691,0.861839145826908,0.861839145826908,valid,,,Shared Pattern Plane,Grad-SIFT+Top2Geo+MidGradInterp+極線對齊,124,1,,,3.22602459999325
212,9,2,3,3,2,47.5,30,1172.3582799948,523.768707809175,8.5,1172,524,9.22769708782594,0.727697087825945,0.727697087825945,valid,,,Shared Pattern Plane,Grad-SIFT+Top2Geo+MidGradInterp+極線對齊,124,1,,,2.35890919998928
213,9,2,3,3,3,50,30,1185.72357792278,519.867371807159,8.5,1186,520,8.85430108420363,0.354301084203628,0.354301084203628,valid,,,Shared Pattern Plane,Grad-SIFT+Top2Geo+MidGradInterp+極線對齊,124,1,,,2.32212979999895
214,9,2,3,3,4,52.5,30,1199.16613173018,515.943484781931,8.5,1199,516,8.9345562435281,0.434556243528098,0.434556243528098,valid,,,Shared Pattern Plane,Grad-SIFT+Top2Geo+MidGradInterp+極線對齊,124,1,,,2.39876519999234
215,9,2,3,3,5,55,30,1212.68661320572,511.996850638093,8.5,1213,512,8.64726191902701,0.147261919027008,0.147261919027008,valid,,,Shared Pattern Plane,Grad-SIFT+Top2Geo+MidGradInterp+極線對齊,124,1,,,2.54532839999592
216,9,2,3,4,1,45,32.5,1163.55859835582,540.786927583999,8.5,1164,541,8.48488423859796,-0.0151157614020363,0.0151157614020363,valid,,,Shared Pattern Plane,Grad-SIFT+Top2Geo+MidGradInterp+極線對齊,124,1,,,2.55931009999767
217,9,2,3,4,2,47.5,32.5,1176.84974794992,536.948724584879,8.5,1177,537,8.44084535801181,-0.0591546419881865,0.0591546419881865,valid,,,Shared Pattern Plane,Grad-SIFT+Top2Geo+MidGradInterp+極線對齊,124,1,,,2.47829519999505
218,9,2,3,4,3,50,32.5,1190.21744302652,533.088416868749,8.5,1190,533,8.63275649749136,0.132756497491357,0.132756497491357,valid,,,Shared Pattern Plane,Grad-SIFT+Top2Geo+MidGradInterp+極線對齊,124,1,,,2.73821619999944
219,9,2,3,4,4,52.5,32.5,1203.66234674854,529.205812928181,8.5,1204,529,8.62254279571573,0.122542795715729,0.122542795715729,valid,,,Shared Pattern Plane,Grad-SIFT+Top2Geo+MidGradInterp+極線對齊,124,1,,,2.22247559999232
220,9,2,3,4,5,55,32.5,1217.18512996161,525.300719037138,8.5,1217,525,8.21883185016072,-0.281168149839282,0.281168149839282,valid,,,Shared Pattern Plane,Grad-SIFT+Top2Geo+MidGradInterp+極線對齊,124,1,,,2.41355749999639
221,9,2,3,5,1,45,35,1168.04059118573,553.905587047135,8.5,1168,554,7.62654755612075,-0.873452443879247,0.873452443879247,valid,,,Shared Pattern Plane,Grad-SIFT+Top2Geo+MidGradInterp+極線對齊,124,1,,,2.45169670000905
222,9,2,3,5,2,47.5,35,1181.33416022365,550.108036771381,8.5,1181,550,7.79102343299319,-0.708976567006808,0.708976567006808,valid,,,Shared Pattern Plane,Grad-SIFT+Top2Geo+MidGradInterp+極線對齊,124,1,,,2.22194050000689
223,9,2,3,5,3,50,35,1194.70422837106,546.288633130776,8.5,1195,546,7.87648945108932,-0.623510548910684,0.623510548910684,valid,,,Shared Pattern Plane,Grad-SIFT+Top2Geo+MidGradInterp+極線對齊,124,1,,,2.68040250000195
224,9,2,3,5,4,52.5,35,1208.15145786554,542.447186945088,8.5,1208,542,7.62161677119898,-0.878383228801018,0.878383228801018,valid,,,Shared Pattern Plane,Grad-SIFT+Top2Geo+MidGradInterp+極線對齊,124,1,,,2.55786270000681
225,9,2,3,5,5,55,35,1221.67651861059,538.583506844171,8.5,1222,539,7.58759877923444,-0.912401220765561,0.912401220765561,valid,,,Shared Pattern Plane,Grad-SIFT+Top2Geo+MidGradInterp+極線對齊,124,1,,,2.54960939999728
226,10,2,4,1,1,65,25,1258.52533608651,468.968538873193,8,1259,469,10.4042394556964,2.40423945569643,2.40423945569643,valid,,,Shared Pattern Plane,Grad-SIFT+Top2Geo+MidGradInterp+極線對齊,124,1,,,2.32932059999439
227,10,2,4,1,2,67.5,25,1272.44164401254,464.819022465491,8,1272,465,10.0533175286803,2.05331752868026,2.05331752868026,valid,,,Shared Pattern Plane,Grad-SIFT+Top2Geo+MidGradInterp+極線對齊,124,1,,,2.52736079999886
228,10,2,4,1,3,70,25,1286.44018667867,460.644985588341,8,1286,461,9.89535668048952,1.89535668048952,1.89535668048952,valid,,,Shared Pattern Plane,Grad-SIFT+Top2Geo+MidGradInterp+極線對齊,124,1,,,2.48390970000764
229,10,2,4,1,4,72.5,25,1300.52169516161,456.446210251826,8,1301,456,9.76330238007484,1.76330238007484,1.76330238007484,valid,,,Shared Pattern Plane,Grad-SIFT+Top2Geo+MidGradInterp+極線對齊,124,1,,,2.4002429000102
230,10,2,4,1,5,75,25,1314.68690922964,452.222475874405,8,1315,452,9.73623520932085,1.73623520932085,1.73623520932085,valid,,,Shared Pattern Plane,Grad-SIFT+Top2Geo+MidGradInterp+極線對齊,124,1,,,2.40678100001242
231,10,2,4,2,1,65,27.5,1263.04706194475,482.484540835698,8,1263,482,9.58032054416059,1.58032054416059,1.58032054416059,valid,,,Shared Pattern Plane,Grad-SIFT+Top2Geo+MidGradInterp+極線對齊,124,1,,,2.45439700000861
232,10,2,4,2,2,67.5,27.5,1276.96546531018,478.378153199421,8,1277,478,9.16192884768529,1.16192884768529,1.16192884768529,valid,,,Shared Pattern Plane,Grad-SIFT+Top2Geo+MidGradInterp+極線對齊,124,1,,,2.44014719998813
233,10,2,4,2,3,70,27.5,1290.96604932375,474.247519563906,8,1291,474,8.52990459425145,0.529904594251448,0.529904594251448,valid,,,Shared Pattern Plane,Grad-SIFT+Top2Geo+MidGradInterp+極線對齊,124,1,,,2.34506170000532
234,10,2,4,2,4,72.5,27.5,1305.04954398904,470.092424554034,8,1305,470,8.97188151817674,0.971881518176737,0.971881518176737,valid,,,Shared Pattern Plane,Grad-SIFT+Top2Geo+MidGradInterp+極線對齊,124,1,,,2.45505829999456
235,10,2,4,2,5,75,27.5,1319.2166879814,465.912650236239,8,1319,466,8.83282501852181,0.832825018521808,0.832825018521808,valid,,,Shared Pattern Plane,Grad-SIFT+Top2Geo+MidGradInterp+極線對齊,124,1,,,2.39977519999957
236,10,2,4,3,1,65,30,1267.56152737032,495.978840460417,8,1268,496,9.05455865159906,1.05455865159906,1.05455865159906,valid,,,Shared Pattern Plane,Grad-SIFT+Top2Geo+MidGradInterp+極線對齊,124,1,,,2.53974419999577
237,10,2,4,3,2,67.5,30,1281.48200144652,491.915448310742,8,1281,492,8.7070306441275,0.707030644127505,0.707030644127505,valid,,,Shared Pattern Plane,Grad-SIFT+Top2Geo+MidGradInterp+極線對齊,124,1,,,2.37207789999957
238,10,2,4,3,3,70,30,1295.48460202034,487.828083402386,8,1295,488,8.46787931527238,0.467879315272384,0.467879315272384,valid,,,Shared Pattern Plane,Grad-SIFT+Top2Geo+MidGradInterp+極線對齊,124,1,,,2.45260629999393
239,10,2,4,3,4,72.5,30,1309.5700580235,483.716532959885,8,1310,484,8.11221726641611,0.112217266416112,0.112217266416112,valid,,,Shared Pattern Plane,Grad-SIFT+Top2Geo+MidGradInterp+極線對齊,124,1,,,2.64895469999465
240,10,2,4,3,5,75,30,1323.73910703965,479.580581682258,8,1324,480,8.0356602442029,0.0356602442028997,0.0356602442028997,valid,,,Shared Pattern Plane,Grad-SIFT+Top2Geo+MidGrad+極線對齊,124,1,,,2.58117289999791
241,10,2,4,4,1,65,32.5,1272.06874983609,509.451489975847,8,1272,509,7.53098986832982,-0.469010131670184,0.469010131670184,valid,,,Shared Pattern Plane,Grad-SIFT+Top2Geo+MidGradInterp+極線對齊,124,1,,,2.35161189999781
242,10,2,4,4,2,67.5,32.5,1285.99127000542,505.430960503142,8,1286,505,7.90452851795121,-0.0954714820487892,0.0954714820487892,valid,,,Shared Pattern Plane,Grad-SIFT+Top2Geo+MidGradInterp+極線對齊,124,1,,,2.31544839999697
243,10,2,4,4,3,70,32.5,1299.99586246415,501.386730288442,8,1300,501,7.76699369954585,-0.233006300454154,0.233006300454154,valid,,,Shared Pattern Plane,Grad-SIFT+Top2Geo+MidGradInterp+極線對齊,124,1,,,2.50220059999265
244,10,2,4,4,4,72.5,32.5,1314.08325507331,497.318589140874,8,1314,497,8.32455057643175,0.324550576431752,0.324550576431752,valid,,,Shared Pattern Plane,Grad-SIFT+Top2Geo+MidGradInterp+極線對齊,124,1,,,2.53831679999712
245,10,2,4,4,5,75,32.5,1328.25418432616,493.226324376751,8,1328,493,8.18442934800525,0.184429348005253,0.184429348005253,valid,,,Shared Pattern Plane,Grad-SIFT+Top2Geo+MidGradInterp+極線對齊,124,1,,,2.3451109000016
246,10,2,4,5,1,65,35,1276.56874675887,522.902541443028,8,1277,523,7.04624082491782,-0.953759175082181,0.953759175082181,valid,,,Shared Pattern Plane,Grad-SIFT+Top2Geo+MidGradInterp+極線對齊,124,1,,,2.38207440001133
247,10,2,4,5,2,67.5,35,1290.49328851422,518.924742310835,8,1290,519,6.52988063994165,-1.47011936005835,1.47011936005835,valid,,,Shared Pattern Plane,Grad-SIFT+Top2Geo+MidGradInterp+極線對齊,124,1,,,2.48895829998946
248,10,2,4,5,3,70,35,1304.49984829381,514.923513235209,8,1304,515,7.46158761589575,-0.538412384104254,0.538412384104254,valid,,,Shared Pattern Plane,Grad-SIFT+Top2Geo+MidGradInterp+極線對齊,124,1,,,2.63978870000574
249,10,2,4,5,4,72.5,35,1318.58915288921,510.898646594893,8,1319,511,7.24097280918741,-0.759027190812587,0.759027190812587,valid,,,Shared Pattern Plane,Grad-SIFT+Top2Geo+MidGradInterp+極線對齊,124,1,,,2.53531239999575
250,10,2,4,5,5,75,35,1332.76193770457,506.849932308288,8,1333,507,7.99025072219924,-0.00974927780076129,0.00974927780076129,valid,,,Shared Pattern Plane,Grad-SIFT+Top2Geo+MidGradInterp+極線對齊,124,1,,,2.43999569999869
251,11,2,5,1,1,85,25,1372.19992824361,435.073443435377,7.5,1372,435,8.47572063114444,0.975720631144435,0.975720631144435,valid,,,Shared Pattern Plane,Grad-SIFT+Top2Geo+MidGradInterp+極線對齊,124,1,,,2.38305620000756
252,11,2,5,1,2,87.5,25,1386.79508016631,430.721511680339,7.5,1387,431,8.13968321552129,0.639683215521295,0.639683215521295,valid,,,Shared Pattern Plane,Grad-SIFT+Top2Geo+MidGradInterp+極線對齊,124,1,,,2.44739560000016
253,11,2,5,1,3,90,25,1401.478566227,426.343240758556,7.5,1401,426,8.06116239842771,0.561162398427708,0.561162398427708,valid,,,Shared Pattern Plane,Grad-SIFT+Top2Geo+MidGradInterp+極線對齊,124,1,,,2.54797309999412
254,11,2,5,1,4,92.5,25,1416.25119079597,421.938390825687,7.5,1416,422,7.91293050482298,0.412930504822976,0.412930504822976,valid,,,Shared Pattern Plane,Grad-SIFT+Top2Geo+MidGradInterp+極線對齊,124,1,,,3.08128189999843
255,11,2,5,1,5,95,25,1431.11376803936,417.506719116494,7.5,1431,418,7.30572026911535,-0.194279730884655,0.194279730884655,valid,,,Shared Pattern Plane,Grad-SIFT+Top2Geo+MidGradInterp+極線對齊,124,1,,,2.64839769998798
256,11,2,5,2,1,85,27.5,1376.73684153752,448.942309515547,7.5,1377,449,8.37477983583576,0.87477983583576,0.87477983583576,valid,,,Shared Pattern Plane,Grad-SIFT+Top2Geo+MidGradInterp+極線對齊,124,1,,,2.53116860000591
257,11,2,5,2,2,87.5,27.5,1391.33362497833,444.635777402848,7.5,1391,445,7.70863587670396,0.208635876703964,0.208635876703964,valid,,,Shared Pattern Plane,Grad-SIFT+Top2Geo+MidGradInterp+極線對齊,124,1,,,2.45701600000029
258,11,2,5,2,3,90,27.5,1406.01867930231,440.303202470886,7.5,1406,440,7.71198461139111,0.211984611391106,0.211984611391106,valid,,,Shared Pattern Plane,Grad-SIFT+Top2Geo+MidGradInterp+極線對齊,124,1,,,2.12161410000408
259,11,2,5,2,4,92.5,27.5,1420.79280763637,435.944347770757,7.5,1421,436,7.71894961177006,0.21894961177006,0.21894961177006,valid,,,Shared Pattern Plane,Grad-SIFT+Top2Geo+MidGradInterp+極線對齊,124,1,,,2.16421019998961
260,11,2,5,2,5,95,27.5,1435.65682287998,431.55897347033,7.5,1436,432,7.63078520283068,0.130785202830676,0.130785202830676,valid,,,Shared Pattern Plane,Grad-SIFT+Top2Geo+MidGrad+極線對齊,124,1,,,1.82205659999454
261,11,2,5,3,1,85,30,1381.26629500241,462.788371684143,7.5,1381,463,7.95596493030798,0.455964930307977,0.455964930307977,valid,,,Shared Pattern Plane,Grad-SIFT+Top2Geo+MidGradInterp+極線對齊,124,1,,,1.82696510000096
262,11,2,5,3,2,87.5,30,1395.86468480132,458.527095654168,7.5,1396,459,7.7989609430182,0.298960943018202,0.298960943018202,valid,,,Shared Pattern Plane,Grad-SIFT+Top2Geo+MidGradInterp+極線對齊,124,1,,,2.10419069998898
263,11,2,5,3,3,90,30,1410.55128218119,454.240071794769,7.5,1411,454,7.14871469756872,-0.35128530243128,0.35128530243128,valid,,,Shared Pattern Plane,Grad-SIFT+Top2Geo+MidGradInterp+極線對齊,124,1,,,1.99065339998924
264,11,2,5,3,4,92.5,30,1425.32688902717,449.927066035337,7.5,1425,450,7.05101486986116,-0.448985130138835,0.448985130138835,valid,,,Shared Pattern Plane,Grad-SIFT+Top2Geo+MidGradInterp+極線對齊,124,1,,,2.13586619999842
265,11,2,5,3,5,95,30,1440.19231697377,445.587841459424,7.5,1440,446,6.93108630526122,-0.568913694738781,0.568913694738781,valid,,,Shared Pattern Plane,Grad-SIFT+Top2Geo+MidGrad+極線對齊,124,1,,,2.02225009999529
266,11,2,5,4,1,85,32.5,1385.78830702194,476.611686138033,7.5,1386,477,7.62043513156871,0.120435131568714,0.120435131568714,valid,,,Shared Pattern Plane,Grad-SIFT+Top2Geo+MidGradInterp+極線對齊,124,1,,,1.88798800000222
267,11,2,5,4,2,87.5,32.5,1400.38827813644,472.39552315514,7.5,1400,472,7.3505175553141,-0.1494824446859,0.1494824446859,valid,,,Shared Pattern Plane,Grad-SIFT+Top2Geo+MidGradInterp+極線對齊,124,1,,,1.82656370000041
268,11,2,5,4,3,90,32.5,1415.07639348313,468.153905981552,7.5,1415,468,7.275848468715,-0.224151531285003,0.224151531285003,valid,,,Shared Pattern Plane,Grad-SIFT+Top2Geo+MidGradInterp+極線對齊,124,1,,,1.83484009999665
269,11,2,5,4,4,92.5,32.5,1429.85345370705,463.886603407905,7.5,1430,464,6.85620757725369,-0.643792422746309,0.643792422746309,valid,,,Shared Pattern Plane,Grad-SIFT+Top2Geo+MidGrad+極線對齊,124,1,,,2.09261919998971
270,11,2,5,4,5,95,32.5,1444.72026917942,459.593381416125,7.5,1445,460,7.20009869955135,-0.29990130044865,0.29990130044865,valid,,,Shared Pattern Plane,Grad-SIFT+Top2Geo+MidGrad+極線對齊,124,1,,,2.20781550000538
271,11,2,5,5,1,85,35,1390.30289591939,490.412308889584,7.5,1390,490,7.12476519269299,-0.375234807307005,0.375234807307005,valid,,,Shared Pattern Plane,Grad-SIFT+Top2Geo+MidGradInterp+極線對齊,124,1,,,2.01439329999266
272,11,2,5,5,2,87.5,35,1404.90442342393,486.241116439825,7.5,1405,486,7.02212620589032,-0.477873794109684,0.477873794109684,valid,,,Shared Pattern Plane,Grad-SIFT+Top2Geo+MidGradInterp+極線對齊,124,1,,,2.05598270001065
273,11,2,5,5,3,90,35,1419.59403176614,482.044762093481,7.5,1420,482,6.85101524124676,-0.648984758753245,0.648984758753245,valid,,,Shared Pattern Plane,Grad-SIFT+Top2Geo+MidGradInterp+極線對齊,124,1,,,1.95524290000321
274,11,2,5,5,4,92.5,35,1434.3725203526,477.823017485492,7.5,1434,478,6.81380140257125,-0.686198597428753,0.686198597428753,valid,,,Shared Pattern Plane,Grad-SIFT+Top2Geo+MidGradInterp+極線對齊,124,1,,,1.85158239999146
275,11,2,5,5,5,95,35,1449.24069829295,473.575651478945,7.5,1449,474,5.58680715359268,-1.91319284640732,1.91319284640732,valid,,,Shared Pattern Plane,Grad-SIFT+Top2Geo+MidGradInterp+極線對齊,124,1,,,1.84436089999508
276,12,2,6,1,1,105,25,1491.4802383888,399.50685445975,7,1491,400,7.68778773552388,0.687787735523883,0.687787735523883,valid,,,Shared Pattern Plane,Grad-SIFT+Top2Geo+MidGradInterp+極線對齊,124,1,,,1.85324179999589
277,12,2,6,1,2,107.5,25,1506.80514497746,394.93732699067,7,1507,395,8.0437604469936,1.0437604469936,1.0437604469936,valid,,,Shared Pattern Plane,Grad-SIFT+Top2Geo+MidGradInterp+極線對齊,124,1,,,2.02952730000834
278,12,2,6,1,3,110,25,1522.22510352249,390.339457259071,7,1522,390,8.84831333565413,1.84831333565413,1.84831333565413,valid,,,Shared Pattern Plane,Grad-SIFT+Top2Geo+MidGrad+極線對齊,124,1,,,2.21182060000137
279,12,2,6,1,4,112.5,25,1537.74100110735,385.712980757485,7,1538,386,9.1105421539309,2.1105421539309,2.1105421539309,valid,,,Shared Pattern Plane,Grad-SIFT+Top2Geo+MidGrad+極線對齊,124,1,,,1.84230419999221
280,12,2,6,1,5,115,25,1553.35373588835,381.057629676779,7,1553,381,9.2231641910974,2.2231641910974,2.2231641910974,valid,,,Shared Pattern Plane,Grad-SIFT+Top2Geo+MidGradInterp+極線對齊,124,1,,,1.76198869998916
281,12,2,6,2,1,105,27.5,1496.028361406,413.747380223807,7,1496,414,7.67386847988454,0.673868479884536,0.673868479884536,valid,,,Shared Pattern Plane,Grad-SIFT+Top2Geo+MidGrad+極線對齊,124,1,,,1.87119240000902
282,12,2,6,2,2,107.5,27.5,1511.35435732122,409.225706401928,7,1511,409,9.07619760344649,2.07619760344649,2.07619760344649,valid,,,Shared Pattern Plane,Grad-SIFT+Top2Geo+MidGrad+極線對齊,124,1,,,1.9963310000021
283,12,2,6,2,3,110,27.5,1526.7753313112,404.676010918246,7,1527,405,9.03893103216168,2.03893103216168,2.03893103216168,valid,,,Shared Pattern Plane,Grad-SIFT+Top2Geo+MidGrad+極線對齊,124,1,,,2.07926959999895
284,12,2,6,2,4,112.5,27.5,1542.29216901564,400.09803247987,7,1542,400,9.75747194259253,2.75747194259253,2.75747194259253,valid,,,Shared Pattern Plane,Grad-SIFT+Top2Geo+MidGradInterp+極線對齊,124,1,,,2.03290520000155
285,12,2,6,2,5,115,27.5,1557.90576711961,395.491506535152,7,1558,395,9.65011636710681,2.65011636710681,2.65011636710681,valid,,,Shared Pattern Plane,Grad-SIFT+Top2Geo+MidGradInterp+極線對齊,124,1,,,1.80396439999458
286,12,2,6,3,1,105,30,1500.56882208277,427.963914605935,7,1501,428,7.71947435885312,0.71947435885312,0.71947435885312,valid,,,Shared Pattern Plane,Grad-SIFT+Top2Geo+MidGrad+極線對齊,124,1,,,1.90426950000983
287,12,2,6,3,2,107.5,30,1515.89588183452,423.48993951486,7,1516,423,7.67569970430866,0.675699704308665,0.675699704308665,valid,,,Shared Pattern Plane,Grad-SIFT+Top2Geo+MidGrad+極線對齊,124,1,,,2.1080321999907
288,12,2,6,3,3,110,30,1531.31784574684,418.988261859997,7,1531,419,8.0491592297192,1.0491592297192,1.0491592297192,valid,,,Shared Pattern Plane,Grad-SIFT+Top2Geo+MidGrad+極線對齊,124,1,,,2.02461870000116
289,12,2,6,3,4,112.5,30,1546.8355980178,414.458623543566,7,1547,414,8.87173646156663,1.87173646156663,1.87173646156663,valid,,,Shared Pattern Plane,Grad-SIFT+Top2Geo+MidGrad+極線對齊,124,1,,,1.97111589999986
290,12,2,6,3,5,115,30,1562.45003386348,409.900763251621,7,1562,410,7.95949717217644,0.959497172176441,0.959497172176441,valid,,,Shared Pattern Plane,Grad-SIFT+Top2Geo+MidGrad+極線對齊,124,1,,,1.92069950001314
291,12,2,6,4,1,105,32.5,1505.10163976623,442.156518183458,7,1505,442,7.51612735073267,0.516127350732667,0.516127350732667,valid,,,Shared Pattern Plane,Grad-SIFT+Top2Geo+MidGrad+極線對齊,124,1,,,2.02057860000059
292,12,2,6,4,2,107.5,32.5,1520.42973798871,437.730087485962,7,1520,438,7.47431059981386,0.474310599813857,0.474310599813857,valid,,,Shared Pattern Plane,Grad-SIFT+Top2Geo+MidGrad+極線對齊,124,1,,,1.95226449999609
293,12,2,6,4,3,110,32.5,1535.85266642583,433.276271827395,7,1536,433,8.42852005659907,1.42852005659907,1.42852005659907,valid,,,Shared Pattern Plane,Grad-SIFT+Top2Geo+MidGrad+極線對齊,124,1,,,1.69340270000976
294,12,2,6,4,4,112.5,32.5,1551.37130783619,428.794816285736,7,1551,429,7.62548441127986,0.625484411279857,0.625484411279857,valid,,,Shared Pattern Plane,Grad-SIFT+Top2Geo+MidGrad+極線對齊,124,1,,,1.82852710000589
295,12,2,6,4,5,115,32.5,1566.98655596909,424.285462765082,7,1567,424,7.08458523864843,0.0845852386484269,0.0845852386484269,valid,,,Shared Pattern Plane,Grad-SIFT+Top2Geo+MidGrad+極線對齊,124,1,,,2.09169349999866
296,12,2,6,5,1,105,35,1509.6268337384,456.325251329931,7,1510,456,7.53051558996576,0.530515589965758,0.530515589965758,valid,,,Shared Pattern Plane,Grad-SIFT+Top2Geo+MidGradInterp+極線對齊,124,1,,,2.06852970000182
297,12,2,6,5,2,107.5,35,1524.95594518942,451.946211265381,7,1525,452,8.08165145152848,1.08165145152848,1.08165145152848,valid,,,Shared Pattern Plane,Grad-SIFT+Top2Geo+MidGradInterp+極線對齊,124,1,,,1.95867940000608
298,12,2,6,5,3,110,35,1540.37981287825,447.540102354536,7,1540,448,7.83889426561845,0.838894265618449,0.838894265618449,valid,,,Shared Pattern Plane,Grad-SIFT+Top2Geo+MidGradInterp+極線對齊,124,1,,,1.88770610000938
299,12,2,6,5,4,112.5,35,1555.89931812618,443.106672831906,7,1556,443,7.20848847805825,0.208488478058245,0.208488478058245,valid,,,Shared Pattern Plane,Grad-SIFT+Top2Geo+MidGradInterp+極線對齊,124,1,,,1.82033010000305
300,12,2,6,5,5,115,35,1571.51535321795,438.645667800088,7,1572,439,6.5944374284787,-0.405562571521298,0.405562571521298,valid,,,Shared Pattern Plane,Grad-SIFT+Top2Geo+MidGradInterp+極線對齊,124,1,,,1.99013390000619
301,13,3,1,1,1,5,45,982.919474871894,661.656422234944,6.5,983,662,8.593800413077,2.093800413077,2.093800413077,valid,,,Shared Pattern Plane,Grad-SIFT+Top2Geo+MidGrad+極線對齊,124,1,,,2.07997619999514
302,13,3,1,1,2,7.5,45,995.085235615149,658.331108668254,6.5,995,658,10.3623531829695,3.86235318296955,3.86235318296955,valid,,,Shared Pattern Plane,Grad-SIFT+Top2Geo+MidGradInterp+極線對齊,124,1,,,2.10630359999777
303,13,3,1,1,3,10,45,1007.31772325077,654.987556386771,6.5,1007,655,10.1434663577825,3.64346635778253,3.64346635778253,valid,,,Shared Pattern Plane,Grad-SIFT+Top2Geo+MidGradInterp+極線對齊,124,1,,,1.93373180000344
304,13,3,1,1,4,12.5,45,1019.61748826495,651.625614924012,6.5,1020,652,9.70590942461083,3.20590942461083,3.20590942461083,valid,,,Shared Pattern Plane,Grad-SIFT+Top2Geo+MidGradInterp+極線對齊,124,1,,,1.89004270000441
305,13,3,1,1,5,15,45,1031.98508721582,648.245132153833,6.5,1032,648,8.53805271176982,2.03805271176982,2.03805271176982,valid,,,Shared Pattern Plane,Grad-SIFT+Top2Geo+MidGradInterp+極線對齊,124,1,,,1.77499670001271
306,13,3,1,2,1,5,47.5,987.324083191032,674.06389609751,6.5,987,674,6.80788710246615,0.307887102466154,0.307887102466154,valid,,,Shared Pattern Plane,Grad-SIFT+Top2Geo+MidGrad+極線對齊,124,1,,,1.86372320000373
307,13,3,1,2,2,7.5,47.5,999.492779037703,670.774978308886,6.5,999,671,8.51117319694333,2.01117319694333,2.01117319694333,valid,,,Shared Pattern Plane,Grad-SIFT+Top2Geo+MidGrad+極線對齊,124,1,,,2.02714099999866
308,13,3,1,2,3,10,47.5,1011.72816780322,667.468034962724,6.5,1012,667,9.88951512736502,3.38951512736502,3.38951512736502,valid,,,Shared Pattern Plane,Grad-SIFT+Top2Geo+MidGrad+極線對齊,124,1,,,2.12462979998963
309,13,3,1,2,4,12.5,47.5,1024.03079927958,664.142917462925,6.5,1024,664,9.66290993833271,3.16290993833271,3.16290993833271,valid,,,Shared Pattern Plane,Grad-SIFT+Top2Geo+MidGrad+極線對齊,124,1,,,2.0857754000026
310,13,3,1,2,5,15,47.5,1036.4012293185,660.799475575595,6.5,1036,661,11.1951715825719,4.69517158257193,4.69517158257193,valid,,,Shared Pattern Plane,Grad-SIFT+Top2Geo+MidGradInterp+極線對齊,124,1,,,1.97963580000214
311,13,3,1,3,1,5,50,991.722123572883,686.452868539675,6.5,992,686,7.312035704926,0.812035704926002,0.812035704926002,valid,,,Shared Pattern Plane,Grad-SIFT+Top2Geo+MidGrad+極線對齊,124,1,,,1.93968229999882
312,13,3,1,3,2,7.5,50,1003.89373219851,683.20024158533,6.5,1004,683,7.17314864833387,0.673148648333869,0.673148648333869,valid,,,Shared Pattern Plane,Grad-SIFT+Top2Geo+MidGrad+極線對齊,124,1,,,1.80823349999264
313,13,3,1,3,3,10,50,1016.13199969812,679.929801336377,6.5,1016,680,8.61757002074389,2.11757002074389,2.11757002074389,valid,,,Shared Pattern Plane,Grad-SIFT+Top2Geo+MidGrad+極線對齊,124,1,,,1.81913180000265
314,13,3,1,3,4,12.5,50,1028.43747517001,676.641401056924,6.5,1028,677,8.25282474053435,1.75282474053435,1.75282474053435,valid,,,Shared Pattern Plane,Grad-SIFT+Top2Geo+MidGrad+極線對齊,124,1,,,2.2192486999993
315,13,3,1,3,5,15,50,1040.81071375994,673.334892395003,6.5,1041,673,8.44488123566694,1.94488123566694,1.94488123566694,valid,,,Shared Pattern Plane,Grad-SIFT+Top2Geo+MidGrad+極線對齊,124,1,,,2.05697440000949
316,13,3,1,4,1,5,52.5,996.113610697184,698.82338091323,6.5,996,699,7.61414762769384,1.11414762769384,1.11414762769384,valid,,,Shared Pattern Plane,Grad-SIFT+Top2Geo+MidGrad+極線對齊,124,1,,,2.07982400000037
317,13,3,1,4,2,7.5,52.5,1008.28810986739,695.606940197413,6.5,1008,696,7.76758028343481,1.26758028343481,1.26758028343481,valid,,,Shared Pattern Plane,Grad-SIFT+Top2Geo+MidGrad+極線對齊,124,1,,,1.99693520000437
318,13,3,1,4,3,10,52.5,1020.52923379607,692.372897559511,6.5,1021,692,8.79075990391997,2.29075990391997,2.29075990391997,valid,,,Shared Pattern Plane,Grad-SIFT+Top2Geo+MidGrad+極線對齊,124,1,,,1.89689089999592
319,13,3,1,4,4,12.5,52.5,1032.83753088823,689.121108113709,6.5,1033,689,6.82827492581455,0.328274925814554,0.328274925814554,valid,,,Shared Pattern Plane,Grad-SIFT+Top2Geo+MidGrad+極線對齊,124,1,,,1.84048100000655
320,13,3,1,4,5,15,52.5,1045.21355558419,685.851425379701,6.5,1045,686,8.31700812139953,1.81700812139953,1.81700812139953,valid,,,Shared Pattern Plane,Grad-SIFT+Top2Geo+MidGrad+極線對齊,124,1,,,1.85040120000485
321,13,3,1,5,1,5,55,1000.49855919996,711.175474446832,6.5,1000,711,5.85030541924604,-0.649694580753957,0.649694580753957,valid,,,Shared Pattern Plane,Grad-SIFT+Top2Geo+MidGradInterp+極線對齊,124,1,,,2.23474119999446
322,13,3,1,5,2,7.5,55,1012.67592677008,707.995115720452,6.5,1013,708,3.46287818887016,-3.03712181112984,3.03712181112984,valid,,,Shared Pattern Plane,Grad-SIFT+Top2Geo+MidGradInterp+極線對齊,124,1,,,2.22454429999925
323,13,3,1,5,3,10,55,1024.91988491313,704.797365557994,6.5,1025,705,8.52787201079645,2.02787201079645,2.02787201079645,valid,,,Shared Pattern Plane,Grad-SIFT+Top2Geo+MidGrad+極線對齊,124,1,,,1.83679400000256
324,13,3,1,5,4,12.5,55,1037.23098134131,701.582080913656,6.5,1037,702,7.36518282349643,0.865182823496434,0.865182823496434,valid,,,Shared Pattern Plane,Grad-SIFT+Top2Geo+MidGrad+極線對齊,124,1,,,1.80514779999794
325,13,3,1,5,5,15,55,1049.60976978998,698.349117168576,6.5,1050,698,8.72976019942054,2.22976019942054,2.22976019942054,valid,,,Shared Pattern Plane,Grad-SIFT+Top2Geo+MidGrad+極線對齊,124,1,,,1.92103910000878
326,14,3,2,1,1,25,45,1082.14517080664,634.534686092059,6,1082,635,8.71589238373029,2.71589238373029,2.71589238373029,valid,,,Shared Pattern Plane,Grad-SIFT+Top2Geo+MidGradInterp+極線對齊,124,1,,,2.26084950000222
327,14,3,2,1,2,27.5,45,1094.86050628574,631.05915517657,6,1095,631,8.282555610211,2.282555610211,2.282555610211,valid,,,Shared Pattern Plane,Grad-SIFT+Top2Geo+MidGradInterp+極線對齊,124,1,,,1.98412900000403
328,14,3,2,1,3,30,45,1107.64714736122,627.564134031735,6,1108,628,7.19179595102436,1.19179595102436,1.19179595102436,valid,,,Shared Pattern Plane,Grad-SIFT+Top2Geo+MidGradInterp+極線對齊,124,1,,,1.81215960001282
329,14,3,2,1,4,32.5,45,1120.50569552544,624.049458249366,6,1121,624,7.15425487732557,1.15425487732557,1.15425487732557,valid,,,Shared Pattern Plane,Grad-SIFT+Top2Geo+MidGradInterp+極線對齊,124,1,,,1.82118650000484
330,14,3,2,1,5,35,45,1133.43675905493,620.514961566929,6,1133,621,7.05248545957918,1.05248545957918,1.05248545957918,valid,,,Shared Pattern Plane,Grad-SIFT+Top2Geo+MidGradInterp+極線對齊,124,1,,,2.10968000000867
331,14,3,2,2,1,25,47.5,1086.57226895061,647.239400872524,6,1087,647,8.67885086060949,2.67885086060949,2.67885086060949,valid,,,Shared Pattern Plane,Grad-SIFT+Top2Geo+MidGrad+極線對齊,124,1,,,2.0591768000013
332,14,3,2,2,2,27.5,47.5,1099.29024760618,643.802024611117,6,1099,644,9.00895418598528,3.00895418598528,3.00895418598528,valid,,,Shared Pattern Plane,Grad-SIFT+Top2Geo+MidGrad+極線對齊,124,1,,,2.00506250000035
333,14,3,2,2,3,30,47.5,1112.07949197527,640.345386871251,6,1112,640,8.18208367504815,2.18208367504815,2.18208367504815,valid,,,Shared Pattern Plane,Grad-SIFT+Top2Geo+MidGradInterp+極線對齊,124,1,,,1.83064770000055
334,14,3,2,2,4,32.5,47.5,1124.94060275138,636.869325299328,6,1125,637,7.10884146409577,1.10884146409577,1.10884146409577,valid,,,Shared Pattern Plane,Grad-SIFT+Top2Geo+MidGrad+極線對齊,124,1,,,1.82522400000016
335,14,3,2,2,5,35,47.5,1137.87418739801,633.373675711982,6,1138,633,6.9247279075194,0.924727907519396,0.924727907519396,valid,,,Shared Pattern Plane,Grad-SIFT+Top2Geo+MidGradInterp+極線對齊,124,1,,,1.86718780000228
336,14,3,2,3,1,25,50,1090.99261859173,659.9247490609,6,1091,660,8.58893806095293,2.58893806095293,2.58893806095293,valid,,,Shared Pattern Plane,Grad-SIFT+Top2Geo+MidGrad+極線對齊,124,1,,,2.09017630000017
337,14,3,2,3,2,27.5,50,1103.71321754285,656.525415061883,6,1104,657,8.3884443786362,2.3884443786362,2.3884443786362,valid,,,Shared Pattern Plane,Grad-SIFT+Top2Geo+MidGrad+極線對齊,124,1,,,2.02370069999597
338,14,3,2,3,3,30,50,1116.50504225763,653.107047355336,6,1117,653,7.18905175225733,1.18905175225733,1.18905175225733,valid,,,Shared Pattern Plane,Grad-SIFT+Top2Geo+MidGrad+極線對齊,124,1,,,1.88979259999178
339,14,3,2,3,4,32.5,50,1129.36869263143,649.669485630833,6,1129,650,6.82256772217033,0.822567722170334,0.822567722170334,valid,,,Shared Pattern Plane,Grad-SIFT+Top2Geo+MidGrad+極線對齊,124,1,,,1.8854863000015
340,14,3,2,3,5,35,50,1142.30477531533,646.212567772602,6,1142,646,6.99571422546383,0.995714225463835,0.995714225463835,valid,,,Shared Pattern Plane,Grad-SIFT+Top2Geo+MidGrad+極線對齊,124,1,,,2.06904000000213
341,14,3,2,4,1,25,52.5,1095.40623514899,672.590774906024,6,1095,673,7.59558238047563,1.59558238047563,1.59558238047563,valid,,,Shared Pattern Plane,Grad-SIFT+Top2Geo+MidGrad+極線對齊,124,1,,,2.12791220001236
342,14,3,2,4,2,27.5,52.5,1108.12943161017,669.229371158655,6,1108,669,8.09394846619781,2.09394846619781,2.09394846619781,valid,,,Shared Pattern Plane,Grad-SIFT+Top2Geo+MidGrad+極線對齊,124,1,,,2.05138129999978
343,14,3,2,4,3,30,52.5,1120.92381381888,665.849160499106,6,1121,666,7.32078116710989,1.32078116710989,1.32078116710989,valid,,,Shared Pattern Plane,Grad-SIFT+Top2Geo+MidGrad+極線對齊,124,1,,,1.80222810000123
344,14,3,2,4,4,32.5,52.5,1133.78998087295,662.449984648777,6,1134,662,7.15727638167029,1.15727638167029,1.15727638167029,valid,,,Shared Pattern Plane,Grad-SIFT+Top2Geo+MidGrad+極線對齊,124,1,,,1.87938699999359
345,14,3,2,4,5,35,52.5,1146.72853861181,659.031683547976,6,1147,659,6.70140953690606,0.701409536906064,0.701409536906064,valid,,,Shared Pattern Plane,Grad-SIFT+Top2Geo+MidGrad+極線對齊,124,1,,,2.09944439999526
346,14,3,2,5,1,25,55,1099.81313399446,685.237522522037,6,1100,685,6.90236138413304,0.902361384133041,0.902361384133041,valid,,,Shared Pattern Plane,Grad-SIFT+Top2Geo+MidGradInterp+極線對齊,124,1,,,2.05369050000445
347,14,3,2,5,2,27.5,55,1112.53890527524,681.913937394984,6,1113,682,6.45638086265333,0.456380862653329,0.456380862653329,valid,,,Shared Pattern Plane,Grad-SIFT+Top2Geo+MidGradInterp+極線對齊,124,1,,,2.12502449999738
348,14,3,2,5,3,30,55,1125.33582222178,678.571771179885,6,1125,679,6.5724327893697,0.572432789369698,0.572432789369698,valid,,,Shared Pattern Plane,Grad-SIFT+Top2Geo+MidGradInterp+極線對齊,124,1,,,1.99849930001074
349,14,3,2,5,4,32.5,55,1138.20448313511,675.210867618679,6,1138,675,6.28001610407224,0.280016104072237,0.280016104072237,valid,,,Shared Pattern Plane,Grad-SIFT+Top2Geo+MidGrad+極線對齊,124,1,,,2.12417509999068
350,14,3,2,5,5,35,55,1151.14549304368,671.831068696304,6,1151,672,5.9951602779375,-0.00483972206249739,0.00483972206249739,valid,,,Shared Pattern Plane,Grad-SIFT+Top2Geo+MidGradInterp+極線對齊,124,1,,,2.08747650000441
351,15,3,3,1,1,45,45,1185.89857522071,606.175374202783,5.5,1186,606,5.321871102964,-0.178128897036004,0.178128897036004,valid,,,Shared Pattern Plane,Grad-SIFT+Top2Geo+MidGradInterp+極線對齊,124,1,,,2.11515510000754
352,15,3,3,1,2,47.5,45,1199.20158397809,602.539212319257,5.5,1199,603,5.50960213834212,0.00960213834212365,0.00960213834212365,valid,,,Shared Pattern Plane,Grad-SIFT+Top2Geo+MidGradInterp+極線對齊,124,1,,,2.24604689999251
353,15,3,3,1,3,50,45,1212.58090571559,598.882191519185,5.5,1213,599,6.12389631474133,0.623896314741334,0.623896314741334,valid,,,Shared Pattern Plane,Grad-SIFT+Top2Geo+MidGradInterp+極線對齊,124,1,,,2.20330680000188
354,15,3,3,1,4,52.5,45,1226.0371989785,595.204131799875,5.5,1226,595,5.56482199833901,0.0648219983390064,0.0648219983390064,valid,,,Shared Pattern Plane,Grad-SIFT+Top2Geo+MidGradInterp+極線對齊,124,1,,,2.2399693000043
355,15,3,3,1,5,55,45,1239.57112991128,591.50485108154,5.5,1240,592,4.90706765032038,-0.592932349679624,0.592932349679624,valid,,,Shared Pattern Plane,Grad-SIFT+Top2Geo+MidGradInterp+極線對齊,124,1,,,2.17513550000149
356,15,3,3,2,1,45,47.5,1190.34565630932,619.191848039392,5.5,1190,619,5.9837636677345,0.483763667734505,0.483763667734505,valid,,,Shared Pattern Plane,Grad-SIFT+Top2Geo+MidGradInterp+極線對齊,124,1,,,2.08435929998814
357,15,3,3,2,2,47.5,47.5,1203.65096599606,615.595729748389,5.5,1204,616,5.3241841754011,-0.175815824598896,0.175815824598896,valid,,,Shared Pattern Plane,Grad-SIFT+Top2Geo+MidGradInterp+極線對齊,124,1,,,2.12999850000779
358,15,3,3,2,3,50,47.5,1217.03254197492,611.978998437883,5.5,1217,612,5.8464035831801,0.346403583180105,0.346403583180105,valid,,,Shared Pattern Plane,Grad-SIFT+Top2Geo+MidGradInterp+極線對齊,124,1,,,2.09404480000376
359,15,3,3,2,4,52.5,47.5,1230.49104187044,608.341476367127,5.5,1230,608,5.37823128029532,-0.121768719704679,0.121768719704679,valid,,,Shared Pattern Plane,Grad-SIFT+Top2Geo+MidGradInterp+極線對齊,124,1,,,2.16434879999724
360,15,3,3,2,5,55,47.5,1244.02713088967,604.682983746004,5.5,1244,605,5.00313078949859,-0.496869210501412,0.496869210501412,valid,,,Shared Pattern Plane,Grad-SIFT+Top2Geo+MidGradInterp+極線對齊,124,1,,,1.99831429999904
361,15,3,3,3,1,45,50,1194.78580401154,632.188028060601,5.5,1195,632,5.51039733427149,0.0103973342714889,0.0103973342714889,valid,,,Shared Pattern Plane,Grad-SIFT+Top2Geo+MidGradInterp+極線對齊,124,1,,,2.13416549999965
362,15,3,3,3,2,47.5,50,1208.09339123116,628.631832801684,5.5,1208,629,5.44562630148494,-0.0543736985150582,0.0543736985150582,valid,,,Shared Pattern Plane,Grad-SIFT+Top2Geo+MidGradInterp+極線對齊,124,1,,,2.26538539999456
363,15,3,3,3,3,50,50,1221.47719799412,625.055269344222,5.5,1221,625,5.41107741724195,-0.0889225827580535,0.0889225827580535,valid,,,Shared Pattern Plane,Grad-SIFT+Top2Geo+MidGradInterp+極線對齊,124,1,,,2.11940049999976
364,15,3,3,3,4,52.5,50,1234.93788100511,621.458162196588,5.5,1235,621,4.90033895901106,-0.599661040988936,0.599661040988936,valid,,,Shared Pattern Plane,Grad-SIFT+Top2Geo+MidGradInterp+極線對齊,124,1,,,1.96144549999735
365,15,3,3,3,5,55,50,1248.47610453475,617.84033384531,5.5,1248,618,4.90763022770762,-0.592369772292376,0.592369772292376,valid,,,Shared Pattern Plane,Grad-SIFT+Top2Geo+MidGradInterp+極線對齊,124,1,,,2.10746440000366
366,15,3,3,4,1,45,52.5,1199.21903452935,645.16396168918,5.5,1199,645,5.4699227957712,-0.0300772042287996,0.0300772042287996,valid,,,Shared Pattern Plane,Grad-SIFT+Top2Geo+MidGrad+極線對齊,124,1,,,2.12564289999136
367,15,3,3,4,2,47.5,52.5,1212.52887598645,641.647569319755,5.5,1213,642,4.73052463327729,-0.769475366722713,0.769475366722713,valid,,,Shared Pattern Plane,Grad-SIFT+Top2Geo+MidGrad+極線對齊,124,1,,,2.01504859999113
368,15,3,3,4,3,50,52.5,1225.91489017803,638.11105250158,5.5,1226,638,4.98097368185334,-0.519026318146659,0.519026318146659,valid,,,Shared Pattern Plane,Grad-SIFT+Top2Geo+MidGradInterp+極線對齊,124,1,,,2.51753720000852
369,15,3,3,4,4,52.5,52.5,1239.37773288985,634.554237979392,5.5,1239,635,4.78020192101077,-0.71979807898923,0.71979807898923,valid,,,Shared Pattern Plane,Grad-SIFT+Top2Geo+MidGradInterp+極線對齊,124,1,,,2.43087910000759
370,15,3,3,4,5,55,52.5,1252.91806745709,630.976950503418,5.5,1253,631,3.85943172195589,-1.64056827804411,1.64056827804411,valid,,,Shared Pattern Plane,Grad-SIFT+Top2Geo+MidGradInterp+極線對齊,124,1,,,2.50348620000295
371,15,3,3,5,1,45,55,1203.64536401432,658.119696200252,5.5,1204,658,5.31898006658797,-0.181019933412029,0.181019933412029,valid,,,Shared Pattern Plane,Grad-SIFT+Top2Geo+MidGrad+極線對齊,124,1,,,2.51946960001078
372,15,3,3,5,2,47.5,55,1216.95743651409,654.642986993846,5.5,1217,655,4.92537833023622,-0.57462166976378,0.57462166976378,valid,,,Shared Pattern Plane,Grad-SIFT+Top2Geo+MidGrad+極線對齊,124,1,,,2.56992819999869
373,15,3,3,5,3,50,55,1230.34563488012,651.146396022217,5.5,1230,651,4.18439363073717,-1.31560636926283,1.31560636926283,valid,,,Shared Pattern Plane,Grad-SIFT+Top2Geo+MidGrad+極線對齊,124,1,,,2.22411549999379
374,15,3,3,5,4,52.5,55,1243.81061398019,647.62975225378,5.5,1244,648,3.95942107131338,-1.54057892868662,1.54057892868662,valid,,,Shared Pattern Plane,Grad-SIFT+Top2Geo+MidGrad+極線對齊,124,1,,,1.91132929999731
375,15,3,3,5,5,55,55,1257.35303621497,644.092882689591,5.5,1257,644,4.01973655571876,-1.48026344428124,1.48026344428124,valid,,,Shared Pattern Plane,Grad-SIFT+Top2Geo+MidGrad+極線對齊,124,1,,,1.78067210000881
376,16,3,4,1,1,65,45,1294.49682540822,576.491802226613,5,1294,576,5.31296594221399,0.31296594221399,0.31296594221399,valid,,,Shared Pattern Plane,Grad-SIFT+Top2Geo+MidGradInterp+極線對齊,124,1,,,2.08013199998823
377,16,3,4,1,2,67.5,45,1308.42921062875,572.683610485226,5,1308,573,5.22392165223228,0.223921652232276,0.223921652232276,valid,,,Shared Pattern Plane,Grad-SIFT+Top2Geo+MidGradInterp+極線對齊,124,1,,,2.03471039999567
378,16,3,4,1,3,70,45,1322.44339625911,568.853059927294,5,1322,569,4.90894627719827,-0.0910537228017319,0.0910537228017319,valid,,,Shared Pattern Plane,Grad-SIFT+Top2Geo+MidGradInterp+極線對齊,124,1,,,2.10717970000405
379,16,3,4,1,4,72.5,45,1336.54010482541,564.999953062016,5,1337,565,5.6463403327952,0.646340332795199,0.646340332795199,valid,,,Shared Pattern Plane,Grad-SIFT+Top2Geo+MidGradInterp+極線對齊,124,1,,,1.97355169999355
380,16,3,4,1,5,75,45,1350.7200673881,561.124090065859,5,1351,561,5.42641499163535,0.426414991635353,0.426414991635353,valid,,,Shared Pattern Plane,Grad-SIFT+Top2Geo+MidGradInterp+極線對齊,124,1,,,1.96156209999754
381,16,3,4,2,1,65,47.5,1298.96095392322,589.83563855399,5,1299,590,4.2907576582995,-0.709242341700498,0.709242341700498,valid,,,Shared Pattern Plane,Grad-SIFT+Top2Geo+MidGradInterp+極線對齊,124,1,,,1.80105559999356
382,16,3,4,2,2,67.5,47.5,1312.89523983387,586.069522498434,5,1313,586,4.43764286063975,-0.56235713936025,0.56235713936025,valid,,,Shared Pattern Plane,Grad-SIFT+Top2Geo+MidGradInterp+極線對齊,124,1,,,1.77455180000106
383,16,3,4,2,3,70,47.5,1326.91127161617,582.281312419429,5,1327,582,4.08144878909249,-0.918551210907514,0.918551210907514,valid,,,Shared Pattern Plane,Grad-SIFT+Top2Geo+MidGradInterp+極線對齊,124,1,,,2.10356829999364
384,16,3,4,2,4,72.5,47.5,1341.00977073295,578.470813322207,5,1341,578,4.67997921163944,-0.320020788360556,0.320020788360556,valid,,,Shared Pattern Plane,Grad-SIFT+Top2Geo+MidGradInterp+極線對齊,124,1,,,2.09931179998966
385,16,3,4,2,5,75,47.5,1355.191467162,574.637827910619,5,1355,575,4.39966346630008,-0.600336533699922,0.600336533699922,valid,,,Shared Pattern Plane,Grad-SIFT+Top2Geo+MidGradInterp+極線對齊,124,1,,,1.91845730000932
386,16,3,4,3,1,65,50,1303.41796023216,603.158185720129,5,1303,603,4.17133746408199,-0.828662535918014,0.828662535918014,valid,,,Shared Pattern Plane,Grad-SIFT+Top2Geo+MidGradInterp+極線對齊,124,1,,,1.82200010000088
387,16,3,4,3,2,67.5,50,1317.35412297812,599.434015811133,5,1317,599,3.47225640826109,-1.52774359173891,1.52774359173891,valid,,,Shared Pattern Plane,Grad-SIFT+Top2Geo+MidGradInterp+極線對齊,124,1,,,1.79841899999883
388,16,3,4,3,3,70,50,1331.37197700522,595.688015487509,5,1331,596,3.81251337148247,-1.18748662851753,1.18748662851753,valid,,,Shared Pattern Plane,Grad-SIFT+Top2Geo+MidGradInterp+極線對齊,124,1,,,1.98032690001128
389,16,3,4,3,4,72.5,50,1345.4722427143,591.919992236068,5,1345,592,3.83592613074502,-1.16407386925498,1.16407386925498,valid,,,Shared Pattern Plane,Grad-SIFT+Top2Geo+MidGradInterp+極線對齊,124,1,,,2.05468850000761
390,16,3,4,3,5,75,50,1359.65564900173,588.129751273358,5,1360,588,3.51396447653099,-1.48603552346901,1.48603552346901,valid,,,Shared Pattern Plane,Grad-SIFT+Top2Geo+MidGrad+極線對齊,124,1,,,1.84971740000765
391,16,3,4,4,1,65,52.5,1307.86786136596,616.459494632483,5,1308,616,3.1665468619908,-1.8334531380092,1.8334531380092,valid,,,Shared Pattern Plane,Grad-SIFT+Top2Geo+MidGradInterp+極線對齊,124,1,,,1.85723700000381
392,16,3,4,4,2,67.5,52.5,1321.80587719933,612.777141790086,5,1322,613,2.82633153706145,-2.17366846293855,2.17366846293855,valid,,,Shared Pattern Plane,Grad-SIFT+Top2Geo+MidGradInterp+極線對齊,124,1,,,1.91051470000821
393,16,3,4,4,3,70,52.5,1335.82552967179,609.073220963152,5,1336,609,2.27293457210877,-2.72706542789123,2.72706542789123,valid,,,Shared Pattern Plane,Grad-SIFT+Top2Geo+MidGradInterp+極線對齊,124,1,,,1.80467859999044
394,16,3,4,4,4,72.5,52.5,1349.92753812342,605.34754210569,5,1350,605,2.90828213467651,-2.09171786532349,2.09171786532349,valid,,,Shared Pattern Plane,Grad-SIFT+Top2Geo+MidGradInterp+極線對齊,124,1,,,1.76706769999873
395,16,3,4,4,5,75,52.5,1364.11263037048,601.599912932351,5,1364,602,2.17759279098451,-2.82240720901549,2.82240720901549,valid,,,Shared Pattern Plane,Grad-SIFT+Top2Geo+MidGradInterp+極線對齊,124,1,,,2.15772240000661
396,16,3,4,5,1,65,55,1312.31067430123,629.739616036321,5,1312,630,2.382274566892,-2.617725433108,2.617725433108,valid,,,Shared Pattern Plane,Grad-SIFT+Top2Geo+MidGradInterp+極線對齊,124,1,,,2.12177750001138
397,16,3,4,5,2,67.5,55,1326.25051958058,626.098951637938,5,1326,626,2.3579988851777,-2.6420011148223,2.6420011148223,valid,,,Shared Pattern Plane,Grad-SIFT+Top2Geo+MidGradInterp+極線對齊,124,1,,,1.96675639999739
398,16,3,4,5,3,70,55,1340.27194680614,622.436980511885,5,1340,622,2.12016577719961,-2.87983422280039,2.87983422280039,valid,,,Shared Pattern Plane,Grad-SIFT+Top2Geo+MidGradInterp+極線對齊,124,1,,,1.75337570000556
399,16,3,4,5,4,72.5,55,1354.37567425851,618.753515065077,5,1354,619,2.24627605606643,-2.75372394393357,2.75372394393357,valid,,,Shared Pattern Plane,Grad-SIFT+Top2Geo+MidGradInterp+極線對齊,124,1,,,1.76029850001214
400,16,3,4,5,5,75,55,1368.56242867514,615.048365495753,5,1369,615,2.42331972789583,-2.57668027210417,2.57668027210417,valid,,,Shared Pattern Plane,Grad-SIFT+Top2Geo+MidGradInterp+極線對齊,124,1,,,1.9533311999985
401,17,3,5,1,1,85,45,1408.28738465557,545.388996704472,4.5,1408,545,5.50481112443767,1.00481112443767,1.00481112443767,valid,,,Shared Pattern Plane,Grad-SIFT+Top2Geo+MidGradInterp+極線對齊,124,1,,,2.30887639999855
402,17,3,5,1,2,87.5,45,1422.89489078397,541.396271602494,4.5,1423,541,6.08186007795821,1.58186007795821,1.58186007795821,valid,,,Shared Pattern Plane,Grad-SIFT+Top2Geo+MidGradInterp+極線對齊,124,1,,,2.02058830000169
403,17,3,5,1,3,90,45,1437.59022373078,537.379540462836,4.5,1438,537,5.82092870269498,1.32092870269498,1.32092870269498,valid,,,Shared Pattern Plane,Grad-SIFT+Top2Geo+MidGradInterp+極線對齊,124,1,,,1.92718610000156
404,17,3,5,1,4,92.5,45,1452.37417796515,533.338586130232,4.5,1452,533,5.81890090449742,1.31890090449742,1.31890090449742,valid,,,Shared Pattern Plane,Grad-SIFT+Top2Geo+MidGradInterp+極線對齊,124,1,,,1.83170730000711
405,17,3,5,1,5,95,45,1467.24755756743,529.273188822351,4.5,1467,529,5.21944140783739,0.719441407837395,0.719441407837395,valid,,,Shared Pattern Plane,Grad-SIFT+Top2Geo+MidGradInterp+極線對齊,124,1,,,2.16151169998921
406,17,3,5,2,1,85,47.5,1412.76513069678,559.076994725063,4.5,1413,559,4.81224450989906,0.312244509899064,0.312244509899064,valid,,,Shared Pattern Plane,Grad-SIFT+Top2Geo+MidGradInterp+極線對齊,124,1,,,2.06119959999342
407,17,3,5,2,2,87.5,47.5,1427.37407032199,555.128535332891,4.5,1427,555,5.58772601629594,1.08772601629594,1.08772601629594,valid,,,Shared Pattern Plane,Grad-SIFT+Top2Geo+MidGradInterp+極線對齊,124,1,,,2.01342550000118
408,17,3,5,2,3,90,47.5,1442.0707731545,551.156355570245,4.5,1442,551,5.94080289003118,1.44080289003118,1.44080289003118,valid,,,Shared Pattern Plane,Grad-SIFT+Top2Geo+MidGradInterp+極線對齊,124,1,,,2.65916560000915
409,17,3,5,2,4,92.5,47.5,1456.85603243322,547.160241042943,4.5,1457,547,5.11479518494262,0.614795184942623,0.614795184942623,valid,,,Shared Pattern Plane,Grad-SIFT+Top2Geo+MidGradInterp+極線對齊,124,1,,,1.78647009999258
410,17,3,5,2,5,95,47.5,1471.73065098544,543.139974765289,4.5,1472,543,6.21804684663536,1.71804684663536,1.71804684663536,valid,,,Shared Pattern Plane,Grad-SIFT+Top2Geo+MidGrad+極線對齊,124,1,,,1.82684929999232
411,17,3,5,3,1,85,50,1417.23556230197,572.742633285116,4.5,1417,573,4.8008667612576,0.3008667612576,0.3008667612576,valid,,,Shared Pattern Plane,Grad-SIFT+Top2Geo+MidGradInterp+極線對齊,124,1,,,1.94561599999724
412,17,3,5,3,2,87.5,50,1431.84591118835,568.838300171727,4.5,1432,569,4.04134987513998,-0.458650124860015,0.458650124860015,valid,,,Shared Pattern Plane,Grad-SIFT+Top2Geo+MidGradInterp+極線對齊,124,1,,,2.04908199999772
413,17,3,5,3,3,90,50,1446.54395962997,564.910531048685,4.5,1447,565,5.03015259007587,0.53015259007587,0.53015259007587,valid,,,Shared Pattern Plane,Grad-SIFT+Top2Geo+MidGradInterp+極線對齊,124,1,,,2.17085209999641
414,17,3,5,3,4,92.5,50,1461.33049963718,560.959114266544,4.5,1461,561,3.93148506750881,-0.568514932491185,0.568514932491185,valid,,,Shared Pattern Plane,Grad-SIFT+Top2Geo+MidGrad+極線對齊,124,1,,,1.71906889999809
415,17,3,5,3,5,95,50,1476.20633278592,556.983835619639,4.5,1476,557,4.33061218742383,-0.169387812576172,0.169387812576172,valid,,,Shared Pattern Plane,Grad-SIFT+Top2Geo+MidGrad+極線對齊,124,1,,,1.78547350000008
416,17,3,5,4,1,85,52.5,1421.69869737879,586.385967126472,4.5,1422,586,3.26874126372808,-1.23125873627192,1.23125873627192,valid,,,Shared Pattern Plane,Grad-SIFT+Top2Geo+MidGradInterp+極線對齊,124,1,,,1.92383109999355
417,17,3,5,4,2,87.5,52.5,1436.31043140377,582.525621366899,4.5,1436,583,5.15501856755718,0.655018567557184,0.655018567557184,valid,,,Shared Pattern Plane,Grad-SIFT+Top2Geo+MidGradInterp+極線對齊,124,1,,,2.14292269998987
418,17,3,5,4,3,90,52.5,1451.00980129176,578.64212265836,4.5,1451,579,4.23801292995835,-0.261987070041648,0.261987070041648,valid,,,Shared Pattern Plane,Grad-SIFT+Top2Geo+MidGradInterp+極線對齊,124,1,,,2.03909740000381
419,17,3,5,4,4,92.5,52.5,1465.79759782621,574.735262079897,4.5,1466,575,4.24112505060414,-0.258874949395859,0.258874949395859,valid,,,Shared Pattern Plane,Grad-SIFT+Top2Geo+MidGrad+極線對齊,124,1,,,1.86181590000342
420,17,3,5,4,5,95,52.5,1480.67462133344,570.804828189366,4.5,1481,571,2.81642100052259,-1.68357899947741,1.68357899947741,valid,,,Shared Pattern Plane,Grad-SIFT+Top2Geo+MidGrad+極線對齊,124,1,,,1.74766760000784
421,17,3,5,5,1,85,55,1426.15455377649,600.00705081242,4.5,1426,600,3.51455368978427,-0.985446310215729,0.985446310215729,valid,,,Shared Pattern Plane,Grad-SIFT+Top2Geo+MidGradInterp+極線對齊,124,1,,,1.98279709999042
422,17,3,5,5,2,87.5,55,1440.76764893,596.19055398556,4.5,1441,596,3.70488746805446,-0.79511253194554,0.79511253194554,valid,,,Shared Pattern Plane,Grad-SIFT+Top2Geo+MidGrad+極線對齊,124,1,,,2.24624439999752
423,17,3,5,5,3,90,55,1455.46831621491,592.35118597651,4.5,1455,592,2.42977701734449,-2.07022298265551,2.07022298265551,valid,,,Shared Pattern Plane,Grad-SIFT+Top2Geo+MidGrad+極線對齊,124,1,,,2.1316569000046
424,17,3,5,5,4,92.5,55,1470.25734518941,588.488740576641,4.5,1470,588,3.45960589750908,-1.04039410249092,1.04039410249092,valid,,,Shared Pattern Plane,Grad-SIFT+Top2Geo+MidGrad+極線對齊,124,1,,,2.13739020000503
425,17,3,5,5,5,95,55,1485.13553493194,584.603009090923,4.5,1485,585,,,,failed,Top2-Geo: HIGH/MID 均未通過支援點與 RANSAC 門檻,,,,124,,,,1.71040260000154
426,18,3,6,1,1,105,45,1527.65175589255,512.762679992322,4,1528,513,7.67393479815381,3.67393479815381,3.67393479815381,valid,,,Shared Pattern Plane,Grad-SIFT+Top2Geo+MidGrad+極線對齊,124,1,,,1.80528179999965
427,18,3,6,1,2,107.5,45,1542.98467028633,508.571676295428,4,1543,509,6.62311666937305,2.62311666937305,2.62311666937305,valid,,,Shared Pattern Plane,Grad-SIFT+Top2Geo+MidGradInterp+極線對齊,124,1,,,2.09334900000249
428,18,3,6,1,3,110,45,1558.41204471829,504.354853477714,4,1558,504,7.26314734894726,3.26314734894726,3.26314734894726,valid,,,Shared Pattern Plane,Grad-SIFT+Top2Geo+MidGradInterp+極線對齊,124,1,,,2.05400360000203
429,18,3,6,1,4,112.5,45,1573.9347547821,500.111972209843,4,1574,500,6.75805647858532,2.75805647858532,2.75805647858532,valid,,,Shared Pattern Plane,Grad-SIFT+Top2Geo+MidGradInterp+極線對齊,124,1,,,1.93868649999786
430,18,3,6,1,5,115,45,1589.55368692665,495.84279019537,4,1590,496,6.43566227913802,2.43566227913802,2.43566227913802,valid,,,Shared Pattern Plane,Grad-SIFT+Top2Geo+MidGradInterp+極線對齊,124,1,,,1.8008925000031
431,18,3,6,2,1,105,47.5,1532.13911828017,526.812959514635,4,1532,527,7.2942651993153,3.2942651993153,3.2942651993153,valid,,,Shared Pattern Plane,Grad-SIFT+Top2Geo+MidGrad+極線對齊,124,1,,,1.7819227
432,18,3,6,2,2,107.5,47.5,1547.4729215241,522.668586206956,4,1547,523,7.20781785006365,3.20781785006365,3.20781785006365,valid,,,Shared Pattern Plane,Grad-SIFT+Top2Geo+MidGrad+極線對齊,124,1,,,1.9688565999968
433,18,3,6,2,3,110,47.5,1562.90111068735,518.498702562511,4,1563,518,7.35698166429403,3.35698166429403,3.35698166429403,valid,,,Shared Pattern Plane,Grad-SIFT+Top2Geo+MidGrad+極線對齊,124,1,,,2.17987469999935
434,18,3,6,2,4,112.5,47.5,1578.42455993707,514.303072314083,4,1578,514,7.27667488070283,3.27667488070283,3.27667488070283,valid,,,Shared Pattern Plane,Grad-SIFT+Top2Geo+MidGradInterp+極線對齊,124,1,,,2.12409409999964
435,18,3,6,2,5,115,47.5,1594.0441542688,510.081456267793,4,1594,510,8.77963017024308,4.77963017024308,4.77963017024308,valid,,,Shared Pattern Plane,Grad-SIFT+Top2Geo+MidGradInterp+極線對齊,124,1,,,2.01394420000724
436,18,3,6,3,1,105,50,1536.61897129729,540.839726615717,4,1537,541,7.5244780754803,3.5244780754803,3.5244780754803,valid,,,Shared Pattern Plane,Grad-SIFT+Top2Geo+MidGrad+極線對齊,124,1,,,1.98030570000992
437,18,3,6,3,2,107.5,50,1551.95363887797,536.741833342692,4,1552,537,6.8098451660897,2.8098451660897,2.8098451660897,valid,,,Shared Pattern Plane,Grad-SIFT+Top2Geo+MidGrad+極線對齊,124,1,,,2.49940749999951
438,18,3,6,3,3,110,50,1567.38261823313,532.618737072329,4,1567,533,7.06092272466961,3.06092272466961,3.06092272466961,valid,,,Shared Pattern Plane,Grad-SIFT+Top2Geo+MidGrad+極線對齊,124,1,,,1.95544879999943
439,18,3,6,3,4,112.5,50,1582.90678210561,528.470204580989,4,1583,528,7.31378559594315,3.31378559594315,3.31378559594315,valid,,,Shared Pattern Plane,Grad-SIFT+Top2Geo+MidGrad+極線對齊,124,1,,,2.21174569999857
440,18,3,6,3,5,115,50,1598.5270140398,524.295999758521,4,1599,524,6.68810047884989,2.68810047884989,2.68810047884989,valid,,,Shared Pattern Plane,Grad-SIFT+Top2Geo+MidGrad+極線對齊,124,1,,,1.92227839998668
441,18,3,6,4,1,105,52.5,1541.09133377795,554.84304026647,4,1541,555,6.2733472556698,2.2733472556698,2.2733472556698,valid,,,Shared Pattern Plane,Grad-SIFT+Top2Geo+MidGrad+極線對齊,124,1,,,1.77492999999959
442,18,3,6,4,2,107.5,52.5,1556.42684130135,550.79147723243,4,1556,551,6.20772339180987,2.20772339180987,2.20772339180987,valid,,,Shared Pattern Plane,Grad-SIFT+Top2Geo+MidGrad+極線對齊,124,1,,,1.80944580001233
443,18,3,6,4,3,110,52.5,1571.85658642922,546.71501710293,4,1572,547,6.18857345742469,2.18857345742469,2.18857345742469,valid,,,Shared Pattern Plane,Grad-SIFT+Top2Geo+MidGrad+極線對齊,124,1,,,2.04329240000516
444,18,3,6,4,4,112.5,52.5,1587.38144048225,542.613429679485,4,1587,543,5.59227196005261,1.59227196005261,1.59227196005261,valid,,,Shared Pattern Plane,Grad-SIFT+Top2Geo+MidGrad+極線對齊,124,1,,,2.26359430000593
445,18,3,6,4,5,115,52.5,1603.00228555594,538.486481916948,4,1603,538,5.61772662834098,1.61772662834098,1.61772662834098,valid,,,Shared Pattern Plane,Grad-SIFT+Top2Geo+MidGrad+極線對齊,124,1,,,1.89652449999994
446,18,3,6,5,1,105,55,1545.5562244933,568.822959240755,4,1546,569,6.26416529204656,2.26416529204656,2.26416529204656,valid,,,Shared Pattern Plane,Grad-SIFT+Top2Geo+MidGrad+極線對齊,124,1,,,1.85328039999877
447,18,3,6,5,2,107.5,55,1560.89254768414,564.817577206444,4,1561,565,6.27465485722952,2.27465485722952,2.27465485722952,valid,,,Shared Pattern Plane,Grad-SIFT+Top2Geo+MidGrad+極線對齊,124,1,,,1.85117119998904
448,18,3,6,5,3,110,55,1576.32303428508,560.787602548047,4,1576,561,4.70078158411978,0.700781584119776,0.700781584119776,valid,,,Shared Pattern Plane,Grad-SIFT+Top2Geo+MidGradInterp+極線對齊,124,1,,,1.86623150001105
449,18,3,6,5,4,112.5,55,1591.84855419681,556.732808073912,4,1592,557,6.12108726006877,2.12108726006877,2.12108726006877,valid,,,Shared Pattern Plane,Grad-SIFT+Top2Geo+MidGradInterp+極線對齊,124,1,,,2.03475659999822
450,18,3,6,5,5,115,55,1607.4699880682,552.652963785286,4,1607,553,4.58555243155406,0.585552431554063,0.585552431554063,valid,,,Shared Pattern Plane,Grad-SIFT+Top2Geo+MidGradInterp+極線對齊,124,1,,,2.09166560000449
451,19,4,1,1,1,5,65,1017.97325819533,760.400480470467,3.5,1018,760,1.48607625854266,-2.01392374145734,2.01392374145734,valid,,,Shared Pattern Plane,Grad-SIFT+Top2Geo+MidGradInterp+極線對齊,124,1,,,1.85405200000969
452,19,4,1,1,2,7.5,65,1030.16187969898,757.363414096375,3.5,1030,757,4.18880882665034,0.688808826650336,0.688808826650336,valid,,,Shared Pattern Plane,Grad-SIFT+Top2Geo+MidGradInterp+極線對齊,124,1,,,1.76113890000852
453,19,4,1,1,3,10,65,1042.41695434601,754.309789442321,3.5,1042,754,2.41500740036653,-1.08499259963347,1.08499259963347,valid,,,Shared Pattern Plane,Grad-SIFT+Top2Geo+MidGrad+極線對齊,124,1,,,1.90462040000421
454,19,4,1,1,4,12.5,65,1054.73902708213,751.239470722948,3.5,1055,751,4.04645103919979,0.546451039199793,0.546451039199793,valid,,,Shared Pattern Plane,Grad-SIFT+Top2Geo+MidGradInterp+極線對齊,124,1,,,2.02566100000695
455,19,4,1,1,5,15,65,1067.12864882779,748.152320664164,3.5,1067,748,4.76359423760863,1.26359423760863,1.26359423760863,valid,,,Shared Pattern Plane,Grad-SIFT+Top2Geo+MidGradInterp+極線對齊,124,1,,,1.96638659999007
456,19,4,1,2,1,5,67.5,1022.32573161216,772.661093956156,3.5,1022,773,0.346633819630394,-3.15336618036961,3.15336618036961,valid,,,Shared Pattern Plane,Grad-SIFT+Top2Geo+MidGradInterp+極線對齊,124,1,,,1.88909569999669
457,19,4,1,2,2,7.5,67.5,1034.51711212445,769.659593478276,3.5,1035,770,-2.373733937416,-5.873733937416,5.873733937416,valid,,,Shared Pattern Plane,Grad-SIFT+Top2Geo+MidGrad+極線對齊,124,1,,,2.0916572999995
458,19,4,1,2,3,10,67.5,1046.77491125407,766.64174083163,3.5,1047,767,2.53607245401546,-0.963927545984539,0.963927545984539,valid,,,Shared Pattern Plane,Grad-SIFT+Top2Geo+MidGrad+極線對齊,124,1,,,2.12544930000149
459,19,4,1,2,4,12.5,67.5,1059.09967325631,763.60740202134,3.5,1059,764,4.80772451960736,1.30772451960736,1.30772451960736,valid,,,Shared Pattern Plane,Grad-SIFT+Top2Geo+MidGradInterp+極線對齊,124,1,,,2.31199240000569
460,19,4,1,2,5,15,67.5,1071.49194834915,760.556441584523,3.5,1071,761,2.83638109553045,-0.663618904469549,0.663618904469549,valid,,,Shared Pattern Plane,Grad-SIFT+Top2Geo+MidGrad+極線對齊,124,1,,,2.04991200000222
461,19,4,1,3,1,5,70,1026.67175331465,784.903533413382,3.5,1027,785,-1.72809152711096,-5.22809152711096,5.22809152711096,valid,,,Shared Pattern Plane,Grad-SIFT+Top2Geo+MidGrad+極線對齊,124,1,,,2.92752820000169
462,19,4,1,3,2,7.5,70,1038.86587122109,781.937496634067,3.5,1039,782,-2.7490517184407,-6.2490517184407,6.2490517184407,valid,,,Shared Pattern Plane,Grad-SIFT+Top2Geo+MidGrad+極線對齊,124,1,,,2.16718799999217
463,19,4,1,3,3,10,70,1051.12637315258,778.95531293364,3.5,1051,779,2.52736274681896,-0.972637253181035,0.972637253181035,valid,,,Shared Pattern Plane,Grad-SIFT+Top2Geo+MidGrad+極線對齊,124,1,,,1.92182079999475
464,19,4,1,3,4,12.5,70,1063.4538026745,775.956850097955,3.5,1063,776,2.70651892634378,-0.793481073656221,0.793481073656221,valid,,,Shared Pattern Plane,Grad-SIFT+Top2Geo+MidGrad+極線對齊,124,1,,,1.77596100000665
465,19,4,1,3,5,15,70,1075.84870930287,772.941974465456,3.5,1076,773,4.2535640859997,0.753564085999699,0.753564085999699,valid,,,Shared Pattern Plane,Grad-SIFT+Top2Geo+MidGrad+極線對齊,124,1,,,1.82229690000531
466,19,4,1,4,1,5,72.5,1031.01133763735,797.127839221531,3.5,1031,797,-2.36754820921145,-5.86754820921145,5.86754820921145,valid,,,Shared Pattern Plane,Grad-SIFT+Top2Geo+MidGradInterp+極線對齊,124,1,,,2.12846130000253
467,19,4,1,4,2,7.5,72.5,1043.20817141046,794.197164280346,3.5,1043,794,-2.2318560101257,-5.7318560101257,5.7318560101257,valid,,,Shared Pattern Plane,Grad-SIFT+Top2Geo+MidGrad+極線對齊,124,1,,,2.07794529999956
468,19,4,1,4,3,10,72.5,1055.47135455077,791.250546805925,3.5,1055,791,-0.643533565460199,-4.1435335654602,4.1435335654602,valid,,,Shared Pattern Plane,Grad-SIFT+Top2Geo+MidGrad+極線對齊,124,1,,,1.82507780000742
469,19,4,1,4,4,12.5,72.5,1067.80142993422,788.28785635516,3.5,1068,788,3.19113114436834,-0.308868855631657,0.308868855631657,valid,,,Shared Pattern Plane,Grad-SIFT+Top2Geo+MidGrad+極線對齊,124,1,,,2.16778740000154
470,19,4,1,4,5,15,72.5,1080.1989463754,785.308961057989,3.5,1080,785,2.99267847983351,-0.507321520166494,0.507321520166494,valid,,,Shared Pattern Plane,Grad-SIFT+Top2Geo+MidGrad+極線對齊,124,1,,,1.75806239999656
471,19,4,1,5,1,5,75,1035.34449887235,809.334051640456,3.5,1035,809,-3.71453999184504,-7.21453999184504,7.21453999184504,valid,,,Shared Pattern Plane,Grad-SIFT+Top2Geo+MidGradInterp+極線對齊,124,1,,,1.80823900000541
472,19,4,1,5,2,7.5,75,1047.54402707134,806.438637012853,3.5,1048,806,0.763974768204951,-2.73602523179505,2.73602523179505,valid,,,Shared Pattern Plane,Grad-SIFT+Top2Geo+MidGrad+極線對齊,124,1,,,2.38909240000066
473,19,4,1,5,3,10,75,1059.80986991469,803.527483383856,3.5,1060,804,-1.6454109551492,-5.14541095514921,5.14541095514921,valid,,,Shared Pattern Plane,Grad-SIFT+Top2Geo+MidGrad+極線對齊,124,1,,,2.08072900000843
474,19,4,1,5,4,12.5,75,1072.14256958941,800.600462071755,3.5,1072,801,2.77158125830092,-0.728418741699079,0.728418741699079,valid,,,Shared Pattern Plane,Grad-SIFT+Top2Geo+MidGrad+極線對齊,124,1,,,1.95713389999582
475,19,4,1,5,5,15,75,1084.54267420919,797.657442988205,3.5,1085,798,4.67111814201099,1.17111814201099,1.17111814201099,valid,,,Shared Pattern Plane,Grad-SIFT+Top2Geo+MidGrad+極線對齊,124,1,,,1.79000800001086
476,20,4,2,1,1,25,65,1117.37385806678,735.632608291991,3,1117,736,4.13878636151154,1.13878636151154,1.13878636151154,valid,,,Shared Pattern Plane,Grad-SIFT+Top2Geo+MidGradInterp+極線對齊,124,1,,,1.74497430000338
477,20,4,2,1,2,27.5,65,1130.10970360686,732.459188867666,3,1130,732,5.24311907268996,2.24311907268996,2.24311907268996,valid,,,Shared Pattern Plane,Grad-SIFT+Top2Geo+MidGradInterp+極線對齊,124,1,,,2.14829090000421
478,20,4,2,1,3,30,65,1142.91653384315,729.268082026118,3,1143,729,5.75664576346249,2.75664576346249,2.75664576346249,valid,,,Shared Pattern Plane,Grad-SIFT+Top2Geo+MidGradInterp+極線對齊,124,1,,,2.08001700000023
479,20,4,2,1,4,32.5,65,1155.79494389614,726.059139479826,3,1156,726,4.48262660975725,1.48262660975725,1.48262660975725,valid,,,Shared Pattern Plane,Grad-SIFT+Top2Geo+MidGradInterp+極線對齊,124,1,,,1.86209340000642
480,20,4,2,1,5,35,65,1168.74553555746,722.832211279008,3,1169,723,4.29385796736788,1.29385796736788,1.29385796736788,valid,,,Shared Pattern Plane,Grad-SIFT+Top2Geo+MidGradInterp+極線對齊,124,1,,,1.9052953000064
481,20,4,2,2,1,25,67.5,1121.74739730383,748.183621795868,3,1122,748,5.22722574620069,2.22722574620069,2.22722574620069,valid,,,Shared Pattern Plane,Grad-SIFT+Top2Geo+MidGradInterp+極線對齊,124,1,,,1.81836660001136
482,20,4,2,2,2,27.5,67.5,1134.48570562176,745.047468473027,3,1134,745,5.31484800047833,2.31484800047833,2.31484800047833,valid,,,Shared Pattern Plane,Grad-SIFT+Top2Geo+MidGradInterp+極線對齊,124,1,,,2.11776170000667
483,20,4,2,2,3,30,67.5,1147.29495823619,741.893848765666,3,1147,742,3.89925636372264,0.899256363722645,0.899256363722645,valid,,,Shared Pattern Plane,Grad-SIFT+Top2Geo+MidGradInterp+極線對齊,124,1,,,2.06772189999174
484,20,4,2,2,4,32.5,67.5,1160.17574947423,738.722616351302,3,1160,739,4.52854360615768,1.52854360615768,1.52854360615768,valid,,,Shared Pattern Plane,Grad-SIFT+Top2Geo+MidGradInterp+極線對齊,124,1,,,1.95351720000326
485,20,4,2,2,5,35,67.5,1173.1286803201,735.533623268475,3,1173,736,3.60384142151223,0.603841421512228,0.603841421512228,valid,,,Shared Pattern Plane,Grad-SIFT+Top2Geo+MidGrad+極線對齊,124,1,,,2.15783129999181
486,20,4,2,3,1,25,70,1126.11431008571,760.715618955351,3,1126,761,2.64406466489717,-0.355935335102828,0.355935335102828,valid,,,Shared Pattern Plane,Grad-SIFT+Top2Geo+MidGradInterp+極線對齊,124,1,,,1.93881799999508
487,20,4,2,3,2,27.5,70,1138.85505905236,757.616622347227,3,1139,758,2.07663839186679,-0.923361608133209,0.923361608133209,valid,,,Shared Pattern Plane,Grad-SIFT+Top2Geo+MidGrad+極線對齊,124,1,,,1.88642609999806
488,20,4,2,3,3,30,70,1151.66671185422,754.50037944178,3,1152,755,3.26734321358561,0.267343213585608,0.267343213585608,valid,,,Shared Pattern Plane,Grad-SIFT+Top2Geo+MidGrad+極線對齊,124,1,,,1.99532670000917
489,20,4,2,3,4,32.5,70,1164.54986202568,751.366745870646,3,1165,751,2.64869496713261,-0.351305032867389,0.351305032867389,valid,,,Shared Pattern Plane,Grad-SIFT+Top2Geo+MidGrad+極線對齊,124,1,,,2.02810080000199
490,20,4,2,3,5,35,70,1177.50510974428,748.215575649614,3,1178,748,3.05842495467058,0.0584249546705822,0.0584249546705822,valid,,,Shared Pattern Plane,Grad-SIFT+Top2Geo+MidGrad+極線對齊,124,1,,,2.11737849999918
491,20,4,2,4,1,25,72.5,1130.47461146087,773.228642955909,3,1130,773,2.71990455148734,-0.280095448512658,0.280095448512658,valid,,,Shared Pattern Plane,Grad-SIFT+Top2Geo+MidGradInterp+極線對齊,124,1,,,1.95477710000705
492,20,4,2,4,2,27.5,72.5,1143.21777903924,770.16669404458,3,1143,770,3.34126469369131,0.341264693691307,0.341264693691307,valid,,,Shared Pattern Plane,Grad-SIFT+Top2Geo+MidGrad+極線對齊,124,1,,,1.7468433999893
493,20,4,2,4,3,30,72.5,1156.03180993058,767.087717981826,3,1156,767,3.11120603422707,0.111206034227068,0.111206034227068,valid,,,Shared Pattern Plane,Grad-SIFT+Top2Geo+MidGrad+極線對齊,124,1,,,1.77920479999739
494,20,4,2,4,4,32.5,72.5,1168.91729687725,763.99157234255,3,1169,764,3.501503397836,0.501503397835999,0.501503397835999,valid,,,Shared Pattern Plane,Grad-SIFT+Top2Geo+MidGrad+極線對齊,124,1,,,2.00702689999889
495,20,4,2,4,5,35,72.5,1181.87483925088,760.878113108776,3,1182,761,2.56963723437956,-0.43036276562044,0.43036276562044,valid,,,Shared Pattern Plane,Grad-SIFT+Top2Geo+MidGrad+極線對齊,124,1,,,2.03591750000487
496,20,4,2,5,1,25,75,1134.82831643223,785.722736852349,3,1135,786,2.05412061265589,-0.945879387344114,0.945879387344114,valid,,,Shared Pattern Plane,Grad-SIFT+Top2Geo+MidGradInterp+極線對齊,124,1,,,2.11800969998876
497,20,4,2,5,2,27.5,75,1147.57388067703,782.697726987254,3,1148,783,2.3592992829088,-0.640700717091203,0.640700717091203,valid,,,Shared Pattern Plane,Grad-SIFT+Top2Geo+MidGrad+極線對齊,124,1,,,1.97907220000343
498,20,4,2,5,3,30,75,1160.39026765225,779.655908179527,3,1160,780,2.46394689895739,-0.536053101042606,0.536053101042606,valid,,,Shared Pattern Plane,Grad-SIFT+Top2Geo+MidGrad+極線對齊,124,1,,,1.8281469999929
499,20,4,2,5,4,32.5,75,1173.27806930897,776.597139936538,3,1173,777,2.07051142703065,-0.929488572969346,0.929488572969346,valid,,,Shared Pattern Plane,Grad-SIFT+Top2Geo+MidGrad+極線對齊,124,1,,,1.76245730000664
500,20,4,2,5,5,35,75,1186.23788421357,773.521280195593,3,1186,774,1.42605717677353,-1.57394282322647,1.57394282322647,valid,,,Shared Pattern Plane,Grad-SIFT+Top2Geo+MidGrad+極線對齊,124,1,,,2.00488799999584
501,21,4,3,1,1,45,65,1221.28199290238,709.741583436605,2.5,1221,710,3.37687961249637,0.876879612496368,0.876879612496368,valid,,,Shared Pattern Plane,Grad-SIFT+Top2Geo+MidGradInterp+極線對齊,124,1,,,2.13522659998853
502,21,4,3,1,2,47.5,65,1234.60275962079,706.422417879982,2.5,1235,706,3.08137308634217,0.58137308634217,0.58137308634217,valid,,,Shared Pattern Plane,Grad-SIFT+Top2Geo+MidGradInterp+極線對齊,124,1,,,2.01114020000387
503,21,4,3,1,3,50,65,1247.99946415316,703.084330726587,2.5,1248,703,2.31372807026549,-0.186271929734513,0.186271929734513,valid,,,Shared Pattern Plane,Grad-SIFT+Top2Geo+MidGradInterp+極線對齊,124,1,,,1.92520279999007
504,21,4,3,1,4,52.5,65,1261.47275770472,699.727159714141,2.5,1261,700,3.45326183490683,0.953261834906829,0.953261834906829,valid,,,Shared Pattern Plane,Grad-SIFT+Top2Geo+MidGradInterp+極線對齊,124,1,,,1.68071319999581
505,21,4,3,1,5,55,65,1275.02329894793,696.350740719738,2.5,1275,696,2.48482009695173,-0.0151799030482742,0.0151799030482742,valid,,,Shared Pattern Plane,Grad-SIFT+Top2Geo+MidGradInterp+極線對齊,124,1,,,1.77414100000169
506,21,4,3,2,1,45,67.5,1225.67405774469,722.5970263596,2.5,1226,723,2.9433678476821,0.443367847682099,0.443367847682099,valid,,,Shared Pattern Plane,Grad-SIFT+Top2Geo+MidGradInterp+極線對齊,124,1,,,2.03626789999544
507,21,4,3,2,2,47.5,67.5,1238.99694102481,719.316951515597,2.5,1239,719,3.24469216343792,0.744692163437924,0.744692163437924,valid,,,Shared Pattern Plane,Grad-SIFT+Top2Geo+MidGradInterp+極線對齊,124,1,,,2.02229110000189
508,21,4,3,2,3,50,67.5,1252.39571496446,716.018192499561,2.5,1252,716,2.75207170612926,0.252071706129259,0.252071706129259,valid,,,Shared Pattern Plane,Grad-SIFT+Top2Geo+MidGradInterp+極線對齊,124,1,,,1.86258219998854
509,21,4,3,2,4,52.5,67.5,1265.8710298556,712.700589210538,2.5,1266,713,1.93732115624413,-0.562678843755869,0.562678843755869,valid,,,Shared Pattern Plane,Grad-SIFT+Top2Geo+MidGradInterp+極線對齊,124,1,,,1.78971569999703
510,21,4,3,2,5,55,67.5,1279.42354344108,709.363979713173,2.5,1279,709,2.00410171905029,-0.495898280949712,0.495898280949712,valid,,,Shared Pattern Plane,Grad-SIFT+Top2Geo+MidGradInterp+極線對齊,124,1,,,1.81170540000312
511,21,4,3,3,1,45,70,1230.05931741513,735.432550747321,2.5,1230,735,2.50842334142334,0.00842334142333945,0.00842334142333945,valid,,,Shared Pattern Plane,Grad-SIFT+Top2Geo+MidGrad+極線對齊,124,1,,,2.13330250000581
512,21,4,3,3,2,47.5,70,1243.38429465624,732.191449350409,2.5,1243,732,2.23959991289516,-0.260400087104836,0.260400087104836,valid,,,Shared Pattern Plane,Grad-SIFT+Top2Geo+MidGrad+極線對齊,124,1,,,1.96142339998914
513,21,4,3,3,3,50,70,1256.78511534729,728.931900168778,2.5,1257,729,2.00457035903441,-0.495429640965592,0.495429640965592,valid,,,Shared Pattern Plane,Grad-SIFT+Top2Geo+MidGrad+極線對齊,124,1,,,1.97917700000107
514,21,4,3,3,4,52.5,70,1270.2624288679,725.653745250546,2.5,1270,726,1.84523762878756,-0.654762371212438,0.654762371212438,valid,,,Shared Pattern Plane,Grad-SIFT+Top2Geo+MidGrad+極線對齊,124,1,,,1.9059186999948
515,21,4,3,3,5,55,70,1283.81689203235,722.356824835465,2.5,1284,722,2.10767837962917,-0.392321620370834,0.392321620370834,valid,,,Shared Pattern Plane,Grad-SIFT+Top2Geo+MidGrad+極線對齊,124,1,,,1.80753990000812
516,21,4,3,4,1,45,72.5,1234.43778771762,748.248202857326,2.5,1234,748,2.49193023304361,-0.00806976695639161,0.00806976695639161,valid,,,Shared Pattern Plane,Grad-SIFT+Top2Geo+MidGrad+極線對齊,124,1,,,1.87728099999367
517,21,4,3,4,2,47.5,72.5,1247.76483641644,745.045958046244,2.5,1248,745,1.87300261106683,-0.626997388933171,0.626997388933171,valid,,,Shared Pattern Plane,Grad-SIFT+Top2Geo+MidGrad+極線對齊,124,1,,,1.73216149999644
518,21,4,3,4,3,50,72.5,1261.16768130112,741.825500805062,2.5,1261,742,1.35378838504796,-1.14621161495204,1.14621161495204,valid,,,Shared Pattern Plane,Grad-SIFT+Top2Geo+MidGrad+極線對齊,124,1,,,1.84952170000179
519,21,4,3,4,4,52.5,72.5,1274.64697083994,738.586675318772,2.5,1275,739,1.77289876110487,-0.72710123889513,0.72710123889513,valid,,,Shared Pattern Plane,Grad-SIFT+Top2Geo+MidGrad+極線對齊,124,1,,,2.14228119999461
520,21,4,3,4,5,55,72.5,1288.20336091956,735.329323989867,2.5,1288,735,1.65979582096655,-0.840204179033454,0.840204179033454,valid,,,Shared Pattern Plane,Grad-SIFT+Top2Geo+MidGrad+極線對齊,124,1,,,1.96147209999617
521,21,4,3,5,1,45,75,1238.80948440715,761.044028804048,2.5,1239,761,2.37152807570707,-0.128471924292928,0.128471924292928,valid,,,Shared Pattern Plane,Grad-SIFT+Top2Geo+MidGrad+極線對齊,124,1,,,1.7490312000009
522,21,4,3,5,2,47.5,75,1252.13858215741,757.880524120148,2.5,1252,758,2.10637127436705,-0.393628725632954,0.393628725632954,valid,,,Shared Pattern Plane,Grad-SIFT+Top2Geo+MidGrad+極線對齊,124,1,,,1.8657411000022
523,21,4,3,5,3,50,75,1265.54342877566,754.699041332766,2.5,1266,755,1.47124664291399,-1.02875335708601,1.02875335708601,valid,,,Shared Pattern Plane,Grad-SIFT+Top2Geo+MidGrad+極線對齊,124,1,,,1.94785359999514
524,21,4,3,5,4,52.5,75,1279.02467181978,751.49942675165,2.5,1279,751,0.85613184090404,-1.64386815909596,1.64386815909596,valid,,,Shared Pattern Plane,Grad-SIFT+Top2Geo+MidGrad+極線對齊,124,1,,,2.02591890000622
525,21,4,3,5,5,55,75,1292.58296624983,748.281524929728,2.5,1293,748,1.52287849587319,-0.977121504126809,0.977121504126809,valid,,,Shared Pattern Plane,Grad-SIFT+Top2Geo+MidGradInterp+極線對齊,124,1,,,1.7166009000066
526,22,4,4,1,1,65,65,1330.01138170284,682.649235831697,2,1330,683,1.27141449859988,-0.728585501400123,0.728585501400123,valid,,,Shared Pattern Plane,Grad-SIFT+Top2Geo+MidGrad+極線對齊,124,1,,,1.85051249999378
527,22,4,4,1,2,67.5,65,1343.95831046307,679.174048063589,2,1344,679,1.57070850178067,-0.429291498219326,0.429291498219326,valid,,,Shared Pattern Plane,Grad-SIFT+Top2Geo+MidGradInterp+極線對齊,124,1,,,1.74936059999163
528,22,4,4,1,3,70,65,1357.98660190468,675.678586972233,2,1358,676,1.34869854144895,-0.651301458551047,0.651301458551047,valid,,,Shared Pattern Plane,Grad-SIFT+Top2Geo+MidGradInterp+極線對齊,124,1,,,2.00367489999917
529,22,4,4,1,4,72.5,65,1372.0969700829,672.162674634868,2,1372,672,1.46988960044328,-0.530110399556716,0.530110399556716,valid,,,Shared Pattern Plane,Grad-SIFT+Top2Geo+MidGradInterp+極線對齊,124,1,,,2.07599219999975
530,22,4,4,1,5,75,65,1386.29013743309,668.626131040647,2,1386,669,1.58053333615573,-0.419466663844269,0.419466663844269,valid,,,Shared Pattern Plane,Grad-SIFT+Top2Geo+MidGradInterp+極線對齊,124,1,,,2.01008429999638
531,22,4,4,2,1,65,67.5,1334.41900641107,695.824175240728,2,1334,696,1.35035006512766,-0.649649934872336,0.649649934872336,valid,,,Shared Pattern Plane,Grad-SIFT+Top2Geo+MidGrad+極線對齊,124,1,,,1.7822082000057
532,22,4,4,2,2,67.5,67.5,1348.36764798933,692.390039597049,2,1348,692,1.46939373663929,-0.530606263360712,0.530606263360712,valid,,,Shared Pattern Plane,Grad-SIFT+Top2Geo+MidGrad+極線對齊,124,1,,,1.88330870000937
533,22,4,4,2,3,70,67.5,1362.39759731305,688.935886102511,2,1362,689,1.30921872340369,-0.690781276596306,0.690781276596306,valid,,,Shared Pattern Plane,Grad-SIFT+Top2Geo+MidGrad+極線對齊,124,1,,,2.01919419999467
534,22,4,4,2,4,72.5,67.5,1376.50956738432,685.461539217019,2,1377,685,1.49471978523485,-0.505280214765155,0.505280214765155,valid,,,Shared Pattern Plane,Grad-SIFT+Top2Geo+MidGrad+極線對齊,124,1,,,2.02399370000057
535,22,4,4,2,5,75,67.5,1390.70427956625,681.966821342004,2,1391,682,1.49214783010076,-0.507852169899236,0.507852169899236,valid,,,Shared Pattern Plane,Grad-SIFT+Top2Geo+MidGrad+極線對齊,124,1,,,1.89368350000586
536,22,4,4,3,1,65,70,1338.8196436532,708.978228243017,2,1339,709,1.11833911417951,-0.881660885820488,0.881660885820488,valid,,,Shared Pattern Plane,Grad-SIFT+Top2Geo+MidGrad+極線對齊,124,1,,,1.72598499999731
537,22,4,4,3,2,67.5,70,1352.76997503633,705.5850188052,2,1353,706,1.29606570186158,-0.703934298138417,0.703934298138417,valid,,,Shared Pattern Plane,Grad-SIFT+Top2Geo+MidGrad+極線對齊,124,1,,,1.90344899999036
538,22,4,4,3,3,70,70,1366.80155918257,702.172045848147,2,1367,702,0.958357598160196,-1.0416424018398,1.0416424018398,valid,,,Shared Pattern Plane,Grad-SIFT+Top2Geo+MidGrad+極線對齊,124,1,,,2.07555439999851
539,22,4,4,3,4,72.5,70,1380.91510804212,698.73913620062,2,1381,699,1.21655915568015,-0.783440844319851,0.783440844319851,valid,,,Shared Pattern Plane,Grad-SIFT+Top2Geo+MidGrad+極線對齊,124,1,,,2.01359240000602
540,22,4,4,3,5,75,70,1395.11134190718,695.286114662317,2,1395,695,1.43359558193567,-0.566404418064334,0.566404418064334,valid,,,Shared Pattern Plane,Grad-SIFT+Top2Geo+MidGrad+極線對齊,124,1,,,1.8665769000072
541,22,4,4,4,1,65,72.5,1343.21331003207,722.111444466473,2,1343,722,1.0659039383628,-0.934096061637204,0.934096061637204,valid,,,Shared Pattern Plane,Grad-SIFT+Top2Geo+MidGradInterp+極線對齊,124,1,,,1.71815760000027
542,22,4,4,4,2,67.5,72.5,1357.16530830991,718.759035760006,2,1357,719,1.66580255847645,-0.334197441523548,0.334197441523548,valid,,,Shared Pattern Plane,Grad-SIFT+Top2Geo+MidGradInterp+極線對齊,124,1,,,2.03938839999319
543,22,4,4,4,3,70,72.5,1371.19850432278,715.387116730469,2,1371,715,1.46796413584673,-0.532035864153275,0.532035864153275,valid,,,Shared Pattern Plane,Grad-SIFT+Top2Geo+MidGrad+極線對齊,124,1,,,2.29682139999932
544,22,4,4,4,4,72.5,72.5,1385.31360897028,711.995516561757,2,1385,712,1.38565273423907,-0.61434726576093,0.61434726576093,valid,,,Shared Pattern Plane,Grad-SIFT+Top2Geo+MidGrad+極線對齊,124,1,,,2.22742210001161
545,22,4,4,4,5,75,72.5,1399.51134147503,708.584062437899,2,1400,709,1.27769852650743,-0.722301473492565,0.722301473492565,valid,,,Shared Pattern Plane,Grad-SIFT+Top2Geo+MidGrad+極線對齊,124,1,,,1.77833820000524
546,22,4,4,5,1,65,75,1347.60002209793,735.223873381904,2,1348,735,1.04760225888603,-0.95239774111397,0.95239774111397,valid,,,Shared Pattern Plane,Grad-SIFT+Top2Geo+MidGradInterp+極線對齊,124,1,,,1.78372439999657
547,22,4,4,5,2,67.5,75,1361.55366446287,731.912140374463,2,1362,732,1.71311143306938,-0.286888566930622,0.286888566930622,valid,,,Shared Pattern Plane,Grad-SIFT+Top2Geo+MidGradInterp+極線對齊,124,1,,,1.95266840000113
548,22,4,4,5,3,70,75,1375.58844948973,728.581149109947,2,1376,729,1.06465411165041,-0.935345888349587,0.935345888349587,valid,,,Shared Pattern Plane,Grad-SIFT+Top2Geo+MidGradInterp+極線對齊,124,1,,,2.27352489999612
549,22,4,4,5,4,72.5,75,1389.70508702881,725.230731113733,2,1390,725,1.70545207518907,-0.294547924810932,0.294547924810932,valid,,,Shared Pattern Plane,Grad-SIFT+Top2Geo+MidGradInterp+極線對齊,124,1,,,2.15827430000354
550,22,4,4,5,5,75,75,1403.90429523444,721.860715940328,2,1404,722,2.1847092200699,0.184709220069904,0.184709220069904,valid,,,Shared Pattern Plane,Grad-SIFT+Top2Geo+MidGradInterp+極線對齊,124,1,,,2.1246250999975
551,23,4,5,1,1,85,65,1443.90554753023,654.269969059309,1.5,1444,654,1.94488272948593,0.44488272948593,0.44488272948593,valid,,,Shared Pattern Plane,Grad-SIFT+Top2Geo+MidGrad+極線對齊,124,1,,,2.04407279999577
552,23,4,5,1,2,87.5,65,1458.52384932847,650.627493753592,1.5,1459,651,1.08679448845765,-0.41320551154235,0.41320551154235,valid,,,Shared Pattern Plane,Grad-SIFT+Top2Geo+MidGrad+極線對齊,124,1,,,1.87969059999159
553,23,4,5,1,3,90,65,1473.229467953,646.963261516877,1.5,1473,647,1.3472106700882,-0.152789329911795,0.152789329911795,valid,,,Shared Pattern Plane,Grad-SIFT+Top2Geo+MidGrad+極線對齊,124,1,,,2.05581420000817
554,23,4,5,1,4,92.5,65,1488.02318807773,643.277076830193,1.5,1488,643,1.15057388925288,-0.349426110747124,0.349426110747124,valid,,,Shared Pattern Plane,Grad-SIFT+Top2Geo+MidGrad+極線對齊,124,1,,,2.32449680000718
555,23,4,5,1,5,95,65,1502.90580380676,639.568741824822,1.5,1503,640,2.52292414828096,1.02292414828096,1.02292414828096,valid,,,Shared Pattern Plane,Grad-SIFT+Top2Geo+MidGrad+極線對齊,124,1,,,2.78023259999463
556,23,4,5,2,1,85,67.5,1448.32527624346,667.780614219017,1.5,1448,668,1.62869634744726,0.128696347447263,0.128696347447263,valid,,,Shared Pattern Plane,Grad-SIFT+Top2Geo+MidGrad+極線對齊,124,1,,,2.44068630000402
557,23,4,5,2,2,87.5,67.5,1462.94482078867,664.181303222645,1.5,1463,664,1.07595843200592,-0.424041567994077,0.424041567994077,valid,,,Shared Pattern Plane,Grad-SIFT+Top2Geo+MidGrad+極線對齊,124,1,,,2.35800870000094
558,23,4,5,2,3,90,67.5,1477.65161824301,660.560510684609,1.5,1478,661,1.72156970401771,0.221569704017708,0.221569704017708,valid,,,Shared Pattern Plane,Grad-SIFT+Top2Geo+MidGrad+極線對齊,124,1,,,2.54594350000843
559,23,4,5,2,4,92.5,67.5,1492.44645206348,656.918043718911,1.5,1492,657,1.61335858792973,0.11335858792973,0.11335858792973,valid,,,Shared Pattern Plane,Grad-SIFT+Top2Geo+MidGrad+極線對齊,124,1,,,2.49475499999244
560,23,4,5,2,5,95,67.5,1507.33011511495,653.253707123351,1.5,1507,653,2.41601702598296,0.916017025982957,0.916017025982957,valid,,,Shared Pattern Plane,Grad-SIFT+Top2Geo+MidGrad+極線對齊,124,1,,,2.46103600000788
561,23,4,5,3,1,85,70,1452.73783215974,681.269332893979,1.5,1453,681,1.18710751173063,-0.312892488269371,0.312892488269371,valid,,,Shared Pattern Plane,Grad-SIFT+Top2Geo+MidGrad+極線對齊,124,1,,,2.35567980000633
562,23,4,5,3,2,87.5,70,1467.35859610566,677.713050763692,1.5,1467,678,0.947730842915246,-0.552269157084754,0.552269157084754,valid,,,Shared Pattern Plane,Grad-SIFT+Top2Geo+MidGrad+極線對齊,124,1,,,2.3921502000012
563,23,4,5,3,3,90,70,1482.06654900865,674.135561223783,1.5,1482,674,1.27960986141737,-0.220390138582627,0.220390138582627,valid,,,Shared Pattern Plane,Grad-SIFT+Top2Geo+MidGrad+極線對齊,124,1,,,2.41134619999502
564,23,4,5,3,4,92.5,70,1496.86247311052,670.536674005633,1.5,1497,671,1.788504705675,0.288504705675003,0.288504705675003,valid,,,Shared Pattern Plane,Grad-SIFT+Top2Geo+MidGrad+極線對齊,124,1,,,2.40294369999901
565,23,4,5,3,5,95,70,1511.74716003863,666.916196557728,1.5,1512,667,0.0669449343357159,-1.43305506566428,1.43305506566428,valid,,,Shared Pattern Plane,Grad-SIFT+Top2Geo+MidGrad+極線對齊,124,1,,,2.5086685000133
566,23,4,5,4,1,85,72.5,1457.14323272608,694.736178417797,1.5,1457,695,1.20771105380197,-0.292288946198034,0.292288946198034,valid,,,Shared Pattern Plane,Grad-SIFT+Top2Geo+MidGradInterp+極線對齊,124,1,,,2.36617419999675
567,23,4,5,4,2,87.5,72.5,1471.7651928352,691.222790199187,1.5,1472,691,1.0033410085616,-0.496658991438401,0.496658991438401,valid,,,Shared Pattern Plane,Grad-SIFT+Top2Geo+MidGrad+極線對齊,124,1,,,2.47483780000766
568,23,4,5,4,3,90,72.5,1486.4742779152,687.688467451692,1.5,1486,688,1.04405318473574,-0.455946815264264,0.455946815264264,valid,,,Shared Pattern Plane,Grad-SIFT+Top2Geo+MidGrad+極線對齊,124,1,,,2.30440100000123
569,23,4,5,4,4,92.5,72.5,1501.27126899437,684.133022508574,1.5,1501,684,1.22015855419967,-0.279841445800331,0.279841445800331,valid,,,Shared Pattern Plane,Grad-SIFT+Top2Geo+MidGrad+極線對齊,124,1,,,2.53399989999889
570,23,4,5,4,5,95,72.5,1516.1569564643,680.556265453264,1.5,1516,681,1.11972614859669,-0.380273851403312,0.380273851403312,valid,,,Shared Pattern Plane,Grad-SIFT+Top2Geo+MidGrad+極線對齊,124,1,,,2.4430876999977
571,23,4,5,5,1,85,75,1461.54149533292,708.181203951244,1.5,1462,708,0.838592724211931,-0.661407275788069,0.661407275788069,valid,,,Shared Pattern Plane,Grad-SIFT+Top2Geo+MidGradInterp+極線對齊,124,1,,,2.74881460001052
572,23,4,5,5,2,87.5,75,1476.16462847599,704.710575176652,1.5,1476,705,1.08327317043319,-0.41672682956681,0.41672682956681,valid,,,Shared Pattern Plane,Grad-SIFT+Top2Geo+MidGradInterp+極線對齊,124,1,,,2.42218460000004
573,23,4,5,5,3,90,75,1490.87482257036,701.219283508565,1.5,1491,701,0.974552934684269,-0.525447065315731,0.525447065315731,valid,,,Shared Pattern Plane,Grad-SIFT+Top2Geo+MidGrad+極線對齊,124,1,,,2.47914560000936
574,23,4,5,5,4,92.5,75,1505.67285743246,697.707143866717,1.5,1506,698,1.19742317014314,-0.302576829856865,0.302576829856865,valid,,,Shared Pattern Plane,Grad-SIFT+Top2Geo+MidGrad+極線對齊,124,1,,,2.35505569999805
575,23,4,5,5,5,95,75,1520.55952221985,694.173968953837,1.5,1521,694,0.799395376165043,-0.700604623834957,0.700604623834957,valid,,,Shared Pattern Plane,Grad-SIFT+Top2Geo+MidGrad+極線對齊,124,1,,,2.40035089998855
576,24,4,6,1,1,105,65,1563.34144293621,624.509856999998,1,1563,625,2.66022910353839,1.66022910353839,1.66022910353839,valid,,,Shared Pattern Plane,Grad-SIFT+Top2Geo+MidGrad+極線對齊,124,1,,,2.38511810000637
577,24,4,6,1,2,107.5,65,1578.68078839891,620.68771761439,1,1579,621,2.73060116892131,1.73060116892131,1.73060116892131,valid,,,Shared Pattern Plane,Grad-SIFT+Top2Geo+MidGrad+極線對齊,124,1,,,2.28670250000141
578,24,4,6,1,3,110,65,1594.11400026609,616.842189324581,1,1594,617,4.11240739566087,3.11240739566087,3.11240739566087,valid,,,Shared Pattern Plane,Grad-SIFT+Top2Geo+MidGradInterp+極線對齊,124,1,,,2.40553489999729
579,24,4,6,1,4,112.5,65,1609.64194278026,612.973056785309,1,1610,613,3.07606439566081,2.07606439566081,2.07606439566081,valid,,,Shared Pattern Plane,Grad-SIFT+Top2Geo+MidGradInterp+極線對齊,124,1,,,2.73949609999545
580,24,4,6,1,5,115,65,1625.26549082622,609.080101999553,1,1625,609,2.97786433287322,1.97786433287322,1.97786433287322,valid,,,Shared Pattern Plane,Grad-SIFT+Top2Geo+MidGradInterp+極線對齊,124,1,,,2.56232250000176
581,24,4,6,2,1,105,67.5,1567.76925420765,638.373677360811,1,1568,638,1.76183423327643,0.76183423327643,0.76183423327643,valid,,,Shared Pattern Plane,Grad-SIFT+Top2Geo+MidGrad+極線對齊,124,1,,,2.36255890000029
582,24,4,6,2,2,107.5,67.5,1583.10929572245,634.5969810391,1,1583,635,3.55770202223386,2.55770202223386,2.55770202223386,valid,,,Shared Pattern Plane,Grad-SIFT+Top2Geo+MidGradInterp+極線對齊,124,1,,,2.33543180000561
583,24,4,6,2,3,110,67.5,1598.54312933715,630.79719323629,1,1599,631,3.0023631138247,2.0023631138247,2.0023631138247,valid,,,Shared Pattern Plane,Grad-SIFT+Top2Geo+MidGrad+極線對齊,124,1,,,2.2658395999897
584,24,4,6,2,4,112.5,67.5,1614.07161788516,626.974101524026,1,1614,627,2.30119097503837,1.30119097503837,1.30119097503837,valid,,,Shared Pattern Plane,Grad-SIFT+Top2Geo+MidGradInterp+極線對齊,124,1,,,2.17682939999213
585,24,4,6,2,5,115,67.5,1629.6956348159,623.12749086031,1,1630,623,3.00214160882372,2.00214160882372,2.00214160882372,valid,,,Shared Pattern Plane,Grad-SIFT+Top2Geo+MidGradInterp+極線對齊,124,1,,,2.51325370000268
586,24,4,6,3,1,105,70,1572.18970503364,652.214451596253,1,1572,652,1.19499699347447,0.194996993474468,0.194996993474468,valid,,,Shared Pattern Plane,Grad-SIFT+Top2Geo+MidGrad+極線對齊,124,1,,,2.40158740000334
587,24,4,6,3,2,107.5,70,1587.5304190256,648.483052386385,1,1588,648,1.42636154695269,0.426361546952688,0.426361546952688,valid,,,Shared Pattern Plane,Grad-SIFT+Top2Geo+MidGrad+極線對齊,124,1,,,2.3732580000069
588,24,4,6,3,3,110,70,1602.96485079314,644.728857729453,1,1603,645,1.04061406119021,0.0406140611902084,0.0406140611902084,valid,,,Shared Pattern Plane,Grad-SIFT+Top2Geo+MidGrad+極線對齊,124,1,,,2.48478569999861
589,24,4,6,3,4,112.5,70,1618.49386176276,640.951658096346,1,1618,641,1.61947781471648,0.619477814716477,0.619477814716477,valid,,,Shared Pattern Plane,Grad-SIFT+Top2Geo+MidGrad+極線對齊,124,1,,,2.3443574999983
590,24,4,6,3,5,115,70,1634.11832395071,637.15124138215,1,1634,637,0.983983151026264,-0.0160168489737362,0.0160168489737362,valid,,,Shared Pattern Plane,Grad-SIFT+Top2Geo+MidGrad+極線對齊,124,1,,,2.40000969999528
591,24,4,6,4,1,105,72.5,1576.60281375205,666.032237123703,1,1577,666,1.10760220901658,0.107602209016581,0.107602209016581,valid,,,Shared Pattern Plane,Grad-SIFT+Top2Geo+MidGrad+極線對齊,124,1,,,2.38794570000027
592,24,4,6,4,2,107.5,72.5,1591.94417676097,662.34598961306,1,1592,662,0.597503755447225,-0.402496244552775,0.402496244552775,valid,,,Shared Pattern Plane,Grad-SIFT+Top2Geo+MidGrad+極線對齊,124,1,,,2.45827689999714
593,24,4,6,4,3,110,72.5,1607.37918320214,658.637241307096,1,1607,659,0.652812759682941,-0.347187240317059,0.347187240317059,valid,,,Shared Pattern Plane,Grad-SIFT+Top2Geo+MidGrad+極線對齊,124,1,,,2.44613250000111
594,24,4,6,4,4,112.5,72.5,1622.90869309733,654.905785558389,1,1623,655,0.459177682367003,-0.540822317632997,0.540822317632997,valid,,,Shared Pattern Plane,Grad-SIFT+Top2Geo+MidGrad+極線對齊,124,1,,,2.50781640000059
595,24,4,6,4,5,115,72.5,1638.53357703192,651.151413181276,1,1639,651,0.680657947909463,-0.319342052090537,0.319342052090537,valid,,,Shared Pattern Plane,Grad-SIFT+Top2Geo+MidGrad+極線對齊,124,1,,,2.59454449999612
596,24,4,6,5,1,105,75,1581.00859863993,679.827091169963,1,1581,680,1.34393698952462,0.343936989524624,0.343936989524624,valid,,,Shared Pattern Plane,Grad-SIFT+Top2Geo+MidGradInterp+極線對齊,124,1,,,2.4876285999926
597,24,4,6,5,2,107.5,75,1596.35058731974,676.18585048299,1,1596,676,-0.0306279598299163,-1.03062795982992,1.03062795982992,valid,,,Shared Pattern Plane,Grad-SIFT+Top2Geo+MidGradInterp+極線對齊,124,1,,,2.33872149999661
598,24,4,6,5,3,110,75,1611.78614507021,672.522402276884,1,1612,673,1.21503690799099,0.215036907990994,0.215036907990994,valid,,,Shared Pattern Plane,Grad-SIFT+Top2Geo+MidGrad+極線對齊,124,1,,,2.31365209999785
599,24,4,6,5,4,112.5,75,1627.31613051057,668.836542768463,1,1627,669,0.360820564076952,-0.639179435923048,0.639179435923048,valid,,,Shared Pattern Plane,Grad-SIFT+Top2Geo+MidGrad+極線對齊,124,1,,,2.24521860000095
600,24,4,6,5,5,115,75,1642.94141279758,665.128065673587,1,1643,665,0.0188410642504388,-0.981158935749561,0.981158935749561,valid,,,Shared Pattern Plane,Grad-SIFT+Top2Geo+MidGrad+極線對齊,124,1,,,2.4611353000073
