sample_id,block_id,row,column,sample_row,sample_column,model_x_mm,model_y_mm,u,v,true_height_mm,measured_u,measured_v,wound_height_mm,error_mm,abs_error_mm,status,failure_reason,measurement_warning,height_reference_source,method,candidate_frame,fused_count,group_score,objective_score,elapsed_seconds
1,1,1,1,1,1,5.0,5.0,757.3167279565614,349.3947221366052,12.5,757.0,349.0,12.606581332810862,0.1065813328108618,0.1065813328108618,valid,,,Shared Pattern Plane,Region-SIFT(21/28),102,1,164.95485965940688,167.5905358397513,3.1556564000002254
2,1,1,1,1,2,7.5,5.0,773.1501271127634,349.68041190927295,12.5,773.0,350.0,12.542879498004767,0.042879498004767314,0.042879498004767314,valid,,,Shared Pattern Plane,Region-SIFT(21/28),102,1,243.56909780754617,248.48069280748663,2.783075300000746
3,1,1,1,1,3,10.0,5.0,789.0567224433527,349.9674223963504,12.5,789.0,350.0,12.474927466681681,-0.025072533318319046,0.025072533318319046,valid,,,Shared Pattern Plane,Region-SIFT(21/28),102,1,223.06834245913873,225.08609679646725,2.690845000000081
4,1,1,1,1,4,12.5,5.0,805.0370226918328,350.2557627773457,12.5,805.0,350.0,12.872538409963957,0.3725384099639566,0.3725384099639566,valid,,,Shared Pattern Plane,Region-SIFT(21/28),102,1,286.5450707612214,292.13617618580156,2.5337229999995543
5,1,1,1,1,5,15.0,5.0,821.0915413272902,350.54544231703295,12.5,821.0,351.0,12.825372391899066,0.32537239189906586,0.32537239189906586,valid,,,Shared Pattern Plane,Region-SIFT(21/28),102,1,226.27233680139773,229.48250291558358,2.6756146000006993
6,1,1,1,2,1,5.0,7.5,757.7414605587311,366.4617031385208,12.5,758.0,366.0,12.679788385845338,0.17978838584533818,0.17978838584533818,valid,,,Shared Pattern Plane,Region-SIFT(21/28),102,1,202.88608890109592,204.18537457345366,2.543722500000513
7,1,1,1,2,2,7.5,7.5,773.5440827245293,366.7860994871012,12.5,774.0,367.0,12.615928698787762,0.11592869878776213,0.11592869878776213,valid,,,Shared Pattern Plane,Region-SIFT(21/28),102,1,191.46025909746766,196.90352799369123,2.5545218999995996
8,1,1,1,2,3,10.0,7.5,789.4196119353982,367.1119924720599,12.5,789.0,367.0,12.552103188151145,0.05210318815114512,0.05210318815114512,valid,,,Shared Pattern Plane,Region-SIFT(21/28),102,1,186.08782338238268,189.91583698140613,2.7119699000004402
9,1,1,1,2,4,12.5,7.5,805.3685539042989,367.4393924746764,12.5,805.0,367.0,12.500956708985946,0.0009567089859459088,0.0009567089859459088,valid,,,Shared Pattern Plane,Region-SIFT(21/28),102,1,229.2348575965437,233.90821728414508,2.518407599999591
10,1,1,1,2,5,15.0,7.5,821.3914190321406,367.76830997246475,12.5,821.0,368.0,12.90227397744724,0.4022739774472406,0.4022739774472406,valid,,,Shared Pattern Plane,Region-SIFT(21/28),102,1,211.09460034748864,214.0365265233669,2.5356652000000395
11,1,1,1,3,1,5.0,10.0,758.1644968309151,383.46052070893154,12.5,758.0,383.0,12.28908860470698,-0.21091139529302083,0.21091139529302083,valid,,,Shared Pattern Plane,Region-SIFT(21/28),102,1,205.57102805344516,210.64124220243215,2.5600758999999016
12,1,1,1,3,2,7.5,10.0,773.9364613118937,383.8233121253586,12.5,774.0,384.0,12.207291643124966,-0.2927083568750337,0.2927083568750337,valid,,,Shared Pattern Plane,Region-SIFT(21/28),102,1,167.3970181661939,169.9193005600189,2.579051700000491
13,1,1,1,3,3,10.0,10.0,789.781045418015,384.18777395999507,12.5,790.0,384.0,12.624998436838524,0.12499843683852419,0.12499843683852419,valid,,,Shared Pattern Plane,Region-SIFT(21/28),102,1,168.84980732852188,170.35556077140137,2.5393183000005592
14,1,1,1,3,4,12.5,10.0,805.6987518557188,384.5539177762439,12.5,806.0,385.0,12.077318813412406,-0.4226811865875941,0.4226811865875941,valid,,,Shared Pattern Plane,Region-SIFT(21/28),102,1,208.12886258534024,213.16399461109225,2.574271499999668
15,1,1,1,3,5,15.0,10.0,821.6900879821293,384.9217552444844,12.5,822.0,385.0,12.010469308164728,-0.489530691835272,0.489530691835272,valid,,,Shared Pattern Plane,Region-SIFT(21/28),102,1,235.94070062990542,241.43553283350926,2.4565521999993507
16,1,1,1,4,1,5.0,12.5,758.5858469152618,400.39158238859704,12.5,759.0,400.0,12.343511667508585,-0.15648833249141525,0.15648833249141525,valid,,,Shared Pattern Plane,Region-SIFT(21/28),102,1,180.53029034881996,185.8645370377979,2.586659399999917
17,1,1,1,4,2,7.5,12.5,774.3272723253056,400.79246016574785,12.5,774.0,401.0,12.28451531751672,-0.21548468248328057,0.21548468248328057,valid,,,Shared Pattern Plane,Region-SIFT(21/28),102,1,160.36841234731924,163.18118028183446,2.412367899999481
18,1,1,1,4,3,10.0,12.5,790.1410316365067,401.1951800285263,12.5,790.0,401.0,12.216930018564842,-0.28306998143515827,0.28306998143515827,valid,,,Shared Pattern Plane,Region-SIFT(21/28),102,1,196.66210933866955,201.60909671306055,2.449421899999834
19,1,1,1,4,4,12.5,12.5,806.0276245725664,401.5997547031072,12.5,806.0,402.0,12.154187506883806,-0.34581249311619366,0.34581249311619366,valid,,,Shared Pattern Plane,Region-SIFT(21/28),102,1,180.69915189339372,183.54849681889294,2.536076200000025
20,1,1,1,4,5,15.0,12.5,821.9875554709779,402.0061970331615,12.5,822.0,402.0,12.58684800752543,0.08684800752543076,0.08684800752543076,valid,,,Shared Pattern Plane,Region-SIFT(21/28),102,1,193.07719943132352,195.09507673087893,2.513449099999889
21,1,1,1,5,1,5.0,15.0,759.0055208732282,417.25529247589105,12.5,759.0,417.0,12.420896305832384,-0.07910369416761576,0.07910369416761576,valid,,,Shared Pattern Plane,Region-SIFT(21/28),102,1,173.49995963888824,176.0087454825581,2.7533404999994673
22,1,1,1,5,2,7.5,15.0,774.7165251398532,417.6939506778321,12.5,775.0,418.0,12.357447112778788,-0.1425528872212123,0.1425528872212123,valid,,,Shared Pattern Plane,Region-SIFT(21/28),102,1,197.83205058486374,200.8285598022766,2.9545426000004227
23,1,1,1,5,3,10.0,15.0,790.4995792662793,418.13462054378994,12.5,790.0,418.0,12.293956192593287,-0.20604380740671324,0.20604380740671324,valid,,,Shared Pattern Plane,Region-SIFT(21/28),102,1,221.32157632434178,227.74545177267066,2.5998264999998355
24,1,1,1,5,4,12.5,15.0,806.3551800170179,418.5773159436499,12.5,806.0,419.0,12.231059167381476,-0.2689408326185241,0.2689408326185241,valid,,,Shared Pattern Plane,Region-SIFT(21/28),102,1,181.37190882440598,184.84108008494536,2.8616658000000825
25,1,1,1,5,5,15.0,15.0,822.2838287338438,419.02205087509657,12.5,822.0,419.0,12.663750154801638,0.16375015480163846,0.16375015480163846,valid,,,Shared Pattern Plane,Region-SIFT(21/28),102,1,233.55033602285636,238.9625148222196,2.411707999999635
26,2,1,2,1,1,25.0,5.0,886.0622376174971,351.7177403984555,12.0,886.0,352.0,12.555370905229157,0.5553709052291573,0.5553709052291573,valid,,,Shared Pattern Plane,Region-SIFT(21/28),102,1,135.57789303007578,139.65930306756323,2.422398200000316
27,2,1,2,1,2,27.5,5.0,902.4957195127629,352.01425775777176,12.0,902.0,352.0,12.011916367000044,0.011916367000043948,0.011916367000043948,valid,,,Shared Pattern Plane,Region-SIFT(21/28),102,1,173.82160697462697,177.71499700518743,2.587157100000695
28,2,1,2,1,3,30.0,5.0,919.0066029811647,352.3121717115663,12.0,919.0,352.0,11.94208402513206,-0.057915974867940534,0.057915974867940534,valid,,,Shared Pattern Plane,Region-SIFT(21/28),102,1,207.22084993332152,209.98530807407846,2.919596900000215
29,2,1,2,1,4,32.5,5.0,935.5954361547707,352.6114921500543,12.0,936.0,353.0,11.411963347691156,-0.588036652308844,0.588036652308844,valid,,,Shared Pattern Plane,Region-SIFT(21/28),102,1,236.286820388471,239.6492084247639,2.9195322000005035
30,2,1,2,1,5,35.0,5.0,952.2627723534805,352.9122290570577,12.0,952.0,353.0,11.335776147016514,-0.6642238529834863,0.6642238529834863,valid,,,Shared Pattern Plane,Region-SIFT(21/28),102,1,220.8012696362046,224.8030340523369,2.6069843000004767
31,2,1,2,2,1,25.0,7.5,886.2324862997,369.0993678968371,12.0,886.0,369.0,11.688188614357369,-0.3118113856426312,0.3118113856426312,valid,,,Shared Pattern Plane,Region-SIFT(21/28),102,1,198.30961100310876,203.15263243716825,2.7052208999994036
32,2,1,2,2,2,27.5,7.5,902.6327911683048,369.43603348050806,12.0,903.0,369.0,11.618171475781786,-0.3818285242182142,0.3818285242182142,valid,,,Shared Pattern Plane,Region-SIFT(21/28),102,1,193.73106690260465,197.77112253362915,2.3505626000005577
33,2,1,2,2,3,30.0,7.5,919.1101831512073,369.7742815090504,12.0,919.0,370.0,12.034913692694024,0.034913692694024334,0.034913692694024334,valid,,,Shared Pattern Plane,Region-SIFT(21/28),102,1,204.5138559376752,208.11548208199267,2.6511732000008124
34,2,1,2,2,4,32.5,7.5,935.665207032958,370.1141231658056,12.0,936.0,370.0,11.964533335383535,-0.03546666461646453,0.03546666461646453,valid,,,Shared Pattern Plane,Region-SIFT(21/28),102,1,226.94313209775896,231.22614618292346,2.5636750000003303
35,2,1,2,2,5,35.0,7.5,952.298412743646,370.45556973974266,12.0,952.0,370.0,11.89862007489876,-0.10137992510123972,0.10137992510123972,valid,,,Shared Pattern Plane,Region-SIFT(21/28),102,1,232.5693814020308,240.07602752315645,2.631617200000619
36,2,1,2,3,1,25.0,10.0,886.4020423311662,386.4102788590518,12.0,886.0,386.0,11.764339808399132,-0.23566019160086782,0.23566019160086782,valid,,,Shared Pattern Plane,Region-SIFT(21/28),102,1,190.90359968912034,193.7173372564183,2.6312730999998166
37,2,1,2,3,2,27.5,10.0,902.7693038477836,386.7867634748907,12.0,903.0,387.0,12.164272482061543,0.1642724820615431,0.1642724820615431,valid,,,Shared Pattern Plane,Region-SIFT(21/28),102,1,182.4943219109187,183.5137088170232,2.6567175000000134
38,2,1,2,3,3,30.0,10.0,919.2133399322597,387.1650140821668,12.0,919.0,387.0,11.620147628267427,-0.37985237173257325,0.37985237173257325,valid,,,Shared Pattern Plane,Region-SIFT(21/28),102,1,178.85881643547583,183.25407238768656,2.68706259999999
39,2,1,2,3,4,32.5,10.0,935.7346920488293,387.5450431358011,12.0,936.0,388.0,11.555627967831528,-0.4443720321684719,0.4443720321684719,valid,,,Shared Pattern Plane,Region-SIFT(21/28),102,1,215.84472343000783,218.19385833891621,2.430713200000355
40,2,1,2,3,5,35.0,10.0,952.3339067654044,387.9268632081115,12.0,952.0,388.0,11.502463781084435,-0.497536218915565,0.497536218915565,valid,,,Shared Pattern Plane,Region-SIFT(21/28),102,1,158.66676858669868,161.55044384965086,2.570281399999658
41,2,1,2,4,1,25.0,12.5,886.5709099303515,403.65090397057105,12.0,887.0,404.0,11.8268335078272,-0.17316649217280045,0.17316649217280045,valid,,,Shared Pattern Plane,Region-SIFT(21/28),102,1,195.8235669433755,200.4823119733041,2.464495100000022
42,2,1,2,4,2,27.5,12.5,902.9052609634855,404.06688144165736,12.0,903.0,404.0,11.761207458453558,-0.23879254154644158,0.23879254154644158,valid,,,Shared Pattern Plane,Region-SIFT(21/28),102,1,212.5939553558511,217.3656916122964,2.7638127000000168
43,2,1,2,4,3,30.0,12.5,919.3160759149616,404.4848061751306,12.0,919.0,404.0,12.174081568026855,0.17408156802685504,0.17408156802685504,valid,,,Shared Pattern Plane,Region-SIFT(21/28),102,1,200.41022702423984,206.01859168274396,2.5557035000001633
44,2,1,2,4,4,32.5,12.5,935.8038929556275,404.90469187627633,12.0,936.0,405.0,11.631181079695967,-0.36881892030403307,0.36881892030403307,valid,,,Shared Pattern Plane,Region-SIFT(21/28),102,1,166.21451282299387,168.40781191460934,2.52900419999969
45,2,1,2,4,5,35.0,12.5,952.3692553185696,405.3265523792976,12.0,952.0,405.0,11.577958454844808,-0.4220415451551922,0.4220415451551922,valid,,,Shared Pattern Plane,Region-SIFT(21/28),102,1,156.4015329784817,159.26802733177615,2.4846118000004935
46,2,1,2,5,1,25.0,15.0,886.7390932815266,420.8216704266096,12.0,887.0,421.0,11.420681774332945,-0.5793182256670555,0.5793182256670555,valid,,,Shared Pattern Plane,Region-SIFT(21/28),102,1,213.23395831597546,218.15740332078673,2.6140426000001753
47,2,1,2,5,2,27.5,15.0,903.0406658999781,421.27681755866234,12.0,903.0,421.0,11.837143129132244,-0.16285687086775624,0.16285687086775624,valid,,,Shared Pattern Plane,Region-SIFT(21/28),102,1,231.57178280946437,238.33419414682783,2.4786848000003374
48,2,1,2,5,3,30.0,15.0,919.4183936688605,421.7340909762656,12.0,919.0,422.0,11.776086073181082,-0.22391392681891809,0.22391392681891809,valid,,,Shared Pattern Plane,Region-SIFT(21/28),102,1,238.02764266584285,241.21282855946995,2.5177841000004264
49,2,1,2,5,4,32.5,15.0,935.8728114922878,422.19350561417934,12.0,936.0,422.0,11.706764788133919,-0.29323521186608126,0.29323521186608126,valid,,,Shared Pattern Plane,Region-SIFT(21/28),102,1,199.92995981488906,205.27404211342446,2.5138842999995177
50,2,1,2,5,5,35.0,15.0,952.4044592955948,422.65507654735814,12.0,952.0,423.0,11.646252253882684,-0.35374774611731574,0.35374774611731574,valid,,,Shared Pattern Plane,Region-SIFT(21/28),102,1,163.37429399944486,164.83033630121366,2.433509500000582
51,3,1,3,1,1,45.0,5.0,1019.7283988412756,354.1295443854996,11.5,1020.0,354.0,12.489502153328123,0.9895021533281234,0.9895021533281234,valid,,,Shared Pattern Plane,Region-SIFT(21/28),102,1,194.6315127912652,197.18022116029167,2.370642400000179
52,3,1,3,1,2,47.5,5.0,1036.7967358940916,354.43751674723495,11.5,1037.0,354.0,11.482599540302951,-0.01740045969704873,0.01740045969704873,valid,,,Shared Pattern Plane,Region-SIFT(21/28),102,1,170.2266334220846,172.97840917246222,2.636881700000231
53,3,1,3,1,3,50.0,5.0,1053.9470083432886,354.7469675094411,11.5,1054.0,355.0,11.880003791803505,0.38000379180350485,0.38000379180350485,valid,,,Shared Pattern Plane,Region-SIFT(21/28),102,1,156.75318125669287,161.33320033739608,2.4918243000001894
54,3,1,3,1,4,52.5,5.0,1071.1798075963559,355.0579073431728,11.5,1071.0,355.0,11.81874981393517,0.3187498139351703,0.3187498139351703,valid,,,Shared Pattern Plane,Region-SIFT(21/28),102,1,166.35551423976028,172.7722353041446,2.4017856000000393
55,3,1,3,1,5,55.0,5.0,1088.4957307661953,355.3703470224305,11.5,1088.0,355.0,11.289801282500779,-0.21019871749922103,0.21019871749922103,valid,,,Shared Pattern Plane,Region-SIFT(21/28),102,1,181.83644412106307,185.78551781978612,2.4368850999999268
56,3,1,3,2,1,45.0,7.5,1019.6242360058197,371.8376347541606,11.5,1020.0,372.0,11.630308825331346,0.1303088253313458,0.1303088253313458,valid,,,Shared Pattern Plane,Region-SIFT(21/28),102,1,197.22438284303774,200.94292059014123,2.313771699999961
57,3,1,3,2,2,47.5,7.5,1036.6567842178752,372.18727903401737,11.5,1037.0,372.0,11.553532597467802,0.053532597467802034,0.053532597467802034,valid,,,Shared Pattern Plane,Region-SIFT(21/28),102,1,181.2630329232998,184.48412899710087,2.44987620000029
58,3,1,3,2,3,50.0,7.5,1053.7709253672488,372.538598254315,11.5,1054.0,373.0,11.959049977733146,0.45904997773314626,0.45904997773314626,valid,,,Shared Pattern Plane,Region-SIFT(21/28),102,1,199.76430893701223,206.8515740320152,2.453849999999875
59,3,1,3,2,4,52.5,7.5,1070.9672471573908,372.8916044794342,11.5,1071.0,373.0,11.897696405060643,0.39769640506064263,0.39769640506064263,valid,,,Shared Pattern Plane,Region-SIFT(21/28),102,1,186.76145066861756,191.27960195586712,2.6963005000006888
60,3,1,3,2,5,55.0,7.5,1088.24634294954,373.2463098898993,11.5,1088.0,373.0,11.822790363811476,0.3227903638114764,0.3227903638114764,valid,,,Shared Pattern Plane,Region-SIFT(21/28),102,1,170.94190194367098,173.17905650191935,2.51204670000061
61,3,1,3,3,1,45.0,10.0,1019.5205050180836,389.47230931752966,11.5,1020.0,389.0,11.223598558204117,-0.27640144179588333,0.27640144179588333,valid,,,Shared Pattern Plane,Region-SIFT(21/28),102,1,168.13740557160958,170.66391562685996,2.4994285999991916
62,3,1,3,3,2,47.5,10.0,1036.5174141495522,389.8632772750168,11.5,1037.0,390.0,11.169179004110925,-0.3308209958890753,0.3308209958890753,valid,,,Shared Pattern Plane,Region-SIFT(21/28),102,1,188.1315756722102,190.16545006128771,2.3073749999994106
63,3,1,3,3,3,50.0,10.0,1053.59557590178,390.25611422944536,11.5,1054.0,390.0,11.572483185881794,0.07248318588179359,0.07248318588179359,valid,,,Shared Pattern Plane,Region-SIFT(21/28),102,1,164.3156176970749,167.41166021146796,2.670582600000671
64,3,1,3,3,4,52.5,10.0,1070.7555743050452,390.65083361485324,11.5,1071.0,391.0,11.508730169599714,0.008730169599713733,0.008730169599713733,valid,,,Shared Pattern Plane,Region-SIFT(21/28),102,1,152.02830010116418,153.78903195160424,2.420133500000702
65,3,1,3,3,5,55.0,10.0,1087.9979990002848,391.04744899433683,11.5,1088.0,391.0,11.434383327338901,-0.06561667266109872,0.06561667266109872,valid,,,Shared Pattern Plane,Region-SIFT(21/28),102,1,203.84865487820258,206.2801618191569,2.4574923999998646
66,3,1,3,4,1,45.0,12.5,1019.4172031980327,407.03402369198386,11.5,1019.0,407.0,11.315810960508067,-0.18418903949193322,0.18418903949193322,valid,,,Shared Pattern Plane,Region-SIFT(21/28),102,1,203.75073829227023,207.1319180984683,2.4752610000005006
67,3,1,3,4,2,47.5,12.5,1036.3786220710915,407.4659703370962,11.5,1036.0,407.0,11.247835838201981,-0.25216416179801904,0.25216416179801904,valid,,,Shared Pattern Plane,Region-SIFT(21/28),102,1,186.96376143359632,190.4726513651191,2.8078991000002134
68,3,1,3,4,3,50.0,12.5,1053.4209553730207,407.89997758317327,11.5,1053.0,408.0,11.184489360635999,-0.3155106393640015,0.3155106393640015,valid,,,Shared Pattern Plane,Region-SIFT(21/28),102,1,180.18220401996024,181.29011722488454,2.5678453999998965
69,3,1,3,4,4,52.5,12.5,1070.5447834914712,408.33606021061155,11.5,1071.0,408.0,11.583195387794595,0.08319538779459457,0.08319538779459457,valid,,,Shared Pattern Plane,Region-SIFT(21/28),102,1,153.51105676227144,157.82068776077753,2.412696300000789
70,3,1,3,4,5,55.0,12.5,1087.7506923781152,408.77423314150354,11.5,1088.0,409.0,11.519484665243757,0.01948466524375725,0.01948466524375725,valid,,,Shared Pattern Plane,Region-SIFT(21/28),102,1,147.1627916936521,149.33772646669604,2.4405172999995557
71,3,1,3,5,1,45.0,15.0,1019.3143278877627,424.5232297316268,11.5,1019.0,425.0,11.39510234389774,-0.10489765610225987,0.10489765610225987,valid,,,Shared Pattern Plane,Region-SIFT(21/28),102,1,221.4882795777901,228.04078831740534,3.5597397000001365
72,3,1,3,5,2,47.5,15.0,1036.2404043944098,424.9958132890062,11.5,1036.0,425.0,11.790429169726327,0.2904291697263268,0.2904291697263268,valid,,,Shared Pattern Plane,Region-SIFT(21/28),102,1,246.49703522334022,252.52858978843045,3.1089918000006946
73,3,1,3,5,3,50.0,15.0,1053.2470592450577,425.4706466294609,11.5,1053.0,425.0,11.73013141744598,0.2301314174459801,0.2301314174459801,valid,,,Shared Pattern Plane,Region-SIFT(21/28),102,1,186.6758214107897,190.97443893844826,2.652786300000116
74,3,1,3,5,4,52.5,15.0,1070.3348692149602,425.94774585681137,11.5,1070.0,426.0,11.195751796822927,-0.3042482031770728,0.3042482031770728,valid,,,Shared Pattern Plane,Region-SIFT(21/28),102,1,188.20643963283965,193.33267466758633,2.7788454999999885
75,3,1,3,5,5,55.0,15.0,1087.504416597238,426.42712722894004,11.5,1088.0,426.0,11.587141382119489,0.08714138211948885,0.08714138211948885,valid,,,Shared Pattern Plane,Region-SIFT(21/28),102,1,164.28868770195695,166.68039389924488,2.670339299999796
76,4,1,4,1,1,65.0,5.0,1158.6028084511233,356.6353233480201,11.0,1159.0,357.0,10.544248439875565,-0.4557515601244351,0.4557515601244351,valid,,,Shared Pattern Plane,Region-SIFT(21/28),102,1,204.8965794194943,208.35438020129405,2.7500959999997576
77,4,1,4,1,2,67.5,5.0,1176.343512472136,356.9554275561391,11.0,1176.0,357.0,10.944056368663258,-0.05594363133674207,0.05594363133674207,valid,,,Shared Pattern Plane,Region-SIFT(21/28),102,1,194.15378708915105,197.48408809498613,2.624213599999166
78,4,1,4,1,3,70.0,5.0,1194.171046834331,357.27709848661436,11.0,1194.0,357.0,11.336540321342298,0.33654032134229794,0.33654032134229794,valid,,,Shared Pattern Plane,Region-SIFT(21/28),102,1,217.68354623481713,219.89221463049154,2.357521899999483
79,4,1,4,1,4,72.5,5.0,1212.0860505769617,357.6003476699439,11.0,1212.0,358.0,10.81064311454104,-0.18935688545895957,0.18935688545895957,valid,,,Shared Pattern Plane,Region-SIFT(21/28),102,1,153.5786638703927,155.55417021276446,2.659048900000016
80,4,1,4,1,5,75.0,5.0,1230.0891690254907,357.9251867500511,11.0,1230.0,358.0,10.742217753098261,-0.2577822469017388,0.2577822469017388,valid,,,Shared Pattern Plane,Region-SIFT(21/28),102,1,148.1503517433449,149.36024525158732,2.6844826000005924
81,4,1,4,2,1,65.0,7.5,1158.2025352352841,374.68237113973396,11.0,1158.0,375.0,10.625803131075335,-0.3741968689246651,0.3741968689246651,valid,,,Shared Pattern Plane,Region-SIFT(21/28),102,1,184.10350392104456,187.88311060457028,2.5563175000006595
82,4,1,4,2,2,67.5,7.5,1175.904604311902,375.04575934901476,11.0,1176.0,375.0,11.021711912216144,0.021711912216144214,0.021711912216144214,valid,,,Shared Pattern Plane,Region-SIFT(21/28),102,1,164.0639948310045,167.82769552414908,2.632451899999978
83,4,1,4,2,3,70.0,7.5,1193.693130263664,375.41092234568936,11.0,1194.0,375.0,10.488901004889572,-0.5110989951104283,0.5110989951104283,valid,,,Shared Pattern Plane,Region-SIFT(21/28),102,1,143.7155423956573,146.65290919573962,2.514603700000407
84,4,1,4,2,4,72.5,7.5,1211.5687480239217,375.77787316367426,11.0,1212.0,376.0,10.887985645602752,-0.11201435439724783,0.11201435439724783,valid,,,Shared Pattern Plane,Region-SIFT(21/28),102,1,147.3026090879289,150.29479765726373,2.560387399999854
85,4,1,4,2,5,75.0,7.5,1229.532098758494,376.14662496482623,11.0,1230.0,376.0,10.819381578292742,-0.1806184217072584,0.1806184217072584,valid,,,Shared Pattern Plane,Region-SIFT(21/28),102,1,142.78749043449523,144.78927016705217,2.680077500000152
86,4,1,4,3,1,65.0,10.0,1157.803953702427,392.65314631961166,11.0,1158.0,393.0,10.235873113447619,-0.7641268865523809,0.7641268865523809,valid,,,Shared Pattern Plane,Region-SIFT(21/28),102,1,214.40314649047042,220.82050875709152,2.5781751999993503
87,4,1,4,3,2,67.5,10.0,1175.4675556275363,393.0594497429642,11.0,1175.0,393.0,10.638569880983594,-0.361430119016406,0.361430119016406,valid,,,Shared Pattern Plane,Region-SIFT(21/28),102,1,139.76817012514388,141.77375773532012,2.6033995999996478
88,4,1,4,3,3,70.0,10.0,1193.2172433655892,393.4677333377817,11.0,1193.0,393.0,10.570082353062151,-0.42991764693784873,0.42991764693784873,valid,,,Shared Pattern Plane,Region-SIFT(21/28),102,1,166.0482187321577,168.1776105582687,3.179295099999763
89,4,1,4,3,4,72.5,10.0,1211.0536477791354,393.87801161535197,11.0,1211.0,394.0,10.506220801834402,-0.4937791981655977,0.4937791981655977,valid,,,Shared Pattern Plane,Region-SIFT(21/28),102,1,189.4274387495858,191.978993902271,4.30292449999979
90,4,1,4,3,5,75.0,10.0,1228.9774059100178,394.29029922910127,11.0,1229.0,394.0,10.438325142077112,-0.5616748579228883,0.5616748579228883,valid,,,Shared Pattern Plane,Region-SIFT(21/28),102,1,178.52197724498768,182.22721847738643,2.579958700000134
91,4,1,4,4,1,65.0,12.5,1157.407053150774,410.54813139681266,11.0,1157.0,411.0,10.317311317859108,-0.682688682140892,0.682688682140892,valid,,,Shared Pattern Plane,Region-SIFT(21/28),102,1,176.4205428037694,177.8633166177755,2.707664300000033
92,4,1,4,4,2,67.5,12.5,1175.0323546272484,410.9969847562418,11.0,1175.0,411.0,11.180983906368395,0.1809839063683949,0.1809839063683949,valid,,,Shared Pattern Plane,Region-SIFT(21/28),102,1,177.61437067808927,178.5179499977034,3.4895235000003595
93,4,1,4,4,3,70.0,12.5,1192.7433732377247,411.4480210243496,11.0,1193.0,411.0,10.647490679181354,-0.35250932081864583,0.35250932081864583,valid,,,Shared Pattern Plane,Region-SIFT(21/28),102,1,186.47484516163982,190.62161687602074,2.951107700000648
94,4,1,4,4,4,72.5,12.5,1210.5407358086707,411.90125616416327,11.0,1211.0,412.0,10.583433617204374,-0.41656638279562586,0.41656638279562586,valid,,,Shared Pattern Plane,Region-SIFT(21/28),102,1,228.11739287704387,235.0527475813187,2.518895000000157
95,4,1,4,4,5,75.0,12.5,1228.425075293242,412.3567062947347,11.0,1228.0,412.0,10.519168427664006,-0.48083157233599394,0.48083157233599394,valid,,,Shared Pattern Plane,Region-SIFT(21/28),102,1,162.51624117906763,167.28217589882283,2.96779400000014
96,4,1,4,5,1,65.0,15.0,1157.011822968625,428.36780481918373,11.0,1157.0,428.0,10.858543397756826,-0.14145660224317425,0.14145660224317425,valid,,,Shared Pattern Plane,Region-SIFT(21/28),102,1,126.72646674655732,127.00011467800799,2.802317700000458
97,4,1,4,5,2,67.5,15.0,1174.598989618742,428.85884630635115,11.0,1175.0,429.0,10.79373824676675,-0.20626175323324958,0.20626175323324958,valid,,,Shared Pattern Plane,Region-SIFT(21/28),102,1,141.7564621198745,143.0641529955056,2.9028362999997626
98,4,1,4,5,3,70.0,15.0,1192.2715070868146,429.35227082618184,11.0,1192.0,429.0,10.728742607739429,-0.271257392260571,0.271257392260571,valid,,,Shared Pattern Plane,Region-SIFT(21/28),102,1,149.2678795446164,153.19171418189785,2.6571388000002116
99,4,1,4,5,4,72.5,15.0,1210.029998197582,429.8480957682185,11.0,1210.0,430.0,10.662000252787951,-0.3379997472120486,0.3379997472120486,valid,,,Shared Pattern Plane,Region-SIFT(21/28),102,1,177.09648859336895,181.19533745713142,2.57878140000048
100,4,1,4,5,5,75.0,15.0,1227.8750918504215,430.3463386916103,11.0,1228.0,430.0,11.060330076477898,0.06033007647789823,0.06033007647789823,valid,,,Shared Pattern Plane,Region-SIFT(21/28),102,1,156.6005524095404,160.8179227517578,2.7750200999998924
101,5,1,5,1,1,85.0,5.0,1302.9959207769002,359.2406789654825,10.5,1303.0,359.0,10.472102392759345,-0.027897607240655375,0.027897607240655375,valid,,,Shared Pattern Plane,Region-SIFT(21/28),102,1,164.1796477363223,168.32455517952184,3.086508899999899
102,5,1,5,1,2,87.5,5.0,1321.4495181433067,359.5736462572497,10.5,1321.0,360.0,10.407570049985594,-0.0924299500144059,0.0924299500144059,valid,,,Shared Pattern Plane,Region-SIFT(21/28),102,1,169.65894398159452,172.79958514974217,4.416482700000415
103,5,1,5,1,3,90.0,5.0,1339.9952385996855,359.90827577103084,10.5,1340.0,360.0,10.336602671676282,-0.16339732832371823,0.16339732832371823,valid,,,Shared Pattern Plane,Region-SIFT(21/28),102,1,175.22109302843688,180.21277610813334,3.8187078999999358
104,5,1,5,1,4,92.5,5.0,1358.6337737103884,360.24457998505994,10.5,1359.0,360.0,10.725658286531868,0.2256582865318677,0.2256582865318677,valid,,,Shared Pattern Plane,Region-SIFT(21/28),102,1,187.67126215172823,192.18904417042512,2.7465578999999707
105,5,1,5,1,5,95.0,5.0,1377.3658219791919,360.58257150278274,10.5,1377.0,361.0,11.106553035992048,0.6065530359920484,0.6065530359920484,valid,,,Shared Pattern Plane,Region-SIFT(21/28),102,1,205.18038594281228,209.57043661349155,2.6427913999996235
106,5,1,5,2,1,85.0,7.5,1302.275877217501,377.6399098049279,10.5,1302.0,378.0,10.098297978176719,-0.4017020218232812,0.4017020218232812,valid,,,Shared Pattern Plane,Region-SIFT(21/28),102,1,171.4034684579839,173.95714827074622,2.5818191999996998
107,5,1,5,2,2,87.5,7.5,1320.6877338775178,378.0178685391449,10.5,1321.0,378.0,10.028436160988397,-0.47156383901160304,0.47156383901160304,valid,,,Shared Pattern Plane,Region-SIFT(21/28),102,1,133.9369769222522,135.33281625535093,2.550543500000458
108,5,1,5,2,3,90.0,7.5,1339.1913057620227,378.397710004191,10.5,1339.0,378.0,9.96252583077535,-0.5374741692246499,0.5374741692246499,valid,,,Shared Pattern Plane,Region-SIFT(21/28),102,1,137.95472881983198,138.54192046643482,2.6276187999992544
109,5,1,5,2,4,92.5,7.5,1357.7872798754947,378.7794483028995,10.5,1358.0,379.0,10.349947056210478,-0.15005294378952172,0.15005294378952172,valid,,,Shared Pattern Plane,Region-SIFT(21/28),102,1,197.61277264589984,200.94974294092066,2.650880799999868
110,5,1,5,2,5,95.0,7.5,1376.4763501010461,379.16309767930824,10.5,1376.0,379.0,10.735778438464399,0.23577843846439883,0.23577843846439883,valid,,,Shared Pattern Plane,Region-SIFT(21/28),102,1,184.17863574658753,187.14627974819743,2.5840877000000546
111,5,1,5,3,1,85.0,10.0,1301.558936997778,395.9598411876528,10.5,1302.0,396.0,10.174635269690096,-0.32536473030990365,0.32536473030990365,valid,,,Shared Pattern Plane,Region-SIFT(21/28),102,1,154.65369353319602,157.6957891452614,2.6192565999999715
112,5,1,5,3,2,87.5,10.0,1319.929240990547,396.3824003820873,10.5,1320.0,396.0,10.10827058394758,-0.39172941605242073,0.39172941605242073,valid,,,Shared Pattern Plane,Region-SIFT(21/28),102,1,153.61045738099114,157.8014448580652,2.879266500000085
113,5,1,5,3,3,90.0,10.0,1338.3908550435833,396.8070599176772,10.5,1338.0,397.0,10.502933085483097,0.0029330854830966757,0.0029330854830966757,valid,,,Shared Pattern Plane,Region-SIFT(21/28),102,1,148.40840316853195,149.18795123617292,2.587399000000005
114,5,1,5,3,4,92.5,10.0,1356.9444616414837,397.23383549313587,10.5,1357.0,397.0,10.429754337202102,-0.07024566279789823,0.07024566279789823,valid,,,Shared Pattern Plane,Region-SIFT(21/28),102,1,167.98864458427227,171.5963033652033,2.644631500000287
115,5,1,5,3,5,95.0,10.0,1375.5907500873495,397.6627429640183,10.5,1376.0,398.0,10.366726451786485,-0.13327354821351456,0.13327354821351456,valid,,,Shared Pattern Plane,Region-SIFT(21/28),102,1,228.88350109524197,233.4689655332536,2.871297400000003
116,5,1,5,4,1,85.0,12.5,1300.845080098092,414.20098467430836,10.5,1301.0,414.0,10.254688661006128,-0.24531133899387214,0.24531133899387214,valid,,,Shared Pattern Plane,Region-SIFT(21/28),102,1,156.16950512184667,157.61988241740238,2.493879499999821
117,5,1,5,4,2,87.5,12.5,1319.174018197191,414.6677571406705,10.5,1319.0,415.0,10.192346031839278,-0.30765396816072155,0.30765396816072155,valid,,,Shared Pattern Plane,Region-SIFT(21/28),102,1,214.8053846197784,221.54011699704986,2.5179723999999624
118,5,1,5,4,3,90.0,12.5,1337.59386386981,415.1368446976326,10.5,1338.0,415.0,10.122378614995196,-0.37762138500480447,0.37762138500480447,valid,,,Shared Pattern Plane,Region-SIFT(21/28),102,1,131.52880849939174,132.4321277171692,2.6195917000004556
119,5,1,5,4,4,92.5,12.5,1356.1052951202169,415.60826461153744,10.5,1356.0,416.0,10.06063548007192,-0.43936451992808045,0.43936451992808045,valid,,,Shared Pattern Plane,Region-SIFT(21/28),102,1,112.91507637689983,113.68083488485077,2.5354779999997845
120,5,1,5,4,5,95.0,12.5,1374.708996711712,416.082034320856,10.5,1375.0,416.0,10.44617324513473,-0.05382675486526978,0.05382675486526978,valid,,,Shared Pattern Plane,Region-SIFT(21/28),102,1,174.7016883840006,178.58093526774297,2.4714372999997067
121,5,1,5,5,1,85.0,15.0,1300.1342866706311,432.3638474348852,10.5,1300.0,432.0,10.334800595524595,-0.1651994044754055,0.1651994044754055,valid,,,Shared Pattern Plane,Region-SIFT(21/28),102,1,181.77654744203758,186.41531537788285,2.7533230999997613
122,5,1,5,5,2,87.5,15.0,1318.4220443953848,432.87444973534514,10.5,1318.0,433.0,10.272269828686932,-0.22773017131306794,0.22773017131306794,valid,,,Shared Pattern Plane,Region-SIFT(21/28),102,1,181.59090815448258,186.0993289925185,2.7611784999999145
123,5,1,5,5,3,90.0,15.0,1336.8003098608588,433.3875790520373,10.5,1337.0,433.0,10.202099832502384,-0.29790016749761605,0.29790016749761605,valid,,,Shared Pattern Plane,Region-SIFT(21/28),102,1,130.09687273338358,132.0414319336892,2.7905484000002616
124,5,1,5,5,4,92.5,15.0,1355.2697566301126,433.9032541911409,10.5,1355.0,434.0,10.140120314070833,-0.3598796859291671,0.3598796859291671,valid,,,Shared Pattern Plane,Region-SIFT(21/28),102,1,85.02026607145078,85.19595999801294,2.5630102000004626
125,5,1,5,5,5,95.0,15.0,1373.831064966411,434.42149414590756,10.5,1374.0,434.0,10.070598221532919,-0.4294017784670814,0.4294017784670814,valid,,,Shared Pattern Plane,Region-SIFT(21/28),102,1,134.64552257931422,135.52540469349938,3.2029978999999003
126,6,1,6,1,1,105.0,5.0,1453.2433645145568,361.9516671507645,10.0,1453.0,362.0,9.935909795123687,-0.06409020487631345,0.06409020487631345,valid,,,Shared Pattern Plane,Region-SIFT(21/28),102,1,209.8026839372342,212.4328001913499,3.180150500000309
127,6,1,6,1,2,107.5,5.0,1472.4537051931984,362.2982887325997,10.0,1472.0,362.0,9.867794887234517,-0.13220511276548308,0.13220511276548308,valid,,,Shared Pattern Plane,Region-SIFT(21/28),102,1,231.74286536867655,236.60525041193225,2.6354154000000563
128,6,1,6,1,3,110.0,5.0,1491.7619007608278,362.6466759581045,10.0,1492.0,363.0,10.247546737988824,0.24754673798882365,0.24754673798882365,valid,,,Shared Pattern Plane,Region-SIFT(21/28),102,1,212.15013400082867,215.6399258012431,2.543035699999564
129,6,1,6,1,4,112.5,5.0,1511.1687008160673,362.99684235265386,10.0,1511.0,363.0,9.724815841674303,-0.27518415832569687,0.27518415832569687,valid,,,Shared Pattern Plane,Region-SIFT(21/28),102,1,199.19656369446446,204.59654971737413,2.5529890999996496
130,6,1,6,1,5,115.0,5.0,1530.6748626333463,363.34880158012123,10.0,1531.0,363.0,9.653412131353305,-0.34658786864669544,0.34658786864669544,valid,,,Shared Pattern Plane,Region-SIFT(21/28),102,1,275.13742020420295,282.1534237649442,2.543080000000373
131,6,1,6,2,1,105.0,7.5,1452.17771540829,380.71709588483174,10.0,1452.0,381.0,9.567835235926644,-0.4321647640733559,0.4321647640733559,valid,,,Shared Pattern Plane,Region-SIFT(21/28),102,1,206.48990740094865,209.5425767361271,2.6608030999996117
132,6,1,6,2,2,107.5,7.5,1471.3429213081515,381.11051937800124,10.0,1471.0,381.0,9.507146201032487,-0.4928537989675128,0.4928537989675128,valid,,,Shared Pattern Plane,Region-SIFT(21/28),102,1,223.97031388055711,228.57322232566744,2.792899099999886
133,6,1,6,2,3,110.0,7.5,1490.6055359957259,381.5059424795093,10.0,1491.0,382.0,9.890411731177704,-0.10958826882229644,0.10958826882229644,valid,,,Shared Pattern Plane,Region-SIFT(21/28),102,1,266.5182356173399,271.34798086066013,2.848536599999534
134,6,1,6,2,4,112.5,7.5,1509.9663039957304,381.90338047296495,10.0,1510.0,382.0,9.807215377835263,-0.19278462216473713,0.19278462216473713,valid,,,Shared Pattern Plane,Region-SIFT(21/28),102,1,236.05521564786395,243.86241057564052,2.7097618999996484
135,6,1,6,2,5,115.0,7.5,1529.4259774397663,382.3028487981315,10.0,1529.0,382.0,9.291973864829004,-0.7080261351709964,0.7080261351709964,valid,,,Shared Pattern Plane,Region-SIFT(21/28),102,1,258.65070091227375,265.6549371027621,2.559772300000077
136,6,1,6,3,1,105.0,10.0,1451.1167518768493,399.4000145131228,10.0,1451.0,399.0,9.193338314151804,-0.8066616858481961,0.8066616858481961,valid,,,Shared Pattern Plane,Region-SIFT(21/28),102,1,224.29125350467746,228.40419615357612,2.9042531999994026
137,6,1,6,3,2,107.5,10.0,1470.2370338049807,399.83982492301556,10.0,1470.0,400.0,10.026426245013546,0.02642624501354618,0.02642624501354618,valid,,,Shared Pattern Plane,Region-SIFT(21/28),102,1,238.73379927942995,244.62562619803862,2.634460599999329
138,6,1,6,3,3,110.0,10.0,1489.454281460046,400.28186576738966,10.0,1489.0,400.0,9.51555989382826,-0.48444010617173916,0.48444010617173916,valid,,,Shared Pattern Plane,Region-SIFT(21/28),102,1,254.0681829644259,260.0995803392772,2.56815590000042
139,6,1,6,3,4,112.5,10.0,1508.769234338527,400.7261540563634,10.0,1509.0,401.0,9.449184953596882,-0.5508150464031178,0.5508150464031178,valid,,,Shared Pattern Plane,Region-SIFT(21/28),102,1,182.92591568073897,185.55073359188032,2.6699272000005294
140,6,1,6,3,5,115.0,10.0,1528.1826394756333,401.1727069734625,10.0,1528.0,401.0,9.829911022590798,-0.17008897740920226,0.17008897740920226,valid,,,Shared Pattern Plane,Region-SIFT(21/28),102,1,204.04713161963002,210.10361757072636,2.5142987999997786
141,6,1,6,4,1,105.0,12.5,1450.060443084872,418.000966027504,10.0,1450.0,418.0,9.72901049691534,-0.2709895030846603,0.2709895030846603,valid,,,Shared Pattern Plane,Region-SIFT(21/28),102,1,225.6978598508885,230.11762849261373,2.482039600000462
142,6,1,6,4,2,107.5,12.5,1469.1360103796997,418.4867524677942,10.0,1469.0,418.0,9.661207702126354,-0.3387922978736455,0.3387922978736455,valid,,,Shared Pattern Plane,Region-SIFT(21/28),102,1,176.32654494835586,180.6234178419372,2.6124315999995815
143,6,1,6,4,3,110.0,12.5,1488.3081033536373,418.9749970717305,10.0,1488.0,419.0,10.047273752614146,0.04727375261414579,0.04727375261414579,valid,,,Shared Pattern Plane,Region-SIFT(21/28),102,1,172.7488680662932,176.72479176792191,2.552921399999832
144,6,1,6,4,4,112.5,12.5,1507.577456520085,419.4657185447409,10.0,1508.0,419.0,9.975600623026128,-0.02439937697387151,0.02439937697387151,valid,,,Shared Pattern Plane,Region-SIFT(21/28),102,1,190.9107772882653,196.37125926885176,2.5376677999993262
145,6,1,6,4,5,115.0,12.5,1526.9448118637795,419.9589357825214,10.0,1527.0,420.0,9.464406053908986,-0.535593946091014,0.535593946091014,valid,,,Shared Pattern Plane,Region-SIFT(21/28),102,1,178.0087611031911,178.88991624391826,2.843783999999687
146,6,1,6,5,1,105.0,15.0,1449.0087584669702,436.5204886657607,10.0,1449.0,437.0,9.817326227482683,-0.1826737725173171,0.1826737725173171,valid,,,Shared Pattern Plane,Region-SIFT(21/28),102,1,205.2137731168636,208.12396306523416,2.488754100000733
147,6,1,6,5,2,107.5,15.0,1468.0398190118676,437.05184431037657,10.0,1468.0,437.0,9.743711855434787,-0.25628814456521276,0.25628814456521276,valid,,,Shared Pattern Plane,Region-SIFT(21/28),102,1,170.60252758762823,173.01790385837447,2.873096799999985
148,6,1,6,5,3,110.0,15.0,1487.1669681737742,437.5858827917641,10.0,1487.0,438.0,9.680188990773816,-0.3198110092261839,0.3198110092261839,valid,,,Shared Pattern Plane,Region-SIFT(21/28),102,1,150.2852800005958,153.3238949199273,2.616303400000106
149,6,1,6,5,4,112.5,15.0,1506.3909355276592,438.1226244799796,10.0,1506.0,438.0,9.61279635193503,-0.3872036480649701,0.3872036480649701,valid,,,Shared Pattern Plane,Region-SIFT(21/28),102,1,176.69096452824022,180.5569462223716,2.614756799999668
150,6,1,6,5,5,115.0,15.0,1525.7124580531863,438.66208995182205,10.0,1526.0,439.0,9.546317344501615,-0.45368265549838505,0.45368265549838505,valid,,,Shared Pattern Plane,Region-SIFT(21/28),102,1,192.09162608101252,195.25827041835268,2.5480483999999706
151,7,2,1,1,1,5.0,25.0,760.667653890845,484.0445911768048,9.5,761.0,484.0,9.764873010444669,0.2648730104446688,0.2648730104446688,valid,,,Shared Pattern Plane,Region-SIFT(21/28),102,1,218.35049871818097,222.23810599040274,2.6415130000004865
152,7,2,1,1,2,7.5,25.0,776.2581393153239,484.6313661215606,9.5,776.0,485.0,9.18785147101724,-0.31214852898276035,0.31214852898276035,valid,,,Shared Pattern Plane,Region-SIFT(21/28),102,1,197.45679058700642,204.34465774715517,2.555960900000173
153,7,2,1,1,3,10.0,25.0,791.9195549987264,485.22081064956717,9.5,792.0,485.0,9.646172151004818,0.1461721510048175,0.1461721510048175,valid,,,Shared Pattern Plane,Region-SIFT(21/28),102,1,190.57299438557294,194.2824863414906,2.7769576000000598
154,7,2,1,1,4,12.5,25.0,807.6523860996894,485.81294302061076,9.5,808.0,486.0,9.587470355453176,0.08747035545317594,0.08747035545317594,valid,,,Shared Pattern Plane,Region-SIFT(21/28),102,1,216.0064205053622,220.19600768562165,2.703409400000055
155,7,2,1,1,5,15.0,25.0,823.4571222115686,486.4077816613863,9.5,823.0,486.0,9.011238550983107,-0.4887614490168932,0.4887614490168932,valid,,,Shared Pattern Plane,Region-SIFT(21/28),102,1,192.0897279391213,195.06211593963187,4.415594400000373
156,7,2,1,2,1,5.0,27.5,761.0790953701257,500.57749652576064,9.5,761.0,501.0,9.318200098694334,-0.18179990130566637,0.18179990130566637,valid,,,Shared Pattern Plane,Region-SIFT(21/28),102,1,184.74742468324288,186.25091456554492,3.026997400000255
157,7,2,1,2,2,7.5,27.5,776.6397391762766,501.200562767704,9.5,777.0,501.0,9.758609695885417,0.2586096958854167,0.2586096958854167,valid,,,Shared Pattern Plane,Region-SIFT(21/28),102,1,181.59412514822822,184.4153256288243,3.490847400000348
158,7,2,1,2,3,10.0,27.5,792.2710374179438,501.82645809526633,9.5,792.0,502.0,9.202194895848262,-0.2978051041517382,0.2978051041517382,valid,,,Shared Pattern Plane,Region-SIFT(21/28),102,1,194.3340938719492,196.03278223761555,3.087399899999582
159,7,2,1,2,4,12.5,27.5,807.973472408892,502.4552018208505,9.5,808.0,502.0,9.140419678439217,-0.3595803215607827,0.3595803215607827,valid,,,Shared Pattern Plane,Region-SIFT(21/28),102,1,185.8745069801492,190.19956693449012,3.404125699999895
160,7,2,1,2,5,15.0,27.5,823.7475308628381,503.0868134330391,9.5,824.0,503.0,9.583278063237186,0.08327806323718612,0.08327806323718612,valid,,,Shared Pattern Plane,Region-SIFT(21/28),102,1,156.08282286149483,160.57115584181412,3.6909602999994604
161,7,2,1,3,1,5.0,30.0,761.488919441455,517.0454097581575,9.5,761.0,517.0,9.39027074650468,-0.10972925349532048,0.10972925349532048,valid,,,Shared Pattern Plane,Region-SIFT(21/28),102,1,191.3715525198235,194.1870972817201,3.1115320999997493
162,7,2,1,3,2,7.5,30.0,777.0198355477094,517.7044773840075,9.5,777.0,518.0,9.332312057890137,-0.16768794210986293,0.16768794210986293,valid,,,Shared Pattern Plane,Region-SIFT(21/28),102,1,162.81619386622515,166.91437046992914,3.409651200000553
163,7,2,1,3,3,10.0,30.0,792.621131871505,518.3665316542103,9.5,793.0,518.0,9.288812411143637,-0.21118758885636346,0.21118758885636346,valid,,,Shared Pattern Plane,Region-SIFT(21/28),102,1,218.6694205168063,224.09907719629737,2.982881300000372
164,7,2,1,3,4,12.5,30.0,808.293287903931,519.0315929163779,9.5,808.0,519.0,9.717534061671907,0.21753406167190725,0.21753406167190725,valid,,,Shared Pattern Plane,Region-SIFT(21/28),102,1,183.64694404904805,189.51608225301146,3.2813255999999456
165,7,2,1,3,5,15.0,30.0,824.0367875016019,519.6996817033768,9.5,824.0,520.0,9.659349897974712,0.1593498979747121,0.1593498979747121,valid,,,Shared Pattern Plane,Region-SIFT(21/28),102,1,131.5670601330106,134.05721966292495,3.3651580000005197
166,7,2,1,4,1,5.0,32.5,761.8971356233548,533.4487133556908,9.5,762.0,533.0,9.458419363817804,-0.04158063618219643,0.04158063618219643,valid,,,Shared Pattern Plane,Region-SIFT(21/28),102,1,255.1133678824813,263.9731524574866,2.8369040999996287
167,7,2,1,4,2,7.5,32.5,777.3984372976931,534.1434950251416,9.5,777.0,534.0,9.404228370814158,-0.09577162918584214,0.09577162918584214,valid,,,Shared Pattern Plane,Region-SIFT(21/28),102,1,153.6045628431613,158.41586203232737,2.7482759999993505
168,7,2,1,4,3,10.0,32.5,792.9698465645965,534.8414189771715,9.5,793.0,535.0,9.34635735793392,-0.15364264206607992,0.15364264206607992,valid,,,Shared Pattern Plane,Region-SIFT(21/28),102,1,166.9982912341123,167.86205317441372,4.170201300000372
169,7,2,1,4,4,12.5,32.5,808.611840114459,535.5425065774537,9.5,809.0,536.0,9.270552882021635,-0.22944711797836526,0.22944711797836526,valid,,,Shared Pattern Plane,Region-SIFT(21/28),102,1,130.6483357283173,132.13703577048065,3.4262109999999666
170,7,2,1,4,5,15.0,32.5,824.3248989691116,536.2467793858002,9.5,824.0,536.0,9.730919956947313,0.2309199569473126,0.2309199569473126,valid,,,Shared Pattern Plane,Region-SIFT(21/28),102,1,140.5135403118436,143.8142899407488,3.1580229999999574
171,7,2,1,5,1,5.0,35.0,762.303753359805,549.7877868047021,9.5,762.0,550.0,9.535024430079392,0.03502443007939249,0.03502443007939249,valid,,,Shared Pattern Plane,Region-SIFT(21/28),102,1,167.1086894111028,168.62421491984088,3.6418127999995704
172,7,2,1,5,2,7.5,35.0,777.7755532246932,550.5179977234819,9.5,778.0,551.0,9.476759207241056,-0.023240792758944195,0.023240792758944195,valid,,,Shared Pattern Plane,Region-SIFT(21/28),102,1,174.25619443409028,177.4600305133112,2.926152500000171
173,7,2,1,5,3,10.0,35.0,793.3171896378562,551.251504665383,9.5,793.0,551.0,9.418149702990972,-0.08185029700902824,0.08185029700902824,valid,,,Shared Pattern Plane,Region-SIFT(21/28),102,1,161.42112083636894,163.42783969330992,3.5357269000005545
174,7,2,1,5,4,12.5,35.0,808.9291365107622,551.9883299972487,9.5,809.0,552.0,9.360351806345133,-0.13964819365486747,0.13964819365486747,valid,,,Shared Pattern Plane,Region-SIFT(21/28),102,1,133.76166385115772,136.41714660322936,3.4208646999995835
175,7,2,1,5,5,15.0,35.0,824.6118720525569,552.7284962887571,9.5,825.0,553.0,9.302843094345215,-0.1971569056547846,0.1971569056547846,valid,,,Shared Pattern Plane,Region-SIFT(21/28),102,1,109.47967076604328,111.71453400464284,3.3896726000002673
176,8,2,2,1,1,25.0,25.0,887.4050667142411,488.8145734052717,9.0,887.0,489.0,8.79659993540743,-0.20340006459256976,0.20340006459256976,valid,,,Shared Pattern Plane,Region-SIFT(21/28),102,1,173.9873927837957,176.51841508931022,3.3926893000007112
177,8,2,2,1,2,27.5,25.0,903.576830590749,489.42322577220443,9.0,904.0,489.0,8.703286684147422,-0.2967133158525783,0.2967133158525783,valid,,,Shared Pattern Plane,Region-SIFT(21/28),102,1,176.4769148594488,177.61382482314778,3.0034774999994625
178,8,2,2,1,3,30.0,25.0,919.8235330610629,490.03469858301975,9.0,920.0,490.0,9.170176692951184,0.1701766929511841,0.1701766929511841,valid,,,Shared Pattern Plane,Region-SIFT(21/28),102,1,135.45601800837846,137.26501825524446,2.899003499999708
179,8,2,2,1,4,32.5,25.0,936.1456962235752,490.64901148779575,9.0,936.0,491.0,8.5937541438414,-0.4062458561586002,0.4062458561586002,valid,,,Shared Pattern Plane,Region-SIFT(21/28),102,1,131.3108958032396,133.3002761907024,3.36307990000023
180,8,2,2,1,5,35.0,25.0,952.5438470379244,491.26618431957155,9.0,953.0,491.0,9.03630674149161,0.036306741491609174,0.036306741491609174,valid,,,Shared Pattern Plane,Region-SIFT(21/28),102,1,113.87844105725566,114.37935305251223,2.8367189999999027
181,8,2,2,2,1,25.0,27.5,887.5698904168559,505.6423347992925,9.0,888.0,506.0,8.85306265398454,-0.14693734601545927,0.14693734601545927,valid,,,Shared Pattern Plane,Region-SIFT(21/28),102,1,174.70710812624168,180.11587780039295,2.871683700000176
182,8,2,2,2,2,27.5,27.5,903.7095244490821,506.28858448202254,9.0,904.0,506.0,8.792788887866346,-0.2072111121336544,0.2072111121336544,valid,,,Shared Pattern Plane,Region-SIFT(21/28),102,1,139.6230521419061,141.58895017729608,2.65227700000014
183,8,2,2,2,3,30.0,27.5,919.9237974907726,506.93782279733796,9.0,920.0,507.0,8.723280017195153,-0.2767199828048472,0.2767199828048472,valid,,,Shared Pattern Plane,Region-SIFT(21/28),102,1,110.40571068001802,111.50381462644367,2.5944675000000643
184,8,2,2,2,4,32.5,27.5,936.213228502887,507.59007052503796,9.0,936.0,508.0,8.681765815902954,-0.3182341840970455,0.3182341840970455,valid,,,Shared Pattern Plane,Region-SIFT(21/28),102,1,118.055897670322,120.40696487489005,2.654128999999557
185,8,2,2,2,5,35.0,27.5,952.5783412686376,508.24534863801074,9.0,953.0,508.0,8.618534916702334,-0.38146508329766604,0.38146508329766604,valid,,,Shared Pattern Plane,Region-SIFT(21/28),102,1,96.25682259009628,97.3429703314677,2.6798286000002918
186,8,2,2,3,1,25.0,30.0,887.7340542782341,522.4027293600897,9.0,888.0,522.0,8.425234706362204,-0.574765293637796,0.574765293637796,valid,,,Shared Pattern Plane,Region-SIFT(21/28),102,1,109.17189635574502,111.25466282142561,2.778516100000161
187,8,2,2,3,2,27.5,30.0,903.841685869042,523.0862703977203,9.0,904.0,523.0,8.867900572383906,-0.13209942761609383,0.13209942761609383,valid,,,Shared Pattern Plane,Region-SIFT(21/28),102,1,114.20377695245087,116.51565426636192,2.8347938999995677
188,8,2,2,3,3,30.0,30.0,920.0236586778378,523.7729661681243,9.0,920.0,524.0,8.32935342206413,-0.6706465779358695,0.6706465779358695,valid,,,Shared Pattern Plane,Region-SIFT(21/28),102,1,123.01704381559261,127.08438669533987,2.6373562999997375
189,8,2,2,3,4,32.5,30.0,936.2804885532368,524.462838561776,9.0,936.0,524.0,8.752191349536394,-0.24780865046360567,0.24780865046360567,valid,,,Shared Pattern Plane,Region-SIFT(21/28),102,1,75.50679987120249,75.62098483788282,3.304309199999807
190,8,2,2,3,5,35.0,30.0,952.6126961275025,525.1559096721486,9.0,953.0,525.0,8.69316081528801,-0.3068391847119898,0.3068391847119898,valid,,,Shared Pattern Plane,Region-SIFT(21/28),102,1,81.89735878106777,82.10688795107511,4.842841599999701
191,8,2,2,4,1,25.0,32.5,887.8975622527894,539.096160815541,9.0,888.0,539.0,8.99920701300961,-0.0007929869903904319,0.0007929869903904319,valid,,,Shared Pattern Plane,Region-SIFT(21/28),102,1,99.44803464551453,101.73529176415825,2.9780209999998988
192,8,2,2,4,2,27.5,32.5,903.973318048851,539.8166900126575,9.0,904.0,540.0,8.943013544020017,-0.056986455979982864,0.056986455979982864,valid,,,Shared Pattern Plane,Region-SIFT(21/28),102,1,96.320869765206,97.72041147371158,2.63214920000064
193,8,2,2,4,3,30.0,32.5,920.1231190500133,540.5405379795326,9.0,920.0,541.0,8.887092759441158,-0.11290724055884205,0.11290724055884205,valid,,,Shared Pattern Plane,Region-SIFT(21/28),102,1,99.6468163172404,100.1125107106682,2.3795381999998426
194,8,2,2,4,4,32.5,32.5,936.3474780173841,541.2677276985597,9.0,936.0,541.0,8.826972302806183,-0.17302769719381672,0.17302769719381672,valid,,,Shared Pattern Plane,Region-SIFT(21/28),102,1,92.98226555188496,93.65078485834779,2.435508100000334
195,8,2,2,4,5,35.0,32.5,952.6469124575011,541.9982823648273,9.0,953.0,542.0,8.780586287321505,-0.2194137126784952,0.2194137126784952,valid,,,Shared Pattern Plane,Region-SIFT(21/28),102,1,97.52194762002854,98.72117470548164,2.4918275999998514
196,8,2,2,5,1,25.0,35.0,888.0604182633995,555.7230296739133,9.0,888.0,556.0,9.074511219357246,0.07451121935724636,0.07451121935724636,valid,,,Shared Pattern Plane,Region-SIFT(21/28),102,1,147.05900067576655,151.3461299965174,2.369909500000176
197,8,2,2,5,2,27.5,35.0,904.1044241611687,556.4802465710957,9.0,904.0,556.0,9.013724460829277,0.013724460829276808,0.013724460829276808,valid,,,Shared Pattern Plane,Region-SIFT(21/28),102,1,148.28945363968137,155.671680192527,2.344167700000071
198,8,2,2,5,3,30.0,35.0,920.2221810156046,557.2409442367925,9.0,920.0,557.0,8.460579143238858,-0.5394208567611418,0.5394208567611418,valid,,,Shared Pattern Plane,Region-SIFT(21/28),102,1,119.2307393389404,122.09628010330442,2.78589379999994
199,8,2,2,5,4,32.5,35.0,936.4141985248974,558.0051467268461,9.0,936.0,558.0,8.405662443728808,-0.5943375562711921,0.5943375562711921,valid,,,Shared Pattern Plane,Region-SIFT(21/28),102,1,114.33125404579928,117.14842621272004,2.573617600000034
200,8,2,2,5,5,35.0,35.0,952.6809910948313,558.7728783192803,9.0,953.0,559.0,8.347244731611656,-0.6527552683883435,0.6527552683883435,valid,,,Shared Pattern Plane,Region-SIFT(21/28),102,1,106.94517684966799,107.17384298573744,2.46131079999941
201,9,2,3,1,1,45.0,25.0,1018.9070393482956,493.763878101485,8.5,1019.0,494.0,8.314728805860288,-0.1852711941397125,0.1852711941397125,valid,,,Shared Pattern Plane,Region-SIFT(21/28),102,1,148.75543664094633,150.3239821811178,2.360474900000554
202,9,2,3,1,2,47.5,25.0,1035.693206974731,494.39565461860343,8.5,1036.0,494.0,8.252942900889678,-0.2470570991103216,0.2470570991103216,valid,,,Shared Pattern Plane,Region-SIFT(21/28),102,1,127.49466301600137,129.10927405850407,2.4670309000002817
203,9,2,3,1,3,50.0,25.0,1052.5586293292597,495.0304140248002,8.5,1053.0,495.0,8.204690822937765,-0.2953091770622347,0.2953091770622347,valid,,,Shared Pattern Plane,Region-SIFT(21/28),102,1,147.87823322992475,151.30140894582104,2.4367755000002944
204,9,2,3,1,4,52.5,25.0,1069.5038690336366,495.6681774953202,8.5,1070.0,496.0,8.14717711368673,-0.35282288631326963,0.35282288631326963,valid,,,Shared Pattern Plane,Region-SIFT(21/28),102,1,108.36170038546203,109.60467044913334,2.382431500000166
205,9,2,3,1,5,55.0,25.0,1086.5294940475812,496.3089664063123,8.5,1087.0,496.0,8.56281335501133,0.06281335501133078,0.06281335501133078,valid,,,Shared Pattern Plane,Region-SIFT(21/28),102,1,115.50597296265698,116.69282635689486,2.404807500000061
206,9,2,3,2,1,45.0,27.5,1018.8062574771384,510.8971912852576,8.5,1019.0,511.0,8.388664097879385,-0.11133590212061506,0.11133590212061506,valid,,,Shared Pattern Plane,Region-SIFT(21/28),102,1,102.00951148340941,103.31301213906345,2.4610732999999527
207,9,2,3,2,2,47.5,27.5,1035.5578085123996,511.56794283514745,8.5,1036.0,512.0,8.818932800125275,0.3189328001252747,0.3189328001252747,valid,,,Shared Pattern Plane,Region-SIFT(21/28),102,1,108.19805421829224,108.85880982387484,2.395991899999899
208,9,2,3,2,3,50.0,27.5,1052.3882884675681,512.2418547906171,8.5,1052.0,512.0,8.273041282402355,-0.22695871759764508,0.22695871759764508,valid,,,Shared Pattern Plane,Region-SIFT(21/28),102,1,121.61672438566016,125.4619779251851,2.434071700000459
209,9,2,3,2,4,52.5,27.5,1069.2982564985311,512.9189495409172,8.5,1069.0,513.0,8.224406619564999,-0.2755933804350015,0.2755933804350015,valid,,,Shared Pattern Plane,Region-SIFT(21/28),102,1,128.92707121359607,130.1120492197531,2.719723199999862
210,9,2,3,2,5,55.0,27.5,1086.2882770553124,513.5992496872819,8.5,1086.0,514.0,8.159116465933863,-0.3408835340661369,0.3408835340661369,valid,,,Shared Pattern Plane,Region-SIFT(21/28),102,1,105.66134548893683,106.00514354644758,2.5359018999997716
211,9,2,3,3,1,45.0,30.0,1018.7058866205075,527.9606303882396,8.5,1019.0,528.0,8.462631010295604,-0.037368989704395617,0.037368989704395617,valid,,,Shared Pattern Plane,Region-SIFT(21/28),102,1,97.52522355210844,98.87567570970567,2.5974089999999705
212,9,2,3,3,2,47.5,30.0,1035.4229635351805,528.6700337562012,8.5,1035.0,529.0,8.408565093025413,-0.09143490697458745,0.09143490697458745,valid,,,Shared Pattern Plane,Region-SIFT(21/28),102,1,100.46515658948789,101.22402837119054,2.4902189000004
213,9,2,3,3,3,50.0,30.0,1052.2186455664612,529.3827727990985,8.5,1052.0,529.0,8.3467075644093,-0.15329243559069994,0.15329243559069994,valid,,,Shared Pattern Plane,Region-SIFT(21/28),102,1,104.20333285760626,105.40997842864573,2.4797144000003755
214,9,2,3,3,4,52.5,30.0,1069.0934884327771,530.0988710993151,8.5,1069.0,530.0,8.289456292631156,-0.21054370736884387,0.21054370736884387,valid,,,Shared Pattern Plane,Region-SIFT(21/28),102,1,105.890669167231,106.21323568504734,2.529453800000738
215,9,2,3,3,5,55.0,30.0,1086.0480531033159,530.8183524620555,8.5,1086.0,531.0,8.232442414336948,-0.2675575856630523,0.2675575856630523,valid,,,Shared Pattern Plane,Region-SIFT(21/28),102,1,113.72937700634911,114.01447722526343,2.4707078000001275
216,9,2,3,4,1,45.0,32.5,1018.6059242691849,544.9546219874354,8.5,1019.0,545.0,8.547022336667704,0.04702233666770361,0.04702233666770361,valid,,,Shared Pattern Plane,Region-SIFT(21/28),102,1,120.40036527315775,121.81564563563803,2.421186200000193
217,9,2,3,4,2,47.5,32.5,1035.288668656171,545.7023569351011,8.5,1035.0,546.0,8.482364714111238,-0.017635285888761842,0.017635285888761842,valid,,,Shared Pattern Plane,Region-SIFT(21/28),102,1,123.79773247380737,126.2771356217906,2.4734761999998227
218,9,2,3,4,3,50.0,32.5,1052.0496963449366,546.4536006076625,8.5,1052.0,546.0,8.420343832902567,-0.07965616709743273,0.07965616709743273,valid,,,Shared Pattern Plane,Region-SIFT(21/28),102,1,113.03424080995025,114.44890651765614,2.473009500000444
219,9,2,3,4,4,52.5,32.5,1068.889559644568,547.2083777600877,8.5,1069.0,547.0,8.362930300908197,-0.13706969909180344,0.13706969909180344,valid,,,Shared Pattern Plane,Region-SIFT(21/28),102,1,103.40819965998332,104.0520984171595,2.43705189999946
220,9,2,3,4,5,55.0,32.5,1085.8088160719767,547.966713380764,8.5,1086.0,548.0,8.31377882914663,-0.1862211708533703,0.1862211708533703,valid,,,Shared Pattern Plane,Region-SIFT(21/28),102,1,100.83522778919766,101.11695988471489,2.5225515000001906
221,9,2,3,5,1,45.0,35.0,1018.506367934335,561.879589194599,8.5,1019.0,562.0,8.129762816498706,-0.37023718350129364,0.37023718350129364,valid,,,Shared Pattern Plane,Region-SIFT(21/28),102,1,111.72570554945204,113.86916034390937,2.3594296000001123
222,9,2,3,5,2,47.5,35.0,1035.1549205160466,562.6653384276041,8.5,1035.0,563.0,8.065665290677961,-0.4343347093220391,0.4343347093220391,valid,,,Shared Pattern Plane,Region-SIFT(21/28),102,1,134.72193490538018,136.14348547066174,2.5199932999994417
223,9,2,3,5,3,50.0,35.0,1051.8814365569328,563.4547672434408,8.5,1052.0,563.0,8.494027372032248,-0.005972627967752331,0.005972627967752331,valid,,,Shared Pattern Plane,Region-SIFT(21/28),102,1,120.83474173217854,123.35369378641748,2.437735500000599
224,9,2,3,5,4,52.5,35.0,1068.686464984569,564.2479015494316,8.5,1069.0,564.0,8.436450694241337,-0.06354930575866291,0.06354930575866291,valid,,,Shared Pattern Plane,Region-SIFT(21/28),102,1,119.66706555331194,120.91638334823395,2.579052000000047
225,9,2,3,5,5,55.0,35.0,1085.570559891861,565.044767496683,8.5,1086.0,565.0,8.379115340020965,-0.12088465997903519,0.12088465997903519,valid,,,Shared Pattern Plane,Region-SIFT(21/28),102,1,140.7413327020312,142.90084739801375,2.4610210999999254
226,10,2,4,1,1,65.0,25.0,1155.4473968011523,498.9028111442968,8.0,1155.0,499.0,7.849523726201167,-0.15047627379883277,0.15047627379883277,valid,,,Shared Pattern Plane,Region-SIFT(21/28),102,1,115.44786268365448,116.28972886443935,2.4822917000001326
227,10,2,4,1,2,67.5,25.0,1172.8836590805688,499.5590551006067,8.0,1173.0,500.0,7.790595222272338,-0.20940477772766197,0.20940477772766197,valid,,,Shared Pattern Plane,Region-SIFT(21/28),102,1,111.54997425785771,112.17487963782071,2.584924300000239
228,10,2,4,1,3,70.0,25.0,1190.403830143002,500.2184571094196,8.0,1190.0,500.0,7.731167745469413,-0.26883225453058657,0.26883225453058657,valid,,,Shared Pattern Plane,Region-SIFT(21/28),102,1,99.6304494807329,99.80619415916672,2.4843458999994255
229,10,2,4,1,4,72.5,25.0,1208.0085171425774,500.88104002203363,8.0,1208.0,501.0,7.672752468220766,-0.3272475317792338,0.3272475317792338,valid,,,Shared Pattern Plane,Region-SIFT(21/28),102,1,142.36225148660168,144.74976107643806,2.4297451000002184
230,10,2,4,1,5,75.0,25.0,1225.6983331053118,501.5468269107457,8.0,1226.0,502.0,7.617353127406343,-0.38264687259365715,0.38264687259365715,valid,,,Shared Pattern Plane,Region-SIFT(21/28),102,1,156.97454493890996,159.9542033510304,2.5515646999992896
231,10,2,4,2,1,65.0,27.5,1155.060362378197,516.352963819328,8.0,1155.0,516.0,7.444085264146457,-0.555914735853543,0.555914735853543,valid,,,Shared Pattern Plane,Region-SIFT(21/28),102,1,139.65400833150065,141.24332458914205,2.4840510000003633
232,10,2,4,2,2,67.5,27.5,1172.459302056196,517.0496375620099,8.0,1172.0,517.0,7.871336401273317,-0.12866359872668287,0.12866359872668287,valid,,,Shared Pattern Plane,Region-SIFT(21/28),102,1,149.03422948847373,151.42574567552722,2.4538484000004246
233,10,2,4,2,3,70.0,27.5,1189.9417957177077,517.7496569031872,8.0,1190.0,518.0,7.807743346647093,-0.19225665335290731,0.19225665335290731,valid,,,Shared Pattern Plane,Region-SIFT(21/28),102,1,145.34260399631722,146.1881928850573,2.814590500000122
234,10,2,4,2,4,72.5,27.5,1207.508446681513,518.4530460004443,8.0,1208.0,518.0,7.260826033216061,-0.7391739667839392,0.7391739667839392,valid,,,Shared Pattern Plane,Region-SIFT(21/28),102,1,139.70637723428231,139.971747740195,2.8036974999995437
235,10,2,4,2,5,75.0,27.5,1225.1598640889245,519.1598292445065,8.0,1225.0,519.0,8.167663781935182,0.1676637819351825,0.1676637819351825,valid,,,Shared Pattern Plane,Region-SIFT(21/28),102,1,120.73316110580687,122.90969390568486,3.054686700000275
236,10,2,4,3,1,65.0,30.0,1154.6749364940356,533.7305925898352,8.0,1155.0,534.0,7.521033649879272,-0.47896635012072775,0.47896635012072775,valid,,,Shared Pattern Plane,Region-SIFT(21/28),102,1,124.53722880227225,126.24779807845577,2.608340099999623
237,10,2,4,3,2,67.5,30.0,1172.0367129014428,534.467354328749,8.0,1172.0,534.0,7.939079798700419,-0.06092020129958087,0.06092020129958087,valid,,,Shared Pattern Plane,Region-SIFT(21/28),102,1,140.67259910119273,144.90450488683683,2.740217899999152
238,10,2,4,3,3,70.0,30.0,1189.4816907380418,535.2076467910298,8.0,1189.0,535.0,7.883579357253271,-0.11642064274672936,0.11642064274672936,valid,,,Shared Pattern Plane,Region-SIFT(21/28),102,1,115.75413574138015,118.107393989713,2.734620900000664
239,10,2,4,3,4,72.5,30.0,1207.0104695195018,535.9514954176345,8.0,1207.0,536.0,7.824830144955155,-0.17516985504484506,0.17516985504484506,valid,,,Shared Pattern Plane,Region-SIFT(21/28),102,1,109.14804299016478,109.3633475226765,3.7450783000003867
240,10,2,4,3,5,75.0,30.0,1224.6236545351815,536.6989258945313,8.0,1225.0,537.0,7.766365437627546,-0.23363456237245384,0.23363456237245384,valid,,,Shared Pattern Plane,Region-SIFT(21/28),102,1,107.14969195108566,107.45412388371096,2.820530300000428
241,10,2,4,4,1,65.0,32.5,1154.2911091416838,551.0361486389371,8.0,1154.0,551.0,7.591562207626918,-0.408437792373082,0.408437792373082,valid,,,Shared Pattern Plane,Region-SIFT(21/28),102,1,115.27228068775601,116.96320700080773,2.5445248999994874
242,10,2,4,4,2,67.5,32.5,1171.6158805918672,551.8126597916062,8.0,1172.0,552.0,7.538090820530342,-0.46190917946965815,0.46190917946965815,valid,,,Shared Pattern Plane,Region-SIFT(21/28),102,1,123.1081843073406,123.97396478687796,2.4918845000001966
243,10,2,4,4,3,70.0,32.5,1189.023503143204,552.5928844018664,8.0,1189.0,553.0,7.960202762584902,-0.03979723741509833,0.03979723741509833,valid,,,Shared Pattern Plane,Region-SIFT(21/28),102,1,124.24032119569324,125.00546155784504,2.5138515999997253
244,10,2,4,4,4,72.5,32.5,1206.5145725401464,553.3768491714965,8.0,1207.0,553.0,7.8970436797564325,-0.10295632024356749,0.10295632024356749,valid,,,Shared Pattern Plane,Region-SIFT(21/28),102,1,147.0660748930835,150.55727801532538,2.4445779999996375
245,10,2,4,4,5,75.0,32.5,1224.0896902525055,554.1645810588902,8.0,1224.0,554.0,7.841839612034979,-0.15816038796502063,0.15816038796502063,valid,,,Shared Pattern Plane,Region-SIFT(21/28),102,1,133.4018582979838,136.16405188084553,2.532120500000019
246,10,2,4,5,1,65.0,35.0,1153.9088703969935,568.2700794149855,8.0,1154.0,568.0,7.664132420474932,-0.3358675795250683,0.3358675795250683,valid,,,Shared Pattern Plane,Region-SIFT(21/28),102,1,151.11720157376044,154.26174109598955,2.416710299999977
247,10,2,4,5,2,67.5,35.0,1171.196794194501,569.0860045710897,8.0,1171.0,569.0,7.614131258471633,-0.38586874152836703,0.38586874152836703,valid,,,Shared Pattern Plane,Region-SIFT(21/28),102,1,145.14682085299617,147.32336085407235,2.586137199999939
248,10,2,4,5,3,70.0,35.0,1188.5672209727047,569.9058235584135,8.0,1189.0,570.0,7.550582034449335,-0.4494179655506647,0.4494179655506647,valid,,,Shared Pattern Plane,Region-SIFT(21/28),102,1,129.70745429084414,130.7643364939805,2.42733539999972
249,10,2,4,5,4,72.5,35.0,1206.020742736402,570.7295643173628,8.0,1206.0,571.0,7.499837358634943,-0.5001626413650566,0.5001626413650566,valid,,,Shared Pattern Plane,Region-SIFT(21/28),102,1,176.0596494472847,179.519061052505,2.490031500000441
250,10,2,4,5,5,75.0,35.0,1223.557957167921,571.5572550563013,8.0,1224.0,572.0,7.438040093145197,-0.5619599068548027,0.5619599068548027,valid,,,Shared Pattern Plane,Region-SIFT(21/28),102,1,163.9330680988453,168.3240603658884,2.401312500000131
251,11,2,5,1,1,85.0,25.0,1297.321356638344,504.24248355853985,7.5,1297.0,504.0,7.3797541852739785,-0.12024581472602147,0.12024581472602147,valid,,,Shared Pattern Plane,Region-SIFT(21/28),102,1,120.55921207105041,122.17118782026475,3.067424900000333
252,11,2,5,1,2,87.5,25.0,1315.4462233628933,504.9246443368248,7.5,1315.0,505.0,7.322924473802184,-0.1770755261978163,0.1770755261978163,valid,,,Shared Pattern Plane,Region-SIFT(21/28),102,1,102.97519556227185,103.10933917233388,2.5168809999995574
253,11,2,5,1,3,90.0,25.0,1333.6600245748202,505.61015231870846,7.5,1334.0,506.0,7.262996334069999,-0.23700366593000144,0.23700366593000144,valid,,,Shared Pattern Plane,Region-SIFT(21/28),102,1,120.17128375825428,121.67224865160625,2.432015600000341
254,11,2,5,1,4,92.5,25.0,1351.9634164551228,506.2990322007002,7.5,1352.0,506.0,7.204187427249362,-0.29581257275063777,0.29581257275063777,valid,,,Shared Pattern Plane,Region-SIFT(21/28),102,1,144.64672869626804,148.6617883723393,2.4180252000005567
255,11,2,5,1,5,95.0,25.0,1370.3570616560048,506.9913089228641,7.5,1370.0,507.0,7.146479642710746,-0.3535203572892538,0.3535203572892538,valid,,,Shared Pattern Plane,Region-SIFT(21/28),102,1,123.47458255051305,126.51950126368673,2.488265799999681
256,11,2,5,2,1,85.0,27.5,1296.6255887412772,522.0213998222802,7.5,1297.0,522.0,7.455680798207808,-0.04431920179219162,0.04431920179219162,valid,,,Shared Pattern Plane,Region-SIFT(21/28),102,1,133.74933768327904,134.667956974341,2.5916434999999183
257,11,2,5,2,2,87.5,27.5,1314.7101842615718,522.7455280208474,7.5,1315.0,523.0,6.923451952270257,-0.5765480477297427,0.5765480477297427,valid,,,Shared Pattern Plane,Region-SIFT(21/28),102,1,118.10494854286233,119.76407394895062,2.563296199999968
258,11,2,5,2,3,90.0,27.5,1332.8833273621617,523.4732017673223,7.5,1333.0,523.0,7.3373739391351895,-0.16262606086481046,0.16262606086481046,valid,,,Shared Pattern Plane,Region-SIFT(21/28),102,1,83.41873983201526,84.48090218955382,2.509493100000327
259,11,2,5,2,4,92.5,27.5,1351.14566997216,524.2044471657032,7.5,1351.0,524.0,7.280923130038876,-0.21907686996112385,0.21907686996112385,valid,,,Shared Pattern Plane,Region-SIFT(21/28),102,1,106.6309569484973,107.93604703415258,2.485011400000076
260,11,2,5,2,5,95.0,27.5,1369.4978704361736,524.9392905768726,7.5,1369.0,525.0,7.226804939107346,-0.2731950608926539,0.2731950608926539,valid,,,Shared Pattern Plane,Region-SIFT(21/28),102,1,131.90128209805363,133.98655340590113,2.4369609000004857
261,11,2,5,3,1,85.0,30.0,1295.9327687365262,539.7249887665874,7.5,1296.0,540.0,7.534283187411253,0.034283187411253024,0.034283187411253024,valid,,,Shared Pattern Plane,Region-SIFT(21/28),102,1,135.03421665524678,135.50077205943276,2.3798022000000856
262,11,2,5,3,2,87.5,30.0,1313.9772712770216,540.4907225692587,7.5,1314.0,540.0,7.472907028513512,-0.02709297148648826,0.02709297148648826,valid,,,Shared Pattern Plane,Region-SIFT(21/28),102,1,129.31976214565296,132.44875375464682,2.4831132999997862
263,11,2,5,3,3,90.0,30.0,1332.1099370088034,541.2601976518886,7.5,1332.0,541.0,7.415986606006715,-0.08401339399328478,0.08401339399328478,valid,,,Shared Pattern Plane,Region-SIFT(21/28),102,1,93.1871402475569,93.59755462595072,2.496834399999898
264,11,2,5,3,4,92.5,30.0,1350.33141364575,542.0334415007662,7.5,1350.0,542.0,7.359320107951635,-0.1406798920483654,0.1406798920483654,valid,,,Shared Pattern Plane,Region-SIFT(21/28),102,1,104.34256564549037,104.76461287780224,2.5840815999999904
265,11,2,5,3,5,95.0,30.0,1368.6423552621125,542.8104818720883,7.5,1369.0,543.0,7.30148922198159,-0.19851077801841033,0.19851077801841033,valid,,,Shared Pattern Plane,Region-SIFT(21/28),102,1,117.82282947913679,118.16379438764008,2.4155385999993086
266,11,2,5,4,1,85.0,32.5,1295.24287792885,557.3537281098348,7.5,1295.0,557.0,7.609089442684419,0.10908944268441889,0.10908944268441889,valid,,,Shared Pattern Plane,Region-SIFT(21/28),102,1,133.51005306294354,134.27081666624642,2.44378289999986
267,11,2,5,4,2,87.5,32.5,1313.2474645355078,558.1607091623391,7.5,1313.0,558.0,7.076519055845284,-0.4234809441547158,0.4234809441547158,valid,,,Shared Pattern Plane,Region-SIFT(21/28),102,1,134.97535550859237,136.38922395883117,2.555566099999851
268,11,2,5,4,3,90.0,32.5,1331.3398324407256,558.9716246481215,7.5,1331.0,559.0,7.494598469614651,-0.005401530385348963,0.005401530385348963,valid,,,Shared Pattern Plane,Region-SIFT(21/28),102,1,85.5051403449326,85.96520178994058,2.3117849999998725
269,11,2,5,4,4,92.5,32.5,1349.5206251793975,559.7865034109693,7.5,1350.0,560.0,7.434381872072593,-0.06561812792740707,0.06561812792740707,valid,,,Shared Pattern Plane,Region-SIFT(21/28),102,1,93.34765707197643,93.52023572248156,2.575261699999828
270,11,2,5,4,5,95.0,32.5,1367.7904925922649,560.605374577303,7.5,1368.0,561.0,6.905450549122758,-0.594549450877242,0.594549450877242,valid,,,Shared Pattern Plane,Region-SIFT(21/28),102,1,106.22301541535312,106.64595970170137,2.4886482000001706
271,11,2,5,5,1,85.0,35.0,1294.555897780761,574.908091539394,7.5,1295.0,575.0,7.20832761333564,-0.29167238666436024,0.29167238666436024,valid,,,Shared Pattern Plane,Region-SIFT(21/28),102,1,95.76242801348367,96.85709097339046,2.6072467999993023
272,11,2,5,5,2,87.5,35.0,1312.520744331399,575.7559649103035,7.5,1313.0,576.0,7.1517452460099715,-0.3482547539900285,0.3482547539900285,valid,,,Shared Pattern Plane,Region-SIFT(21/28),102,1,93.74820194370533,94.90880673041698,2.400852499999928
273,11,2,5,5,3,90.0,35.0,1330.572992762595,576.6079633221301,7.5,1331.0,577.0,7.095446948662743,-0.40455305133725705,0.40455305133725705,valid,,,Shared Pattern Plane,Region-SIFT(21/28),102,1,114.97366581770477,118.39630847094506,2.7448514999996405
274,11,2,5,5,4,92.5,35.0,1348.7132824661226,577.4641169517674,7.5,1349.0,577.0,7.035198864623373,-0.4648011353766268,0.4648011353766268,valid,,,Shared Pattern Plane,Region-SIFT(21/28),102,1,112.5576112570586,115.2930991551509,2.432040299999244
275,11,2,5,5,5,95.0,35.0,1366.942259085661,578.3244562711751,7.5,1367.0,578.0,6.980998841967686,-0.5190011580323137,0.5190011580323137,valid,,,Shared Pattern Plane,Region-SIFT(21/28),102,1,113.67464407562579,114.27848661162312,2.933510799999567
276,12,2,6,1,1,105.0,25.0,1444.8476597134277,509.7948917087688,7.0,1445.0,510.0,6.9108481432658655,-0.0891518567341345,0.0891518567341345,valid,,,Shared Pattern Plane,Region-SIFT(21/28),102,1,192.31341933497677,194.376788430513,2.649168400000235
277,12,2,6,1,2,107.5,25.0,1463.702743457576,510.50453547040354,7.0,1464.0,511.0,6.8528230759424416,-0.14717692405755844,0.14717692405755844,valid,,,Shared Pattern Plane,Region-SIFT(21/28),102,1,162.7289254874779,164.48860099325168,2.5400127000002612
278,12,2,6,1,3,110.0,25.0,1482.652196893591,511.21773099897956,7.0,1483.0,511.0,6.797035722341521,-0.20296427765847902,0.20296427765847902,valid,,,Shared Pattern Plane,Region-SIFT(21/28),102,1,170.8337899298895,175.0204134484089,2.4614511999998285
279,12,2,6,1,4,112.5,25.0,1501.6967302793387,511.9345050262831,7.0,1502.0,512.0,6.733502742047135,-0.2664972579528646,0.2664972579528646,valid,,,Shared Pattern Plane,Region-SIFT(21/28),102,1,158.1472400624916,163.2144034260711,2.557423199999903
280,12,2,6,1,5,115.0,25.0,1520.837061018128,512.6548845530314,7.0,1521.0,513.0,6.6836178994836235,-0.3163821005163765,0.3163821005163765,valid,,,Shared Pattern Plane,Region-SIFT(21/28),102,1,146.68772427997894,150.69732454669486,2.528227699999661
281,12,2,6,2,1,105.0,27.5,1443.818646729947,527.9151807367236,7.0,1444.0,528.0,6.524815288013147,-0.4751847119868531,0.4751847119868531,valid,,,Shared Pattern Plane,Region-SIFT(21/28),102,1,156.2239766716326,158.67978729372356,2.6580146999995122
282,12,2,6,2,2,107.5,27.5,1462.630241779409,528.6684188403935,7.0,1463.0,529.0,6.4681905234374035,-0.5318094765625965,0.5318094765625965,valid,,,Shared Pattern Plane,Region-SIFT(21/28),102,1,136.53286673631618,136.98342043194197,2.572655599999962
283,12,2,6,2,3,110.0,27.5,1481.535783989379,529.425418697431,7.0,1482.0,529.0,6.8680100722259425,-0.1319899277740575,0.1319899277740575,valid,,,Shared Pattern Plane,Region-SIFT(21/28),102,1,162.18674881697962,165.48712530708846,2.562560499999563
284,12,2,6,2,4,112.5,27.5,1500.5359788951905,530.1862085582898,7.0,1501.0,530.0,6.816880144519983,-0.18311985548001708,0.18311985548001708,valid,,,Shared Pattern Plane,Region-SIFT(21/28),102,1,153.99837738420595,156.5553980226354,2.491672899999685
285,12,2,6,2,5,115.0,27.5,1519.6315391145865,530.9508169570115,7.0,1520.0,531.0,6.760115629780657,-0.23988437021934317,0.23988437021934317,valid,,,Shared Pattern Plane,Region-SIFT(21/28),102,1,220.33534166043398,227.41946086918858,2.6357939999998052
286,12,2,6,3,1,105.0,30.0,1442.7940800352385,545.9571733399042,7.0,1443.0,546.0,6.60187059493456,-0.3981294050654398,0.3981294050654398,valid,,,Shared Pattern Plane,Region-SIFT(21/28),102,1,154.53525022224147,155.35014482911356,2.5665224000003946
287,12,2,6,3,2,107.5,30.0,1461.5623858194656,546.7536223484374,7.0,1462.0,547.0,6.540019789050861,-0.4599802109491389,0.4599802109491389,valid,,,Shared Pattern Plane,Region-SIFT(21/28),102,1,120.93853888335052,121.53040607148296,2.5154068000001644
288,12,2,6,3,3,110.0,30.0,1480.4242190614764,547.5540402741377,7.0,1480.0,548.0,6.491760629067567,-0.5082393709324329,0.5082393709324329,valid,,,Shared Pattern Plane,Region-SIFT(21/28),102,1,134.79710924410946,137.41497040149795,2.562863799999832
289,12,2,6,3,4,112.5,30.0,1499.3802806158267,548.3584568583638,7.0,1499.0,548.0,6.890502577857018,-0.10949742214298208,0.10949742214298208,valid,,,Shared Pattern Plane,Region-SIFT(21/28),102,1,156.66913800012497,157.87174566117733,2.5377066999999442
290,12,2,6,3,5,115.0,30.0,1518.4312783571443,549.166902140377,7.0,1518.0,549.0,6.832908572709063,-0.16709142729093696,0.16709142729093696,valid,,,Shared Pattern Plane,Region-SIFT(21/28),102,1,175.5537135921458,179.65688937169318,2.42970779999996
291,12,2,6,4,1,105.0,32.5,1441.7739308733019,563.92137589387,7.0,1442.0,564.0,6.679023010168996,-0.32097698983100376,0.32097698983100376,valid,,,Shared Pattern Plane,Region-SIFT(21/28),102,1,141.20318585501775,141.41467113472814,2.510977400000229
292,12,2,6,4,2,107.5,32.5,1460.4991454574363,564.760656111939,7.0,1460.0,565.0,6.620393327734579,-0.379606672265421,0.379606672265421,valid,,,Shared Pattern Plane,Region-SIFT(21/28),102,1,128.9910590020437,129.28656656823887,2.4917624999998225
293,12,2,6,4,3,110.0,32.5,1479.3174706000952,565.6041096252997,7.0,1479.0,566.0,6.562996623083035,-0.437003376916965,0.437003376916965,valid,,,Shared Pattern Plane,Region-SIFT(21/28),102,1,177.42848932024032,182.01681243494048,2.503381200000149
294,12,2,6,4,4,112.5,32.5,1498.229602516354,566.4517676389105,7.0,1498.0,566.0,6.501818411489069,-0.4981815885109313,0.4981815885109313,valid,,,Shared Pattern Plane,Region-SIFT(21/28),102,1,150.40880814002304,152.4326808321363,2.495016300000316
295,12,2,6,4,5,115.0,32.5,1517.2362443797015,567.303661669612,7.0,1517.0,567.0,6.909615137351529,-0.09038486264847112,0.09038486264847112,valid,,,Shared Pattern Plane,Region-SIFT(21/28),102,1,141.26539247149512,142.68303852935642,2.5189938000003167
296,12,2,6,5,1,105.0,35.0,1440.7581707355746,581.8082904169863,7.0,1441.0,582.0,6.752064792945936,-0.2479352070540637,0.2479352070540637,valid,,,Shared Pattern Plane,Region-SIFT(21/28),102,1,123.80160324459985,124.63230276911922,2.533528199999637
297,12,2,6,5,2,107.5,35.0,1459.44049083283,582.6900258480472,7.0,1459.0,583.0,6.697525878069164,-0.3024741219308362,0.3024741219308362,valid,,,Shared Pattern Plane,Region-SIFT(21/28),102,1,116.97509180401998,117.30627198176788,2.630641900000228
298,12,2,6,5,3,110.0,35.0,1478.2155073679278,583.5761362032691,7.0,1478.0,584.0,6.639951426065921,-0.36004857393407885,0.36004857393407885,valid,,,Shared Pattern Plane,Region-SIFT(21/28),102,1,121.98534272713636,122.79948179906818,2.488788000000568
299,12,2,6,5,4,112.5,35.0,1497.0839119573009,584.4666541243537,7.0,1497.0,584.0,6.57856770896292,-0.42143229103708,0.42143229103708,valid,,,Shared Pattern Plane,Region-SIFT(21/28),102,1,195.5131420771281,200.60428576845786,2.4620566000003237
300,12,2,6,5,5,115.0,35.0,1516.0464031148176,585.3616125785351,7.0,1516.0,585.0,6.528150908381768,-0.47184909161823185,0.47184909161823185,valid,,,Shared Pattern Plane,Region-SIFT(21/28),102,1,242.5034306183063,247.7462837004763,2.5258080000003247
301,13,3,1,1,1,5.0,45.0,763.914426162244,614.5092656342157,6.5,764.0,615.0,6.242960568334592,-0.2570394316654081,0.2570394316654081,valid,,,Shared Pattern Plane,Region-SIFT(21/28),102,1,177.56642145126585,178.62452003465876,2.5171863999994457
302,13,3,1,1,2,7.5,45.0,779.2693322739138,615.3783956036996,6.5,779.0,615.0,6.168899720395211,-0.33110027960478927,0.33110027960478927,valid,,,Shared Pattern Plane,Region-SIFT(21/28),102,1,189.94588966975135,191.20162560582907,2.614272699999674
303,13,3,1,1,3,10.0,45.0,794.6930063214412,616.2514180277225,6.5,795.0,616.0,6.636595702698215,0.13659570269821497,0.13659570269821497,valid,,,Shared Pattern Plane,Region-SIFT(21/28),102,1,267.7104450836383,272.83894185186364,2.6942839000003005
304,13,3,1,1,4,12.5,45.0,810.1859113140788,617.1283591138836,6.5,810.0,617.0,6.587563066811023,0.08756306681102277,0.08756306681102277,valid,,,Shared Pattern Plane,Region-SIFT(21/28),102,1,206.50758220127648,209.20265938486534,2.5382163000003857
305,13,3,1,1,5,15.0,45.0,825.7485144269691,618.009245305582,6.5,826.0,618.0,6.017688280181058,-0.4823117198189424,0.4823117198189424,valid,,,Shared Pattern Plane,Region-SIFT(21/28),102,1,151.4232111698736,154.17108285702298,2.532455300000038
306,13,3,1,2,1,5.0,47.5,764.3131907726411,630.5327778278131,6.5,764.0,631.0,6.293099215466055,-0.20690078453394456,0.20690078453394456,valid,,,Shared Pattern Plane,Region-SIFT(21/28),102,1,144.24403038428574,145.7658976194139,2.5623602999994546
307,13,3,1,2,2,7.5,47.5,779.6391486740473,631.4359503456863,6.5,780.0,631.0,6.2364740473862765,-0.26352595261372347,0.26352595261372347,valid,,,Shared Pattern Plane,Region-SIFT(21/28),102,1,168.7590158623993,172.24499776574046,2.696893100000125
308,13,3,1,2,3,10.0,47.5,795.0336111898741,632.3431599022549,6.5,795.0,632.0,6.707641578971457,0.20764157897145719,0.20764157897145719,valid,,,Shared Pattern Plane,Region-SIFT(21/28),102,1,260.084351929155,268.43123409159057,2.640977699999894
309,13,3,1,2,4,12.5,47.5,810.4970386561675,633.2544336255372,6.5,810.0,633.0,6.159235333598329,-0.3407646664016708,0.3407646664016708,valid,,,Shared Pattern Plane,Region-SIFT(21/28),102,1,200.68146596989305,206.04339747624874,2.5460026000000653
310,13,3,1,2,5,15.0,47.5,826.0298955427103,634.1697988871562,6.5,826.0,634.0,6.107040551578762,-0.3929594484212382,0.3929594484212382,valid,,,Shared Pattern Plane,Region-SIFT(21/28),102,1,138.38575598398842,138.99510244004725,2.514047099999516
311,13,3,1,3,1,5.0,50.0,764.7104120762567,646.4942755036077,6.5,765.0,646.0,6.35633492515108,-0.14366507484892033,0.14366507484892033,valid,,,Shared Pattern Plane,Region-SIFT(21/28),102,1,168.77407431728625,170.43296622417716,2.4719653000001927
312,13,3,1,3,2,7.5,50.0,780.0075306178884,647.431220504195,6.5,780.0,647.0,6.307508515318687,-0.19249148468131327,0.19249148468131327,valid,,,Shared Pattern Plane,Region-SIFT(21/28),102,1,198.3575436405404,201.90502785816557,2.545102300000508
313,13,3,1,3,3,10.0,50.0,795.3728919617599,648.3723453607602,6.5,795.0,648.0,6.279028879655673,-0.22097112034432698,0.22097112034432698,valid,,,Shared Pattern Plane,Region-SIFT(21/28),102,1,201.60878806946766,205.28572118905495,2.4032962999999654
314,13,3,1,3,4,12.5,50.0,810.8069537912497,649.3176781063056,6.5,811.0,649.0,6.226469420460191,-0.2735305795398091,0.2735305795398091,valid,,,Shared Pattern Plane,Region-SIFT(21/28),102,1,171.43599560046323,174.00042970497623,2.43563180000001
315,13,3,1,3,5,15.0,50.0,826.3101778916268,650.267247025073,6.5,826.0,650.0,6.177772939278052,-0.3222270607219482,0.3222270607219482,valid,,,Shared Pattern Plane,Region-SIFT(21/28),102,1,185.43799270599607,190.3447042313053,3.3107458000004044
316,13,3,1,4,1,5.0,52.5,765.1060990151923,662.3941179810203,6.5,765.0,662.0,6.427542660303953,-0.07245733969604728,0.07245733969604728,valid,,,Shared Pattern Plane,Region-SIFT(21/28),102,1,222.0098420995884,223.7035198078862,5.098415399999794
317,13,3,1,4,2,7.5,52.5,780.3744864353072,663.364567765072,6.5,780.0,663.0,6.378635733731655,-0.12136426626834496,0.12136426626834496,valid,,,Shared Pattern Plane,Region-SIFT(21/28),102,1,183.30673039552397,188.1810476626461,2.6896216000004642
318,13,3,1,4,3,10.0,52.5,795.7108563432296,664.339338476331,6.5,796.0,664.0,6.326330865346071,-0.1736691346539292,0.1736691346539292,valid,,,Shared Pattern Plane,Region-SIFT(21/28),102,1,167.0154084129939,171.13227891160338,2.842396199999712
319,13,3,1,4,4,12.5,52.5,811.1156637900096,665.3184590375761,6.5,811.0,665.0,5.736946043384501,-0.763053956615499,0.763053956615499,valid,,,Shared Pattern Plane,Region-SIFT(21/28),102,1,170.13264103440383,173.27188669075386,2.6194717000007586
320,13,3,1,4,5,15.0,52.5,826.589367897049,666.301958630295,6.5,827.0,666.0,6.743922208138806,0.24392220813880616,0.24392220813880616,valid,,,Shared Pattern Plane,Region-SIFT(21/28),102,1,206.40635188672908,211.422274933733,2.749764000000141
321,13,3,1,5,1,5.0,55.0,765.5002604626,678.2326618089031,6.5,766.0,678.0,5.970853210405546,-0.5291467895944537,0.5291467895944537,valid,,,Shared Pattern Plane,Region-SIFT(21/28),102,1,166.83145153964006,167.8786313437096,2.770363599999655
322,13,3,1,5,2,7.5,55.0,780.7400243918045,679.236351019167,6.5,781.0,679.0,6.446155216993017,-0.05384478300698259,0.05384478300698259,valid,,,Shared Pattern Plane,Region-SIFT(21/28),102,1,164.19673862457276,165.85295950647404,3.8266600999995717
323,13,3,1,5,3,10.0,55.0,796.0475119807312,680.2445005023632,6.5,796.0,680.0,6.39726530645112,-0.10273469354888043,0.10273469354888043,valid,,,Shared Pattern Plane,Region-SIFT(21/28),102,1,150.58896517476077,153.3193413598945,2.7975934999994934
324,13,3,1,5,4,12.5,55.0,811.4231756682475,681.2571400560661,6.5,811.0,681.0,6.329101694782599,-0.1708983052174009,0.1708983052174009,valid,,,Shared Pattern Plane,Region-SIFT(21/28),102,1,164.5595233059434,167.76144975029223,2.781219399999827
325,13,3,1,5,5,15.0,55.0,826.8674719323377,682.2742997438669,6.5,827.0,682.0,6.814695569449013,0.3146955694490128,0.3146955694490128,valid,,,Shared Pattern Plane,Region-SIFT(21/28),102,1,157.83114190984656,160.0127892061654,2.5313931999999113
326,14,3,2,1,1,25.0,45.0,888.7054000376788,621.5727783986334,6.0,889.0,622.0,5.817868653445635,-0.1821313465543648,0.1821313465543648,valid,,,Shared Pattern Plane,Region-SIFT(21/28),102,1,217.3223393127401,220.04728375564707,2.692101399999956
327,14,3,2,1,2,27.5,45.0,904.6236505081843,622.4737952101367,6.0,905.0,622.0,5.763214163060245,-0.23678583693975508,0.23678583693975508,valid,,,Shared Pattern Plane,Region-SIFT(21/28),102,1,158.36090624975782,159.0193032525093,2.5534582000000228
328,14,3,2,1,3,30.0,45.0,920.6144923083149,623.3789208907949,6.0,921.0,623.0,5.713220845131774,-0.2867791548682259,0.2867791548682259,valid,,,Shared Pattern Plane,Region-SIFT(21/28),102,1,153.04036242469908,155.50424527190484,3.1933941999996023
329,14,3,2,1,4,32.5,45.0,936.6784231256543,624.2881836110959,6.0,937.0,624.0,6.1740276137105425,0.17402761371054254,0.17402761371054254,valid,,,Shared Pattern Plane,Region-SIFT(21/28),102,1,90.25496143588313,91.3677861811456,2.584685400000126
330,14,3,2,1,5,35.0,45.0,952.815945207748,625.2016117996342,6.0,953.0,625.0,6.123438162794993,0.12343816279499276,0.12343816279499276,valid,,,Shared Pattern Plane,Region-SIFT(21/28),102,1,105.56443199026522,106.28083895501695,2.5824672999997347
331,14,3,2,2,1,25.0,47.5,888.8650539897521,637.8727314301437,6.0,889.0,638.0,5.388202493429313,-0.6117975065706869,0.6117975065706869,valid,,,Shared Pattern Plane,Region-SIFT(21/28),102,1,282.10330846675487,291.78215139336805,3.340652699999737
332,14,3,2,2,2,27.5,47.5,904.7521729958904,638.8089736778932,6.0,905.0,639.0,5.8532323351371325,-0.14676766486286752,0.14676766486286752,valid,,,Shared Pattern Plane,Region-SIFT(21/28),102,1,169.66395241873602,172.28304381295902,3.1315730000005715
333,14,3,2,2,3,30.0,47.5,920.7115976983038,639.749476965519,6.0,921.0,640.0,5.772029558497433,-0.22797044150256696,0.22797044150256696,valid,,,Shared Pattern Plane,Region-SIFT(21/28),102,1,121.41304079237439,123.78110648394048,3.1041947000003347
334,14,3,2,2,4,32.5,47.5,936.7438228410027,640.6942704487316,6.0,937.0,641.0,5.722617800071364,-0.27738219992863566,0.27738219992863566,valid,,,Shared Pattern Plane,Region-SIFT(21/28),102,1,103.76518506246899,105.86222436240698,3.022537800000464
335,14,3,2,2,5,35.0,47.5,952.8493476919602,641.6433835498433,6.0,953.0,642.0,5.687457959045642,-0.3125420409543578,0.3125420409543578,valid,,,Shared Pattern Plane,Region-SIFT(21/28),102,1,77.64906043854971,78.02390740408842,2.9367294000003312
336,14,3,2,3,1,25.0,50.0,889.0240788702176,654.1084590696349,6.0,889.0,654.0,6.471788160408015,0.47178816040801497,0.47178816040801497,valid,,,Shared Pattern Plane,Region-SIFT(21/28),102,1,298.3292232745539,305.1566398570926,3.003587499999412
337,14,3,2,3,2,27.5,50.0,904.880187929294,655.0796421111493,6.0,905.0,655.0,5.907300099735148,-0.09269990026485164,0.09269990026485164,valid,,,Shared Pattern Plane,Region-SIFT(21/28),102,1,240.28771012926862,246.12343263586536,2.947180899999694
338,14,3,2,3,3,30.0,50.0,920.8083187338221,656.0552364680465,6.0,921.0,656.0,5.856949228973723,-0.14305077102627717,0.14305077102627717,valid,,,Shared Pattern Plane,Region-SIFT(21/28),102,1,151.77059964275864,153.0134355871216,3.2390574999999444
339,14,3,2,3,4,32.5,50.0,936.8089631074068,657.0352722644091,6.0,937.0,657.0,5.806800204979242,-0.19319979502075757,0.19319979502075757,valid,,,Shared Pattern Plane,Region-SIFT(21/28),102,1,95.20006098494959,96.63616829190842,3.189096099999915
340,14,3,2,3,5,35.0,50.0,952.8826173619707,658.019779899229,6.0,953.0,658.0,6.2668686367558335,0.2668686367558335,0.2668686367558335,valid,,,Shared Pattern Plane,Region-SIFT(21/28),102,1,77.24973735859786,78.35881883220824,3.06054899999981
341,14,3,2,4,1,25.0,52.5,889.1824783897853,670.2803401639458,6.0,889.0,670.0,5.511465137585581,-0.48853486241441857,0.48853486241441857,valid,,,Shared Pattern Plane,Region-SIFT(21/28),102,1,194.0000754457302,196.60247532541914,3.575152800000069
342,14,3,2,4,2,27.5,52.5,905.0076983090805,671.286181896323,6.0,905.0,671.0,5.4616935660678205,-0.5383064339321795,0.5383064339321795,valid,,,Shared Pattern Plane,Region-SIFT(21/28),102,1,196.25575723950826,199.43061035013451,3.065867799999978
343,14,3,2,4,3,30.0,52.5,920.9046576923422,672.2965833471169,6.0,921.0,672.0,5.926678769743125,-0.07332123025687487,0.07332123025687487,valid,,,Shared Pattern Plane,Region-SIFT(21/28),102,1,171.95500039802027,174.08487881713464,3.067022399999587
344,14,3,2,4,4,32.5,52.5,936.8738454657104,673.3115755921874,6.0,937.0,673.0,5.876342996598732,-0.12365700340126828,0.12365700340126828,valid,,,Shared Pattern Plane,Region-SIFT(21/28),102,1,139.62266048905713,141.5815635648161,3.082755200000065
345,14,3,2,4,5,35.0,52.5,952.915755008347,674.331189990426,6.0,953.0,674.0,5.826284033392622,-0.17371596660737776,0.17371596660737776,valid,,,Shared Pattern Plane,Region-SIFT(21/28),102,1,99.54980499832718,99.94717377806123,3.1117432999999437
346,14,3,2,5,1,25.0,55.0,889.3402562300375,686.3887505861528,6.0,889.0,686.0,6.097939768850174,0.09793976885017397,0.09793976885017397,valid,,,Shared Pattern Plane,Region-SIFT(21/28),102,1,163.53199284316372,165.73192554526588,3.365862499999821
347,14,3,2,5,2,27.5,55.0,905.134707112328,687.4289714193785,6.0,905.0,687.0,6.0470662566712585,0.04706625667125852,0.04706625667125852,valid,,,Shared Pattern Plane,Region-SIFT(21/28),102,1,150.64032188445802,153.19122961674987,2.9568147999998473
348,14,3,2,5,3,30.0,55.0,921.0006168333791,688.473898524025,6.0,921.0,688.0,5.481779138026566,-0.5182208619734343,0.5182208619734343,valid,,,Shared Pattern Plane,Region-SIFT(21/28),102,1,181.38317602046584,186.5429089745652,3.014568099999451
349,14,3,2,5,4,32.5,55.0,936.9384714445805,689.5235639113849,6.0,937.0,690.0,5.436657841006414,-0.5633421589935859,0.5633421589935859,valid,,,Shared Pattern Plane,Region-SIFT(21/28),102,1,197.13659229076728,200.12860085662766,3.495535199999722
350,14,3,2,5,5,35.0,55.0,952.948761415394,690.5779998837237,6.0,953.0,691.0,5.900061463035791,-0.09993853696420896,0.09993853696420896,valid,,,Shared Pattern Plane,Region-SIFT(21/28),102,1,178.8677799426689,180.28619020432765,2.965929899999537
351,15,3,3,1,1,45.0,45.0,1018.1121536848767,628.8975570088338,5.5,1018.0,629.0,5.414038400667983,-0.08596159933201708,0.08596159933201708,valid,,,Shared Pattern Plane,Region-SIFT(21/28),102,1,199.05230075442603,203.90682319053832,2.96524270000009
352,15,3,3,1,2,47.5,45.0,1034.6253291075209,629.8322482109023,5.5,1035.0,630.0,5.36219050915226,-0.13780949084774008,0.13780949084774008,valid,,,Shared Pattern Plane,Region-SIFT(21/28),102,1,132.7125669105974,136.07694577015317,2.8678138000004765
353,15,3,3,1,3,50.0,45.0,1051.215208021943,630.7712810418276,5.5,1051.0,631.0,5.3138187850725975,-0.18618121492740247,0.18618121492740247,valid,,,Shared Pattern Plane,Region-SIFT(21/28),102,1,114.29184253430239,115.90312156854725,3.8138669999998456
354,15,3,3,1,4,52.5,45.0,1067.8823261023726,631.714685822246,5.5,1068.0,632.0,5.262380797011589,-0.23761920298841144,0.23761920298841144,valid,,,Shared Pattern Plane,Region-SIFT(21/28),102,1,141.69787472316196,143.15057587883712,2.6362920999999915
355,15,3,3,1,5,55.0,45.0,1084.6272240226626,632.6624931557869,5.5,1085.0,633.0,5.211218652003052,-0.2887813479969479,0.2887813479969479,valid,,,Shared Pattern Plane,Region-SIFT(21/28),102,1,150.27828059574915,150.8039917388765,3.095018699999855
356,15,3,3,2,1,45.0,47.5,1018.0145907989588,645.483630082777,5.5,1018.0,645.0,5.4828295424391005,-0.01717045756089952,0.01717045756089952,valid,,,Shared Pattern Plane,Region-SIFT(21/28),102,1,129.87247499082454,131.59153361158747,2.806154800000513
357,15,3,3,2,2,47.5,47.5,1034.4942652177394,646.4547921552747,5.5,1034.0,646.0,5.434081175017002,-0.06591882498299828,0.06591882498299828,valid,,,Shared Pattern Plane,Region-SIFT(21/28),102,1,122.75013286524981,123.61835459262744,3.3852829999996175
358,15,3,3,2,3,50.0,47.5,1051.0503329088147,647.4304561521892,5.5,1051.0,647.0,5.382308517300486,-0.1176914826995139,0.1176914826995139,valid,,,Shared Pattern Plane,Region-SIFT(21/28),102,1,91.82408130484284,94.21276717335022,3.2672023999994053
359,15,3,3,2,4,52.5,47.5,1067.6833262998766,648.4106534499641,5.5,1068.0,648.0,5.3307072281843775,-0.16929277181562252,0.16929277181562252,valid,,,Shared Pattern Plane,Region-SIFT(21/28),102,1,113.60459697662837,114.05973312278921,2.915392700000666
360,15,3,3,2,5,55.0,47.5,1084.393782777857,649.3954157172965,5.5,1084.0,649.0,5.2826342167033955,-0.2173657832966045,0.2173657832966045,valid,,,Shared Pattern Plane,Region-SIFT(21/28),102,1,120.9920066495421,122.54751961779385,2.7308505000000878
361,15,3,3,3,1,45.0,50.0,1017.917419413159,662.0031466019323,5.5,1018.0,662.0,5.555910616498521,0.05591061649852058,0.05591061649852058,valid,,,Shared Pattern Plane,Region-SIFT(21/28),102,1,145.22435626226758,147.15317871354102,2.963493700000072
362,15,3,3,3,2,47.5,50.0,1034.3637284745691,663.0104792581617,5.5,1034.0,663.0,5.518111467126811,0.01811146712681122,0.01811146712681122,valid,,,Shared Pattern Plane,Region-SIFT(21/28),102,1,171.98664446230288,175.1390759226961,4.579113299999335
363,15,3,3,3,3,50.0,50.0,1050.886122466933,664.0224720989537,5.5,1051.0,664.0,5.455110999954816,-0.04488900004518381,0.04488900004518381,valid,,,Shared Pattern Plane,Region-SIFT(21/28),102,1,140.26342732464826,142.0336631819379,3.33320459999959
364,15,3,3,3,4,52.5,50.0,1067.4851305975887,665.0391575381361,5.5,1067.0,665.0,5.406654728442762,-0.09334527155723826,0.09334527155723826,valid,,,Shared Pattern Plane,Region-SIFT(21/28),102,1,121.9187390312316,123.792261458142,2.4497242000006736
365,15,3,3,3,5,55.0,50.0,1084.161286993134,666.0605682908405,5.5,1084.0,666.0,5.345829595185902,-0.15417040481409838,0.15417040481409838,valid,,,Shared Pattern Plane,Region-SIFT(21/28),102,1,124.8212542702912,125.56059864373708,2.4407790999994177
366,15,3,3,4,1,45.0,52.5,1017.8206371756792,678.4565063810894,5.5,1018.0,678.0,5.624736956788539,0.12473695678853858,0.12473695678853858,valid,,,Shared Pattern Plane,Region-SIFT(21/28),102,1,148.90779439683945,150.7443705448798,2.42556070000046
367,15,3,3,4,2,47.5,52.5,1034.2337157040708,679.4997120632115,5.5,1034.0,679.0,5.575732378488829,0.07573237848882908,0.07573237848882908,valid,,,Shared Pattern Plane,Region-SIFT(21/28),102,1,114.70800499386257,116.41912485440938,2.421875099999852
368,15,3,3,4,3,50.0,52.5,1050.7225726850888,680.5477341795098,5.5,1051.0,681.0,5.5278707568669505,0.027870756866950508,0.027870756866950508,valid,,,Shared Pattern Plane,Region-SIFT(21/28),102,1,141.06687370986532,142.8888914118009,2.485580200000186
369,15,3,3,4,4,52.5,52.5,1067.2877341316337,681.6006061630569,5.5,1067.0,682.0,5.479268891752782,-0.02073110824721791,0.02073110824721791,valid,,,Shared Pattern Plane,Region-SIFT(21/28),102,1,168.71179611518897,173.6423637230105,2.4948568999998315
370,15,3,3,4,5,55.0,52.5,1083.929730936292,682.6583617570759,5.5,1084.0,683.0,5.4275896996683,-0.0724103003316996,0.0724103003316996,valid,,,Shared Pattern Plane,Region-SIFT(21/28),102,1,120.15315180077124,122.45283622729207,2.582811999999649
371,15,3,3,5,1,45.0,55.0,1017.7242417535214,694.8441060391123,5.5,1018.0,695.0,5.189100490013687,-0.31089950998631277,0.31089950998631277,valid,,,Shared Pattern Plane,Region-SIFT(21/28),102,1,138.9609242292939,141.29849060373945,2.4276953999997204
372,15,3,3,5,2,47.5,55.0,1034.104223757735,695.9228898889359,5.5,1034.0,696.0,5.6486706639042294,0.14867066390422945,0.14867066390422945,valid,,,Shared Pattern Plane,Region-SIFT(21/28),102,1,94.54383566972439,95.7411127880328,2.4743234999996275
373,15,3,3,5,3,50.0,55.0,1050.5596795842825,697.0066444365656,5.5,1051.0,697.0,5.078908433537438,-0.42109156646256185,0.42109156646256185,valid,,,Shared Pattern Plane,Region-SIFT(21/28),102,1,131.79298857381104,132.33388778877753,2.5913712000001397
374,15,3,3,5,4,52.5,55.0,1067.0911320772857,698.0954041164595,5.5,1067.0,698.0,5.54761597563306,0.04761597563306008,0.04761597563306008,valid,,,Shared Pattern Plane,Region-SIFT(21/28),102,1,133.42517820388554,135.3396712942654,2.4847865000001548
375,15,3,3,5,5,55.0,55.0,1083.6991089213736,699.1892036818705,5.5,1084.0,699.0,5.4957749918332865,-0.004225008166713451,0.004225008166713451,valid,,,Shared Pattern Plane,Region-SIFT(21/28),102,1,104.51057464357406,104.74114034620145,2.4346909000005326
376,16,3,4,1,1,65.0,45.0,1152.395605863483,636.4983701851176,5.0,1152.0,636.0,4.500756736301287,-0.4992432636987134,0.4992432636987134,valid,,,Shared Pattern Plane,Region-SIFT(21/28),102,1,130.82475085283713,131.53330464693155,2.5155879999992976
377,16,3,4,1,2,67.5,45.0,1169.537692216683,637.4686594777185,5.0,1170.0,637.0,4.954455415388473,-0.04554458461152677,0.04554458461152677,valid,,,Shared Pattern Plane,Region-SIFT(21/28),102,1,141.2156698847574,142.54419642570727,2.4105796000003465
378,16,3,4,1,3,70.0,45.0,1186.7609107773349,638.443541076679,5.0,1187.0,638.0,4.91000200986519,-0.08999799013481002,0.08999799013481002,valid,,,Shared Pattern Plane,Region-SIFT(21/28),102,1,163.365441267831,164.94246581789588,2.6002643000001626
379,16,3,4,1,4,72.5,45.0,1204.0658389006965,639.4230476618966,5.0,1204.0,639.0,4.8549973649313145,-0.1450026350686855,0.1450026350686855,valid,,,Shared Pattern Plane,Region-SIFT(21/28),102,1,168.25616012048468,172.7368699262201,2.5785808999999063
380,16,3,4,1,5,75.0,45.0,1221.4530594331727,640.4072122240826,5.0,1221.0,640.0,4.805603207589055,-0.1943967924109451,0.1943967924109451,valid,,,Shared Pattern Plane,Region-SIFT(21/28),102,1,114.88973067879047,116.59345631774484,2.487309400000413
381,16,3,4,2,1,65.0,47.5,1152.021164134803,653.3807582773018,5.0,1152.0,653.0,4.579147676657352,-0.42085232334264777,0.42085232334264777,valid,,,Shared Pattern Plane,Region-SIFT(21/28),102,1,104.18657598798237,104.63737553838902,2.434345700000449
382,16,3,4,2,2,67.5,47.5,1169.1271745218276,654.3888308931475,5.0,1169.0,654.0,4.52992302163624,-0.4700769783637604,0.4700769783637604,valid,,,Shared Pattern Plane,Region-SIFT(21/28),102,1,93.24823854814761,94.33819483581604,2.478105900000628
383,16,3,4,2,3,70.0,47.5,1186.3139797599995,655.4016648224208,5.0,1186.0,655.0,4.48087244919983,-0.51912755080017,0.51912755080017,valid,,,Shared Pattern Plane,Region-SIFT(21/28),102,1,146.63178515106284,148.9458566757245,2.4325706999998147
384,16,3,4,2,4,72.5,47.5,1203.582153617866,656.4192938778191,5.0,1204.0,656.0,4.926299241677296,-0.07370075832270384,0.07370075832270384,valid,,,Shared Pattern Plane,Region-SIFT(21/28),102,1,118.20137430322234,119.37893648380198,2.6032937999998467
385,16,3,4,2,5,75.0,47.5,1220.932275309726,657.4417521929632,5.0,1221.0,657.0,4.876751174150322,-0.12324882584967778,0.12324882584967778,valid,,,Shared Pattern Plane,Region-SIFT(21/28),102,1,111.93691847311757,113.47025651081724,2.4459414000002653
386,16,3,4,3,1,65.0,50.0,1151.6482531612587,670.1941294830306,5.0,1152.0,670.0,4.643866136140664,-0.3561338638593359,0.3561338638593359,valid,,,Shared Pattern Plane,Region-SIFT(21/28),102,1,114.53437515617048,116.4751923897884,2.481357399999979
387,16,3,4,3,2,67.5,50.0,1168.71833901013,671.2396683243599,5.0,1169.0,671.0,4.601440598068759,-0.39855940193124084,0.39855940193124084,valid,,,Shared Pattern Plane,Region-SIFT(21/28),102,1,122.81098060607908,125.12226123541244,2.524117099999785
388,16,3,4,3,3,70.0,50.0,1185.8688844532442,672.2901352973743,5.0,1186.0,672.0,4.552236100599229,-0.4477638994007709,0.4477638994007709,valid,,,Shared Pattern Plane,Region-SIFT(21/28),102,1,99.01245548510678,99.75031990786692,2.4431298999998035
389,16,3,4,3,4,72.5,50.0,1203.1004597020835,673.345565327396,5.0,1203.0,673.0,4.503298108319773,-0.49670189168022727,0.49670189168022727,valid,,,Shared Pattern Plane,Region-SIFT(21/28),102,1,104.66102056049165,104.95808316852376,2.5881458000003477
390,16,3,4,3,5,75.0,50.0,1220.4136403689536,674.405993670547,5.0,1220.0,674.0,4.9510840917287595,-0.04891590827124048,0.04891590827124048,valid,,,Shared Pattern Plane,Region-SIFT(21/28),102,1,79.27399488353225,79.54173022048391,2.5495198000007804
391,16,3,4,4,1,65.0,52.5,1151.2768635751781,686.938906160856,5.0,1151.0,687.0,4.72567450824559,-0.2743254917544098,0.2743254917544098,valid,,,Shared Pattern Plane,Region-SIFT(21/28),102,1,110.44689618418457,111.05334697862045,2.516596700000264
392,16,3,4,4,2,67.5,52.5,1168.3111753630778,688.0215970660043,5.0,1168.0,688.0,4.676059119148368,-0.323940880851632,0.323940880851632,valid,,,Shared Pattern Plane,Region-SIFT(21/28),102,1,111.59611157185185,111.93136550664713,2.4453169999997044
393,16,3,4,4,3,70.0,52.5,1185.425613570337,689.1093807595545,5.0,1185.0,689.0,4.6267247087991255,-0.37327529120087455,0.37327529120087455,valid,,,Shared Pattern Plane,Region-SIFT(21/28),102,1,95.73383307078527,95.83180902753035,2.6599120999999286
394,16,3,4,4,4,72.5,52.5,1202.6207448807106,690.2022932595943,5.0,1203.0,690.0,5.0721780888334544,0.07217808883345445,0.07217808883345445,valid,,,Shared Pattern Plane,Region-SIFT(21/28),102,1,104.9880157183087,105.81768163104377,3.2280165000001944
395,16,3,4,4,5,75.0,52.5,1219.8971413343133,691.3003709246597,5.0,1220.0,691.0,4.525564986433871,-0.47443501356612927,0.47443501356612927,valid,,,Shared Pattern Plane,Region-SIFT(21/28),102,1,104.66861460751326,106.19259009255003,2.610429899999872
396,16,3,4,5,1,65.0,55.0,1150.9069860851703,703.615507230102,5.0,1151.0,704.0,4.797333507287081,-0.20266649271291914,0.20266649271291914,valid,,,Shared Pattern Plane,Region-SIFT(21/28),102,1,108.22613774506505,108.85087482554073,2.455794500000593
397,16,3,4,5,2,67.5,55.0,1167.9056733463808,704.7350389414847,5.0,1168.0,705.0,4.747623735805752,-0.25237626419424775,0.25237626419424775,valid,,,Shared Pattern Plane,Region-SIFT(21/28),102,1,81.79243322831613,83.01709266920915,2.5523277000002054
398,16,3,4,5,3,70.0,55.0,1184.9841559168847,705.8598259633394,5.0,1185.0,706.0,4.698075693613089,-0.30192430638691103,0.30192430638691103,valid,,,Shared Pattern Plane,Region-SIFT(21/28),102,1,78.89798192448086,80.10232788583338,2.452525599999717
399,16,3,4,5,4,72.5,55.0,1202.14299698175,706.9899053869738,5.0,1202.0,707.0,4.648812145333324,-0.35118785466667557,0.35118785466667557,valid,,,Shared Pattern Plane,Region-SIFT(21/28),102,1,92.48962195840463,92.63448041781182,2.4711160000006203
400,16,3,4,5,5,75.0,55.0,1219.3827650383932,708.1253146535666,5.0,1219.0,708.0,4.599739692028422,-0.4002603079715783,0.4002603079715783,valid,,,Shared Pattern Plane,Region-SIFT(21/28),102,1,92.0248960888575,92.11845692555457,2.456464099999721
401,17,3,5,1,1,85.0,45.0,1291.8367184633728,644.3911211441501,4.5,1292.0,644.0,4.600879482173953,0.10087948217395315,0.10087948217395315,valid,,,Shared Pattern Plane,Region-SIFT(21/28),102,1,134.22311668900585,136.38219000263197,2.396796500000164
402,17,3,5,1,2,87.5,45.0,1309.6443405612524,645.3990815926186,4.5,1310.0,645.0,4.54951983164847,0.04951983164847018,0.04951983164847018,valid,,,Shared Pattern Plane,Region-SIFT(21/28),102,1,145.4889512765975,147.07954871723743,2.384745600000315
403,17,3,5,1,3,90.0,45.0,1327.5378711918227,646.4119047006078,4.5,1328.0,646.0,4.497971886371003,-0.002028113628997019,0.002028113628997019,valid,,,Shared Pattern Plane,Region-SIFT(21/28),102,1,95.8062233662479,96.4860824031276,2.490008499999931
404,17,3,5,1,4,92.5,45.0,1345.5179335254177,647.4296257412752,4.5,1346.0,647.0,4.4474641643380215,-0.0525358356619785,0.0525358356619785,valid,,,Shared Pattern Plane,Region-SIFT(21/28),102,1,116.9365550606339,117.24060562193901,2.6662477999998373
405,17,3,5,1,5,95.0,45.0,1363.5851567741847,648.4522803297604,4.5,1364.0,648.0,4.396791137625732,-0.1032088623742684,0.1032088623742684,valid,,,Shared Pattern Plane,Region-SIFT(21/28),102,1,119.35265748917112,119.57748367145798,2.7542282999993404
406,17,3,5,2,1,85.0,47.5,1291.1640189571006,661.5805721709827,4.5,1291.0,662.0,4.186299916126107,-0.3137000838738926,0.3137000838738926,valid,,,Shared Pattern Plane,Region-SIFT(21/28),102,1,100.4736806720653,101.84246091100582,2.539016900000206
407,17,3,5,2,2,87.5,47.5,1308.932763220357,662.6277002917128,4.5,1309.0,663.0,4.135753192860627,-0.36424680713937274,0.36424680713937274,valid,,,Shared Pattern Plane,Region-SIFT(21/28),102,1,93.90171181966386,94.26875849805594,2.507244299999911
408,17,3,5,2,3,90.0,47.5,1326.787048656573,663.6798694308942,4.5,1327.0,664.0,4.575111912960237,0.07511191296023689,0.07511191296023689,valid,,,Shared Pattern Plane,Region-SIFT(21/28),102,1,91.70703014822864,94.28025220001561,2.470385100000385
409,17,3,5,2,4,92.5,47.5,1344.727494466624,664.737116078593,4.5,1345.0,665.0,4.5246316551533186,0.024631655153318555,0.024631655153318555,valid,,,Shared Pattern Plane,Region-SIFT(21/28),102,1,99.74423283597147,101.31134050276076,2.521697000000131
410,17,3,5,2,5,95.0,47.5,1362.7547258420602,665.7994770779104,4.5,1363.0,666.0,4.473792730375389,-0.02620726962461095,0.02620726962461095,valid,,,Shared Pattern Plane,Region-SIFT(21/28),102,1,141.935112519239,146.01046500386565,2.518746800000372
411,17,3,5,3,1,85.0,50.0,1290.4941221067172,678.6984070962677,4.5,1290.0,679.0,4.752229041626127,0.25222904162612725,0.25222904162612725,valid,,,Shared Pattern Plane,Region-SIFT(21/28),102,1,96.26893362872815,97.97511416614395,2.4312166999998226
412,17,3,5,3,2,87.5,50.0,1308.224157615447,679.7843677028308,4.5,1308.0,680.0,4.208995667911775,-0.2910043320882254,0.2910043320882254,valid,,,Shared Pattern Plane,Region-SIFT(21/28),102,1,102.14708511564466,102.42405608429979,2.5406424000002517
413,17,3,5,3,3,90.0,50.0,1326.0393692875534,680.875545329856,4.5,1326.0,681.0,4.157693919565831,-0.3423060804341693,0.3423060804341693,valid,,,Shared Pattern Plane,Region-SIFT(21/28),102,1,94.46645259403047,95.60657309958073,2.376273100000617
414,17,3,5,3,4,92.5,50.0,1343.9403723880864,681.9719776621868,4.5,1344.0,682.0,4.10805729608313,-0.3919427039168699,0.3919427039168699,valid,,,Shared Pattern Plane,Region-SIFT(21/28),102,1,118.2047956219426,119.80251611732004,2.574581699999726
415,17,3,5,3,5,95.0,50.0,1361.9277881221728,683.0737027484943,4.5,1362.0,683.0,4.058607853559614,-0.4413921464403856,0.4413921464403856,valid,,,Shared Pattern Plane,Region-SIFT(21/28),102,1,229.9222313179541,233.9889968015493,2.7130005999997593
416,17,3,5,4,1,85.0,52.5,1289.8270104336516,695.7450725489338,4.5,1290.0,696.0,4.330104062717059,-0.1698959372829414,0.1698959372829414,valid,,,Shared Pattern Plane,Region-SIFT(21/28),102,1,102.70566340678583,104.13389902538218,2.395838299999923
417,17,3,5,4,2,87.5,52.5,1307.5185051691763,696.8695336182819,4.5,1308.0,697.0,4.770901675535555,0.2709016755355549,0.2709016755355549,valid,,,Shared Pattern Plane,Region-SIFT(21/28),102,1,107.04413022439947,109.21301557818282,2.508020199999919
418,17,3,5,4,3,90.0,52.5,1325.2948133886493,697.9993853831186,4.5,1325.0,698.0,4.231585057115062,-0.26841494288493806,0.26841494288493806,valid,,,Shared Pattern Plane,Region-SIFT(21/28),102,1,104.63510483333043,104.75613067122961,2.5091845000006288
419,17,3,5,4,4,92.5,52.5,1343.1565464545724,699.1346667012873,4.5,1343.0,699.0,4.181181261245413,-0.31881873875458666,0.31881873875458666,valid,,,Shared Pattern Plane,Region-SIFT(21/28),102,1,160.40030333503844,163.43666887444772,2.987824699999692
420,17,3,5,4,5,95.0,52.5,1361.1043216194591,700.2754168049969,4.5,1361.0,700.0,4.130930701140256,-0.3690692988597437,0.3690692988597437,valid,,,Shared Pattern Plane,Region-SIFT(21/28),102,1,221.98936077198653,228.40673848174077,2.5101178999993863
421,17,3,5,5,1,85.0,55.0,1289.1626666043674,712.7210114517854,4.5,1289.0,713.0,4.403543760649459,-0.09645623935054104,0.09645623935054104,valid,,,Shared Pattern Plane,Region-SIFT(21/28),102,1,118.56682123809895,119.09186724298394,2.5936203000001115
422,17,3,5,5,2,87.5,55.0,1306.8157874587214,713.8836440890959,4.5,1307.0,714.0,3.8566693697368577,-0.6433306302631423,0.6433306302631423,valid,,,Shared Pattern Plane,Region-SIFT(21/28),102,1,158.19215045555558,161.15615829088532,2.42124049999984
423,17,3,5,5,3,90.0,55.0,1324.5533614279657,715.0518387994532,4.5,1325.0,715.0,4.3016647157784975,-0.19833528422150248,0.19833528422150248,valid,,,Shared Pattern Plane,Region-SIFT(21/28),102,1,116.50761717438067,117.93919991878829,2.594358600000305
424,17,3,5,5,4,92.5,55.0,1342.3759960049824,716.2256355922732,4.5,1342.0,716.0,4.254102330096909,-0.2458976699030906,0.2458976699030906,valid,,,Shared Pattern Plane,Region-SIFT(21/28),102,1,182.78478650895377,186.0491093890811,2.514606900000217
425,17,3,5,5,5,95.0,55.0,1360.2843045231261,717.4050748616239,4.5,1360.0,717.0,4.203739362552247,-0.29626063744775344,0.29626063744775344,valid,,,Shared Pattern Plane,Region-SIFT(21/28),102,1,223.9955641156151,228.1701606025331,2.470538800000213
426,18,3,6,1,1,105.0,45.0,1436.7384587679683,652.5929586684692,4.0,1437.0,653.0,3.7134010599879566,-0.28659894001204345,0.28659894001204345,valid,,,Shared Pattern Plane,Region-SIFT(21/28),102,1,142.72725942752976,144.49999887058942,2.6867417000003115
427,18,3,6,1,2,107.5,45.0,1455.2511414368423,653.6408274868162,4.0,1455.0,654.0,3.664886057196123,-0.33511394280387696,0.33511394280387696,valid,,,Shared Pattern Plane,Region-SIFT(21/28),102,1,127.91753651755195,130.20220953062434,2.5168179000002056
428,18,3,6,1,3,110.0,45.0,1473.8548913583534,654.6938509624387,4.0,1474.0,655.0,3.6181626166354928,-0.38183738336450723,0.38183738336450723,valid,,,Shared Pattern Plane,Region-SIFT(21/28),102,1,127.114729339862,127.75012429404033,2.4576068999995186
429,18,3,6,1,4,112.5,45.0,1492.5503821538991,655.752067224163,4.0,1493.0,656.0,3.5677410407417023,-0.4322589592582977,0.4322589592582977,valid,,,Shared Pattern Plane,Region-SIFT(21/28),102,1,175.32121870606034,177.01657543607277,2.473417799999879
430,18,3,6,1,5,115.0,45.0,1511.338294104972,656.8155147777948,4.0,1511.0,657.0,3.5147854966236785,-0.48521450337632155,0.48521450337632155,valid,,,Shared Pattern Plane,Region-SIFT(21/28),102,1,225.27137119051008,230.30541713935935,3.227596299999277
431,18,3,6,2,1,105.0,47.5,1435.7442245990858,670.1008140510882,4.0,1436.0,670.0,3.785400741882747,-0.2145992581172531,0.2145992581172531,valid,,,Shared Pattern Plane,Region-SIFT(21/28),102,1,147.44559963922651,150.43394676429762,3.4724378000000797
432,18,3,6,2,2,107.5,47.5,1454.2149764918804,671.1893121143966,4.0,1454.0,671.0,3.736703471511373,-0.26329652848862706,0.26329652848862706,valid,,,Shared Pattern Plane,Region-SIFT(21/28),102,1,116.2885029921456,117.49137739636383,2.9163987000001725
433,18,3,6,2,3,110.0,47.5,1472.7763950456726,672.2831532457875,4.0,1473.0,672.0,3.68528448719761,-0.31471551280238996,0.31471551280238996,valid,,,Shared Pattern Plane,Region-SIFT(21/28),102,1,141.33225335973913,142.7079562100699,4.499205599999186
434,18,3,6,2,4,112.5,47.5,1491.4291494808172,673.3823768830204,4.0,1491.0,673.0,3.6370165068697102,-0.36298349313028977,0.36298349313028977,valid,,,Shared Pattern Plane,Region-SIFT(21/28),102,1,202.60278002118307,206.76716925550988,2.7714137000002665
435,18,3,6,2,5,115.0,47.5,1510.1739156200274,674.4870228529365,4.0,1510.0,674.0,3.586052760282873,-0.4139472397171269,0.4139472397171269,valid,,,Shared Pattern Plane,Region-SIFT(21/28),102,1,245.4033238456363,250.5969301126543,2.5492679999997563
436,18,3,6,3,1,105.0,50.0,1434.7542134528273,687.5343045891933,4.0,1435.0,688.0,3.861448800984259,-0.13855119901574087,0.13855119901574087,valid,,,Shared Pattern Plane,Region-SIFT(21/28),102,1,143.78387891123535,145.15101991876588,2.3685262999997576
437,18,3,6,3,2,107.5,50.0,1453.1832234234885,688.6630772211626,4.0,1453.0,689.0,3.8161113709369547,-0.18388862906304526,0.18388862906304526,valid,,,Shared Pattern Plane,Region-SIFT(21/28),102,1,152.6268831142042,155.66805324281034,2.578164399999878
438,18,3,6,3,3,110.0,50.0,1471.702502098403,689.797378790554,4.0,1472.0,690.0,3.7651580400416913,-0.2348419599583087,0.2348419599583087,valid,,,Shared Pattern Plane,Region-SIFT(21/28),102,1,176.0051031158084,180.10676679621943,2.5472263000001476
439,18,3,6,3,4,112.5,50.0,1490.3127143351192,690.9372500197404,4.0,1490.0,691.0,3.7125422812442235,-0.2874577187557765,0.2874577187557765,valid,,,Shared Pattern Plane,Region-SIFT(21/28),102,1,155.65955808023926,157.68063559716117,2.476508400000057
440,18,3,6,3,5,115.0,50.0,1509.0145315364334,692.0827320319885,4.0,1509.0,692.0,3.661389420021761,-0.33861057997823885,0.33861057997823885,valid,,,Shared Pattern Plane,Region-SIFT(21/28),102,1,186.7921355424104,189.22292012960554,2.49290529999962
441,18,3,6,4,1,105.0,52.5,1433.7683984801984,704.893903077158,4.0,1434.0,705.0,3.4466921260247063,-0.5533078739752937,0.5533078739752937,valid,,,Shared Pattern Plane,Region-SIFT(21/28),102,1,140.92537175738622,141.895695328017,2.5667736999994304
442,18,3,6,4,2,107.5,52.5,1452.1558541135994,706.0625990145683,4.0,1452.0,706.0,3.401952037058715,-0.5980479629412851,0.5980479629412851,valid,,,Shared Pattern Plane,Region-SIFT(21/28),102,1,163.11693696672955,166.14179254601245,2.5427128000001176
443,18,3,6,4,3,110.0,52.5,1470.6331831063678,707.2370072501928,4.0,1471.0,707.0,3.8326662897674364,-0.1673337102325636,0.1673337102325636,valid,,,Shared Pattern Plane,Region-SIFT(21/28),102,1,154.57448609215874,158.69398658201115,2.480851199999961
444,18,3,6,4,4,112.5,52.5,1489.2010459910675,708.4171697670953,4.0,1489.0,708.0,3.784046907391763,-0.21595309260823692,0.21595309260823692,valid,,,Shared Pattern Plane,Region-SIFT(21/28),102,1,145.7821728736635,148.6198937105853,2.4435418000002755
445,18,3,6,4,5,115.0,52.5,1507.8601097890194,709.6031289607606,4.0,1508.0,710.0,3.7367580907334466,-0.26324190926655344,0.26324190926655344,valid,,,Shared Pattern Plane,Region-SIFT(21/28),102,1,177.58958128369045,180.35314294534066,2.853367299999263
446,18,3,6,5,1,105.0,55.0,1432.7867530593212,722.1800783099418,4.0,1433.0,722.0,3.518544027034575,-0.4814559729654251,0.4814559729654251,valid,,,Shared Pattern Plane,Region-SIFT(21/28),102,1,152.2200299510249,154.78556443722186,2.3754310000003898
447,18,3,6,5,2,107.5,55.0,1451.1328406825785,723.388349663984,4.0,1451.0,723.0,3.9563413942058534,-0.0436586057941466,0.0436586057941466,valid,,,Shared Pattern Plane,Region-SIFT(21/28),102,1,172.18473800881196,175.71268621276008,2.5817207000000053
448,18,3,6,5,3,110.0,55.0,1469.568408909387,724.6025142009343,4.0,1470.0,725.0,4.391265452366029,0.39126545236602883,0.39126545236602883,valid,,,Shared Pattern Plane,Region-SIFT(21/28),102,1,193.69597496759326,196.71562880737713,2.4928334000005634
449,18,3,6,5,4,112.5,55.0,1488.0941139847437,725.8226151410174,4.0,1488.0,726.0,3.8640648587712807,-0.1359351412287193,0.1359351412287193,valid,,,Shared Pattern Plane,Region-SIFT(21/28),102,1,203.38726757089927,207.80971193087342,2.5077266999996937
450,18,3,6,5,5,115.0,55.0,1506.7106185865166,727.0486961281266,4.0,1507.0,727.0,3.320114798542533,-0.6798852014574668,0.6798852014574668,valid,,,Shared Pattern Plane,Region-SIFT(21/28),102,1,238.8538857343966,245.2141994667633,2.4907358000000386
451,19,4,1,1,1,5.0,65.0,767.0618264237154,740.9808861162771,3.5,767.0,741.0,3.584738465242514,0.08473846524251405,0.08473846524251405,valid,,,Shared Pattern Plane,Region-SIFT(21/28),102,1,226.68843802497503,230.90378334303952,2.5467868999994607
452,19,4,1,1,2,7.5,65.0,782.188160700161,742.114925460147,3.5,782.0,742.0,3.5409617969714637,0.04096179697146374,0.04096179697146374,valid,,,Shared Pattern Plane,Region-SIFT(21/28),102,1,206.54070568286554,210.72754809690468,2.708152600000176
453,19,4,1,1,3,10.0,65.0,797.3811979632168,743.2539656065767,3.5,797.0,743.0,3.4974248315585506,-0.002575168441449449,0.002575168441449449,valid,,,Shared Pattern Plane,Region-SIFT(21/28),102,1,212.39181850675553,216.76867462662096,2.494256900000437
454,19,4,1,1,4,12.5,65.0,812.6413804006685,744.3980397069123,3.5,813.0,744.0,3.450849536885373,-0.04915046311462712,0.04915046311462712,valid,,,Shared Pattern Plane,Region-SIFT(21/28),102,1,203.35830050826704,206.01066180013214,2.562080099999548
455,19,4,1,1,5,15.0,65.0,827.9691541174286,745.5471812061721,3.5,828.0,746.0,3.4319510782230873,-0.06804892177691269,0.06804892177691269,valid,,,Shared Pattern Plane,Region-SIFT(21/28),102,1,185.87249854910308,188.05067228350705,2.7987026999999216
456,19,4,1,2,1,5.0,67.5,767.4484911435592,756.5181898079976,3.5,767.0,757.0,3.655156460649822,0.15515646064982214,0.15515646064982214,valid,,,Shared Pattern Plane,Region-SIFT(21/28),102,1,168.87304489044914,170.2823850269605,2.5946930999998585
457,19,4,1,2,2,7.5,67.5,782.5467311246224,757.6841760871262,3.5,783.0,758.0,3.608026655586113,0.10802665558611313,0.10802665558611313,valid,,,Shared Pattern Plane,Region-SIFT(21/28),102,1,176.15720637336608,177.78563832273633,2.5449796000002607
458,19,4,1,2,3,10.0,67.5,797.7114225286887,758.8552941860927,3.5,798.0,759.0,3.5854868213446487,0.08548682134464869,0.08548682134464869,valid,,,Shared Pattern Plane,Region-SIFT(21/28),102,1,187.53139965319758,189.53150664036747,2.562904200000048
459,19,4,1,2,4,12.5,67.5,812.9430050292499,760.0315780594015,3.5,813.0,760.0,3.5413772360714613,0.041377236071461265,0.041377236071461265,valid,,,Shared Pattern Plane,Region-SIFT(21/28),102,1,151.6772928692046,152.41842679593591,2.466054599999552
460,19,4,1,2,5,15.0,67.5,828.2419221871501,761.2130619617643,3.5,828.0,761.0,3.4774942612158606,-0.022505738784139417,0.022505738784139417,valid,,,Shared Pattern Plane,Region-SIFT(21/28),102,1,138.34542057501574,140.78835228642419,2.43207110000003
461,19,4,1,3,1,5.0,70.0,767.8336821994748,771.9962774326317,3.5,768.0,772.0,3.177334085717378,-0.3226659142826218,0.3226659142826218,valid,,,Shared Pattern Plane,Region-SIFT(21/28),102,1,206.30072139659256,207.38541942887528,2.4581475000004502
462,19,4,1,3,2,7.5,70.0,782.9039319636363,773.1939588449393,3.5,783.0,773.0,3.134309127315718,-0.365690872684282,0.365690872684282,valid,,,Shared Pattern Plane,Region-SIFT(21/28),102,1,149.32409771813286,151.1695145858257,2.661812100000134
463,19,4,1,3,3,10.0,70.0,798.0403830073699,774.3969014867062,3.5,798.0,774.0,3.630050249510285,0.1300502495102851,0.1300502495102851,valid,,,Shared Pattern Plane,Region-SIFT(21/28),102,1,143.54232634640243,145.16211941444854,2.5239907999994102
464,19,4,1,3,4,12.5,70.0,813.2434725088983,775.6051401018968,3.5,813.0,776.0,3.590776910095483,0.09077691009548294,0.09077691009548294,valid,,,Shared Pattern Plane,Region-SIFT(21/28),102,1,164.4528036062049,167.6482690693505,2.519825999999739
465,19,4,1,3,5,15.0,70.0,828.5136415043035,776.8187097410732,3.5,829.0,777.0,3.007621833612211,-0.49237816638778886,0.49237816638778886,valid,,,Shared Pattern Plane,Region-SIFT(21/28),102,1,161.94681788903694,164.99591935209298,2.5132416999995257
466,19,4,1,4,1,5.0,72.5,768.2174080001228,787.4154868744043,3.5,768.0,787.0,3.2657455589141917,-0.23425444108580828,0.23425444108580828,valid,,,Shared Pattern Plane,Region-SIFT(21/28),102,1,236.67707169699293,242.20556232162141,2.549192200000107
467,19,4,1,4,2,7.5,72.5,783.2597710490901,788.644613796824,3.5,783.0,789.0,3.2044328083182556,-0.2955671916817444,0.2955671916817444,valid,,,Shared Pattern Plane,Region-SIFT(21/28),102,1,135.0810147108855,137.5782544625828,2.522660900000119
468,19,4,1,4,3,10.0,72.5,798.3680866437071,789.8791297694344,3.5,798.0,790.0,3.1614808133042582,-0.33851918669574177,0.33851918669574177,valid,,,Shared Pattern Plane,Region-SIFT(21/28),102,1,122.94581275869298,123.26193739577927,2.4245777000005546
469,19,4,1,4,4,12.5,72.5,813.5427894857722,791.1190703121658,3.5,814.0,791.0,3.653177746638598,0.15317774663859796,0.15317774663859796,valid,,,Shared Pattern Plane,Region-SIFT(21/28),102,1,159.48844390344368,161.92641486442452,2.432516200000464
470,19,4,1,4,5,15.0,72.5,828.7843181057295,792.3644712577907,3.5,829.0,792.0,3.6095464003970434,0.10954640039704344,0.10954640039704344,valid,,,Shared Pattern Plane,Region-SIFT(21/28),102,1,201.87793252430265,208.6849694083948,2.418875499999558
471,19,4,1,5,1,5.0,75.0,768.5996768903121,802.776153451818,3.5,769.0,803.0,3.3103044759560323,-0.18969552404396772,0.18969552404396772,valid,,,Shared Pattern Plane,Region-SIFT(21/28),102,1,184.13849776484977,187.0869740541046,2.631484599999567
472,19,4,1,5,2,7.5,75.0,783.6142561532699,804.036478418111,3.5,784.0,804.0,3.267021788420558,-0.2329782115794421,0.2329782115794421,valid,,,Shared Pattern Plane,Region-SIFT(21/28),102,1,154.20736770024376,156.4545491038627,2.415296899999703
473,19,4,1,5,3,10.0,75.0,798.694540626896,805.3023186849642,3.5,799.0,805.0,3.7627272471768376,0.2627272471768376,0.2627272471768376,valid,,,Shared Pattern Plane,Region-SIFT(21/28),102,1,138.2217843499764,139.5297817563746,2.315222499999436
474,19,4,1,5,4,12.5,75.0,813.8409625552312,806.5737105349767,3.5,814.0,807.0,3.7231407316388903,0.22314073163889026,0.22314073163889026,valid,,,Shared Pattern Plane,Region-SIFT(21/28),102,1,206.1073391263447,207.92928075118854,2.4787351999993916
475,19,4,1,5,5,15.0,75.0,829.0539579820246,807.8506905696947,3.5,829.0,808.0,3.6793774159294226,0.17937741592942258,0.17937741592942258,valid,,,Shared Pattern Plane,Region-SIFT(21/28),102,1,191.66565382922136,195.6171959838088,2.428871299999628
476,20,4,2,1,1,25.0,65.0,889.9652234259684,750.1951005550553,3.0,890.0,750.0,3.2347838619262155,0.23478386192621548,0.23478386192621548,valid,,,Shared Pattern Plane,Region-SIFT(21/28),102,1,173.6277765314415,175.06553204725677,2.5880514000000403
477,20,4,2,1,2,27.5,65.0,905.6377852881454,751.370091233307,3.0,906.0,751.0,3.1893636989740193,0.18936369897401928,0.18936369897401928,valid,,,Shared Pattern Plane,Region-SIFT(21/28),102,1,178.7000698273775,181.27977011063928,2.4892604999995456
478,20,4,2,1,3,30.0,65.0,921.3806997942924,752.550356333289,3.0,921.0,753.0,3.1679110686139085,0.16791106861390848,0.16791106861390848,valid,,,Shared Pattern Plane,Region-SIFT(21/28),102,1,200.01138849712555,205.20744918464507,2.511544799999683
479,20,4,2,1,4,32.5,65.0,937.1944417195397,753.7359314494597,3.0,937.0,754.0,3.1065243810707517,0.10652438107075168,0.10652438107075168,valid,,,Shared Pattern Plane,Region-SIFT(21/28),102,1,155.6224220265787,156.92234951891032,2.51299199999994
480,20,4,2,1,5,35.0,65.0,953.0794901206801,754.9268524972791,3.0,953.0,755.0,3.0617469320865585,0.06174693208655846,0.06174693208655846,valid,,,Shared Pattern Plane,Region-SIFT(21/28),102,1,207.64495935339144,211.56661288027965,2.529011200000241
481,20,4,2,2,1,25.0,67.5,890.1199470937074,765.9916936506978,3.0,890.0,766.0,2.7716812690539725,-0.2283187309460275,0.2283187309460275,valid,,,Shared Pattern Plane,Region-SIFT(21/28),102,1,149.04768924208545,149.85241500318347,2.470465000000331
482,20,4,2,2,2,27.5,67.5,905.7623300546924,767.19970226152,3.0,906.0,767.0,2.727164914008608,-0.27283508599139195,0.27283508599139195,valid,,,Shared Pattern Plane,Region-SIFT(21/28),102,1,159.413628144239,160.566635181426,2.4916999999995824
483,20,4,2,2,3,30.0,67.5,921.4747931243539,768.4131229233667,3.0,921.0,768.0,2.669270809492295,-0.330729190507705,0.330729190507705,valid,,,Shared Pattern Plane,Region-SIFT(21/28),102,1,213.53802147416212,218.7478959204905,2.4743374999998196
484,20,4,2,2,4,32.5,67.5,937.2578083133665,769.6319920880344,3.0,937.0,770.0,3.1753190525682027,0.17531905256820268,0.17531905256820268,valid,,,Shared Pattern Plane,Region-SIFT(21/28),102,1,164.29425111296314,168.16542531299473,2.408010799999829
485,20,4,2,2,5,35.0,67.5,953.1118518807875,770.8563465354073,3.0,953.0,771.0,3.1303589281105118,0.13035892811051175,0.13035892811051175,valid,,,Shared Pattern Plane,Region-SIFT(21/28),102,1,147.2334159275842,149.6055257804685,2.61842390000038
486,20,4,2,3,1,25.0,70.0,890.2740705756958,781.7270104708236,3.0,890.0,782.0,2.840727782639756,-0.1592722173602441,0.1592722173602441,valid,,,Shared Pattern Plane,Region-SIFT(21/28),102,1,194.87787621210492,196.61125578471638,2.454797899999903
487,20,4,2,3,2,27.5,70.0,905.8863906242082,782.9677719590352,3.0,906.0,783.0,2.7961000598576407,-0.20389994014235935,0.20389994014235935,valid,,,Shared Pattern Plane,Region-SIFT(21/28),102,1,127.15498461849475,127.37817535113665,2.6904195999995864
488,20,4,2,3,3,30.0,70.0,921.5685198266518,784.2140814061314,3.0,922.0,784.0,2.751625733907109,-0.24837426609289093,0.24837426609289093,valid,,,Shared Pattern Plane,Region-SIFT(21/28),102,1,173.48730334226417,177.5288301901764,2.487122200000158
489,20,4,2,3,4,32.5,70.0,937.3209274506643,785.4659761063267,3.0,937.0,785.0,3.2397668636668904,0.23976686366689037,0.23976686366689037,valid,,,Shared Pattern Plane,Region-SIFT(21/28),102,1,190.7670856924915,194.0824197092261,2.527824199999486
490,20,4,2,3,5,35.0,70.0,953.1440869793121,786.7234936888492,3.0,953.0,787.0,3.1989751747541977,0.19897517475419768,0.19897517475419768,valid,,,Shared Pattern Plane,Region-SIFT(21/28),102,1,150.39244300852374,151.2270944463409,2.4802319000000352
491,20,4,2,4,1,25.0,72.5,890.4275973574265,797.4014068687608,3.0,890.0,797.0,2.9055022837114723,-0.09449771628852766,0.09449771628852766,valid,,,Shared Pattern Plane,Region-SIFT(21/28),102,1,195.21232994170418,199.88878443002682,2.497013799999877
492,20,4,2,4,2,27.5,72.5,906.009969814859,798.6746585141473,3.0,906.0,799.0,2.8650397347726555,-0.1349602652273445,0.1349602652273445,valid,,,Shared Pattern Plane,Region-SIFT(21/28),102,1,185.4408793393897,190.40281016048914,2.667708500000117
493,20,4,2,4,3,30.0,72.5,921.6618820398268,799.9535923253064,3.0,922.0,800.0,2.820396491789262,-0.17960350821073812,0.17960350821073812,valid,,,Shared Pattern Plane,Region-SIFT(21/28),102,1,180.257224906437,185.26156416745954,2.4793108000003485
494,20,4,2,4,4,32.5,72.5,937.3838005781439,801.2382464241756,3.0,937.0,801.0,2.7790619866509116,-0.22093801334908836,0.22093801334908836,valid,,,Shared Pattern Plane,Region-SIFT(21/28),102,1,181.3163240548795,184.15159567161527,2.481059499999901
495,20,4,2,4,5,35.0,72.5,953.1761961584185,802.5286592744724,3.0,953.0,803.0,2.7390722529296117,-0.26092774707038835,0.26092774707038835,valid,,,Shared Pattern Plane,Region-SIFT(21/28),102,1,174.0272991760698,174.9836055889786,2.71538849999979
496,20,4,2,5,1,25.0,75.0,890.5805308974582,813.015235947738,3.0,891.0,813.0,1.8801305033609494,-1.1198694966390506,1.1198694966390506,valid,,,Shared Pattern Plane,Region-SIFT(21/28),102,1,225.80629080615978,231.64291321536516,2.405024599999706
497,20,4,2,5,2,27.5,75.0,906.1330704229839,814.3207173408555,3.0,906.0,814.0,2.929616997934026,-0.07038300206597414,0.07038300206597414,valid,,,Shared Pattern Plane,Region-SIFT(21/28),102,1,191.4884868238338,196.68753524892836,2.5190247000000454
498,20,4,2,5,3,30.0,75.0,921.7548818859179,815.6320134258566,3.0,922.0,816.0,2.889171561145732,-0.11082843885426819,0.11082843885426819,valid,,,Shared Pattern Plane,Region-SIFT(21/28),102,1,195.98012244714,200.62882377268718,2.4674691000000166
499,20,4,2,5,4,32.5,75.0,937.4464291312603,816.9491631379277,3.0,937.0,817.0,2.8476792015956964,-0.15232079840430357,0.15232079840430357,valid,,,Shared Pattern Plane,Region-SIFT(21/28),102,1,189.58872163863407,193.6791726838821,2.555156100000204
500,20,4,2,5,5,35.0,75.0,953.2081801544829,818.2722057606451,3.0,953.0,818.0,2.80329007602448,-0.1967099239755199,0.1967099239755199,valid,,,Shared Pattern Plane,Region-SIFT(21/28),102,1,198.28200628997155,201.14664981456647,2.479819199999838
501,21,4,3,1,1,45.0,65.0,1017.3424822056772,759.7447257537668,2.5,1017.0,760.0,2.3646588198794234,-0.1353411801205766,0.1353411801205766,valid,,,Shared Pattern Plane,Region-SIFT(21/28),102,1,179.97002603036387,180.72763770775776,2.499951699999656
502,21,4,3,1,2,47.5,65.0,1033.5914021197036,760.9629266834257,2.5,1034.0,761.0,2.3188494172722143,-0.18115058272778573,0.18115058272778573,valid,,,Shared Pattern Plane,Region-SIFT(21/28),102,1,161.66866387816333,162.42836646133287,2.497129500000483
503,21,4,3,1,3,50.0,65.0,1049.9145955209008,762.1866959851118,2.5,1050.0,762.0,2.2762175667883073,-0.22378243321169267,0.22378243321169267,valid,,,Shared Pattern Plane,Region-SIFT(21/28),102,1,259.3604898382116,266.2814543512575,2.6080095999996047
504,21,4,3,1,4,52.5,65.0,1066.3125728297603,763.4160719256585,2.5,1066.0,763.0,2.233701782829497,-0.26629821717050284,0.26629821717050284,valid,,,Shared Pattern Plane,Region-SIFT(21/28),102,1,239.36969637088674,244.16673411043442,2.606808800000181
505,21,4,3,1,5,55.0,65.0,1082.7858491544457,764.6510931233405,2.5,1083.0,765.0,2.1927260368887813,-0.3072739631112187,0.3072739631112187,valid,,,Shared Pattern Plane,Region-SIFT(21/28),102,1,186.11752520667181,188.5386255402636,2.5361603000001196
506,21,4,3,2,1,45.0,67.5,1017.247986510126,775.8093644413323,2.5,1017.0,776.0,2.4324901201652174,-0.06750987983478263,0.06750987983478263,valid,,,Shared Pattern Plane,Region-SIFT(21/28),102,1,147.04648568592376,148.52865087576313,2.597856800000045
507,21,4,3,2,2,47.5,67.5,1033.4644679389405,777.0617087454009,2.5,1033.0,777.0,2.3895077184872258,-0.11049228151277424,0.11049228151277424,valid,,,Shared Pattern Plane,Region-SIFT(21/28),102,1,137.85741799218314,138.89624235124595,2.5716514999994615
508,21,4,3,2,3,50.0,67.5,1049.7549272453307,778.3197661120726,2.5,1050.0,778.0,2.343741325308962,-0.15625867469103794,0.15625867469103794,valid,,,Shared Pattern Plane,Region-SIFT(21/28),102,1,234.22249558363012,241.96796720807396,2.5922049000000698
509,21,4,3,2,4,52.5,67.5,1066.1198718055055,779.5835757243053,2.5,1066.0,780.0,2.305349853555283,-0.194650146444717,0.194650146444717,valid,,,Shared Pattern Plane,Region-SIFT(21/28),102,1,209.79877813631896,215.20526433610192,2.470221799999308
510,21,4,3,2,5,55.0,67.5,1082.5598136460817,780.8531771241924,2.5,1083.0,781.0,2.2599905070639976,-0.24000949293600238,0.24000949293600238,valid,,,Shared Pattern Plane,Region-SIFT(21/28),102,1,169.9958105955174,171.63956832746226,2.5170585000005303
511,21,4,3,3,1,45.0,70.0,1017.1538640163459,791.8105573648294,2.5,1017.0,792.0,2.5003557549808972,0.0003557549808972382,0.0003557549808972382,valid,,,Shared Pattern Plane,Region-SIFT(21/28),102,1,160.61146122109955,165.2555998668276,2.6753601000000344
512,21,4,3,3,2,47.5,70.0,1033.3380362112746,793.0967657896922,2.5,1033.0,793.0,2.457238879595762,-0.042761120404238184,0.042761120404238184,valid,,,Shared Pattern Plane,Region-SIFT(21/28),102,1,156.2290871917886,159.3396046594611,2.6477600999996866
513,21,4,3,3,3,50.0,70.0,1049.5958924354436,794.3888301222928,2.5,1050.0,794.0,2.411313601005199,-0.0886863989948008,0.0886863989948008,valid,,,Shared Pattern Plane,Region-SIFT(21/28),102,1,201.27669133887719,207.95767586949518,2.446003899999596
514,21,4,3,3,4,52.5,70.0,1065.9279370449387,795.6867904454383,2.5,1066.0,796.0,2.3727751639137282,-0.12722483608627178,0.12722483608627178,valid,,,Shared Pattern Plane,Region-SIFT(21/28),102,1,174.65114893585286,176.55918883210353,2.5854254999994737
515,21,4,3,3,5,55.0,70.0,1082.3346790093608,796.9906872085859,2.5,1082.0,797.0,2.3301765698206047,-0.16982343017939527,0.16982343017939527,valid,,,Shared Pattern Plane,Region-SIFT(21/28),102,1,138.77682889050277,139.44094507264975,2.5446344000001773
516,21,4,3,4,1,45.0,72.5,1017.0601125178057,807.7486796430345,2.5,1017.0,808.0,2.568271487256306,0.06827148725630616,0.06827148725630616,valid,,,Shared Pattern Plane,Region-SIFT(21/28),102,1,144.5267363533141,146.2694346408835,2.512431000000106
517,21,4,3,4,2,47.5,72.5,1033.2121039592525,809.068475440194,2.5,1033.0,809.0,2.5249617756437375,0.02496177564373747,0.02496177564373747,valid,,,Shared Pattern Plane,Region-SIFT(21/28),102,1,162.1264039857047,166.9685801756612,2.3927561000000424
518,21,4,3,4,3,50.0,72.5,1049.4374873288984,810.3942681671273,2.5,1049.0,810.0,2.481845086185749,-0.01815491381425094,0.01815491381425094,valid,,,Shared Pattern Plane,Region-SIFT(21/28),102,1,218.13152211002574,220.62316894783694,2.465851500000099
519,21,4,3,4,4,52.5,72.5,1065.7367639866288,811.7260987904649,2.5,1066.0,812.0,2.440205751995651,-0.05979424800434918,0.05979424800434918,valid,,,Shared Pattern Plane,Region-SIFT(21/28),102,1,181.6868987663713,183.66938668431388,2.4136638999998468
520,21,4,3,4,5,55.0,72.5,1082.1104398693153,813.0640086508287,2.5,1082.0,813.0,2.3974758670362877,-0.10252413296371232,0.10252413296371232,valid,,,Shared Pattern Plane,Region-SIFT(21/28),102,1,174.2650484276827,175.33445899867286,2.4828894000002038
521,21,4,3,5,1,45.0,75.0,1016.9667298253368,823.6241034433899,2.5,1017.0,824.0,2.636131754139913,0.13613175413991296,0.13613175413991296,valid,,,Shared Pattern Plane,Region-SIFT(21/28),102,1,163.10424566975348,166.58832822525582,2.4160243999995146
522,21,4,3,5,2,47.5,75.0,1033.0866682288993,824.9772123430338,2.5,1033.0,825.0,2.59268712072353,0.09268712072353003,0.09268712072353003,valid,,,Shared Pattern Plane,Region-SIFT(21/28),102,1,150.90479702268328,152.11513701444278,2.467029100000218
523,21,4,3,5,3,50.0,75.0,1049.2797081930896,826.3364573934361,2.5,1049.0,826.0,2.549438210955084,0.04943821095508394,0.04943821095508394,valid,,,Shared Pattern Plane,Region-SIFT(21/28),102,1,142.9291038785662,144.6189254820355,2.4034881999996287
524,21,4,3,5,4,52.5,75.0,1065.5463481052775,827.7018804292721,2.5,1066.0,828.0,2.5076400946593878,0.007640094659387753,0.007640094659387753,valid,,,Shared Pattern Plane,Region-SIFT(21/28),102,1,190.03296962112347,194.18630451073523,2.58725719999984
525,21,4,3,5,5,55.0,75.0,1081.8870908936524,829.0735236663737,2.5,1082.0,829.0,2.4647200823901505,-0.0352799176098495,0.0352799176098495,valid,,,Shared Pattern Plane,Region-SIFT(21/28),102,1,186.39007394982394,190.37030862202124,2.413772699999754
526,22,4,4,1,1,65.0,65.0,1149.4424138847116,769.6484153793372,2.0,1149.0,770.0,1.5057558348545075,-0.4942441651454925,0.4942441651454925,valid,,,Shared Pattern Plane,Region-SIFT(21/28),102,1,160.22975900084884,162.29356216586228,2.5638263999999253
527,22,4,4,1,2,67.5,65.0,1166.300079797253,770.9122547234408,2.0,1166.0,771.0,1.9796176443489046,-0.020382355651095363,0.020382355651095363,valid,,,Shared Pattern Plane,Region-SIFT(21/28),102,1,170.81080580110904,171.9802241722466,2.5829690999999
528,22,4,4,1,3,70.0,65.0,1183.236236889149,772.1819786449913,2.0,1183.0,772.0,1.9355897699011382,-0.06441023009886182,0.06441023009886182,valid,,,Shared Pattern Plane,Region-SIFT(21/28),102,1,152.2601712630539,152.86400107898154,2.5812183999996705
529,22,4,4,1,4,72.5,65.0,1200.2514346351822,773.4576283387689,2.0,1200.0,773.0,1.8917326737915814,-0.10826732620841861,0.10826732620841861,valid,,,Shared Pattern Plane,Region-SIFT(21/28),102,1,163.69854797433925,165.8577289405218,2.5103171999999176
530,22,4,4,1,5,75.0,65.0,1217.3462276509044,774.7392453849643,2.0,1217.0,775.0,1.8522498529273825,-0.14775014707261747,0.14775014707261747,valid,,,Shared Pattern Plane,Region-SIFT(21/28),102,1,160.01826259219456,161.65419186479676,2.5922434000003705
531,22,4,4,2,1,65.0,67.5,1149.0799601202839,785.9903042444282,2.0,1149.0,786.0,2.0904860416987123,0.09048604169871233,0.09048604169871233,valid,,,Shared Pattern Plane,Region-SIFT(21/28),102,1,133.34437533080893,133.9565065089,2.688789600000746
532,22,4,4,2,2,67.5,67.5,1165.9027353061886,787.2894705756187,2.0,1166.0,787.0,2.0461144672189713,0.04611446721897128,0.04611446721897128,valid,,,Shared Pattern Plane,Region-SIFT(21/28),102,1,155.71740178658217,162.5614629361917,2.5371911000002
533,22,4,4,2,3,70.0,67.5,1182.8036806335872,788.594673723851,2.0,1183.0,789.0,2.006065043237806,0.006065043237806211,0.006065043237806211,valid,,,Shared Pattern Plane,Region-SIFT(21/28),102,1,194.68354309374695,197.66454582049977,2.6632558999999674
534,22,4,4,2,4,72.5,67.5,1199.7833422193628,789.9059558638949,2.0,1200.0,790.0,1.962093315200429,-0.037906684799571044,0.037906684799571044,valid,,,Shared Pattern Plane,Region-SIFT(21/28),102,1,159.31878859302986,163.40186303555777,2.5803586000001815
535,22,4,4,2,5,75.0,67.5,1216.842271279358,791.2233595642953,2.0,1217.0,791.0,1.9183098586335496,-0.08169014136645036,0.08169014136645036,valid,,,Shared Pattern Plane,Region-SIFT(21/28),102,1,180.67591116869892,184.99986153385737,2.634086200000638
536,22,4,4,3,1,65.0,70.0,1148.7189642627231,802.2664607200744,2.0,1149.0,802.0,2.157127476942017,0.157127476942017,0.157127476942017,valid,,,Shared Pattern Plane,Region-SIFT(21/28),102,1,157.83977556783685,159.6319208157176,2.5626728999995976
537,22,4,4,3,2,67.5,70.0,1165.5069927610405,803.6006595552883,2.0,1166.0,804.0,1.5994380377125952,-0.4005619622874048,0.4005619622874048,valid,,,Shared Pattern Plane,Region-SIFT(21/28),102,1,168.78731834169417,171.43898891518847,2.5212913000004846
538,22,4,4,3,3,70.0,70.0,1182.3728723282497,804.941045466337,2.0,1182.0,805.0,2.0752913631457948,0.07529136314579477,0.07529136314579477,valid,,,Shared Pattern Plane,Region-SIFT(21/28),102,1,203.81200419834678,211.0857220722636,2.5435424000006606
539,22,4,4,3,4,72.5,70.0,1199.3171457506362,806.2876615901991,2.0,1199.0,806.0,2.0311265876982008,0.03112658769820076,0.03112658769820076,valid,,,Shared Pattern Plane,Region-SIFT(21/28),102,1,166.80169354040157,169.38220427114683,2.4933822999992117
540,22,4,4,3,5,75.0,70.0,1216.3403608720619,807.6405514657957,2.0,1216.0,808.0,1.9913232381620078,-0.008676761837992153,0.008676761837992153,valid,,,Shared Pattern Plane,Region-SIFT(21/28),102,1,195.65137128678577,199.12587525617766,4.059267800000271
541,22,4,4,4,1,65.0,72.5,1148.359417533422,818.4772806058165,2.0,1148.0,818.0,2.226706555206363,0.22670655520636318,0.22670655520636318,valid,,,Shared Pattern Plane,Region-SIFT(21/28),102,1,150.33526936939785,152.64112285050138,3.5372299999999086
542,22,4,4,4,2,67.5,72.5,1165.1128424936185,819.8462201530326,2.0,1165.0,820.0,1.6686129132784389,-0.33138708672156114,0.33138708672156114,valid,,,Shared Pattern Plane,Region-SIFT(21/28),102,1,168.630973796239,173.72302365621033,4.356252599999607
543,22,4,4,4,3,70.0,72.5,1181.9438013993579,821.2214950785107,2.0,1182.0,821.0,2.1416855666757435,0.1416855666757435,0.1416855666757435,valid,,,Shared Pattern Plane,Region-SIFT(21/28),102,1,170.1909985269819,174.27916391165704,3.932931900000767
544,22,4,4,4,4,72.5,72.5,1198.852833733355,822.6031494639368,2.0,1199.0,823.0,1.586076625702778,-0.4139233742972219,0.4139233742972219,valid,,,Shared Pattern Plane,Region-SIFT(21/28),102,1,186.84683372558106,189.14591162761974,2.5225594000003184
545,22,4,4,4,5,75.0,72.5,1215.8404839949349,823.9912278009099,2.0,1216.0,824.0,2.0573890011888976,0.05738900118889756,0.05738900118889756,valid,,,Shared Pattern Plane,Region-SIFT(21/28),102,1,182.41746098755527,185.38251159745775,2.913490599999932
546,22,4,4,5,1,65.0,75.0,1148.0013112241104,834.6231565298831,2.0,1148.0,835.0,1.778795127654343,-0.221204872345657,0.221204872345657,valid,,,Shared Pattern Plane,Region-SIFT(21/28),102,1,188.95561134802603,191.95883297602487,2.5438933999994333
547,22,4,4,5,2,67.5,75.0,1164.7202749133764,836.0265476592045,2.0,1165.0,836.0,1.735000611263115,-0.2649993887368851,0.2649993887368851,valid,,,Shared Pattern Plane,Region-SIFT(21/28),102,1,200.84866676027815,206.07066338956224,2.941138299999693
548,22,4,4,5,3,70.0,75.0,1181.5164573582472,837.4364205369552,2.0,1182.0,837.0,1.6913968359885938,-0.3086031640114062,0.3086031640114062,valid,,,Shared Pattern Plane,Region-SIFT(21/28),102,1,166.7632671219962,167.81504561107985,2.8701491000001624
549,22,4,4,5,4,72.5,75.0,1198.390394764619,838.8528201723007,2.0,1198.0,839.0,2.1705904801916436,0.17059048019164358,0.17059048019164358,valid,,,Shared Pattern Plane,Region-SIFT(21/28),102,1,225.4393010598642,228.01038811092485,3.610487699999794
550,22,4,4,5,5,75.0,75.0,1215.342628314446,840.2757919920962,2.0,1215.0,840.0,2.126328384813083,0.12632838481308317,0.12632838481308317,valid,,,Shared Pattern Plane,Region-SIFT(21/28),102,1,202.7116569902531,208.79709566988876,2.8533347000002323
551,23,4,5,1,1,85.0,65.0,1286.5326280470942,779.9262324418473,1.5,1287.0,780.0,1.1653482826578767,-0.3346517173421233,0.3346517173421233,valid,,,Shared Pattern Plane,Region-SIFT(21/28),102,1,135.762608053823,137.91566860467154,2.5983019999994212
552,23,4,5,1,2,87.5,65.0,1304.0339008376445,781.2383237621606,1.5,1304.0,781.0,1.6329317938789105,0.13293179387891052,0.13293179387891052,valid,,,Shared Pattern Plane,Region-SIFT(21/28),102,1,162.5319029823182,164.656591750206,3.8962142999998832
553,23,4,5,1,3,90.0,65.0,1321.618207982197,782.5566402671493,1.5,1322.0,783.0,1.086868801807773,-0.413131198192227,0.413131198192227,valid,,,Shared Pattern Plane,Region-SIFT(21/28),102,1,139.52853967323506,141.84081720040152,3.16027750000012
554,23,4,5,1,4,92.5,65.0,1339.2861418175596,783.8812263650111,1.5,1339.0,784.0,1.552072862912489,0.052072862912488915,0.052072862912488915,valid,,,Shared Pattern Plane,Region-SIFT(21/28),102,1,187.95631965405096,190.21732817186532,3.213894999999866
555,23,4,5,1,5,95.0,65.0,1357.0383003279899,785.2121268873399,1.5,1357.0,785.0,1.5065246516400794,0.006524651640079426,0.006524651640079426,valid,,,Shared Pattern Plane,Region-SIFT(21/28),102,1,179.07319151257713,182.52355971475473,2.8341052999994645
556,23,4,5,2,1,85.0,67.5,1285.881868405936,796.555055382293,1.5,1286.0,797.0,1.2406630615969023,-0.2593369384030977,0.2593369384030977,valid,,,Shared Pattern Plane,Region-SIFT(21/28),102,1,116.50862767507158,117.00862263057635,3.29199509999944
557,23,4,5,2,2,87.5,67.5,1303.3455857610793,797.9037195209089,1.5,1303.0,798.0,1.1988741635187383,-0.3011258364812617,0.3011258364812617,valid,,,Shared Pattern Plane,Region-SIFT(21/28),102,1,113.96437562054427,114.53608644986353,2.9644913000001907
558,23,4,5,2,3,90.0,67.5,1320.8919883635265,799.2587691629986,1.5,1321.0,799.0,1.1545427792953522,-0.3454572207046478,0.3454572207046478,valid,,,Shared Pattern Plane,Region-SIFT(21/28),102,1,126.42225697986665,127.83746817933992,3.056027599999652
559,23,4,5,2,4,92.5,67.5,1338.5216648399905,800.6202497662222,1.5,1339.0,801.0,1.114500254992639,-0.38549974500736095,0.38549974500736095,valid,,,Shared Pattern Plane,Region-SIFT(21/28),102,1,163.8457168811213,165.72729755179168,2.957023100000697
560,23,4,5,2,5,95.0,67.5,1356.2352094176301,801.9882072207446,1.5,1356.0,802.0,1.5788911895031528,0.07889118950315277,0.07889118950315277,valid,,,Shared Pattern Plane,Region-SIFT(21/28),102,1,190.89370113049864,193.7482361651903,2.9058241000002454
561,23,4,5,3,1,85.0,70.0,1285.2337755703436,813.1157335965362,1.5,1285.0,813.0,1.3086603514840072,-0.19133964851599283,0.19133964851599283,valid,,,Shared Pattern Plane,Region-SIFT(21/28),102,1,179.65950965477674,185.62713862665373,2.8733287000004566
562,23,4,5,3,2,87.5,70.0,1302.660098039955,814.5006597147727,1.5,1303.0,815.0,1.26810482708859,-0.23189517291141004,0.23189517291141004,valid,,,Shared Pattern Plane,Region-SIFT(21/28),102,1,149.37220489562503,150.48861898865565,2.918835399999807
563,23,4,5,3,3,90.0,70.0,1320.168758846156,815.8921295264977,1.5,1320.0,816.0,1.2239854391824139,-0.27601456081758613,0.27601456081758613,valid,,,Shared Pattern Plane,Region-SIFT(21/28),102,1,155.40432000740498,156.6528883302272,3.0373962000003303
564,23,4,5,3,4,92.5,70.0,1337.7603429364779,817.2901895193805,1.5,1338.0,817.0,1.181981893105874,-0.3180181068941259,0.3180181068941259,valid,,,Shared Pattern Plane,Region-SIFT(21/28),102,1,183.53312457453006,186.76034266755028,3.1091268999998647
565,23,4,5,3,5,95.0,70.0,1355.4354408123786,818.6948866224787,1.5,1355.0,819.0,1.1436355140468557,-0.3563644859531443,0.3563644859531443,valid,,,Shared Pattern Plane,Region-SIFT(21/28),102,1,198.5874710607781,202.3562634421596,2.9747739999993428
566,23,4,5,4,1,85.0,72.5,1284.5883331810292,829.6086851125034,1.5,1285.0,830.0,1.8882881107509661,0.38828811075096614,0.38828811075096614,valid,,,Shared Pattern Plane,Region-SIFT(21/28),102,1,150.25786985821196,152.57128223250058,2.9679041999997935
567,23,4,5,4,2,87.5,72.5,1301.9774202893107,831.0295652662072,1.5,1302.0,831.0,1.335967588718272,-0.16403241128172796,0.16403241128172796,valid,,,Shared Pattern Plane,Region-SIFT(21/28),102,1,162.63440208132306,165.11796209795003,3.0496208000004117
568,23,4,5,4,3,90.0,72.5,1319.44850100108,832.4571452014006,1.5,1319.0,832.0,1.2915591580684538,-0.20844084193154622,0.20844084193154622,valid,,,Shared Pattern Plane,Region-SIFT(21/28),102,1,184.70316390587539,188.2039241138395,2.798488299999917
569,23,4,5,4,4,92.5,72.5,1337.0021566152775,833.8914724166165,1.5,1337.0,834.0,1.2517893920747711,-0.24821060792522887,0.24821060792522887,valid,,,Shared Pattern Plane,Region-SIFT(21/28),102,1,229.25388487760353,234.61107728237047,2.821905999999217
570,23,4,5,4,5,95.0,72.5,1354.6389739387355,835.3325948604432,1.5,1355.0,835.0,1.2082016879950201,-0.29179831200497985,0.29179831200497985,valid,,,Shared Pattern Plane,Region-SIFT(21/28),102,1,222.20722451184795,229.27062621572742,2.9290320999998585
571,23,4,5,5,1,85.0,75.0,1283.9455250122376,846.0343245459559,1.5,1284.0,846.0,1.9565642730601431,0.45656427306014313,0.45656427306014313,valid,,,Shared Pattern Plane,Region-SIFT(21/28),102,1,186.9155353142471,188.3377463444812,2.939331800000218
572,23,4,5,5,2,87.5,75.0,1301.2975352664223,847.4908536538128,1.5,1301.0,847.0,1.4007028943476338,-0.09929710565236616,0.09929710565236616,valid,,,Shared Pattern Plane,Region-SIFT(21/28),102,1,232.52365874638633,237.76081548469563,2.883291800000734
573,23,4,5,5,3,90.0,75.0,1318.7311965504261,848.9542365555457,1.5,1319.0,849.0,1.360529471904956,-0.1394705280950439,0.1394705280950439,valid,,,Shared Pattern Plane,Region-SIFT(21/28),102,1,218.50019858829558,222.7762142135189,2.7699671000000308
574,23,4,5,5,4,92.5,75.0,1336.247086544873,850.4245217417117,1.5,1336.0,850.0,1.3192608720689794,-0.18073912793102065,0.18073912793102065,valid,,,Shared Pattern Plane,Region-SIFT(21/28),102,1,196.34799846013388,199.10387523336695,2.728895399999601
575,23,4,5,5,5,95.0,75.0,1353.8457883927197,851.9017581613768,1.5,1354.0,852.0,1.7857403482748886,0.2857403482748886,0.2857403482748886,valid,,,Shared Pattern Plane,Region-SIFT(21/28),102,1,285.83855167166894,296.6012034513754,2.7983068000003186
576,24,4,6,1,1,105.0,65.0,1428.901342271584,790.5997849573529,1.0,1429.0,791.0,0.8386256040521264,-0.16137439594787362,0.16137439594787362,valid,,,Shared Pattern Plane,Region-SIFT(21/28),102,1,173.60674923942202,176.6942846098266,2.751456799999687
577,24,4,6,1,2,107.5,65.0,1447.083796359255,791.9629452529463,1.0,1447.0,792.0,0.7965107957434058,-0.20348920425659422,0.20348920425659422,valid,,,Shared Pattern Plane,Region-SIFT(21/28),102,1,209.2380892561857,213.03397060375806,2.8153080000001864
578,24,4,6,1,3,110.0,65.0,1465.3541854708167,793.3326981422889,1.0,1465.0,793.0,0.751609350543948,-0.24839064945605205,0.24839064945605205,valid,,,Shared Pattern Plane,Region-SIFT(21/28),102,1,220.0435838532826,224.3353439183742,2.7214247000001706
579,24,4,6,1,4,112.5,65.0,1483.713149067151,794.7090915665264,1.0,1484.0,795.0,1.2086004725818678,0.20860047258186776,0.20860047258186776,valid,,,Shared Pattern Plane,Region-SIFT(21/28),102,1,251.02559800223702,255.97634964780573,3.123689699999886
580,24,4,6,1,5,115.0,65.0,1502.1613328243952,796.0921739327698,1.0,1502.0,796.0,1.16539875938782,0.1653987593878199,0.1653987593878199,valid,,,Shared Pattern Plane,Region-SIFT(21/28),102,1,171.40743146371588,173.28954264614794,3.0066940999995495
581,24,4,6,2,1,105.0,67.5,1427.940153064388,807.5257387835413,1.0,1428.0,808.0,0.40399868329109967,-0.5960013167089003,0.5960013167089003,valid,,,Shared Pattern Plane,Region-SIFT(21/28),102,1,210.7457461917211,214.1685171794985,3.067937900000288
582,24,4,6,2,2,107.5,67.5,1446.0821522984086,808.9267843497371,1.0,1446.0,809.0,0.8668475685938243,-0.13315243140617572,0.13315243140617572,valid,,,Shared Pattern Plane,Region-SIFT(21/28),102,1,206.5543385137326,209.24805908310282,3.0948318000000654
583,24,4,6,2,3,110.0,67.5,1464.3117064126325,810.3345914847728,1.0,1464.0,810.0,1.324033708264873,0.324033708264873,0.324033708264873,valid,,,Shared Pattern Plane,Region-SIFT(21/28),102,1,327.7312448309843,341.6366998696066,2.7890141000007134
584,24,4,6,2,4,112.5,67.5,1482.6294507615007,811.7492092549337,1.0,1483.0,812.0,0.7808488712534646,-0.21915112874653542,0.21915112874653542,valid,,,Shared Pattern Plane,Region-SIFT(21/28),102,1,316.48935040872567,327.4762364680313,2.749226300000373
585,24,4,6,2,5,115.0,67.5,1501.0360268617442,813.170687202399,1.0,1501.0,813.0,1.2356377461738661,0.23563774617386612,0.23563774617386612,valid,,,Shared Pattern Plane,Region-SIFT(21/28),102,1,239.97556692254608,245.39958466230152,2.8157946999999695
586,24,4,6,3,1,105.0,70.0,1426.9829783150603,824.3810004629493,1.0,1427.0,824.0,0.47051811913775876,-0.5294818808622412,0.5294818808622412,valid,,,Shared Pattern Plane,Region-SIFT(21/28),102,1,205.4908751038647,210.45700073433278,2.577549999999974
587,24,4,6,3,2,107.5,70.0,1445.084701706674,825.8196028734035,1.0,1445.0,826.0,0.4325012406818107,-0.5674987593181893,0.5674987593181893,valid,,,Shared Pattern Plane,Region-SIFT(21/28),102,1,185.82810983607376,189.36786613376174,2.579481699999633
588,24,4,6,3,3,110.0,70.0,1463.2736022922518,827.2651335369673,1.0,1463.0,827.0,0.8923559387898892,-0.10764406121011083,0.10764406121011083,valid,,,Shared Pattern Plane,Region-SIFT(21/28),102,1,257.4518740699405,265.3135535431923,2.6329382000003534
589,24,4,6,3,4,112.5,70.0,1481.5503113548616,828.7176426237442,1.0,1482.0,829.0,1.349438334330175,0.349438334330175,0.349438334330175,valid,,,Shared Pattern Plane,Region-SIFT(21/28),102,1,345.52113436441573,355.6934627163031,2.620711399999891
590,24,4,6,3,5,115.0,70.0,1499.9154662874648,830.1771807894112,1.0,1500.0,830.0,0.30895841107438093,-0.6910415889256191,0.6910415889256191,valid,,,Shared Pattern Plane,Region-SIFT(21/28),102,1,294.8372111688846,301.2020218656576,2.6098880999998073
591,24,4,6,4,1,105.0,72.5,1426.0297929261162,841.1660119469292,1.0,1426.0,841.0,0.5410450683543164,-0.4589549316456836,0.4589549316456836,valid,,,Shared Pattern Plane,Region-SIFT(21/28),102,1,186.7593750918353,188.06807112817074,2.645002100000056
592,24,4,6,4,2,107.5,72.5,1444.0914183045818,842.641845892903,1.0,1444.0,843.0,0.5028277734361661,-0.49717222656383386,0.49717222656383386,valid,,,Shared Pattern Plane,Region-SIFT(21/28),102,1,202.36373962372068,207.78929695253746,3.064905700000054
593,24,4,6,4,3,110.0,72.5,1462.2398456271028,844.1247725148086,1.0,1462.0,844.0,1.464977094326988,0.46497709432698797,0.46497709432698797,valid,,,Shared Pattern Plane,Region-SIFT(21/28),102,1,234.78824441193274,239.0278764594776,2.798422599999867
594,24,4,6,4,4,112.5,72.5,1480.4757021400715,845.6148430655927,1.0,1480.0,846.0,0.9238776839517567,-0.07612231604824327,0.07612231604824327,valid,,,Shared Pattern Plane,Region-SIFT(21/28),102,1,319.3243969074633,329.44857063383336,3.039429100000234
595,24,4,6,4,5,115.0,72.5,1498.7996211479303,847.1121092932112,1.0,1499.0,847.0,-0.12681220251973346,-1.1268122025197336,1.1268122025197336,valid,,,Shared Pattern Plane,Region-SIFT(21/28),102,1,289.79006080829276,298.6138849464089,2.8350486999997884
596,24,4,6,5,1,105.0,75.0,1425.0805720088415,857.8812115105209,1.0,1425.0,858.0,0.6125965079254931,-0.38740349207450686,0.38740349207450686,valid,,,Shared Pattern Plane,Region-SIFT(21/28),102,1,271.82000858468353,277.1856973651968,2.5066529000005175
597,24,4,6,5,2,107.5,75.0,1443.1022760317896,859.3939547660912,1.0,1443.0,859.0,1.074109242466022,0.07410924246602191,0.07410924246602191,valid,,,Shared Pattern Plane,Region-SIFT(21/28),102,1,237.47123907583733,241.49719642941466,2.633071799999925
598,24,4,6,5,3,110.0,75.0,1461.2104091643232,860.9139528879296,1.0,1461.0,861.0,1.033222855334766,0.03322285533476599,0.03322285533476599,valid,,,Shared Pattern Plane,Region-SIFT(21/28),102,1,279.6997673519074,289.3971252819856,2.541720800000803
599,24,4,6,5,4,112.5,75.0,1479.405594650486,862.4412581911903,1.0,1479.0,862.0,0.990216557524749,-0.00978344247525098,0.00978344247525098,valid,,,Shared Pattern Plane,Region-SIFT(21/28),102,1,366.9772718358923,379.1179175004495,2.5536330000004455
600,24,4,6,5,5,115.0,75.0,1497.688461741079,863.975923495235,1.0,1498.0,864.0,-0.050174771470072876,-1.0501747714700729,1.0501747714700729,valid,,,Shared Pattern Plane,Region-SIFT(21/28),102,1,300.8795335456808,306.96315110730717,2.643477399999938
