sample_id,block_id,row,column,sample_row,sample_column,model_x_mm,model_y_mm,u,v,true_height_mm,measured_u,measured_v,wound_height_mm,error_mm,abs_error_mm,status,failure_reason,measurement_warning,height_reference_source,method,candidate_frame,fused_count,group_score,objective_score,elapsed_seconds
1,1,1,1,1,1,5,5,712.1073038014252,353.79603383431856,12.5,712,354,11.930382269591318,-0.56961773,0.56961773,valid,,,Shared Pattern Plane,Region-SIFT(21/28),117,1,226.57385591981273,230.44429218483236,4.0038534
2,1,1,1,1,2,7.5,5,727.2324947374935,353.1344802231906,12.5,727,353,12.505051614040317,0.005051614,0.005051614,valid,,,Shared Pattern Plane,Region-SIFT(21/28),117,1,225.27184485783653,228.8765409580159,3.7241343000023335
3,1,1,1,1,3,10,5,742.4111723232743,352.4705871846522,12.5,742,352,12.474364677465147,-0.025635323,0.025635322534853344,valid,,,Shared Pattern Plane,Region-SIFT(21/28),117,1,303.97541164519293,311.83920060452874,2.583550199997262
4,1,1,1,1,4,12.5,5,757.6436207755729,351.8043422874781,12.5,758,352,12.433908449374675,-0.066091551,0.066091551,valid,,,Shared Pattern Plane,Region-SIFT(21/28),117,1,272.2847757,280.4228546843201,2.6248888000009174
5,1,1,1,1,5,15,5,772.9301263284592,351.13573301221123,12.5,773,351,13.00132426492896,0.5013242649289609,0.5013242649289609,valid,,,Shared Pattern Plane,Region-SIFT(21/28),117,1,211.5136876171859,214.84655451967356,2.5893819000011717
6,1,1,1,2,1,5,7.5,711.0122175117597,368.6706060452028,12.5,711,369,12.431945848441245,-0.068054152,0.068054152,valid,,,Shared Pattern Plane,Region-SIFT(21/28),117,1,237.7789370203775,241.80161673044222,2.6379471000000194
7,1,1,1,2,2,7.5,7.5,726.1769238983907,368.03356504672195,12.5,726,368,12.401574472854467,-0.098425527,0.098425527,valid,,,Shared Pattern Plane,Region-SIFT(21/28),117,1,178.1054996,182.43995382552575,2.678005999998277
8,1,1,1,2,3,10,7.5,741.3954039060867,367.39426511883073,12.5,741,367,12.371090354395974,-0.128909646,0.1289096456040255,valid,,,Shared Pattern Plane,Region-SIFT(21/28),117,1,198.09222954038592,201.63366763923727,2.6758294999999634
9,1,1,1,2,4,12.5,7.5,756.6679440624723,366.7526942250388,12.5,757,367,12.925121361647474,0.4251213616474736,0.4251213616474736,valid,,,Shared Pattern Plane,Region-SIFT(21/28),117,1,242.4189900080363,247.89968868330354,2.701187899998331
10,1,1,1,2,5,15,7.5,771.9948329344408,366.1088402431897,12.5,772,366,12.300183917550632,-0.199816082,0.19981608244936844,valid,,,Shared Pattern Plane,Region-SIFT(21/28),117,1,208.2822888994974,213.5001923499775,2.469643200001883
11,1,1,1,3,1,5,10,709.9111227862855,383.6267909227352,12.5,710,384,12.329541090710618,-0.170458909,0.17045890928938157,valid,,,Shared Pattern Plane,Region-SIFT(21/28),117,1,162.4144890023287,163.7277405671361,2.474430599999323
12,1,1,1,3,2,7.5,10,725.1155511553685,383.01454210849323,12.5,725,383,12.29942924131084,-0.200570759,0.2005707586891603,valid,,,Shared Pattern Plane,Region-SIFT(21/28),117,1,145.42444082441784,147.34143885205702,2.7340616999972553
13,1,1,1,3,3,10,10,740.3740424313723,382.4001163001641,12.5,740,382,12.26915990114187,-0.230840099,0.2308400988581294,valid,,,Shared Pattern Plane,Region-SIFT(21/28),117,1,197.2825750709211,202.2835828763363,2.776076000001922
14,1,1,1,3,4,12.5,10,755.6868854778542,381.78350186584936,12.5,756,382,12.22939170594637,-0.270608294,0.2706082940536305,valid,,,Shared Pattern Plane,Region-SIFT(21/28),117,1,222.37282802995554,228.0916577766788,2.491549700000178
15,1,1,1,3,5,15,10,771.0543712199453,381.1646871,12.5,771,381,12.19885186386444,-0.301148136,0.30114813613555924,valid,,,Shared Pattern Plane,Region-SIFT(21/28),117,1,193.8288446885568,196.2290952477672,2.4596278999997594
16,1,1,1,4,1,5,12.5,708.8039700390307,398.66526199386215,12.5,709,399,12.22851864423863,-0.271481356,0.2714813557613702,valid,,,Shared Pattern Plane,Region-SIFT(21/28),117,1,164.20502050187852,165.29799378252153,2.6318677000017487
17,1,1,1,4,2,7.5,12.5,724.0483285416952,398.0780884453948,12.5,724,398,12.19860322,-0.301396775,0.30139677514249996,valid,,,Shared Pattern Plane,Region-SIFT(21/28),117,1,155.70349827771463,156.5971047225738,2.676226999999926
18,1,1,1,4,3,10,12.5,739.3470415765834,397.4888212999058,12.5,739,397,12.16857349,-0.331426509,0.33142650933999995,valid,,,Shared Pattern Plane,Region-SIFT(21/28),117,1,177.39776306959686,182.3072976335775,2.6950567000021692
19,1,1,1,4,4,12.5,12.5,754.7004004,396.8974493401578,12.5,755,397,12.129132672224056,-0.370867328,0.3708673277759438,valid,,,Shared Pattern Plane,Region-SIFT(21/28),117,1,176.35090076002496,179.25450684795572,2.7210347000000183
20,1,1,1,4,5,15,12.5,770.1086982269928,396.3039612686363,12.5,770,396,12.682862731039588,0.18286273103958806,0.18286273103958806,valid,,,Shared Pattern Plane,Region-SIFT(21/28),117,1,190.07659284399932,191.04681880222844,2.7978137000027345
21,1,1,1,5,1,5,15,707.6907091368917,413.78670021721814,12.5,708,414,12.128827901336566,-0.371172099,0.37117209866343437,valid,,,Shared Pattern Plane,Region-SIFT(21/28),117,1,169.09413878223882,172.7003884212566,2.721249700000044
22,1,1,1,5,2,7.5,15,722.9752075604313,413.22488857806525,12.5,723,413,12.09912161729719,-0.400878383,0.4008783827028104,valid,,,Shared Pattern Plane,Region-SIFT(21/28),117,1,168.80863570056897,171.92301779925617,2.7402614999991783
23,1,1,1,5,3,10,15,738.3143545062219,412.66106822557333,12.5,738,413,12.643147883810984,0.1431478838109843,0.1431478838109843,valid,,,Shared Pattern Plane,Region-SIFT(21/28),117,1,161.76742806056188,164.1137962837674,2.4852816999991774
24,1,1,1,5,4,12.5,15,753.7084435863984,412.0952284,12.5,754,412,12.610122706635545,0.11012270663554524,0.11012270663554524,valid,,,Shared Pattern Plane,Region-SIFT(21/28),117,1,185.80600904333528,188.74049580516999,2.5784098000003723
25,1,1,1,5,5,15,15,769.1577705202034,411.52735813396805,12.5,769,412,11.97345460740534,-0.526545393,0.5265453925946595,valid,,,Shared Pattern Plane,Region-SIFT(21/28),117,1,182.19265239352274,185.96747935988859,2.576491100000567
26,2,1,2,1,1,25,5,834.6225158409254,348.4373986087915,12,835,348,11.683721411934675,-0.316278588,0.31627858806532494,valid,,,Shared Pattern Plane,Region-SIFT(21/28),117,1,125.14651363261794,125.73634982154084,2.682187899998098
27,2,1,2,1,2,27.5,5,850.1836722778668,347.7567765077087,12,850,348,11.611152517559729,-0.388847482,0.388847482,valid,,,Shared Pattern Plane,Region-SIFT(21/28),117,1,183.29997842475854,186.59335589796927,2.9279777000010654
28,2,1,2,1,3,30,5,865.8006465999317,347.07371301440645,12,866,347,12.192210553365056,0.1922105533650562,0.1922105533650562,valid,,,Shared Pattern Plane,Region-SIFT(21/28),117,1,202.36113384589947,204.67725545423684,2.908619900001213
29,2,1,2,1,4,32.5,5,881.4737396749492,346.3881949693683,12,881,346,12.160225046156182,0.1602250461561816,0.1602250461561816,valid,,,Shared Pattern Plane,Region-SIFT(21/28),117,1,213.71348410712352,219.39371746496218,2.6307698999989952
30,2,1,2,1,5,35,5,897.2032545369445,345.7002091183316,12,897,346,10.937521746839842,-1.062478253,1.0624782531601582,valid,,,Shared Pattern Plane,Region-SIFT(21/28),117,1,160.37023508283826,164.59350046837244,2.718661200000497
31,2,1,2,2,1,25,7.5,833.8517193136778,363.51034795080426,12,834,364,11.562554493819922,-0.437445506,0.4374455061800777,valid,,,Shared Pattern Plane,Region-SIFT(21/28),117,1,163.84211105366862,164.6822942831704,2.649225599998317
32,2,1,2,2,2,27.5,7.5,849.4547529245739,362.85489364411364,12,849,363,11.531744018410741,-0.468255982,0.46825598158925885,valid,,,Shared Pattern Plane,Region-SIFT(21/28),117,1,226.38122107793416,229.82170023959165,2.8510129
33,2,1,2,2,3,30,7.5,865.1139105086094,362.19708167411085,12,865,362,11.49831144313325,-0.501688557,0.5016885568667497,valid,,,Shared Pattern Plane,Region-SIFT(21/28),117,1,200.4793514302168,204.1877182454489,2.5485761999989336
34,2,1,2,2,4,32.5,7.5,880.8294954275276,361.53689929713545,12,881,362,11.458183479633947,-0.54181652,0.5418165203660532,valid,,,Shared Pattern Plane,Region-SIFT(21/28),117,1,164.3949457128212,166.1556438179472,2.693748499998037
35,2,1,2,2,5,35,7.5,896.6018132333292,360.8743336775186,12,897,361,11.424442446356071,-0.575557554,0.5755575536439288,valid,,,Shared Pattern Plane,Region-SIFT(21/28),117,1,185.83768899503838,187.7560831626216,2.6761058999982197
36,2,1,2,3,1,25,10,833.0766328394607,378.6671873352105,12,833,379,11.467170836357038,-0.532829164,0.5328291636429618,valid,,,Shared Pattern Plane,Region-SIFT(21/28),117,1,178.7984886098791,183.30819743872522,2.556630800001585
37,2,1,2,3,2,27.5,10,848.7217693925319,378.0371922,12,849,378,11.43412362994072,-0.56587637,0.5658763700592804,valid,,,Shared Pattern Plane,Region-SIFT(21/28),117,1,201.4009835,203.54715951315924,2.5684710999994422
38,2,1,2,3,3,30,10,864.4233385,377.40492459674704,12,864,377,11.41966846652453,-0.580331533,0.5803315334754693,valid,,,Shared Pattern Plane,Region-SIFT(21/28),117,1,183.93362855961715,186.1305262320977,2.766546599999856
39,2,1,2,3,4,32.5,10,880.1816461376252,376.7703722865567,12,880,377,11.379114073918762,-0.620885926,0.6208859260812378,valid,,,Shared Pattern Plane,Region-SIFT(21/28),117,1,173.59462932405017,176.2175444942746,2.674245999998675
40,2,1,2,3,5,35,10,895.9970003108882,376.13352283688664,12,896,376,11.93111538147674,-0.068884619,0.068884619,valid,,,Shared Pattern Plane,Region-SIFT(21/28),117,1,168.5278797311127,172.29886157288487,2.5903283999978157
41,2,1,2,4,1,25,12.5,832.2972205,393.9086190643044,12,832,394,11.957772780930433,-0.042227219,0.042227219,valid,,,Shared Pattern Plane,Region-SIFT(21/28),117,1,250.2569303230003,258.8624217589784,2.5093078999998397
42,2,1,2,4,2,27.5,12.5,847.9846875962311,393.30437811068697,12,848,393,11.924300101302828,-0.075699899,0.075699899,valid,,,Shared Pattern Plane,Region-SIFT(21/28),117,1,269.96087998183316,279.11588777844327,2.621971600001416
43,2,1,2,4,3,30,12.5,863.7288984375215,392.6979515,12,864,393,11.30097003342994,-0.699029967,0.6990299665700608,valid,,,Shared Pattern Plane,Region-SIFT(21/28),117,1,203.34659919637852,207.53469385808188,2.573980900000606
44,2,1,2,4,4,32.5,12.5,879.5301614608603,392.08932745283624,12,880,392,11.850187241134574,-0.149812759,0.14981275886542633,valid,,,Shared Pattern Plane,Region-SIFT(21/28),117,1,218.82266119396874,220.8453253133059,2.5596817000005103
45,2,1,2,4,5,35,12.5,895.3887873385023,391.47849390226327,12,895,391,11.237179184746687,-0.762820815,0.7628208152533134,valid,,,Shared Pattern Plane,Region-SIFT(21/28),117,1,181.9838339457436,183.46258568748158,2.6930131999979494
46,2,1,2,5,1,25,15,831.513446,409.23535330160325,12,832,409,11.857681111274943,-0.142318889,0.1423188887250575,valid,,,Shared Pattern Plane,Region-SIFT(21/28),117,1,191.3955035542685,194.70393946976913,2.558455000002141
47,2,1,2,5,2,27.5,15,847.2434730679338,408.65716538526874,12,847,409,11.82033283389488,-0.179667166,0.17966716610511924,valid,,,Shared Pattern Plane,Region-SIFT(21/28),117,1,201.6092487385664,205.70539050252248,2.6084473000009893
48,2,1,2,5,3,30,15,863.0305576375941,408.07688020915424,12,863,408,11.786971303222641,-0.213028697,0.21302869677735892,valid,,,Shared Pattern Plane,Region-SIFT(21/28),117,1,186.84907563376046,189.29891724760859,2.5628958999986935
49,2,1,2,5,4,32.5,15,878.8750107113397,407.49448634144744,12,879,407,11.723636219925448,-0.27636378,0.2763637800745524,valid,,,Shared Pattern Plane,Region-SIFT(21/28),117,1,262.6866154584935,271.97699205067937,2.6392608000023756
50,2,1,2,5,5,35,15,894.7771455644903,406.90997226710135,12,895,407,11.72761810189395,-0.272381898,0.2723818981060493,valid,,,Shared Pattern Plane,Region-SIFT(21/28),117,1,221.10990167799451,224.2106432560618,2.6977473000006285
51,3,1,3,1,1,45,5,960.6916694517514,342.9233192,11.5,961,343,10.793831746561901,-0.706168253,0.7061682534380989,valid,,,Shared Pattern Plane,Region-SIFT(21/28),117,1,135.23752181391237,136.2179822036571,2.801716199999646
52,3,1,3,1,2,47.5,5,976.7079159549626,342.2227921333221,11.5,977,342,11.343670486946271,-0.156329513,0.15632951305372877,valid,,,Shared Pattern Plane,Region-SIFT(21/28),117,1,157.17129631496613,160.64761634439841,2.4984469000009994
53,3,1,3,1,3,50,5,992.7824490481087,341.51971569217733,11.5,993,342,11.312574121793471,-0.187425878,0.187425878,valid,,,Shared Pattern Plane,Region-SIFT(21/28),117,1,185.04032956229315,190.20096115102263,2.4476580999980797
54,3,1,3,1,4,52.5,5,1008.9155874874883,340.81407593936285,11.5,1009,341,11.857013798336528,0.3570137983365278,0.3570137983365278,valid,,,Shared Pattern Plane,Region-SIFT(21/28),117,1,181.2579679337759,186.73492637098792,2.5355588999991596
55,3,1,3,1,5,55,5,1025.107652357921,340.1058588311009,11.5,1025,340,11.231987009769487,-0.26801299,0.2680129902305133,valid,,,Shared Pattern Plane,Region-SIFT(21/28),117,1,197.29144497725068,202.79490547705146,2.615983399999095
56,3,1,3,2,1,45,7.5,960.2646021,358.1999787921154,11.5,960,358,11.28410225894098,-0.215897741,0.21589774105902038,valid,,,Shared Pattern Plane,Region-SIFT(21/28),117,1,209.60889090482522,215.0237505450444,2.646089599998959
57,3,1,3,2,2,47.5,7.5,976.3252457,357.52530114521375,11.5,976,358,11.243207954771643,-0.256792045,0.25679204522835697,valid,,,Shared Pattern Plane,Region-SIFT(21/28),117,1,170.8809807631074,175.50498643766176,2.604265400001168
58,3,1,3,2,3,50,7.5,992.4445026,356.8481612622512,11.5,992,357,11.208607901014297,-0.291392099,0.2913920989857033,valid,,,Shared Pattern Plane,Region-SIFT(21/28),117,1,188.97163008028866,194.63765368777842,2.6391392999976233
59,3,1,3,2,4,52.5,7.5,1008.6226942779363,356.1685456396916,11.5,1009,356,11.75626440177072,0.25626440177071963,0.25626440177071963,valid,,,Shared Pattern Plane,Region-SIFT(21/28),117,1,223.5612453909778,229.26923441554618,2.7546465000013995
60,3,1,3,2,5,55,7.5,1024.860144517302,355.4864406750753,11.5,1025,355,11.12773828730521,-0.372261713,0.37226171269479025,valid,,,Shared Pattern Plane,Region-SIFT(21/28),117,1,266.2318325506947,275.0127753845846,2.565097299997433
61,3,1,3,3,1,45,10,959.8351232709377,373.5629023481085,11.5,960,374,11.753370097625089,0.2533700976250888,0.2533700976250888,valid,,,Shared Pattern Plane,Region-SIFT(21/28),117,1,224.85768822362184,228.5566675695669,2.6036559999993187
62,3,1,3,3,2,47.5,10,975.9404106764598,372.91437792629546,11.5,976,373,11.147957956003166,-0.352042044,0.3520420439968337,valid,,,Shared Pattern Plane,Region-SIFT(21/28),117,1,183.77349597285036,185.59552247252017,2.5827434999991965
63,3,1,3,3,3,50,10,992.1046409,372.26348000778626,11.5,992,372,11.11362748098436,-0.386372519,0.38637251901564085,valid,,,Shared Pattern Plane,Region-SIFT(21/28),117,1,179.94714764337692,183.77614710183786,2.7045577999997477
64,3,1,3,3,4,52.5,10,1008.3281380680517,371.6101955387604,11.5,1008,372,11.07288273279491,-0.427117267,0.42711726720508914,valid,,,Shared Pattern Plane,Region-SIFT(21/28),117,1,182.14748967135392,184.81902701572767,2.7469536999997217
65,3,1,3,3,5,55,10,1024.6112287860924,370.9545113694966,11.5,1025,371,11.614775012387318,0.11477501238731769,0.11477501238731769,valid,,,Shared Pattern Plane,Region-SIFT(21/28),117,1,190.10428559338604,192.7429002289336,2.6436534999993455
66,3,1,3,4,1,45,12.5,959.4032123622867,389.01282261227516,11.5,959,389,11.090371822947715,-0.409628177,0.4096281770522854,valid,,,Shared Pattern Plane,Region-SIFT(21/28),117,1,163.6085994619541,166.54660954152035,2.6090637000015704
67,3,1,3,4,2,47.5,12.5,975.5533924116974,388.3907591435933,11.5,976,388,11.053984719228728,-0.446015281,0.44601528077127206,valid,,,Shared Pattern Plane,Region-SIFT(21/28),117,1,200.81756158102127,206.19514262127691,2.5824027999988175
68,3,1,3,4,3,50,12.5,991.7628475320654,387.76641255137145,11.5,992,388,11.013693526524799,-0.486306473,0.4863064734752012,valid,,,Shared Pattern Plane,Region-SIFT(21/28),117,1,182.972862,185.85255049563125,3.0466101999991224
69,3,1,3,4,4,52.5,12.5,1008.0319046541402,387.13977024307644,11.5,1008,387,11.55475417774337,0.054754177743369326,0.054754177743369326,valid,,,Shared Pattern Plane,Region-SIFT(21/28),117,1,183.16691869654983,184.95273784230557,3.097751799999969
70,3,1,3,4,5,55,12.5,1024.3608931173435,386.5108195333997,11.5,1024,387,11.513121765638592,0.013121765638592464,0.013121765638592464,valid,,,Shared Pattern Plane,Region-SIFT(21/28),117,1,137.03687795760138,139.81987110213558,2.7301128999970388
71,3,1,3,5,1,45,15,958.9688486966437,404.5504806464178,11.5,959,405,10.991171341204062,-0.508828659,0.5088286587959381,valid,,,Shared Pattern Plane,Region-SIFT(21/28),117,1,167.8850422420199,171.26233664902344,3.1013123000011547
72,3,1,3,5,2,47.5,15,975.1641722911785,403.9551898463451,11.5,975,404,10.968442561173127,-0.531557439,0.5315574388268729,valid,,,Shared Pattern Plane,Region-SIFT(21/28),117,1,183.28275205117683,186.85268431275534,2.7235484999982873
73,3,1,3,5,3,50,15,991.4191060431885,403.3577079583248,11.5,991,403,10.933950162834716,-0.566049837,0.5660498371652842,valid,,,Shared Pattern Plane,Region-SIFT(21/28),117,1,189.80108437714753,193.30395661119528,2.643225600000733
74,3,1,3,5,4,52.5,15,1007.7339796702951,402.75802286294083,11.5,1008,403,11.451548716533884,-0.048451283,0.048451283,valid,,,Shared Pattern Plane,Region-SIFT(21/28),117,1,170.08551049106336,172.33036164787052,3.3296783000005234
75,3,1,3,5,5,55,15,1024.1091253262705,402.1561223512313,11.5,1024,402,11.408257198882024,-0.091742801,0.091742801,valid,,,Shared Pattern Plane,Region-SIFT(21/28),117,1,137.16496973088175,139.75195595764725,3.011037200001738
76,4,1,4,1,1,65,5,1090.471680544238,337.2469323509457,11,1090,337,11.080522245336418,0.080522245,0.080522245,valid,,,Shared Pattern Plane,Region-SIFT(21/28),117,1,161.7277744293213,164.06173254893017,2.689303499999369
77,4,1,4,1,2,67.5,5,1106.9632768447325,336.5256141783705,11,1107,337,10.447810896271609,-0.552189104,0.5521891037283915,valid,,,Shared Pattern Plane,Region-SIFT(21/28),117,1,159.22336349487307,160.32814062169044,2.6303205
78,4,1,4,1,3,70,5,1123.5157761935632,335.8016321960143,11,1124,336,10.996725539069685,-0.003274461,0.003274461,valid,,,Shared Pattern Plane,Region-SIFT(21/28),117,1,181.7823252849478,186.5340593542821,2.742617200001405
79,4,1,4,1,4,72.5,5,1140.1295165849594,335.0749716205063,11,1140,335,10.960406354480108,-0.039593646,0.039593646,valid,,,Shared Pattern Plane,Region-SIFT(21/28),117,1,134.09972013897365,135.34457973422363,2.658663499998511
80,4,1,4,1,5,75,5,1156.8048385188133,334.3456175588821,11,1157,334,10.923802292804718,-0.076197707,0.076197707,valid,,,Shared Pattern Plane,Region-SIFT(21/28),117,1,155.5899253355763,157.37700400611385,2.5971695000007458
81,4,1,4,2,1,65,7.5,1090.4090909628123,352.7328518334323,11,1090,353,10.396053862651527,-0.603946137,0.6039461373484727,valid,,,Shared Pattern Plane,Region-SIFT(21/28),117,1,172.37407729335564,176.14562357675825,2.660296999998536
82,4,1,4,2,2,67.5,7.5,1106.9477751006293,352.03809259523143,11,1107,352,10.358709171366414,-0.641290829,0.6412908286335863,valid,,,Shared Pattern Plane,Region-SIFT(21/28),117,1,169.96777127886574,172.19580979626136,2.9184753999979876
83,4,1,4,2,3,70,7.5,1123.5477113238624,351.34076027129737,11,1124,351,10.903153250115828,-0.09684675,0.09684675,valid,,,Shared Pattern Plane,Region-SIFT(21/28),117,1,143.75946117179103,144.94394400230954,2.747522800000297
84,4,1,4,2,4,72.5,7.5,1140.2092405403837,350.64084054072686,11,1140,351,10.860962147424878,-0.139037853,0.1390378525751217,valid,,,Shared Pattern Plane,Region-SIFT(21/28),117,1,158.80582685369663,161.86847916671334,2.549310400001559
85,4,1,4,2,5,75,7.5,1156.932706,349.93831897614575,11,1157,350,10.82217577266469,-0.177824227,0.17782422733531078,valid,,,Shared Pattern Plane,Region-SIFT(21/28),117,1,158.23778608766182,161.7534149325401,2.6216735000016342
86,4,1,4,3,1,65,10,1090.3461427202299,368.3075112894203,11,1090,368,10.313585866798233,-0.686414133,0.686414133,valid,,,Shared Pattern Plane,Region-SIFT(21/28),117,1,212.16664602087923,214.96765956687514,2.6171621000030427
87,4,1,4,3,2,67.5,10,1106.9321843612095,367.6396279543055,11,1107,368,10.842790112059786,-0.157209888,0.15720988794021373,valid,,,Shared Pattern Plane,Region-SIFT(21/28),117,1,182.19029805975617,183.96036525650584,2.7335459999994782
88,4,1,4,3,3,70,10,1123.5798301338211,366.9692639566081,11,1124,367,10.804675078698077,-0.195324921,0.19532492130192303,valid,,,Shared Pattern Plane,Region-SIFT(21/28),117,1,185.01731315188937,189.59090590042538,2.786494699998002
89,4,1,4,3,4,72.5,10,1140.2894238931642,366.2964054500413,11,1140,366,10.769014343516734,-0.230985656,0.2309856564832664,valid,,,Shared Pattern Plane,Region-SIFT(21/28),117,1,204.29072537043737,208.32545363544347,2.6899015000017243
90,4,1,4,3,5,75,10,1157.0613120581647,365.62103848507854,11,1157,366,10.722028395029072,-0.277971605,0.27797160497092754,valid,,,Shared Pattern Plane,Region-SIFT(21/28),117,1,178.08587162381127,181.62484643058923,2.6449311999967904
91,4,1,4,4,1,65,12.5,1090.2828327247428,383.97167567934014,11,1090,384,10.789025520110377,-0.21097448,0.21097447988962337,valid,,,Shared Pattern Plane,Region-SIFT(21/28),117,1,213.90634339549553,216.15227477924756,2.6321662999980617
92,4,1,4,4,2,67.5,12.5,1106.9165038578856,383.3309893755133,11,1107,383,10.746648240127183,-0.25335176,0.25335175987281744,valid,,,Shared Pattern Plane,Region-SIFT(21/28),117,1,201.1513703,201.84962137495842,2.637340799999947
93,4,1,4,4,3,70,12.5,1123.612134212701,382.68791656155247,11,1124,383,10.707581392081325,-0.292418608,0.292418608,valid,,,Shared Pattern Plane,Region-SIFT(21/28),117,1,190.2865053060824,194.51362993167012,2.577030799999193
94,4,1,4,4,4,72.5,12.5,1140.370070625588,382.04244387821046,11,1140,382,10.672236837354115,-0.327763163,0.32776316264588523,valid,,,Shared Pattern Plane,Region-SIFT(21/28),117,1,165.47696605460357,168.39967109293252,2.6650534000000334
95,4,1,4,4,5,75,12.5,1157.1906625264855,381.39455786634295,11,1157,381,10.63680420353088,-0.363195796,0.36319579646911926,valid,,,Shared Pattern Plane,Region-SIFT(21/28),117,1,179.3505615,182.47948401387515,2.582707500001561
96,4,1,4,5,1,65,15,1090.219157848966,399.72611878115487,11,1090,400,10.698230271884483,-0.301769728,0.3017697281155165,valid,,,Shared Pattern Plane,Region-SIFT(21/28),117,1,122.81377736197578,125.0589729823627,2.749154899996938
97,4,1,4,5,2,67.5,15,1106.9007328131934,399.11295486078234,11,1107,399,10.655246275088167,-0.344753725,0.34475372491183265,valid,,,Shared Pattern Plane,Region-SIFT(21/28),117,1,110.80326420869777,111.05311957378463,2.5120973000011873
98,4,1,4,5,3,70,15,1123.6446251681516,398.4975003428079,11,1124,398,10.617778882298303,-0.382221118,0.38222111770169676,valid,,,Shared Pattern Plane,Region-SIFT(21/28),117,1,122.1406806355431,123.27671454409149,2.813840999999229
99,4,1,4,5,4,72.5,15,1140.4511847661017,397.8797423677275,11,1140,398,10.576811131376475,-0.423188869,0.4231888686235248,valid,,,Shared Pattern Plane,Region-SIFT(21/28),117,1,155.78475340838153,157.62950934495422,2.615805800000089
100,4,1,4,5,5,75,15,1157.3207640829935,397.25966797959796,11,1157,397,11.103227058967471,0.10322705896747131,0.10322705896747131,valid,,,Shared Pattern Plane,Region-SIFT(21/28),117,1,144.47178540910994,147.13231541601726,2.555602100001124
101,5,1,5,1,1,85,5,1224.1288406847602,331.40096469884725,10.5,1224,331,10.179090623695737,-0.320909376,0.32090937630426275,valid,,,Shared Pattern Plane,Region-SIFT(21/28),117,1,139.52569650216077,142.18720302789544,2.7070355
102,5,1,5,1,2,87.5,5,1241.117267170414,330.6579159045232,10.5,1241,331,10.134393352628402,-0.365606647,0.36560664737159776,valid,,,Shared Pattern Plane,Region-SIFT(21/28),117,1,146.88002346432398,150.1744875846317,2.699410100001842
103,5,1,5,1,3,90,5,1258.1693721378163,329.91208190704174,10.5,1258,330,10.67329579899871,0.17329579899871028,0.17329579899871028,valid,,,Shared Pattern Plane,Region-SIFT(21/28),117,1,183.34549144815517,189.37756992889194,2.5926578999969934
104,5,1,5,1,4,92.5,5,1275.2855142926114,329.1634470171455,10.5,1275,329,10.630122914388176,0.13012291438817591,0.13012291438817591,valid,,,Shared Pattern Plane,Region-SIFT(21/28),117,1,166.82031021168623,170.4374829853369,2.628647400000773
105,5,1,5,1,5,95,5,1292.4660550396668,328.4119954275168,10.5,1292,328,10.59255875052132,0.092558751,0.092558751,valid,,,Shared Pattern Plane,Region-SIFT(21/28),117,1,224.4526259230558,232.02997152164926,2.5318908999979612
106,5,1,5,2,1,85,7.5,1224.4528920442242,347.10192204791673,10.5,1224,347,10.086631780310517,-0.41336822,0.4133682196894828,valid,,,Shared Pattern Plane,Region-SIFT(21/28),117,1,152.09660711994877,154.32832720378946,2.566319499997917
107,5,1,5,2,2,87.5,7.5,1241.4912818865257,346.38617110616315,10.5,1241,346,10.622395783526732,0.12239578352673242,0.12239578352673242,valid,,,Shared Pattern Plane,Region-SIFT(21/28),117,1,165.52502560287556,170.06967305698547,2.749104000002262
108,5,1,5,2,3,90,7.5,1258.5937233843924,345.6677294739621,10.5,1259,346,10.576146062291292,0.076146062,0.076146062,valid,,,Shared Pattern Plane,Region-SIFT(21/28),117,1,190.89628314063663,195.47805389830245,2.5913686
109,5,1,5,2,4,92.5,7.5,1275.7605783977642,344.94658195025295,10.5,1276,345,10.531212172434675,0.031212172434674557,0.031212172434674557,valid,,,Shared Pattern Plane,Region-SIFT(21/28),117,1,183.5838997270695,187.6344503184304,2.6182760000010603
110,5,1,5,2,5,95,7.5,1292.9922115174957,344.22271321925473,10.5,1293,344,10.493989399894451,-0.0060106,0.0060106,valid,,,Shared Pattern Plane,Region-SIFT(21/28),117,1,174.0728328038776,175.24034453192832,2.659971199998836
111,5,1,5,3,1,85,10,1224.7788282353695,362.8942033830623,10.5,1225,363,10.56320650553579,0.063206506,0.063206506,valid,,,Shared Pattern Plane,Region-SIFT(21/28),117,1,161.39388057718833,164.55310106678425,2.767694800000754
112,5,1,5,3,2,87.5,10,1241.8674761374116,362.20608120174444,10.5,1242,362,10.523974587216141,0.023974587,0.023974587,valid,,,Shared Pattern Plane,Region-SIFT(21/28),117,1,159.29257030739353,160.5016608423623,2.725293800001964
113,5,1,5,3,3,90,10,1259.0205521586665,361.5153646420893,10.5,1259,362,9.908835996644212,-0.591164003,0.5911640033557877,valid,,,Shared Pattern Plane,Region-SIFT(21/28),117,1,187.11081370550488,191.94443107388994,2.6817427999994834
114,5,1,5,3,4,92.5,10,1276.238421350462,360.8220390042846,10.5,1276,361,10.439153458133722,-0.060846542,0.060846541866277803,valid,,,Shared Pattern Plane,Region-SIFT(21/28),117,1,131.52365446847583,133.45541115504636,2.549052700000175
115,5,1,5,3,5,95,10,1293.5214515271975,360.1260894772553,10.5,1294,360,10.396811927777014,-0.103188072,0.1031880722229861,valid,,,Shared Pattern Plane,Region-SIFT(21/28),117,1,145.25961482184272,146.26872320067343,2.590921699997125
116,5,1,5,4,1,85,12.5,1225.106665750732,378.7786078016733,10.5,1225,379,10.468415717981248,-0.031584282,0.031584282018751964,valid,,,Shared Pattern Plane,Region-SIFT(21/28),117,1,196.4482187382128,200.79519684343103,2.719802499999787
117,5,1,5,4,2,87.5,12.5,1242.2458690302872,378.1184496975589,10.5,1242,378,9.865215357903537,-0.634784642,0.6347846420964629,valid,,,Shared Pattern Plane,Region-SIFT(21/28),117,1,174.69252887705647,176.4615738831366,2.4886034000010113
118,5,1,5,4,3,90,12.5,1259.449880221318,377.4557953590939,10.5,1259,377,10.390568863903082,-0.109431136,0.10943113609691757,valid,,,Shared Pattern Plane,Region-SIFT(21/28),117,1,122.36708330578274,122.77219932862108,2.665687100001378
119,5,1,5,4,4,92.5,12.5,1276.7190676041769,376.79063060106444,10.5,1277,377,10.342963873424207,-0.157036127,0.15703612657579313,valid,,,Shared Pattern Plane,Region-SIFT(21/28),117,1,112.20782310798685,112.75453489372896,2.6680498000023363
120,5,1,5,4,5,95,12.5,1294.0538022549204,376.1229411305736,10.5,1294,376,10.303646112303905,-0.196353888,0.19635388769609463,valid,,,Shared Pattern Plane,Region-SIFT(21/28),117,1,171.99172417877844,175.70617950734706,2.6827037000002747
121,5,1,5,5,1,85,15,1225.4364212758253,394.7559437513598,10.5,1225,395,10.37493815947659,-0.125061841,0.12506184052340963,valid,,,Shared Pattern Plane,Region-SIFT(21/28),117,1,152.66195460627318,155.3307019220904,2.517242600002646
122,5,1,5,5,2,87.5,15,1242.6264798963653,394.1240895195018,10.5,1243,394,10.33274104917825,-0.167258951,0.16725895082175057,valid,,,Shared Pattern Plane,Region-SIFT(21/28),117,1,198.0817179170235,202.9628579,2.637496999999712
123,5,1,5,5,3,90,15,1259.8817295886133,393.4898390622761,10.5,1260,393,10.29521936231912,-0.204780638,0.20478063768088006,valid,,,Shared Pattern Plane,Region-SIFT(21/28),117,1,158.30731144001876,159.8772448646654,2.5911648999972385
124,5,1,5,5,4,92.5,15,1277.2025419001407,392.8531787,10.5,1277,393,10.250683005948751,-0.249316994,0.24931699405124874,valid,,,Shared Pattern Plane,Region-SIFT(21/28),117,1,118.1342345913882,118.6772189705602,2.5800897000008263
125,5,1,5,5,5,95,15,1294.5892912073393,392.21409473991173,10.5,1295,392,10.209138908727613,-0.290861091,0.2908610912723866,valid,,,Shared Pattern Plane,Region-SIFT(21/28),117,1,143.2461224510556,144.02271875039196,2.598095099998318
126,6,1,6,1,1,105,5,1361.8395279531967,325.37770173056975,10,1362,325,9.860878338842888,-0.139121661,0.13912166115711244,valid,,,Shared Pattern Plane,Region-SIFT(21/28),117,1,183.18879877928072,187.49812982854024,2.7032729
127,6,1,6,1,2,107.5,5,1379.3475790041896,324.61192532182525,10,1379,325,9.808847991446301,-0.191152009,0.19115200855369885,valid,,,Shared Pattern Plane,Region-SIFT(21/28),117,1,194.19963006115466,198.73954305341957,2.646114099999977
128,6,1,6,1,3,110,5,1396.922255205184,323.8432348269868,10,1397,324,9.749957011651851,-0.250042988,0.25004298834814875,valid,,,Shared Pattern Plane,Region-SIFT(21/28),117,1,155.3590747293341,158.59940356097144,2.558870199998637
129,6,1,6,1,4,112.5,5,1414.5639375842522,323.07161358044675,10,1415,323,10.26400013628674,0.26400013628673946,0.26400013628673946,valid,,,Shared Pattern Plane,Region-SIFT(21/28),117,1,187.23647864155038,193.55716851007267,2.4623842000000877
130,6,1,6,1,5,115,5,1432.2730100804738,322.29704478927437,10,1432,322,10.240249671737367,0.24024967173736655,0.24024967173736655,valid,,,Shared Pattern Plane,Region-SIFT(21/28),117,1,230.7106936207524,236.62286785162635,2.5859946
131,6,1,6,2,1,105,7.5,1362.5739139127556,341.2997158304656,10,1363,341,10.320816191057231,0.32081619105723114,0.32081619105723114,valid,,,Shared Pattern Plane,Region-SIFT(21/28),117,1,241.52408570385484,247.15689735419232,2.5944987000002584
132,6,1,6,2,2,107.5,7.5,1380.1350038323967,340.56200723449274,10,1380,341,9.141877205738401,-0.858122794,0.8581227942615985,valid,,,Shared Pattern Plane,Region-SIFT(21/28),117,1,266.5265813131181,275.0373046385973,2.818623799998022
133,6,1,6,2,3,110,7.5,1397.7631182188863,339.8214830658213,10,1398,340,9.667312646378566,-0.332687354,0.3326873536214343,valid,,,Shared Pattern Plane,Region-SIFT(21/28),117,1,209.84524959988062,214.23343684988023,2.7946568000006664
134,6,1,6,2,4,112.5,7.5,1415.4586415188862,339.0781271745651,10,1415,339,9.618448794,-0.381551206,0.38155120563443923,valid,,,Shared Pattern Plane,Region-SIFT(21/28),117,1,211.5294203702735,215.25731014394887,2.6062504000001354
135,6,1,6,2,5,115,7.5,1433.2219611248952,338.3319232870884,10,1433,338,9.574885085907205,-0.425114914,0.425114914,valid,,,Shared Pattern Plane,Region-SIFT(21/28),117,1,249.43226573580785,257.0034318217835,2.5507959999995364
136,6,1,6,3,1,105,10,1363.3126365541584,357.3157523017921,10,1363,357,10.228052570297546,0.22805257,0.22805257,valid,,,Shared Pattern Plane,Region-SIFT(21/28),117,1,207.81369659181627,211.62789023661836,2.7040526999990107
137,6,1,6,3,2,107.5,10,1380.9270874293381,356.60645719381006,10,1381,357,9.619750587082061,-0.380249413,0.380249413,valid,,,Shared Pattern Plane,Region-SIFT(21/28),117,1,299.6358881793956,308.22465455349214,2.5982535000002827
138,6,1,6,3,3,110,10,1398.6089656882132,355.8944469337216,10,1399,356,9.577676186609521,-0.422323813,0.422323813,valid,,,Shared Pattern Plane,Region-SIFT(21/28),117,1,259.1273255222058,266.00090805746083,2.497090400000161
139,6,1,6,3,4,112.5,10,1416.3586592370486,355.17970590139646,10,1416,355,9.538091235289603,-0.461908765,0.46190876471039743,valid,,,Shared Pattern Plane,Region-SIFT(21/28),117,1,202.0054799,205.67216263639645,2.6516551000022446
140,6,1,6,3,5,115,10,1434.1765589632998,354.4622183566583,10,1434,354,9.486187420076861,-0.51381258,0.5138125799231386,valid,,,Shared Pattern Plane,Region-SIFT(21/28),117,1,197.30357895099297,199.56497527778856,2.560053799999878
141,6,1,6,4,1,105,12.5,1364.0557344044948,373.4266464394822,10,1364,373,9.577843018186334,-0.422156982,0.4221569818136661,valid,,,Shared Pattern Plane,Region-SIFT(21/28),117,1,222.55808652342944,224.99791121642048,2.558486300000368
142,6,1,6,4,2,107.5,12.5,1381.7238712628246,372.74611517199094,10,1382,373,9.530970341622455,-0.469029658,0.4690296583775453,valid,,,Shared Pattern Plane,Region-SIFT(21/28),117,1,297.40837095956954,309.14819831283467,2.515036199998576
143,6,1,6,4,3,110,12.5,1399.459842065091,372.0629711151479,10,1399,372,9.491880706706393,-0.508119293,0.5081192932936069,valid,,,Shared Pattern Plane,Region-SIFT(21/28),117,1,231.84493003421358,239.40409580226068,2.6505126999982167
144,6,1,6,4,4,112.5,12.5,1417.2640382187947,371.37719919294153,10,1417,371,9.450118645,-0.549881355,0.5498813548166304,valid,,,Shared Pattern Plane,Region-SIFT(21/28),117,1,196.29156436213742,201.49721428594037,2.6046251000007032
145,6,1,6,4,5,115,12.5,1435.136854,370.6887842131495,10,1435,371,9.402880675003411,-0.597119325,0.5971193249965889,valid,,,Shared Pattern Plane,Region-SIFT(21/28),117,1,248.54711796694966,254.32664823661645,2.7995953999998164
146,6,1,6,5,1,105,15,1364.8032464485768,389.6332434622054,10,1365,390,9.484534674920233,-0.515465325,0.5154653250797665,valid,,,Shared Pattern Plane,Region-SIFT(21/28),117,1,187.57862340533546,191.26718833318085,2.5729113000015786
147,6,1,6,5,2,107.5,15,1382.525397294272,388.9818311,10,1383,389,9.436366047714271,-0.563633952,0.5636339522857288,valid,,,Shared Pattern Plane,Region-SIFT(21/28),117,1,230.51554438777703,236.46407710889417,2.614460400000098
148,6,1,6,5,3,110,15,1400.3157923315923,388.32791036849375,10,1400,388,9.404752355,-0.595247645,0.5952476449719395,valid,,,Shared Pattern Plane,Region-SIFT(21/28),117,1,149.9273784920021,150.2741988343338,2.622577199999796
149,6,1,6,5,4,112.5,15,1418.1748265115323,387.6714666312974,10,1418,388,9.358105611,-0.641894389,0.6418943885092698,valid,,,Shared Pattern Plane,Region-SIFT(21/28),117,1,156.14717183693375,158.81323267910946,2.5563905000017257
150,6,1,6,5,5,115,15,1436.1028978385868,387.0124852987081,10,1436,387,9.871893622126581,-0.128106378,0.1281063778734186,valid,,,Shared Pattern Plane,Region-SIFT(21/28),117,1,237.9424277583127,245.39418977684937,2.588169200000266
151,7,2,1,1,1,5,25,703.1755617405368,475.11600971882694,9.5,703,475,9.425304993766428,-0.074695006,0.074695006,valid,,,Shared Pattern Plane,Region-SIFT(21/28),117,1,242.30420439684835,247.4150572792502,2.801362700000027
152,7,2,1,1,2,7.5,25,718.6227510485162,474.6585852656998,9.5,719,475,9.991467563812702,0.4914675638127015,0.4914675638127015,valid,,,Shared Pattern Plane,Region-SIFT(21/28),117,1,231.24390890030634,236.62733074739623,2.755564200000663
153,7,2,1,1,3,10,25,734.1257890037909,474.1995070141737,9.5,734,474,8.807074538209045,-0.692925462,0.6929254617909546,valid,,,Shared Pattern Plane,Region-SIFT(21/28),117,1,223.93259897433893,229.12058985183523,2.7601660000000265
154,7,2,1,1,4,12.5,25,749.6849790324391,473.7387659791506,9.5,750,474,8.773901668462265,-0.726098332,0.7260983315377345,valid,,,Shared Pattern Plane,Region-SIFT(21/28),117,1,185.60061688599762,187.9663781796391,2.5011389999999665
155,7,2,1,1,5,15,25,765.3006267625484,473.2763531103265,9.5,765,473,8.747587492021095,-0.752412508,0.7524125079789048,valid,,,Shared Pattern Plane,Region-SIFT(21/28),117,1,183.53134672528222,187.91419662377118,3.0480979999992996
156,7,2,1,2,1,5,27.5,702.0309883810197,490.6627654836086,9.5,702,491,9.368047994,-0.131952006,0.1319520059600805,valid,,,Shared Pattern Plane,Region-SIFT(21/28),117,1,187.13819247301294,190.96006665888856,3.1469938999980513
157,7,2,1,2,2,7.5,27.5,717.5193916967238,490.2321915,9.5,718,490,9.33944256,-0.16055744,0.16055743958114022,valid,,,Shared Pattern Plane,Region-SIFT(21/28),117,1,206.8249682118653,211.9407842,2.728874699998414
158,7,2,1,2,3,10,27.5,733.0639498647399,489.8000563726347,9.5,733,490,9.307786081390958,-0.192213919,0.1922139186090419,valid,,,Shared Pattern Plane,Region-SIFT(21/28),117,1,250.79012461667338,256.5262057340056,2.6100915999995777
159,7,2,1,2,4,12.5,27.5,748.6649688327691,489.3663517,9.5,749,489,9.279016508645888,-0.220983491,0.22098349135411155,valid,,,Shared Pattern Plane,Region-SIFT(21/28),117,1,138.8528187660944,142.19368494187688,2.5440326
160,7,2,1,2,5,15,27.5,764.3227567750756,488.9310688113327,9.5,764,489,9.247235846616464,-0.252764153,0.2527641533835361,valid,,,Shared Pattern Plane,Region-SIFT(21/28),117,1,103.13668476664833,106.73656605759945,3.0079788000002736
161,7,2,1,3,1,5,30,700.8799941455319,506.29673609546376,9.5,701,506,8.721846680926943,-0.778153319,0.7781533190730574,valid,,,Shared Pattern Plane,Region-SIFT(21/28),117,1,223.01741372769473,226.87302512208805,3.083345499999268
162,7,2,1,3,2,7.5,30,716.4098314412159,505.89332169025545,9.5,716,506,9.240786509916903,-0.25921349,0.2592134900830967,valid,,,Shared Pattern Plane,Region-SIFT(21/28),117,1,184.50514573596772,187.8771687804687,2.6139052999969863
163,7,2,1,3,3,10,30,731.9961323180145,505.4884405457919,9.5,732,505,9.212966924,-0.287033076,0.2870330764105802,valid,,,Shared Pattern Plane,Region-SIFT(21/28),117,1,205.94961206143492,210.34779988864133,2.6280985999983386
164,7,2,1,3,4,12.5,30,747.6392052732621,505.08208464832063,9.5,748,505,9.200683413625791,-0.299316586,0.2993165863742089,valid,,,Shared Pattern Plane,Region-SIFT(21/28),117,1,166.09031919903225,167.37850985723404,2.7293643
165,7,2,1,3,5,15,30,763.3393610557571,504.6742459256038,9.5,763,505,9.734385107735392,0.23438510773539178,0.23438510773539178,valid,,,Shared Pattern Plane,Region-SIFT(21/28),117,1,114.14694047705837,115.48292806825448,3.0417182999990473
166,7,2,1,4,1,5,32.5,699.7225248519447,522.0186575,9.5,700,522,9.216021924,-0.283978076,0.2839780758124295,valid,,,Shared Pattern Plane,Region-SIFT(21/28),117,1,247.02119195019756,253.40034107832875,2.605954999999085
167,7,2,1,4,2,7.5,32.5,715.2940178608669,521.6427158237667,9.5,715,522,9.184921658001755,-0.315078342,0.3150783419982446,valid,,,Shared Pattern Plane,Region-SIFT(21/28),117,1,224.77460548663268,227.3131669648446,2.697130799999286
168,7,2,1,4,3,10,32.5,730.9222857312858,521.2654034242279,9.5,731,521,9.156645874633222,-0.343354125,0.343354125,valid,,,Shared Pattern Plane,Region-SIFT(21/28),117,1,159.3959130211482,160.5988428640279,2.6273791000021447
169,7,2,1,4,4,12.5,32.5,746.6076395385733,520.8867128020992,9.5,747,521,9.123372669663555,-0.37662733,0.37662733033644535,valid,,,Shared Pattern Plane,Region-SIFT(21/28),117,1,121.23571139668661,122.80428750453382,2.4700808999987203
170,7,2,1,4,5,15,32.5,762.3503926348116,520.5066363921387,9.5,762,521,9.652517207188945,0.15251720718894468,0.15251720718894468,valid,,,Shared Pattern Plane,Region-SIFT(21/28),117,1,121.10298473822375,122.93056729946517,2.7604315999997198
171,7,2,1,5,1,5,35,698.5585257067941,537.8292739905733,9.5,699,538,9.116893092,-0.383106908,0.38310690829078986,valid,,,Shared Pattern Plane,Region-SIFT(21/28),117,1,221.43126570636002,226.14896223861058,2.7627887000016926
172,7,2,1,5,2,7.5,35,714.1718979420045,537.4811221476042,9.5,714,537,9.113144746267787,-0.386855254,0.38685525373221274,valid,,,Shared Pattern Plane,Region-SIFT(21/28),117,1,238.37314847310387,244.77945811427998,2.770697100000689
173,7,2,1,5,3,10,35,729.8423588988534,537.1316973225175,9.5,730,537,9.101150183050859,-0.398849817,0.39884981694914146,valid,,,Shared Pattern Plane,Region-SIFT(21/28),117,1,226.33720755299566,230.4278430990767,2.687783400000626
174,7,2,1,5,4,12.5,35,745.5702222595478,536.7809925207296,9.5,746,537,9.047124019630505,-0.45287598,0.4528759803694946,valid,,,Shared Pattern Plane,Region-SIFT(21/28),117,1,146.9888668685994,150.2417748870488,2.548999400001776
175,7,2,1,5,5,15,35,761.3558040086081,536.4290007,9.5,761,536,9.001327496637437,-0.498672503,0.4986725033625632,valid,,,Shared Pattern Plane,Region-SIFT(21/28),117,1,134.9116279440582,136.33306931699488,2.9610598
176,8,2,2,1,1,25,25,828.3339854564658,471.4097999753535,9,828,471,8.608110905785626,-0.391889094,0.391889094,valid,,,Shared Pattern Plane,Region-SIFT(21/28),117,1,136.44291304986945,139.07209247234286,2.5986252000002423
177,8,2,2,1,2,27.5,25,844.2365845986537,470.93888985889913,9,844,471,9.133539768761166,0.1335397687611657,0.1335397687611657,valid,,,Shared Pattern Plane,Region-SIFT(21/28),117,1,105.85419512097798,106.14269503280637,2.737892599998304
178,8,2,2,1,3,30,25,860.1975225891356,470.46625220384544,9,860,470,8.563199158,-0.436800842,0.43680084150735077,valid,,,Shared Pattern Plane,Region-SIFT(21/28),117,1,94.53823681609339,95.85620409957284,2.7958340000004682
179,8,2,2,1,4,32.5,25,876.2171210428326,469.9918774864842,9,876,470,9.102360951687537,0.10236095168753678,0.10236095168753678,valid,,,Shared Pattern Plane,Region-SIFT(21/28),117,1,122.45286352672274,126.49486193979418,2.487290299999586
180,8,2,2,1,5,35,25,892.2957039,469.5157561129739,9,892,470,9.067601559153163,0.067601559,0.067601559,valid,,,Shared Pattern Plane,Region-SIFT(21/28),117,1,109.85499277341933,110.50486662864557,2.539820999998483
181,8,2,2,2,1,25,27.5,827.5278408447364,487.17398217571247,9,828,487,9.103711156884296,0.10371115688429633,0.10371115688429633,valid,,,Shared Pattern Plane,Region-SIFT(21/28),117,1,117.29433026793143,118.6982801825873,2.559229200000118
182,8,2,2,2,2,27.5,27.5,843.4741756351326,486.7306777776604,9,843,487,9.638406264750767,0.6384062647507669,0.6384062647507669,valid,,,Shared Pattern Plane,Region-SIFT(21/28),117,1,88.23535708725137,88.43935189871742,2.7047755000021425
183,8,2,2,2,3,30,27.5,859.4791763553244,486.28574248040564,9,859,486,9.043561351359287,0.043561351,0.043561351,valid,,,Shared Pattern Plane,Region-SIFT(21/28),117,1,72.23194390478588,72.78960156,2.586009800001193
184,8,2,2,2,4,32.5,27.5,875.5431673463553,485.8391672673427,9,876,486,9.022837801029326,0.022837801029325533,0.022837801029325533,valid,,,Shared Pattern Plane,Region-SIFT(21/28),117,1,97.6606538,99.26779880407705,2.706831700001203
185,8,2,2,2,5,35,27.5,891.6664753445561,485.39094305527766,9,892,485,8.993249295236952,-0.006750705,0.006750705,valid,,,Shared Pattern Plane,Region-SIFT(21/28),117,1,80.55808291410013,80.70270121343917,2.4959392999990087
186,8,2,2,3,1,25,30,826.7171073940433,503.0278992604266,9,827,503,8.478151887510297,-0.521848112,0.5218481124897032,valid,,,Shared Pattern Plane,Region-SIFT(21/28),117,1,126.71930120155294,127.01280021093805,2.473230700001295
187,8,2,2,3,2,27.5,30,842.7074187990828,502.61252324316774,9,843,503,8.445142569027407,-0.554857431,0.5548574309725929,valid,,,Shared Pattern Plane,Region-SIFT(21/28),117,1,112.4497694106329,113.5612296724126,2.635525099998631
188,8,2,2,3,3,30,30,858.7567259731816,502.1956147086885,9,859,502,8.980650075084501,-0.019349925,0.019349924915498917,valid,,,Shared Pattern Plane,Region-SIFT(21/28),117,1,77.23381255518191,77.87944489002217,2.674602399998548
189,8,2,2,3,4,32.5,30,874.8653560144005,501.77716516005074,9,875,502,8.946506114057906,-0.053493886,0.053493885942094366,valid,,,Shared Pattern Plane,Region-SIFT(21/28),117,1,91.32194645291284,91.72354703202105,2.746466500000679
190,8,2,2,3,5,35,30,891.0336384433753,501.35716603738535,9,891,501,8.917170955130937,-0.082829045,0.082829045,valid,,,Shared Pattern Plane,Region-SIFT(21/28),117,1,102.85488992267184,104.45654391937515,2.644726000002265
191,8,2,2,4,1,25,32.5,825.9017458107909,518.9723196169472,9,826,519,9.508153522741276,0.5081535227412761,0.5081535227412761,valid,,,Shared Pattern Plane,Region-SIFT(21/28),117,1,148.4317846722073,152.55244381443876,2.4536251999998058
192,8,2,2,4,2,27.5,32.5,841.9362767915212,518.5851988297951,9,842,519,8.917719759386948,-0.082280241,0.082280241,valid,,,Shared Pattern Plane,Region-SIFT(21/28),117,1,115.29803688412622,118.9720631191086,2.674974999998085
193,8,2,2,4,3,30,32.5,858.0301362,518.1966456804593,9,858,518,8.905085881365553,-0.094914119,0.094914119,valid,,,Shared Pattern Plane,Region-SIFT(21/28),117,1,75.22066039332637,75.56436197387868,2.580626900002244
194,8,2,2,4,4,32.5,32.5,874.1836538308957,517.8066522045104,9,874,518,8.871253854,-0.128746146,0.12874614635673964,valid,,,Shared Pattern Plane,Region-SIFT(21/28),117,1,77.75395314781753,78.20472746299329,2.6044498999981442
195,8,2,2,4,5,35,32.5,890.3971621126137,517.4152104,9,890,517,8.842143327816098,-0.157856672,0.1578566721839021,valid,,,Shared Pattern Plane,Region-SIFT(21/28),117,1,136.97286999969887,138.29865574451566,2.616515400000935
196,8,2,2,5,1,25,35,825.0817163514785,535.0080204306322,9,825,535,8.892744004247307,-0.107255996,0.10725599575269307,valid,,,Shared Pattern Plane,Region-SIFT(21/28),117,1,131.84428525753123,134.30815929262693,2.539049299997714
197,8,2,2,5,2,27.5,35,841.1607118856072,534.6494859741441,9,841,535,8.859300013940047,-0.140699986,0.14069998605995337,valid,,,Shared Pattern Plane,Region-SIFT(21/28),117,1,168.17553712653105,171.87836500957624,2.6567928999975265
198,8,2,2,5,3,30,35,857.2993712653769,534.2896211146203,9,857,534,8.830575077387996,-0.169424923,0.16942492261200393,valid,,,Shared Pattern Plane,Region-SIFT(21/28),117,1,116.85806644429606,119.53717863438523,2.650149799999781
199,8,2,2,5,4,32.5,35,873.4980271973284,533.9284184332666,9,873,534,8.812072303003658,-0.187927697,0.1879276969963417,valid,,,Shared Pattern Plane,Region-SIFT(21/28),117,1,114.82289509192975,115.59753754460883,2.521357599998737
200,8,2,2,5,5,35,35,889.7570148663281,533.5658704560265,9,890,534,8.761330033846582,-0.238669966,0.2386699661534184,valid,,,Shared Pattern Plane,Region-SIFT(21/28),117,1,108.63510322545572,110.8261983687072,2.5622910000020056
201,9,2,3,1,1,45,25,957.2064437985177,467.59360968953825,8.5,957,468,8.367235379341293,-0.132764621,0.13276462065870653,valid,,,Shared Pattern Plane,Region-SIFT(21/28),117,1,91.45946635468296,93.64745672352298,2.7806965000017954
202,9,2,3,1,2,47.5,25,973.5848931168516,467.10860862732955,8.5,974,467,8.335587554,-0.164412446,0.1644124456877094,valid,,,Shared Pattern Plane,Region-SIFT(21/28),117,1,77.75991944535069,77.99976459708097,2.4708599999976286
203,9,2,3,1,3,50,25,990.0243217578246,466.62180183640515,8.5,990,467,8.301393992099538,-0.198606008,0.19860600790046234,valid,,,Shared Pattern Plane,Region-SIFT(21/28),117,1,96.09994959806008,98.42646586080075,2.667880100001639
204,9,2,3,1,4,52.5,25,1006.5250709087652,466.1331792134754,8.5,1007,466,8.269582189592336,-0.23041781,0.23041781040766374,valid,,,Shared Pattern Plane,Region-SIFT(21/28),117,1,96.58822540303386,97.65154305,2.8666612999986683
205,9,2,3,1,5,55,25,1023.0874843070758,465.64273057973764,8.5,1023,466,8.235275436760807,-0.264724563,0.26472456323919324,valid,,,Shared Pattern Plane,Region-SIFT(21/28),117,1,83.14278478773814,83.43710909762123,2.5716499000009208
206,9,2,3,2,1,45,27.5,956.7594972182202,483.5813721878408,8.5,957,484,8.294011868969244,-0.205988131,0.20598813103075564,valid,,,Shared Pattern Plane,Region-SIFT(21/28),117,1,87.36814279026456,89.3855028,2.7074463
207,9,2,3,2,2,47.5,27.5,973.1843766968752,483.1247643587648,8.5,973,483,8.264734684697748,-0.235265315,0.23526531530225192,valid,,,Shared Pattern Plane,Region-SIFT(21/28),117,1,82.20114507877007,84.04393797300973,2.8159831000011764
208,9,2,3,2,3,50,27.5,989.6705851596993,482.66645159819393,8.5,990,483,8.228724753,-0.271275247,0.2712752473772202,valid,,,Shared Pattern Plane,Region-SIFT(21/28),117,1,102.16264261846189,104.79816570693202,2.5440045000032114
209,9,2,3,2,4,52.5,27.5,1006.2184667443322,482.2064243,8.5,1006,482,8.199286101938883,-0.300713898,0.30071389806111704,valid,,,Shared Pattern Plane,Region-SIFT(21/28),117,1,104.23026154129593,104.49588112215847,2.678330700000515
210,9,2,3,2,5,55,27.5,1022.8283681680018,481.7446729430706,8.5,1023,482,8.163133174184829,-0.336866826,0.33686682581517147,valid,,,Shared Pattern Plane,Region-SIFT(21/28),117,1,77.15624408469628,77.75941161507484,2.4938645000001998
211,9,2,3,3,1,45,30,956.3099685049842,499.6615003736314,8.5,956,500,8.223902541622202,-0.276097458,0.276097458,valid,,,Shared Pattern Plane,Region-SIFT(21/28),117,1,113.28652875637883,116.85400262980694,2.6245822999990196
212,9,2,3,3,2,47.5,30,972.7815420593664,499.23362273900017,8.5,973,499,8.192778536630302,-0.307221463,0.30722146336969836,valid,,,Shared Pattern Plane,Region-SIFT(21/28),117,1,90.11654064037181,91.68050986278365,2.863656700003048
213,9,2,3,3,3,50,30,989.3147972753958,498.8041428164395,8.5,989,499,8.159141146491843,-0.340858854,0.34085885350815737,valid,,,Shared Pattern Plane,Region-SIFT(21/28),117,1,114.47425033957869,116.02332258654386,2.9607886000012513
214,9,2,3,3,4,52.5,30,1005.9100812751366,498.3730515888528,8.5,1006,498,8.127867935815864,-0.372132064,0.3721320641841359,valid,,,Shared Pattern Plane,Region-SIFT(21/28),117,1,81.49116479202553,81.65348848,2.5791820000013104
215,9,2,3,3,5,55,30,1022.5677437901841,497.94033997135665,8.5,1023,498,8.092024792,-0.407975208,0.4079752082493808,valid,,,Shared Pattern Plane,Region-SIFT(21/28),117,1,78.36397358677374,79.38586576,2.5209099000021524
216,9,2,3,4,1,45,32.5,955.8578352174497,515.8347969986203,8.5,956,516,8.152681264920327,-0.347318735,0.34731873507967315,valid,,,Shared Pattern Plane,Region-SIFT(21/28),117,1,91.45628409562288,91.71493198324542,2.532904100000451
217,9,2,3,4,2,47.5,32.5,972.3763690188955,515.4359909583626,8.5,972,515,8.123872232,-0.376127768,0.37612776845834084,valid,,,Shared Pattern Plane,Region-SIFT(21/28),117,1,88.78996080317825,89.26688465935487,2.521645400000125
218,9,2,3,4,3,50,32.5,988.9569402101976,515.0356871528618,8.5,989,515,8.088464492062107,-0.411535508,0.4115355079378933,valid,,,Shared Pattern Plane,Region-SIFT(21/28),117,1,112.51857462282534,113.25732565049428,2.560426100000768
219,9,2,3,4,4,52.5,32.5,1005.5998989324522,514.6338771286809,8.5,1006,515,8.053053490973157,-0.446946509,0.4469465090268425,valid,,,Shared Pattern Plane,Region-SIFT(21/28),117,1,95.84074703751418,96.18022227580816,2.5388168999998015
220,9,2,3,4,5,55,32.5,1022.3055979666655,514.2305523686474,8.5,1022,514,8.023982348,-0.476017652,0.476017652,valid,,,Shared Pattern Plane,Region-SIFT(21/28),117,1,98.49720704113994,101.10802061090958,2.7090716999991855
221,9,2,3,5,1,45,35,955.4030746534505,532.1020741438498,8.5,955,532,8.084549871,-0.415450129,0.4154501286905994,valid,,,Shared Pattern Plane,Region-SIFT(21/28),117,1,116.35719969108622,120.18227122162052,2.5134008999993966
222,9,2,3,5,2,47.5,35,971.9688371550037,531.7326856057288,8.5,972,532,8.049493200024184,-0.4505068,0.4505067999758161,valid,,,Shared Pattern Plane,Region-SIFT(21/28),117,1,99.31906334,101.51907641487068,2.6287945000003674
223,9,2,3,5,3,50,35,988.5969958606385,531.3619057375915,8.5,989,531,8.018772045507914,-0.481227954,0.4812279544920859,valid,,,Shared Pattern Plane,Region-SIFT(21/28),117,1,94.70084865963648,96.41457463514084,2.5582718000005116
224,9,2,3,5,4,52.5,35,1005.2879039655935,530.9897266637805,8.5,1005,531,7.995248466456488,-0.504751534,0.5047515335435122,valid,,,Shared Pattern Plane,Region-SIFT(21/28),117,1,105.40925229743675,107.83868416768073,2.7434448999993037
225,9,2,3,5,5,55,35,1022.0419173358412,530.6161404490853,8.5,1022,531,8.495345852565098,-0.004654147,0.004654147,valid,,,Shared Pattern Plane,Region-SIFT(21/28),117,1,112.33544844218665,114.36047197813363,3.546586699998443
226,10,2,4,1,1,65,25,1089.960745718834,463.66246967788544,8,1090,464,7.536126379339008,-0.463873621,0.46387362066099236,valid,,,Shared Pattern Plane,Region-SIFT(21/28),117,1,90.05473999750046,91.42948505184094,3.3864513999978954
227,10,2,4,1,2,67.5,25,1106.8367273535605,463.1627356151806,8,1107,463,8.067432873906709,0.067432874,0.067432874,valid,,,Shared Pattern Plane,Region-SIFT(21/28),117,1,117.7136242483028,118.9700484070467,2.7942731000002823
228,10,2,4,1,3,70,25,1123.7764905672748,462.6611128429309,8,1124,463,7.464557444,-0.535442556,0.5354425560873803,valid,,,Shared Pattern Plane,Region-SIFT(21/28),117,1,93.90622157,94.15633876,3.638308900000993
229,10,2,4,1,4,72.5,25,1140.7803976315158,462.15759063349776,8,1141,462,7.437355300055551,-0.5626447,0.5626446999444488,valid,,,Shared Pattern Plane,Region-SIFT(21/28),117,1,83.28577921377918,84.05362559484767,3.3244941999982984
230,10,2,4,1,5,75,25,1157.8488135665725,461.6521581778467,8,1158,462,7.401537663904455,-0.598462336,0.5984623360955448,valid,,,Shared Pattern Plane,Region-SIFT(21/28),117,1,125.09997074692339,128.11028162502942,4.276610699998855
231,10,2,4,2,1,65,27.5,1089.8951982469455,479.88023066663527,8,1090,480,7.470044213749175,-0.529955786,0.5299557862508246,valid,,,Shared Pattern Plane,Region-SIFT(21/28),117,1,93.40701903,94.91763484947711,4.2520138999971095
232,10,2,4,2,2,67.5,27.5,1106.8204916202988,479.4097114,8,1107,479,7.444148815424912,-0.555851185,0.5558511845750882,valid,,,Shared Pattern Plane,Region-SIFT(21/28),117,1,144.33948857746427,147.09456095506522,4.238918700000795
233,10,2,4,2,3,70,27.5,1123.8099406828126,478.93740871549454,8,1124,479,7.403473911293558,-0.596526089,0.5965260887064421,valid,,,Shared Pattern Plane,Region-SIFT(21/28),117,1,108.24492118219848,108.45676574588597,2.829335999998875
234,10,2,4,2,4,72.5,27.5,1140.8639109024273,478.4633123101464,8,1141,478,7.372115667630199,-0.627884332,0.6278843323698009,valid,,,Shared Pattern Plane,Region-SIFT(21/28),117,1,99.79198768050583,100.9454761,2.7610396000018227
235,10,2,4,2,5,75,27.5,1157.982770528252,477.987412,8,1158,478,7.33662735,-0.66337265,0.6633726499636996,valid,,,Shared Pattern Plane,Region-SIFT(21/28),117,1,90.26384600407232,91.87616409,2.8193233000019973
236,10,2,4,3,1,65,30,1089.8292663525829,496.1931054961153,8,1090,496,7.404946296992688,-0.595053703,0.595053703,valid,,,Shared Pattern Plane,Region-SIFT(21/28),117,1,89.11955781,89.25215102974983,2.9965298999995866
237,10,2,4,3,2,67.5,30,1106.8041604871394,495.75215323818867,8,1107,496,7.369936045151055,-0.630063955,0.6300639548489446,valid,,,Shared Pattern Plane,Region-SIFT(21/28),117,1,86.88672164003685,88.50826382,2.579867700002069
238,10,2,4,3,3,70,30,1123.8435877222216,495.30952462127203,8,1124,495,7.338915713,-0.661084287,0.6610842872301301,valid,,,Shared Pattern Plane,Region-SIFT(21/28),117,1,93.15454794036017,94.31724407024505,2.6572821000008844
239,10,2,4,3,4,72.5,30,1140.9479167598831,494.86521006769124,8,1141,495,7.854412760622411,-0.145587239,0.14558723937758877,valid,,,Shared Pattern Plane,Region-SIFT(21/28),117,1,81.93556733358474,82.96733267918816,2.682517299999745
240,10,2,4,3,5,75,30,1158.1175191162506,494.41919992667187,8,1158,494,7.272635810690231,-0.727364189,0.7273641893097693,valid,,,Shared Pattern Plane,Region-SIFT(21/28),117,1,105.77775724627983,107.57480587261037,2.8645337999987532
241,10,2,4,4,1,65,32.5,1089.7629466439614,512.6019333619221,8,1090,513,7.8855712431595535,-0.114428757,0.11442875684044651,valid,,,Shared Pattern Plane,Region-SIFT(21/28),117,1,94.09716575107878,96.36543949169463,2.5338046999968356
242,10,2,4,4,2,67.5,32.5,1106.7877331107613,512.1909048918006,8,1107,512,7.306035178886124,-0.693964821,0.6939648211138758,valid,,,Shared Pattern Plane,Region-SIFT(21/28),117,1,112.47564735866729,113.8700951457251,2.7413687000007485
243,10,2,4,4,3,70,32.5,1123.877433429598,511.7783092101703,8,1124,512,7.2712947632768214,-0.728705237,0.7287052367231786,valid,,,Shared Pattern Plane,Region-SIFT(21/28),117,1,115.6150759951778,116.35066500246504,2.962505499999679
244,10,2,4,4,4,72.5,32.5,1141.0324195749115,511.36413733647237,8,1141,511,7.786284552503785,-0.213715447,0.21371544749621485,valid,,,Shared Pattern Plane,Region-SIFT(21/28),117,1,96.51570749888344,97.39631462956811,2.6477474000021175
245,10,2,4,4,5,75,32.5,1158.2530663686046,510.9483802214027,8,1158,511,7.750259745,-0.249740255,0.24974025510994036,valid,,,Shared Pattern Plane,Region-SIFT(21/28),117,1,97.13503434620206,97.76079077750624,2.691403900000296
246,10,2,4,5,1,65,35,1089.6962356892789,529.1075633611424,8,1090,529,7.273459264916238,-0.726540735,0.7265407350837618,valid,,,Shared Pattern Plane,Region-SIFT(21/28),117,1,108.75586932348827,109.7436171648725,2.731728999999177
247,10,2,4,5,2,67.5,35,1106.7712086378745,528.7268202896811,8,1107,529,7.7820657026733135,-0.217934297,0.21793429732668645,valid,,,Shared Pattern Plane,Region-SIFT(21/28),117,1,127.32256100316528,129.7213306420358,2.685068599999795
248,10,2,4,5,3,70,35,1123.9114795696953,528.3446211834275,8,1124,528,7.208621597794394,-0.791378402,0.7913784022056056,valid,,,Shared Pattern Plane,Region-SIFT(21/28),117,1,120.2992806409402,121.40876722802584,3.035459400001855
249,10,2,4,5,4,72.5,35,1141.1174237704088,527.9609576741447,8,1141,528,7.714990178,-0.285009822,0.28500982168289024,valid,,,Shared Pattern Plane,Region-SIFT(21/28),117,1,118.26121335029602,120.86931564765591,3.571605900000577
250,10,2,4,5,5,75,35,1158.3894194070297,527.5758213293464,8,1158,528,7.679257584,-0.320742416,0.3207424160990602,valid,,,Shared Pattern Plane,Region-SIFT(21/28),117,1,131.1083443429735,134.9729307001818,3.793055000001914
251,11,2,5,1,1,85,25,1226.7749640979848,459.6111068199337,7.5,1227,460,7.263643289076266,-0.236356711,0.2363567109237339,valid,,,Shared Pattern Plane,Region-SIFT(21/28),117,1,129.0899324326288,130.11651205500903,3.498991800002841
252,11,2,5,1,2,87.5,25,1244.1714977428262,459.09595809415947,7.5,1244,459,7.231517581858743,-0.268482418,0.2684824181412573,valid,,,Shared Pattern Plane,Region-SIFT(21/28),117,1,99.87668674458902,100.10163356911299,2.643021600000793
253,11,2,5,1,3,90,25,1261.6347895877418,458.5788325146968,7.5,1262,459,7.193192084696844,-0.306807915,0.306807915,valid,,,Shared Pattern Plane,Region-SIFT(21/28),117,1,94.21782524018062,94.93148328543195,3.1902633
254,11,2,5,1,4,92.5,25,1279.1652246426042,458.0597186805763,7.5,1279,458,7.163190191897308,-0.336809808,0.336809808,valid,,,Shared Pattern Plane,Region-SIFT(21/28),117,1,151.48067813651272,152.36664535779255,3.395431400000234
255,11,2,5,1,5,95,25,1296.7631908835754,457.53860510299046,7.5,1297,458,7.122436043807188,-0.377563956,0.37756395619281236,valid,,,Shared Pattern Plane,Region-SIFT(21/28),117,1,130.48382716204122,133.03545104134884,2.713588599999639
256,11,2,5,2,1,85,27.5,1227.1145669096904,476.06556413506587,7.5,1227,476,7.199923082654208,-0.300076917,0.300076917,valid,,,Shared Pattern Plane,Region-SIFT(21/28),117,1,165.15216085343133,168.26218879566704,2.9099920999979076
257,11,2,5,2,2,87.5,27.5,1244.5634965167183,475.5804879506153,7.5,1245,476,7.162053636791982,-0.337946363,0.33794636320801796,valid,,,Shared Pattern Plane,Region-SIFT(21/28),117,1,139.24755698007252,141.5857539185153,2.6504009000018414
258,11,2,5,2,3,90,27.5,1262.0795849350152,475.0935447668326,7.5,1262,475,7.1301223922420975,-0.369877608,0.36987760775790246,valid,,,Shared Pattern Plane,Region-SIFT(21/28),117,1,100.11672283757932,101.32579057436212,2.8328064999986964
259,11,2,5,2,4,92.5,27.5,1279.663220641345,474.60472378415403,7.5,1280,475,7.0920825956062234,-0.407917404,0.40791740439377655,valid,,,Shared Pattern Plane,Region-SIFT(21/28),117,1,124.09302484219668,126.71123674044357,3.5746804000009433
260,11,2,5,2,5,95,27.5,1297.314795114427,474.1140141195624,7.5,1297,474,7.060015939992407,-0.43998406,0.4399840600075926,valid,,,Shared Pattern Plane,Region-SIFT(21/28),117,1,107.3988444520052,108.78287135548297,5.731177099998604
261,11,2,5,3,1,85,30,1227.4561920588503,492.61800787485043,7.5,1227,493,7.133268532386189,-0.366731468,0.36673146761381137,valid,,,Shared Pattern Plane,Region-SIFT(21/28),117,1,186.80581113421727,191.20598988870825,6.145929199999955
262,11,2,5,3,2,87.5,30,1244.9578341435113,492.16337242714286,7.5,1245,492,7.099569959609212,-0.40043004,0.40043004039078767,valid,,,Shared Pattern Plane,Region-SIFT(21/28),117,1,151.14626133580688,153.14050498360913,2.6347433000009914
263,11,2,5,3,3,90,30,1262.5270392673585,491.70698191254365,7.5,1263,492,7.061963574214322,-0.438036426,0.43803642578567814,valid,,,Shared Pattern Plane,Region-SIFT(21/28),117,1,141.9489674038357,143.96619700538696,2.894882199998392
264,11,2,5,3,4,92.5,30,1280.164199415798,491.24882614855363,7.5,1280,491,7.030242671483688,-0.469757329,0.46975732851631236,valid,,,Shared Pattern Plane,Region-SIFT(21/28),117,1,104.18348834375855,104.5342476468736,2.693625799998699
265,11,2,5,3,5,95,30,1297.8697096123901,490.7888949,7.5,1298,491,7.532560743906449,0.032560743906448586,0.032560743906448586,valid,,,Shared Pattern Plane,Region-SIFT(21/28),117,1,131.9430473403325,133.3088249001016,2.8604901999970025
266,11,2,5,4,1,85,32.5,1227.7998576639663,509.2693159180868,7.5,1228,509,7.069304391,-0.430695609,0.43069560911609983,valid,,,Shared Pattern Plane,Region-SIFT(21/28),117,1,177.77955625927638,180.04394065892265,2.4900939
267,11,2,5,4,2,87.5,32.5,1245.3545316179163,508.8454944039173,7.5,1245,509,7.034153096,-0.465846904,0.46584690430529996,valid,,,Shared Pattern Plane,Region-SIFT(21/28),117,1,194.94633632639727,197.70615228274892,2.742363400000613
268,11,2,5,4,3,90,32.5,1262.977176499359,508.4200318714364,7.5,1263,508,7.0007082719763165,-0.499291728,0.4992917280236835,valid,,,Shared Pattern Plane,Region-SIFT(21/28),117,1,140.98834984794496,143.13010279493264,2.8213809999979276
269,11,2,5,4,4,92.5,32.5,1280.6681878447193,507.9929187712303,7.5,1281,508,6.425745010335907,-1.07425499,1.0742549896640927,valid,,,Shared Pattern Plane,Region-SIFT(21/28),117,1,85.42092718,85.75222264463339,2.8743570000006002
270,11,2,5,4,5,95,32.5,1298.427964265326,507.5641454796477,7.5,1298,508,6.930881936,-0.569118064,0.5691180638350204,valid,,,Shared Pattern Plane,Region-SIFT(21/28),117,1,117.12330094544345,118.0730409474225,2.631590100001631
271,11,2,5,5,1,85,35,1228.1455820606238,526.0203766617601,7.5,1228,526,7.0043776218187945,-0.495622378,0.49562237818120547,valid,,,Shared Pattern Plane,Region-SIFT(21/28),117,1,151.89366764744753,153.0586096779227,2.8108139
272,11,2,5,5,2,87.5,35,1245.7536101866779,525.6277473597243,7.5,1246,526,6.968244215845892,-0.531755784,0.5317557841541083,valid,,,Shared Pattern Plane,Region-SIFT(21/28),117,1,197.07477495607247,201.23990490481322,2.7915007999981754
273,11,2,5,5,3,90,35,1263.4300208332447,525.2335932429216,7.5,1263,525,6.9365697928379735,-0.563430207,0.5634302071620265,valid,,,Shared Pattern Plane,Region-SIFT(21/28),117,1,131.82273864947928,133.20780568783988,2.676801300000079
274,11,2,5,5,4,92.5,35,1281.1752131307885,524.8379054114166,7.5,1281,525,7.431199376097717,-0.068800624,0.068800624,valid,,,Shared Pattern Plane,Region-SIFT(21/28),117,1,109.81930706337016,110.3381247725955,2.9891182000028493
275,11,2,5,5,5,95,35,1298.9895893219852,524.4406748958767,7.5,1299,524,6.869026241024534,-0.630973759,0.6309737589754656,valid,,,Shared Pattern Plane,Region-SIFT(21/28),117,1,124.16635697733156,125.17561880955829,2.956644399997458
276,12,2,6,1,1,105,25,1367.838232664096,455.4339204597688,7,1368,455,6.439411703898395,-0.560588296,0.5605882961016047,valid,,,Shared Pattern Plane,Region-SIFT(21/28),117,1,255.00759436995895,261.5333401119988,2.8138260999985505
277,12,2,6,1,2,107.5,25,1385.779780320449,454.9026327,7,1386,455,6.396119965326584,-0.603880035,0.6038800346734163,valid,,,Shared Pattern Plane,Region-SIFT(21/28),117,1,200.84468151576937,203.21521398567845,2.9273873999991338
278,12,2,6,1,3,110,25,1403.791250938303,454.36927436820747,7,1404,454,6.907989369827974,-0.09201063,0.09201063,valid,,,Shared Pattern Plane,Region-SIFT(21/28),117,1,216.63027111840626,220.98998507134314,2.745252699998673
279,12,2,6,1,4,112.5,25,1421.8730540781821,453.83383334085244,7,1422,454,6.333100517277029,-0.666899483,0.6668994827229708,valid,,,Shared Pattern Plane,Region-SIFT(21/28),117,1,193.4489097443838,197.9551306542027,2.7631349000002956
280,12,2,6,1,5,115,25,1440.0256025054318,453.29629739359063,7,1440,453,6.290936189,-0.709063811,0.7090638114904397,valid,,,Shared Pattern Plane,Region-SIFT(21/28),117,1,241.5330252723088,247.04573586653322,2.620455399999628
281,12,2,6,2,1,105,27.5,1368.6084169535034,472.13206801534807,7,1369,472,6.371397624836212,-0.628602375,0.6286023751637879,valid,,,Shared Pattern Plane,Region-SIFT(21/28),117,1,192.2045674369449,194.56086023954043,2.827574300001288
282,12,2,6,2,2,107.5,27.5,1386.6056645622864,471.63174871798753,7,1387,472,6.341092203,-0.658907797,0.6589077973222199,valid,,,Shared Pattern Plane,Region-SIFT(21/28),117,1,185.0025170901465,187.41559606363558,2.693293399999675
283,12,2,6,2,3,110,27.5,1404.6732645020627,471.12947364218945,7,1405,471,6.300961088506183,-0.699038911,0.6990389114938171,valid,,,Shared Pattern Plane,Region-SIFT(21/28),117,1,221.29962497388243,225.81472762976782,2.9476049000004423
284,12,2,6,2,4,112.5,27.5,1422.811630097974,470.6252312976109,7,1423,471,6.2639317513001584,-0.736068249,0.7360682486998416,valid,,,Shared Pattern Plane,Region-SIFT(21/28),117,1,229.69739323368776,234.51060041303631,2.9437042999998084
285,12,2,6,2,5,115,27.5,1441.0211779192684,470.11901010372367,7,1441,470,6.239098028962586,-0.760901971,0.7609019710374136,valid,,,Shared Pattern Plane,Region-SIFT(21/28),117,1,264.28484043646114,271.2303916718551,3.072464699998818
286,12,2,6,3,1,105,30,1369.383259348178,488.9312066326132,7,1369,489,6.312360919726678,-0.68763908,0.6876390802733221,valid,,,Shared Pattern Plane,Region-SIFT(21/28),117,1,175.35942170077533,176.57707598252736,3.299473700000817
287,12,2,6,3,2,107.5,30,1387.436553558242,488.46224106606303,7,1387,488,6.272859522237311,-0.727140478,0.7271404777626893,valid,,,Shared Pattern Plane,Region-SIFT(21/28),117,1,172.42604443434055,173.8570978120238,2.7738007999978436
288,12,2,6,3,3,110,30,1405.5606334350032,487.99143671929363,7,1406,488,6.776198846484076,-0.223801154,0.22380115351592433,valid,,,Shared Pattern Plane,Region-SIFT(21/28),117,1,265.06519887258133,274.8291223978964,2.6739065000001574
289,12,2,6,3,4,112.5,30,1423.7559161144952,487.51878275647454,7,1424,488,6.2038733037999325,-0.796126696,0.7961266962000675,valid,,,Shared Pattern Plane,Region-SIFT(21/28),117,1,206.17297276794596,210.83190593702102,3.0553524999995716
290,12,2,6,3,5,115,30,1442.0228220167485,487.04426825646743,7,1442,487,6.712201653064125,-0.287798347,0.28779834693587514,valid,,,Shared Pattern Plane,Region-SIFT(21/28),117,1,226.40347146987915,231.5486299400385,3.0624362000016845
291,12,2,6,4,1,105,32.5,1370.1628022349075,505.8322552875129,7,1370,506,6.246677412675776,-0.753322587,0.7533225873242237,valid,,,Shared Pattern Plane,Region-SIFT(21/28),117,1,168.73722058553545,172.1153778940368,2.6649637000009534
292,12,2,6,4,2,107.5,32.5,1388.2724929388396,505.3950340349043,7,1388,505,6.2257295197438545,-0.77427048,0.7742704802561455,valid,,,Shared Pattern Plane,Region-SIFT(21/28),117,1,165.23728440703536,167.0783947664405,3.185641100000794
293,12,2,6,4,3,110,32.5,1406.4534066603737,504.9560932489542,7,1406,505,6.713822112679777,-0.286177887,0.286177887,valid,,,Shared Pattern Plane,Region-SIFT(21/28),117,1,267.13212408540113,270.32935657360156,2.831617499999993
294,12,2,6,4,4,112.5,32.5,1424.705964393424,504.5154228,7,1425,505,6.674015059826861,-0.32598494,0.3259849401731394,valid,,,Shared Pattern Plane,Region-SIFT(21/28),117,1,208.4923607634489,211.28148733761742,2.867258199999924
295,12,2,6,4,5,115,32.5,1443.0305904564068,504.0730123406356,7,1443,504,6.120231093359044,-0.879768907,0.8797689066409564,valid,,,Shared Pattern Plane,Region-SIFT(21/28),117,1,192.3159401984442,195.5728210844054,2.8379133000016736
296,12,2,6,5,1,105,35,1370.9470885163137,522.8361441396412,7,1371,523,6.1874694964990224,-0.812530504,0.8125305035009776,valid,,,Shared Pattern Plane,Region-SIFT(21/28),117,1,164.21340346714805,165.86886940226196,2.8055816999985836
297,12,2,6,5,2,107.5,35,1389.1135288910052,522.4310632,7,1389,522,6.154188885865282,-0.845811114,0.845811114,valid,,,Shared Pattern Plane,Region-SIFT(21/28),117,1,179.5920820619694,182.92302532611097,2.655822500000795
298,12,2,6,5,3,110,35,1407.351633699153,522.0243842,7,1407,522,6.1244289583457885,-0.875571042,0.8755710416542115,valid,,,Shared Pattern Plane,Region-SIFT(21/28),117,1,202.99801180501464,205.24003127957175,2.867809399998805
299,12,2,6,5,4,112.5,35,1425.6618278402668,521.6160978199712,7,1426,522,6.610913183048882,-0.389086817,0.38908681695111813,valid,,,Shared Pattern Plane,Region-SIFT(21/28),117,1,204.12165477793053,208.7504484008047,3.0395485000008193
300,12,2,6,5,5,115,35,1444.0445395794904,521.2061943811518,7,1444,521,6.585349595133761,-0.414650405,0.41465040486623916,valid,,,Shared Pattern Plane,Region-SIFT(21/28),117,1,195.71272880311994,199.23141004909039,2.8366874
301,13,3,1,1,1,5,45,693.8361128561671,601.9738730227766,6.5,694,602,6.672015481240287,0.17201548124028676,0.17201548124028676,valid,,,Shared Pattern Plane,Region-SIFT(21/28),117,1,154.00573247929728,154.36867032863054,2.9289467000016884
302,13,3,1,1,2,7.5,45,709.6192733946706,601.7401342268644,6.5,710,602,6.642951657527598,0.14295165752759775,0.14295165752759775,valid,,,Shared Pattern Plane,Region-SIFT(21/28),117,1,168.3724057485187,170.34724263047278,2.7802404000030947
303,13,3,1,1,3,10,45,725.4608044703239,601.5055309995834,6.5,725,602,6.615696870016006,0.1156968700160057,0.1156968700160057,valid,,,Shared Pattern Plane,Region-SIFT(21/28),117,1,216.4374798789857,223.35626255175214,2.719607499999256
304,13,3,1,1,4,12.5,45,741.3610304888292,601.2700585366864,6.5,741,601,7.120738143406717,0.620738143,0.620738143,valid,,,Shared Pattern Plane,Region-SIFT(21/28),117,1,166.97105049960828,171.22173411517164,2.8193342000013217
305,13,3,1,1,5,15,45,757.3202782642816,601.0337119982604,6.5,757,601,6.54103303,0.04103303,0.04103303,valid,,,Shared Pattern Plane,Region-SIFT(21/28),117,1,160.19841427828268,162.8133400680078,2.6799193
306,13,3,1,2,1,5,47.5,692.6386205,618.2394276950578,6.5,693,618,6.596357203465835,0.096357203,0.096357203,valid,,,Shared Pattern Plane,Region-SIFT(21/28),117,1,173.06172872724986,173.9742006216479,2.8187317999982042
307,13,3,1,2,2,7.5,47.5,708.4648052432366,618.0351267343295,6.5,708,618,6.591562448031799,0.091562448,0.091562448,valid,,,Shared Pattern Plane,Region-SIFT(21/28),117,1,217.9651136050149,221.43929008804784,2.7926947999985714
308,13,3,1,2,3,10,47.5,724.3496876782136,617.8300680418168,6.5,724,618,7.068112613497895,0.5681126134978953,0.5681126134978953,valid,,,Shared Pattern Plane,Region-SIFT(21/28),117,1,254.7203198,259.0428832,2.9671611999983725
309,13,3,1,2,4,12.5,47.5,740.2935950085475,617.6242473941616,6.5,740,618,6.493271352406276,-0.006728648,0.006728648,valid,,,Shared Pattern Plane,Region-SIFT(21/28),117,1,193.96027462671674,198.68020848468652,2.8889458999983617
310,13,3,1,2,5,15,47.5,756.2968568328166,617.4176605365595,6.5,756,617,6.488617689128182,-0.011382311,0.011382311,valid,,,Shared Pattern Plane,Region-SIFT(21/28),117,1,131.5252067898947,133.13616506959926,2.899541999999201
311,13,3,1,3,1,5,50,691.4342562805582,634.5983240922832,6.5,691,635,6.5422943314009245,0.042294331400924534,0.042294331400924534,valid,,,Shared Pattern Plane,Region-SIFT(21/28),117,1,216.59026636345675,221.54584723985815,2.781342300000688
312,13,3,1,3,2,7.5,50,707.3036997474316,634.4238034864957,6.5,707,634,6.517660375711458,0.017660375711457732,0.017660375711457732,valid,,,Shared Pattern Plane,Region-SIFT(21/28),117,1,215.45927718631805,220.11327036205992,2.9161851999997452
313,13,3,1,3,3,10,50,723.2321708996844,634.2486337,6.5,723,634,5.943931721198527,-0.556068279,0.5560682788014732,valid,,,Shared Pattern Plane,Region-SIFT(21/28),117,1,220.7648704448074,223.23682939497772,2.8294652000004135
314,13,3,1,3,4,12.5,50,739.2199996883697,634.0728112,6.5,739,634,6.461629578190693,-0.038370422,0.038370421809307054,valid,,,Shared Pattern Plane,Region-SIFT(21/28),117,1,234.88923256687383,241.39851129754427,2.904204700000264
315,13,3,1,3,5,15,50,755.2675185282644,633.8963322662861,6.5,755,634,6.433563081,-0.066436919,0.066436919,valid,,,Shared Pattern Plane,Region-SIFT(21/28),117,1,184.1660484,189.02131228452077,3.632163900001615
316,13,3,1,4,1,5,52.5,690.2229607517743,651.0513680045789,6.5,690,651,6.490599949998477,-0.00940005,0.00940005,valid,,,Shared Pattern Plane,Region-SIFT(21/28),117,1,198.31791833140863,203.60671062827876,2.702726299998176
317,13,3,1,4,2,7.5,52.5,706.1358995024511,650.9069747359916,6.5,706,651,6.462797308897884,-0.037202691,0.037202691102115715,valid,,,Shared Pattern Plane,Region-SIFT(21/28),117,1,198.8746011476668,203.8138969638771,3.317099899999448
318,13,3,1,4,3,10,52.5,722.1081986795436,650.7620428336465,6.5,722,651,5.915111505929137,-0.584888494,0.5848884940708627,valid,,,Shared Pattern Plane,Region-SIFT(21/28),117,1,223.81814792471584,227.87507642392072,3.8853731999988668
319,13,3,1,4,4,12.5,52.5,738.1401910542095,650.6165692779939,6.5,738,651,6.387273754769914,-0.112726245,0.11272624523008634,valid,,,Shared Pattern Plane,Region-SIFT(21/28),117,1,210.64887550596205,215.08586209575435,3.2148775000023306
320,13,3,1,4,5,15,52.5,754.2322118895916,650.4705510268711,6.5,754,650,5.862898400779945,-0.637101599,0.6371015992200553,valid,,,Shared Pattern Plane,Region-SIFT(21/28),117,1,187.84094949449812,191.62914052478442,3.010817100002896
321,13,3,1,5,1,5,55,689.0046739463825,667.5993745236841,6.5,689,668,6.414663850822594,-0.085336149,0.085336149,valid,,,Shared Pattern Plane,Region-SIFT(21/28),117,1,190.5576972557754,192.6250564580753,2.9296730999994907
322,13,3,1,5,2,7.5,55,704.9613464396032,667.4854601060352,6.5,705,667,6.412029732532246,-0.087970267,0.087970267,valid,,,Shared Pattern Plane,Region-SIFT(21/28),117,1,200.37463520897757,204.21376714759236,3.174523
323,13,3,1,5,3,10,55,720.9777149200586,667.3711195197336,6.5,721,667,6.917422212793653,0.4174222127936531,0.4174222127936531,valid,,,Shared Pattern Plane,Region-SIFT(21/28),117,1,193.32166015988304,198.0956690841411,3.6970125
324,13,3,1,5,4,12.5,55,737.0541150112331,667.2563503687685,6.5,737,667,6.33700156,-0.16299844,0.16299843969752992,valid,,,Shared Pattern Plane,Region-SIFT(21/28),117,1,170.1084524462463,173.4406911047497,3.203224799999589
325,13,3,1,5,5,15,55,753.1908848572639,667.1411502391346,6.5,753,667,6.329168601735585,-0.170831398,0.17083139826441496,valid,,,Shared Pattern Plane,Region-SIFT(21/28),117,1,157.9666693591567,161.0390571791723,2.957701100000122
326,14,3,2,1,1,25,45,821.7541087721663,600.0794870239795,6,822,600,5.895673590382634,-0.10432641,0.10432640961736617,valid,,,Shared Pattern Plane,Region-SIFT(21/28),117,1,141.02034951063692,141.7749682561536,2.986263200000394
327,14,3,2,1,2,27.5,45,838.0134534190373,599.8386962,6,838,600,6.399896118467257,0.39989611846725737,0.39989611846725737,valid,,,Shared Pattern Plane,Region-SIFT(21/28),117,1,136.72373830956758,137.99949531541398,2.989513500000612
328,14,3,2,1,3,30,45,854.3338325553004,599.5970015680629,6,854,600,6.371268164836815,0.371268165,0.371268165,valid,,,Shared Pattern Plane,Region-SIFT(21/28),117,1,104.11310009830211,106.04515164733452,2.495720299997629
329,14,3,2,1,4,32.5,45,870.7155904950096,599.3543979167595,6,871,599,6.344173423920398,0.34417342392039796,0.34417342392039796,valid,,,Shared Pattern Plane,Region-SIFT(21/28),117,1,112.21915843146188,112.65237222736774,2.8837968000007095
330,14,3,2,1,5,35,45,887.1590741469364,599.1108801460296,6,887,599,5.754453612864446,-0.245546387,0.24554638713555388,valid,,,Shared Pattern Plane,Region-SIFT(21/28),117,1,134.06253976493917,135.66203689410912,2.6559315000013157
331,14,3,2,2,1,25,47.5,820.9101275750193,616.5835647935417,6,821,617,5.828406558623567,-0.171593441,0.17159344137643284,valid,,,Shared Pattern Plane,Region-SIFT(21/28),117,1,194.0855142775036,201.0321893,2.7543169999989914
332,14,3,2,2,2,27.5,47.5,837.2151927070146,616.3730819428825,6,837,616,5.803988254207818,-0.196011746,0.19601174579218217,valid,,,Shared Pattern Plane,Region-SIFT(21/28),117,1,123.21439184309945,125.94653098305045,2.890836800001125
333,14,3,2,2,3,30,47.5,853.5816423674111,616.1618066764668,6,854,616,5.7906464446214345,-0.209353555,0.20935355537856548,valid,,,Shared Pattern Plane,Region-SIFT(21/28),117,1,93.62420938607877,94.49063574551559,2.772197199999937
334,14,3,2,2,4,32.5,47.5,870.0098238562579,615.9497345109818,6,870,616,5.762473501,-0.237526499,0.23752649884434973,valid,,,Shared Pattern Plane,Region-SIFT(21/28),117,1,98.79263879533798,99.59740717832149,3.397912799999176
335,14,3,2,2,5,35,47.5,886.5000870984826,615.7368609292304,6,887,616,5.718117694203099,-0.281882306,0.2818823057969011,valid,,,Shared Pattern Plane,Region-SIFT(21/28),117,1,96.54279771683707,97.14529267148761,3.5417802999982086
336,14,3,2,3,1,25,50,820.0612302232373,633.1837781152951,6,820,633,5.748409667555599,-0.251590332,0.2515903324444011,valid,,,Shared Pattern Plane,Region-SIFT(21/28),117,1,304.9750955712858,314.79206027354223,2.9676084000020637
337,14,3,2,3,2,27.5,50,836.4122733984564,633.0039612259282,6,836,633,5.7386829220549505,-0.261317078,0.26131707794504955,valid,,,Shared Pattern Plane,Region-SIFT(21/28),117,1,204.47905751586592,208.5732056705716,3.1682517000008374
338,14,3,2,3,3,30,50,852.8250542,632.8234653914534,6,853,633,5.741760801339115,-0.258239199,0.25823919866088474,valid,,,Shared Pattern Plane,Region-SIFT(21/28),117,1,113.62086918139585,115.20452117203979,2.933171200002107
339,14,3,2,3,4,32.5,50,869.2999228292077,632.6422867592989,6,869,633,5.698765438014841,-0.301234562,0.30123456198515886,valid,,,Shared Pattern Plane,Region-SIFT(21/28),117,1,72.66153836956731,72.87066372,2.736629000002722
340,14,3,2,3,5,35,50,885.8372323815545,632.4604214476892,6,886,632,5.672712080377467,-0.32728792,0.3272879196225329,valid,,,Shared Pattern Plane,Region-SIFT(21/28),117,1,89.22920537701359,89.97725012807811,2.644157999999152
341,14,3,2,4,1,25,52.5,819.2073736367623,649.8809694210687,6,819,650,5.733739941069803,-0.266260059,0.26626005893019666,valid,,,Shared Pattern Plane,Region-SIFT(21/28),117,1,232.31623269843044,238.4834055831543,2.7851195000002917
342,14,3,2,4,2,27.5,52.5,835.6046545931266,649.7321812537583,6,836,650,5.705001733080775,-0.294998267,0.29499826691922504,valid,,,Shared Pattern Plane,Region-SIFT(21/28),117,1,149.55448557687185,152.65430008744968,2.8668300000026647
343,14,3,2,4,3,30,52.5,852.0640292481361,649.5828297,6,852,650,5.677981459202116,-0.322018541,0.3220185407978837,valid,,,Shared Pattern Plane,Region-SIFT(21/28),117,1,162.11854117660926,164.05857008746995,3.5211758999976155
344,14,3,2,4,4,32.5,52.5,868.5858509782045,649.4329114065871,6,869,649,5.131057299517942,-0.8689427,0.8689427004820578,valid,,,Shared Pattern Plane,Region-SIFT(21/28),117,1,118.94415558986563,120.02334555828762,2.917373799999041
345,14,3,2,4,5,35,52.5,885.1704758462712,649.2824232893064,6,885,649,5.625076221368837,-0.374923779,0.374923779,valid,,,Shared Pattern Plane,Region-SIFT(21/28),117,1,128.12188699661738,128.69141384275778,2.6334335999999894
346,14,3,2,5,1,25,55,818.3485142307169,666.6759910144526,6,818,667,5.702798218117038,-0.297201782,0.2972017818829622,valid,,,Shared Pattern Plane,Region-SIFT(21/28),117,1,238.0645413,245.4478028977959,2.9238141999994696
347,14,3,2,5,2,27.5,55,834.7922949106052,666.5585991396185,6,835,667,5.657461583333552,-0.342538417,0.34253841666644824,valid,,,Shared Pattern Plane,Region-SIFT(21/28),117,1,165.5004066568203,169.90114812667383,2.557093999999779
348,14,3,2,5,3,30,55,851.2985284904992,666.4407614145775,6,851,666,6.162680218587025,0.16268021858702486,0.16268021858702486,valid,,,Shared Pattern Plane,Region-SIFT(21/28),117,1,183.63230767325751,185.67386867639055,2.6657055000032415
349,14,3,2,5,4,32.5,55,867.8675714381974,666.3224752945116,6,868,666,5.604952203371639,-0.395047797,0.3950477966283614,valid,,,Shared Pattern Plane,Region-SIFT(21/28),117,1,182.30860295068652,185.1145782977735,2.7597531999999774
350,14,3,2,5,5,35,55,884.4997829395261,666.2037382151995,6,884,666,5.578124717417437,-0.421875283,0.4218752825825627,valid,,,Shared Pattern Plane,Region-SIFT(21/28),117,1,200.23898513228804,205.4687879857815,2.578555600000982
351,15,3,3,1,1,45,45,953.5572962465837,598.1275637534466,5.5,954,598,5.109748080813552,-0.390251919,0.39025191918644797,valid,,,Shared Pattern Plane,Region-SIFT(21/28),117,1,154.1147673294027,155.18638772310183,2.5975156000022253
352,15,3,3,1,2,47.5,45,970.3147046361854,597.8793969525044,5.5,970,598,5.082972108816004,-0.417027891,0.41702789118399597,valid,,,Shared Pattern Plane,Region-SIFT(21/28),117,1,143.99508904552965,145.23256791651053,2.6177872000007483
353,15,3,3,1,3,50,45,987.1359760707319,597.6302843795676,5.5,987,598,5.0545215045404035,-0.445478495,0.4454784954595965,valid,,,Shared Pattern Plane,Region-SIFT(21/28),117,1,112.00974948418835,112.5093767228986,2.6375426999984484
354,15,3,3,1,4,52.5,45,1004.0214763235168,597.3802206177605,5.5,1004,597,5.038496358939484,-0.461503641,0.4615036410605162,valid,,,Shared Pattern Plane,Region-SIFT(21/28),117,1,145.67323984418596,147.77354287785872,2.8120405999979994
355,15,3,3,1,5,55,45,1020.9715739664483,597.1292002087629,5.5,1021,597,5.541992283153818,0.041992283,0.041992283,valid,,,Shared Pattern Plane,Region-SIFT(21/28),117,1,139.94126661946535,142.03796674313787,2.793723400001909
356,15,3,3,2,1,45,47.5,953.0890493697798,614.8772608915838,5.5,953,615,5.066528955094632,-0.433471045,0.43347104490536825,valid,,,Shared Pattern Plane,Region-SIFT(21/28),117,1,112.92108388224607,113.6841457,2.692621499998495
357,15,3,3,2,2,47.5,47.5,969.8950638787005,614.6603112619187,5.5,970,615,5.578155598172069,0.078155598,0.078155598,valid,,,Shared Pattern Plane,Region-SIFT(21/28),117,1,129.34154611365506,130.83147802635003,2.7444085999995878
358,15,3,3,2,3,50,47.5,986.7653162243737,614.4425323830052,5.5,987,614,5.012679951585777,-0.487320048,0.4873200484142233,valid,,,Shared Pattern Plane,Region-SIFT(21/28),117,1,94.77623013289517,97.02668117021325,2.6876717999984976
359,15,3,3,2,4,52.5,47.5,1003.7001754176521,614.2239194912655,5.5,1004,614,4.984423628874159,-0.515576371,0.5155763711258414,valid,,,Shared Pattern Plane,Region-SIFT(21/28),117,1,97.38971686792121,99.40427712,2.7721926999984134
360,15,3,3,2,5,55,47.5,1020.7000133011612,614.0044677865653,5.5,1021,614,4.956163096,-0.543836904,0.5438369042250999,valid,,,Shared Pattern Plane,Region-SIFT(21/28),117,1,128.38087719104908,130.16800423064177,2.755390400001488
361,15,3,3,3,1,45,50,952.6180333090454,631.7260147334792,5.5,953,632,5.022354165495997,-0.477645835,0.47764583450400266,valid,,,Shared Pattern Plane,Region-SIFT(21/28),117,1,169.87967247735884,170.65712563187728,3.216944700001477
362,15,3,3,3,2,47.5,50,969.4729366430058,631.5406567562776,5.5,969,632,5.5309315029821295,0.030931502982129544,0.030931502982129544,valid,,,Shared Pattern Plane,Region-SIFT(21/28),117,1,127.6585836090108,130.42710845507307,2.7733678000004147
363,15,3,3,3,3,50,50,986.3924559143178,631.3545881799581,5.5,986,631,4.970536685,-0.529463315,0.5294633150893997,valid,,,Shared Pattern Plane,Region-SIFT(21/28),117,1,90.70074539184569,92.79358339367094,2.6701550999969186
364,15,3,3,3,4,52.5,50,1003.376963409713,631.1678049103816,5.5,1003,631,4.952235369681036,-0.54776463,0.54776463,valid,,,Shared Pattern Plane,Region-SIFT(21/28),117,1,111.95194151565511,114.695693,2.864900699998543
365,15,3,3,3,5,55,50,1020.4268342813472,630.9803028218977,5.5,1020,631,4.914454500925511,-0.585545499,0.585545499,valid,,,Shared Pattern Plane,Region-SIFT(21/28),117,1,155.9705291647129,157.61074649634944,3.0178484999996726
366,15,3,3,4,1,45,52.5,952.1442234263444,648.6747066082994,5.5,952,649,4.980421795,-0.519578205,0.519578205,valid,,,Shared Pattern Plane,Region-SIFT(21/28),117,1,123.29774801642806,126.0651761890645,2.685590699999011
367,15,3,3,4,2,47.5,52.5,969.0483007639106,648.5213197941184,5.5,969,649,5.482682649629327,-0.01731735,0.017317350370673168,valid,,,Shared Pattern Plane,Region-SIFT(21/28),117,1,113.60307964900183,115.68002879464721,2.8920785000009346
368,15,3,3,4,3,50,52.5,986.0173754872784,648.3673431966716,5.5,986,648,4.927369313997068,-0.572630686,0.572630686,valid,,,Shared Pattern Plane,Region-SIFT(21/28),117,1,118.92386506650814,119.76891441602898,2.7321536999988894
369,15,3,3,4,4,52.5,52.5,1003.0518231979471,648.2127734077684,5.5,1003,648,5.427756198855593,-0.072243801,0.072243801,valid,,,Shared Pattern Plane,Region-SIFT(21/28),117,1,180.59937095843927,187.18819449081172,2.5848210000003746
370,15,3,3,4,5,55,52.5,1020.1520223969956,648.0576069929073,5.5,1020,648,4.880727621906725,-0.619272378,0.6192723780932754,valid,,,Shared Pattern Plane,Region-SIFT(21/28),117,1,174.66976391070733,177.70819696427864,2.7030045999999857
371,15,3,3,5,1,45,55,951.6675947904928,665.7242283314818,5.5,952,666,5.463782341186534,-0.036217659,0.036217658813465725,valid,,,Shared Pattern Plane,Region-SIFT(21/28),117,1,126.33857901184648,127.96999839461091,2.821148999999423
372,15,3,3,5,2,47.5,55,968.6211338119897,665.6031973003854,5.5,969,666,5.435153842167252,-0.064846158,0.064846158,valid,,,Shared Pattern Plane,Region-SIFT(21/28),117,1,107.4232576049825,108.48535942224169,2.7046579999987443
373,15,3,3,5,3,50,55,985.6400551,665.4816995067035,5.5,986,665,5.409313291749914,-0.090686708,0.090686708,valid,,,Shared Pattern Plane,Region-SIFT(21/28),117,1,130.89653709199695,133.08777266589124,2.7850743000017246
374,15,3,3,5,4,52.5,55,1002.7247374759437,665.3597322,5.5,1003,665,5.380657983793005,-0.119342016,0.11934201620699536,valid,,,Shared Pattern Plane,Region-SIFT(21/28),117,1,150.85271689551217,155.00250751905537,2.7212934000017412
375,15,3,3,5,5,55,55,1019.8755629641153,665.2372927891997,5.5,1020,665,4.838550740903752,-0.661449259,0.6614492590962477,valid,,,Shared Pattern Plane,Region-SIFT(21/28),117,1,110.3545913893079,110.76876931477963,2.832908200001839
376,16,3,4,1,1,65,45,1089.4254093397503,596.1154414614767,5,1089,596,4.347889780337732,-0.65211022,0.6521102196622683,valid,,,Shared Pattern Plane,Region-SIFT(21/28),117,1,172.58947254715775,176.20936321640207,2.6250992999994196
377,16,3,4,1,2,67.5,45,1106.7041223581625,595.8595545,5,1107,596,4.318899684103434,-0.681100316,0.6811003158965656,valid,,,Shared Pattern Plane,Region-SIFT(21/28),117,1,186.52228962630824,190.4705556862581,2.6423355999977503
378,16,3,4,1,3,70,45,1124.0497044926997,595.6026772,5,1124,596,4.2914875800492345,-0.70851242,0.7085124199507655,valid,,,Shared Pattern Plane,Region-SIFT(21/28),117,1,154.5693916406581,155.29707085788422,2.766002299998945
379,16,3,4,1,4,72.5,45,1141.4625446740506,595.3448038362628,5,1141,595,4.266325367944444,-0.733674632,0.733674632,valid,,,Shared Pattern Plane,Region-SIFT(21/28),117,1,172.39269306798462,174.8152585456559,2.871611999999004
380,16,3,4,1,5,75,45,1158.9430348549467,595.0859286434985,5,1159,595,4.237316078,-0.762683922,0.7626839222529798,valid,,,Shared Pattern Plane,Region-SIFT(21/28),117,1,130.10365474287164,131.75610985013898,2.748137599999609
381,16,3,4,2,1,65,47.5,1089.3566892350102,613.1181755362525,5,1089,613,4.845493640851384,-0.154506359,0.1545063591486162,valid,,,Shared Pattern Plane,Region-SIFT(21/28),117,1,94.88860405008629,96.10316987736317,2.6002877999999328
382,16,3,4,2,2,67.5,47.5,1106.6870992439647,612.8944565,5,1107,613,4.280946335378549,-0.719053665,0.7190536646214509,valid,,,Shared Pattern Plane,Region-SIFT(21/28),117,1,123.58745558753847,125.33660230901931,2.924893300001713
383,16,3,4,2,3,70,47.5,1124.0847800124855,612.6698689833124,5,1124,613,4.253775247,-0.746224753,0.7462247527502504,valid,,,Shared Pattern Plane,Region-SIFT(21/28),117,1,147.3369776342281,150.47909420701944,2.9205289000019548
384,16,3,4,2,4,72.5,47.5,1141.5501239855682,612.4444080386652,5,1142,612,4.759569403524504,-0.240430596,0.24043059647549558,valid,,,Shared Pattern Plane,Region-SIFT(21/28),117,1,135.96610716562424,136.96505229537863,2.796148199999152
385,16,3,4,2,5,75,47.5,1159.083526666756,612.2180685209623,5,1159,612,4.731210557683539,-0.268789442,0.26878944231646074,valid,,,Shared Pattern Plane,Region-SIFT(21/28),117,1,110.21625583184459,112.18677023873785,2.856344200001331
386,16,3,4,3,1,65,50,1089.287556,630.2230226458449,5,1089,630,4.802981594,-0.197018406,0.19701840640141022,valid,,,Shared Pattern Plane,Region-SIFT(21/28),117,1,87.49488765650956,88.79708883,2.6501041000010446
387,16,3,4,3,2,67.5,50,1106.669973695702,630.0318634536842,5,1107,630,4.773240401178782,-0.226759599,0.22675959882121788,valid,,,Shared Pattern Plane,Region-SIFT(21/28),117,1,121.73563143513189,125.1472241007939,2.6453398000012385
388,16,3,4,3,3,70,50,1124.120067004878,629.8399600097023,5,1124,630,4.745115235519583,-0.254884764,0.2548847644804173,valid,,,Shared Pattern Plane,Region-SIFT(21/28),117,1,107.48676619655872,108.37873763086358,2.613442900001246
389,16,3,4,3,4,72.5,50,1141.6382323483865,629.6473079589597,5,1142,630,4.715327884074713,-0.284672116,0.28467211592528674,valid,,,Shared Pattern Plane,Region-SIFT(21/28),117,1,88.91923422939561,89.24355864654866,2.719137899999623
390,16,3,4,3,5,75,50,1159.224868823605,629.4539029124734,5,1159,629,4.686238553654028,-0.313761446,0.31376144634597214,valid,,,Shared Pattern Plane,Region-SIFT(21/28),117,1,107.30780704286363,108.75233592079071,2.7178758999980346
391,16,3,4,4,1,65,52.5,1089.218007162872,647.4309054486611,5,1089,647,4.7611105829530596,-0.238889417,0.23888941704694044,valid,,,Shared Pattern Plane,Region-SIFT(21/28),117,1,106.61188812962286,108.39595529663158,2.7151488000017707
392,16,3,4,4,2,67.5,52.5,1106.6527447860121,647.2727034476472,5,1107,647,4.731582168947542,-0.268417831,0.2684178310524583,valid,,,Shared Pattern Plane,Region-SIFT(21/28),117,1,93.23911793,93.81159524393216,2.5400148000007903
393,16,3,4,4,3,70,52.5,1124.1555673881335,647.1138836466903,5,1124,647,4.175232756,-0.824767244,0.8247672437040299,valid,,,Shared Pattern Plane,Region-SIFT(21/28),117,1,89.21686052468718,89.95577918488729,2.5726635999999417
394,16,3,4,4,4,72.5,52.5,1141.7268745708893,646.9544424198232,5,1142,647,4.674160376871781,-0.325839623,0.32583962312821857,valid,,,Shared Pattern Plane,Region-SIFT(21/28),117,1,129.1174900509062,130.2643890968688,2.748505399998976
395,16,3,4,4,5,75,52.5,1159.3670690691642,646.7943761126483,5,1159,647,4.646238513696521,-0.353761486,0.3537614863034788,valid,,,Shared Pattern Plane,Region-SIFT(21/28),117,1,115.6468683671699,117.33934224024696,2.7794945999994525
396,16,3,4,5,1,65,55,1089.1480376921784,664.7427577524563,5,1089,665,4.717476353730398,-0.282523646,0.2825236462696017,valid,,,Shared Pattern Plane,Region-SIFT(21/28),117,1,102.61099909298004,102.83252029355083,2.6196845000013127
397,16,3,4,5,2,67.5,55,1106.6354115763043,664.6179156832179,5,1107,665,4.163007633794605,-0.836992366,0.8369923662053953,valid,,,Shared Pattern Plane,Region-SIFT(21/28),117,1,91.3785076,91.49962111604987,2.5538782000003266
398,16,3,4,5,3,70,55,1124.1912831037787,664.4925846104506,5,1124,664,4.662905579388076,-0.337094421,0.3370944206119244,valid,,,Shared Pattern Plane,Region-SIFT(21/28),117,1,91.77106740184561,92.22671537,2.6389843
399,16,3,4,5,4,72.5,55,1141.8160555199051,664.3667616553936,5,1142,664,4.63780207,-0.36219793,0.3621979298493301,valid,,,Shared Pattern Plane,Region-SIFT(21/28),117,1,161.4365670183979,166.3249273,2.696122200002719
400,16,3,4,5,5,75,55,1159.5101352414154,664.2404439166444,5,1160,664,4.604298622658252,-0.395701377,0.39570137734174793,valid,,,Shared Pattern Plane,Region-SIFT(21/28),117,1,81.02137822398433,81.73749699411275,2.5140183999974397
401,17,3,5,1,1,85,45,1229.5494420566158,594.0402916455889,4.5,1230,594,4.1249636901934315,-0.37503631,0.37503630980656855,valid,,,Shared Pattern Plane,Region-SIFT(21/28),117,1,128.49574333776243,130.33875479799528,2.620464499999798
402,17,3,5,1,2,87.5,45,1247.3741693756817,593.7763185148044,4.5,1247,594,4.097531637285365,-0.402468363,0.40246836271463504,valid,,,Shared Pattern Plane,Region-SIFT(21/28),117,1,128.64792041475812,130.27190699848992,2.606966300001659
403,17,3,5,1,3,90,45,1265.2689635448094,593.5113077375279,4.5,1265,594,4.069366954653981,-0.430633045,0.43063304534601876,valid,,,Shared Pattern Plane,Region-SIFT(21/28),117,1,127.24022421710706,128.57549140973228,2.6060634999994363
404,17,3,5,1,4,92.5,45,1283.2342385140798,593.2452532,4.5,1283,593,4.570844957555072,0.070844958,0.070844958,valid,,,Shared Pattern Plane,Region-SIFT(21/28),117,1,105.64181834907129,105.72344130583181,2.8401387999983854
405,17,3,5,1,5,95,45,1301.2704115007912,592.9781486737397,4.5,1301,593,4.012498337994778,-0.487501662,0.48750166200522216,valid,,,Shared Pattern Plane,Region-SIFT(21/28),117,1,132.41954241505374,134.50020570495244,2.6799571000010474
406,17,3,5,2,1,85,47.5,1229.9057432743277,611.3038212045071,4.5,1230,611,4.088548759644668,-0.41145124,0.41145124035533165,valid,,,Shared Pattern Plane,Region-SIFT(21/28),117,1,116.71537539164225,117.30926076423195,2.5781788999993296
407,17,3,5,2,2,87.5,47.5,1247.7854812079577,611.0730108287839,4.5,1248,611,4.0597264306710485,-0.440273569,0.44027356932895145,valid,,,Shared Pattern Plane,Region-SIFT(21/28),117,1,134.46695377763615,136.20390544877375,2.6782137000009243
408,17,3,5,2,3,90,47.5,1265.7357167971165,610.8412903955184,4.5,1266,611,4.030934215702992,-0.469065784,0.4690657842970083,valid,,,Shared Pattern Plane,Region-SIFT(21/28),117,1,126.60995217530186,129.0134432589814,2.5973174999999173
409,17,3,5,2,4,92.5,47.5,1283.7568678110727,610.6086545117076,4.5,1284,611,4.524646936762277,0.024646937,0.024646937,valid,,,Shared Pattern Plane,Region-SIFT(21/28),117,1,94.70226271594012,94.97615948628419,2.7505115999992995
410,17,3,5,2,5,95,47.5,1301.8493553265619,610.3750977,4.5,1302,610,3.4531251082873893,-1.046874892,1.0468748917126107,valid,,,Shared Pattern Plane,Region-SIFT(21/28),117,1,182.7697244119392,185.9192891295001,2.775473099998635
411,17,3,5,3,1,85,50,1230.2642180426806,628.6726637791446,4.5,1230,629,4.050608312662138,-0.449391687,0.4493916873378616,valid,,,Shared Pattern Plane,Region-SIFT(21/28),117,1,127.87715669006266,128.6738400301098,2.614578900000197
412,17,3,5,3,2,87.5,50,1248.199307125063,628.4754267041302,4.5,1248,628,4.024114999665819,-0.475885,0.4758850003341806,valid,,,Shared Pattern Plane,Region-SIFT(21/28),117,1,128.26233693682957,128.7382077021242,2.622565300000133
413,17,3,5,3,3,90,50,1266.2053286536818,628.2774095656238,4.5,1266,628,3.9955256036441353,-0.504474396,0.5044743963558647,valid,,,Shared Pattern Plane,Region-SIFT(21/28),117,1,100.17218081005035,101.53769491979067,2.770088900000701
414,17,3,5,3,4,92.5,50,1284.2827042641188,628.0786077267836,4.5,1284,628,3.9684281221482576,-0.531571878,0.5315718778517424,valid,,,Shared Pattern Plane,Region-SIFT(21/28),117,1,114.52872641982225,116.67814868781106,2.563019400000485
415,17,3,5,3,5,95,50,1302.4318589402967,627.8790165139454,4.5,1302,628,4.454833516310239,-0.045166484,0.045166484,valid,,,Shared Pattern Plane,Region-SIFT(21/28),117,1,201.84216561796802,207.48891516144056,2.8329212999997253
416,17,3,5,4,1,85,52.5,1230.6248863115495,646.1477859821114,4.5,1231,646,4.013748025722149,-0.486251974,0.4862519742778506,valid,,,Shared Pattern Plane,Region-SIFT(21/28),117,1,124.95139087747646,128.44208877908886,2.7857628999990993
417,17,3,5,4,2,87.5,52.5,1248.6156702481362,645.9845384426246,4.5,1249,646,3.9854083451746694,-0.514591655,0.5145916548253306,valid,,,Shared Pattern Plane,Region-SIFT(21/28),117,1,119.13711358832303,119.34382286829353,2.605534099999204
418,17,3,5,4,3,90,52.5,1266.6778254562123,645.8206432835287,4.5,1267,646,3.9570691078107867,-0.542930892,0.5429308921892133,valid,,,Shared Pattern Plane,Region-SIFT(21/28),117,1,91.53498783035883,91.65431395478657,2.735478000002331
419,17,3,5,4,4,92.5,52.5,1284.8117774855289,645.6560966434051,4.5,1285,646,3.9301181302594577,-0.56988187,0.5698818697405423,valid,,,Shared Pattern Plane,Region-SIFT(21/28),117,1,157.21361629496175,159.39946327740594,2.9295205999987957
420,17,3,5,4,5,95,52.5,1303.0179552756808,645.4908946300754,4.5,1303,645,3.904495882580689,-0.595504117,0.5955041174193112,valid,,,Shared Pattern Plane,Region-SIFT(21/28),117,1,200.65109730826484,205.88204632798954,2.759077000002435
421,17,3,5,5,1,85,55,1230.987768275704,663.7301662916902,4.5,1231,664,3.462461189586729,-1.03753881,1.0375388104132708,valid,,,Shared Pattern Plane,Region-SIFT(21/28),117,1,145.7471100862695,147.30103805380037,2.9157063999991806
422,17,3,5,5,2,87.5,55,1249.034593982704,663.6013303,4.5,1249,664,4.459252470017277,-0.04074753,0.04074753,valid,,,Shared Pattern Plane,Region-SIFT(21/28),117,1,106.18029153006418,107.7312710282467,2.8828584000002593
423,17,3,5,5,3,90,55,1267.1532338710617,663.4719816385903,4.5,1267,663,3.922776100913545,-0.577223899,0.5772238990864551,valid,,,Shared Pattern Plane,Region-SIFT(21/28),117,1,117.67471221691719,118.44533307399175,2.6465793999996094
424,17,3,5,5,4,92.5,55,1285.3441174532925,663.3421172254009,4.5,1285,663,3.8959636865738125,-0.604036313,0.6040363134261875,valid,,,Shared Pattern Plane,Region-SIFT(21/28),117,1,193.8711141031255,196.12025504382535,2.6166484000023047
425,17,3,5,5,5,95,55,1303.6076776739085,663.2117339749075,4.5,1304,663,3.867035381353287,-0.632964619,0.6329646186467128,valid,,,Shared Pattern Plane,Region-SIFT(21/28),117,1,197.52038259859438,202.21070061042434,2.7476989999995567
426,18,3,6,1,1,105,45,1374.1325441401589,591.8991057843783,4,1374,592,3.896641656003866,-0.103358344,0.10335834399613386,valid,,,Shared Pattern Plane,Region-SIFT(21/28),117,1,153.93927328119833,155.88567209051752,2.8344151999990572
427,18,3,6,1,2,107.5,45,1392.529582108721,591.6266570886539,4,1393,592,3.3434029291867637,-0.656597071,0.6565970708132363,valid,,,Shared Pattern Plane,Region-SIFT(21/28),117,1,157.76008644457218,160.4104378040639,3.7162041000010504
428,18,3,6,1,3,110,45,1411.0000918459723,591.3531203217094,4,1411,591,3.3239783895893598,-0.67602161,0.6760216104106402,valid,,,Shared Pattern Plane,Region-SIFT(21/28),117,1,124.31530908150648,126.49241212026483,3.565032099999371
429,18,3,6,1,4,112.5,45,1429.5445143659629,591.0784889524006,4,1430,591,3.295505267447544,-0.704494733,0.704494733,valid,,,Shared Pattern Plane,Region-SIFT(21/28),117,1,169.71569573942315,172.89627718559348,2.864609100000962
430,18,3,6,1,5,115,45,1448.1632942194005,590.8027563972079,4,1448,591,3.252872872129385,-0.747127128,0.7471271278706149,valid,,,Shared Pattern Plane,Region-SIFT(21/28),117,1,211.92849031882312,215.1852023963316,3.051443399999698
431,18,3,6,2,1,105,47.5,1374.9412095475968,609.4315515667761,4,1375,609,3.3412781343506976,-0.658721866,0.6587218656493024,valid,,,Shared Pattern Plane,Region-SIFT(21/28),117,1,169.03451725086836,170.00891400640265,2.8752587999988464
432,18,3,6,2,2,107.5,47.5,1393.3968138010148,609.1933073057168,4,1393,609,3.319518666388504,-0.680481334,0.6804813336114961,valid,,,Shared Pattern Plane,Region-SIFT(21/28),117,1,236.79308657772327,241.3255611170731,3.801594500000647
433,18,3,6,2,3,110,47.5,1411.9263523375096,608.9541086,4,1412,609,3.2912442200257144,-0.70875578,0.7087557799742856,valid,,,Shared Pattern Plane,Region-SIFT(21/28),117,1,179.78822101865495,182.28289756788723,3.4149507000001904
434,18,3,6,2,4,112.5,47.5,1430.5302703266807,608.7139497734976,4,1431,609,3.2559116712163996,-0.744088329,0.7440883287836004,valid,,,Shared Pattern Plane,Region-SIFT(21/28),117,1,282.82440870174025,290.9298064598859,2.625418899999204
435,18,3,6,2,5,115,47.5,1449.2090165192287,608.4728249626786,4,1449,608,3.7595693101232386,-0.24043069,0.24043068987676142,valid,,,Shared Pattern Plane,Region-SIFT(21/28),117,1,310.14875285032565,320.2577590117396,3.0566281999999774
436,18,3,6,3,1,105,50,1375.7548870490127,627.0726631399014,4,1376,627,3.308744930178079,-0.69125507,0.6912550698219211,valid,,,Shared Pattern Plane,Region-SIFT(21/28),117,1,175.25116505648091,177.18691200928924,2.923202300000412
437,18,3,6,3,2,107.5,50,1394.2694313583977,626.8690536,4,1394,627,3.2815102392444513,-0.718489761,0.7184897607555487,valid,,,Shared Pattern Plane,Region-SIFT(21/28),117,1,223.18080353005223,226.75469092050332,3.211331800001062
438,18,3,6,3,3,110,50,1412.858376845431,626.6646259248835,4,1413,627,3.2528069219506945,-0.747193078,0.7471930780493055,valid,,,Shared Pattern Plane,Region-SIFT(21/28),117,1,189.89605747051343,193.2748564890691,2.8447984000013093
439,18,3,6,3,4,112.5,50,1431.5221728876304,626.4593750603286,4,1432,626,3.2327196852821936,-0.767280315,0.7672803147178064,valid,,,Shared Pattern Plane,Region-SIFT(21/28),117,1,195.2149443560807,199.7400730723313,2.9166700999994646
440,18,3,6,3,5,115,50,1450.2612724887558,626.2532961,4,1450,626,3.198599370976062,-0.801400629,0.8014006290239379,valid,,,Shared Pattern Plane,Region-SIFT(21/28),117,1,219.12027174631754,224.05643662225438,2.983707700001105
441,18,3,6,4,1,105,52.5,1376.5736233865664,644.8234539072738,4,1377,645,2.7646433843841067,-1.235356616,1.2353566156158933,valid,,,Shared Pattern Plane,Region-SIFT(21/28),117,1,227.68544137793242,233.44649557412075,4.114321299999574
442,18,3,6,4,2,107.5,52.5,1395.1474851098033,644.6549155469793,4,1395,645,3.2497178839409484,-0.750282116,0.7502821160590516,valid,,,Shared Pattern Plane,Region-SIFT(21/28),117,1,206.5053291946492,209.71382357592177,2.888686099999177
443,18,3,6,4,3,110,52.5,1413.7962193409176,644.4856977970188,4,1414,644,3.729596547051022,-0.270403453,0.27040345294897783,valid,,,Shared Pattern Plane,Region-SIFT(21/28),117,1,191.91837828752227,195.2536734,2.780042300000787
444,18,3,6,4,4,112.5,52.5,1432.520279718539,644.3157965410968,4,1433,644,3.1944131914602827,-0.805586809,0.8055868085397173,valid,,,Shared Pattern Plane,Region-SIFT(21/28),117,1,167.67555016714428,170.06494903621464,2.980313300002308
445,18,3,6,4,5,115,52.5,1451.3201235533968,644.1452076295966,4,1451,644,3.174979923626084,-0.825020076,0.825020076,valid,,,Shared Pattern Plane,Region-SIFT(21/28),117,1,158.2378536088126,158.88211661382863,3.0853831999993417
446,18,3,6,5,1,105,55,1377.3974658854445,662.6849499128723,4,1377,663,2.7395339030613295,-1.260466097,1.2604660969386705,valid,,,Shared Pattern Plane,Region-SIFT(21/28),117,1,198.73429940188373,202.06143411892165,2.8766536000002816
447,18,3,6,5,2,107.5,55,1396.031026013199,662.5519252392396,4,1396,663,3.7214369101419362,-0.27856309,0.2785630898580638,valid,,,Shared Pattern Plane,Region-SIFT(21/28),117,1,223.43222083338986,227.3391773,2.8341297000006307
448,18,3,6,5,3,110,55,1414.7399344710695,662.4183627,4,1415,662,3.1918513045233374,-0.808148695,0.8081486954766626,valid,,,Shared Pattern Plane,Region-SIFT(21/28),117,1,241.80042263767706,249.37701811674842,3.026163299997279
449,18,3,6,5,4,112.5,55,1433.5246492128372,662.2842588912498,4,1434,662,3.170311683227579,-0.829688317,0.8296883167724212,valid,,,Shared Pattern Plane,Region-SIFT(21/28),117,1,206.2639360246204,210.25554334123586,2.7133720999991056
450,18,3,6,5,5,115,55,1452.3856319109643,662.1496106516964,4,1452,662,3.144223713830918,-0.855776286,0.8557762861690819,valid,,,Shared Pattern Plane,Region-SIFT(21/28),117,1,178.53975382860375,180.35966939820833,3.0771682999984478
451,19,4,1,1,1,5,65,684.0603892677105,734.7576616633557,3.5,684,735,3.629318295546205,0.1293182955462049,0.1293182955462049,valid,,,Shared Pattern Plane,Region-SIFT(21/28),117,1,175.80931125620685,178.24743543857406,3.5233746000012616
452,19,4,1,1,2,7.5,65,700.1944208558824,734.7692709014208,3.5,700,735,3.0730681838298635,-0.426931816,0.42693181617013654,valid,,,Shared Pattern Plane,Region-SIFT(21/28),117,1,218.64832835323597,223.15282190313556,2.941152899998997
453,19,4,1,1,3,10,65,716.3895195178666,734.7809240802823,3.5,716,735,3.562108076085467,0.062108076,0.062108076,valid,,,Shared Pattern Plane,Region-SIFT(21/28),117,1,218.93421845511784,222.6083953211613,2.841420000000653
454,19,4,1,1,4,12.5,65,732.6460326180205,734.7926214,3.5,733,735,3.518161855446991,0.018161855446991115,0.018161855446991115,valid,,,Shared Pattern Plane,Region-SIFT(21/28),117,1,182.02450312659852,183.21302886926298,3.1710640999990574
455,19,4,1,1,5,15,65,748.9643101602305,734.8043632620775,3.5,749,735,3.534985488007998,0.034985488007997834,0.034985488007997834,valid,,,Shared Pattern Plane,Region-SIFT(21/28),117,1,152.76030222877625,156.29551775494136,2.921240299998317
456,19,4,1,2,1,5,67.5,682.8062212854392,751.7930427,3.5,683,752,3.5803914384749533,0.080391438,0.080391438,valid,,,Shared Pattern Plane,Region-SIFT(21/28),117,1,154.5718628050789,155.11045526880287,2.6516904999989492
457,19,4,1,2,2,7.5,67.5,698.9852087539788,751.8369588371881,3.5,699,752,3.5579272842795078,0.057927284279507774,0.057927284279507774,valid,,,Shared Pattern Plane,Region-SIFT(21/28),117,1,208.93056492376581,214.24272393384794,2.6802226999971026
458,19,4,1,2,3,10,67.5,715.2256134442136,751.8810416808316,3.5,715,752,3.535443623265473,0.035443623,0.035443623,valid,,,Shared Pattern Plane,Region-SIFT(21/28),117,1,231.57532180099892,239.03829392531128,3.008472999998048
459,19,4,1,2,4,12.5,67.5,731.5277857410193,751.9252921860445,3.5,732,752,3.511592234918797,0.011592234918797129,0.011592234918797129,valid,,,Shared Pattern Plane,Region-SIFT(21/28),117,1,196.53886619598148,200.82723628707086,2.9495698000027915
460,19,4,1,2,5,15,67.5,747.8920787,751.9697113,3.5,748,752,3.489174855710717,-0.010825144,0.010825144289282829,valid,,,Shared Pattern Plane,Region-SIFT(21/28),117,1,195.97806456480077,199.45858645875487,2.8957064999995055
461,19,4,1,3,1,5,70,681.5446870295931,768.9284799405063,3.5,682,769,3.5538423870421267,0.053842387,0.053842387,valid,,,Shared Pattern Plane,Region-SIFT(21/28),117,1,177.92945129707374,180.39042136384307,3.2128966999989643
462,19,4,1,3,2,7.5,70,697.7688809294508,769.0050831918421,3.5,698,769,3.531506256276777,0.031506256276776945,0.031506256276776945,valid,,,Shared Pattern Plane,Region-SIFT(21/28),117,1,175.00692093460648,176.76801724484113,2.950667600001907
463,19,4,1,3,3,10,70,714.0548452172102,769.0819780948049,3.5,714,769,3.5091824484147245,0.009182448,0.009182448,valid,,,Shared Pattern Plane,Region-SIFT(21/28),117,1,211.55982845144928,216.84829292054906,3.146942499999568
464,19,4,1,3,4,12.5,70,730.4029333333781,769.1591663,3.5,730,769,3.4868679225973955,-0.013132077,0.013132077,valid,,,Shared Pattern Plane,Region-SIFT(21/28),117,1,212.3500747842133,216.07087253367482,2.9247246000013547
465,19,4,1,3,5,15,70,746.8135014200552,769.2366495,3.5,747,769,3.463186511007493,-0.036813489,0.036813488992506915,valid,,,Shared Pattern Plane,Region-SIFT(21/28),117,1,183.2121851845393,185.96822839352774,3.051502899998013
466,19,4,1,4,1,5,72.5,680.2757214,786.1648574794274,3.5,680,786,3.009405364659673,-0.490594635,0.4905946353403272,valid,,,Shared Pattern Plane,Region-SIFT(21/28),117,1,186.04176233887043,189.37927415985905,3.0062403999982052
467,19,4,1,4,2,7.5,72.5,696.5453743872374,786.2745331229132,3.5,697,786,3.007701400392429,-0.4922986,0.49229859960757105,valid,,,Shared Pattern Plane,Region-SIFT(21/28),117,1,164.2162703483824,166.42057223504796,3.0531259999988833
468,19,4,1,4,3,10,72.5,712.8771539706399,786.3846275691619,3.5,713,786,2.9653661767344857,-0.534633823,0.5346338232655143,valid,,,Shared Pattern Plane,Region-SIFT(21/28),117,1,191.39687685234838,194.73256832468076,2.798559300001216
469,19,4,1,4,4,12.5,72.5,729.2714166930042,786.4951432215963,3.5,729,786,2.9440081514444643,-0.555991849,0.5559918485555357,valid,,,Shared Pattern Plane,Region-SIFT(21/28),117,1,246.51888859864897,253.97175808317942,3.609136099999887
470,19,4,1,4,5,15,72.5,745.7285218194032,786.6060825020644,3.5,746,787,2.939240176416904,-0.560759824,0.560759824,valid,,,Shared Pattern Plane,Region-SIFT(21/28),117,1,177.44767626706886,182.1048163243173,3.139204499999323
471,19,4,1,5,1,5,75,678.9992586,803.5030699,3.5,679,804,3.008452707095991,-0.491547293,0.4915472929040088,valid,,,Shared Pattern Plane,Region-SIFT(21/28),117,1,184.71189303927952,190.09513019320678,2.9288669000015943
472,19,4,1,5,2,7.5,75,695.3146253864877,803.6462083145393,3.5,695,804,3.4796882281249593,-0.020311772,0.020311772,valid,,,Shared Pattern Plane,Region-SIFT(21/28),117,1,164.53547795159477,168.36135110394002,3.770125499999267
473,19,4,1,5,3,10,75,711.6924781163191,803.7898949579953,3.5,712,804,3.456283540153395,-0.04371646,0.043716459846605105,valid,,,Shared Pattern Plane,Region-SIFT(21/28),117,1,212.30354425844064,215.9723962382336,3.3312413
474,19,4,1,5,4,12.5,75,728.1331764201724,803.934133,3.5,728,804,3.434270385862476,-0.065729614,0.065729614,valid,,,Shared Pattern Plane,Region-SIFT(21/28),117,1,233.08901546215887,238.05306339494376,2.7033950999975787
475,19,4,1,5,5,15,75,744.6370827227049,804.0789255002749,3.5,745,804,3.429715294185469,-0.070284706,0.070284706,valid,,,Shared Pattern Plane,Region-SIFT(21/28),117,1,194.88057745373436,200.54693181880913,2.7359035999979824
476,20,4,2,1,1,25,65,814.8621586256028,734.8517800411154,3,815,735,2.8958217291117774,-0.104178271,0.10417827088822262,valid,,,Shared Pattern Plane,Region-SIFT(21/28),117,1,141.17417191702222,142.48853630193304,2.7766116999991937
477,20,4,2,1,2,27.5,65,831.4946025944246,734.8637479116743,3,831,735,2.8906539494489616,-0.109346051,0.10934605055103841,valid,,,Shared Pattern Plane,Region-SIFT(21/28),117,1,132.21620640123962,134.0142867649252,3.1334425999993982
478,20,4,2,1,3,30,65,848.1909678857227,734.8757617768031,3,848,735,2.8513955439581613,-0.148604456,0.1486044560418387,valid,,,Shared Pattern Plane,Region-SIFT(21/28),117,1,146.33256268879722,148.1755883059702,2.8944384999995236
479,20,4,2,1,4,32.5,65,864.9516236997845,734.8878219021605,3,865,735,3.352492714192659,0.35249271419265904,0.35249271419265904,valid,,,Shared Pattern Plane,Region-SIFT(21/28),117,1,170.83080429248707,172.3496826240496,2.7014832
480,20,4,2,1,5,35,65,881.7769420856441,734.8999285554537,3,882,735,2.8056880069579058,-0.194311993,0.19431199304209423,valid,,,Shared Pattern Plane,Region-SIFT(21/28),117,1,234.39386565092383,237.42631923599023,3.059906000002229
481,20,4,2,2,1,25,67.5,813.9776131533094,752.1490934348168,3,814,752,2.8748022521266905,-0.125197748,0.1251977478733095,valid,,,Shared Pattern Plane,Region-SIFT(21/28),117,1,177.89496269629745,180.49001792566426,3.003907199999958
482,20,4,2,2,2,27.5,67.5,830.6579005113626,752.1943702929713,3,831,752,2.8520687722151297,-0.147931228,0.14793122778487033,valid,,,Shared Pattern Plane,Region-SIFT(21/28),117,1,176.71367116453786,179.0472581423639,2.995730899998307
483,20,4,2,2,3,30,67.5,847.4024843875171,752.2398216771558,3,847,752,2.830674408345051,-0.169325592,0.1693255916549492,valid,,,Shared Pattern Plane,Region-SIFT(21/28),117,1,170.8969066569414,174.76034457921511,3.1690914000027988
484,20,4,2,2,4,32.5,67.5,864.2117372596413,752.2854485984215,3,864,752,2.8079540183747493,-0.192045982,0.19204598162525066,valid,,,Shared Pattern Plane,Region-SIFT(21/28),117,1,145.9887131257032,147.16753795512233,3.0643758999976853
485,20,4,2,2,5,35,67.5,881.0860344882516,752.3312520756444,3,881,752,2.7852725481242384,-0.214727452,0.2147274518757616,valid,,,Shared Pattern Plane,Region-SIFT(21/28),117,1,126.92118372059372,128.4337571651426,2.895171500000288
486,20,4,2,3,1,25,70,813.0877923263328,769.5495665484899,3,813,770,2.852862582534378,-0.147137417,0.14713741746562192,valid,,,Shared Pattern Plane,Region-SIFT(21/28),117,1,187.12540672645366,190.73462779330515,2.906609000001481
487,20,4,2,3,2,27.5,70,829.8161987800127,769.6285504617697,3,830,770,2.830220609273681,-0.169779391,0.16977939072631898,valid,,,Shared Pattern Plane,Region-SIFT(21/28),117,1,194.29201117974742,196.6561808092961,2.885554399999819
488,20,4,2,3,3,30,70,846.6092802596355,769.7078397410537,3,847,770,2.807658247694223,-0.192341752,0.1923417523057771,valid,,,Shared Pattern Plane,Region-SIFT(21/28),117,1,208.3564700172061,212.2036931,3.069872200001555
489,20,4,2,3,4,32.5,70,863.4674125595575,769.7874361606721,3,863,770,2.7864335282803876,-0.213566472,0.2135664717196124,valid,,,Shared Pattern Plane,Region-SIFT(21/28),117,1,196.79296469612729,203.48891110101536,3.3641325999997207
490,20,4,2,3,5,35,70,880.3909744,769.8673415087273,3,880,770,2.247724059361267,-0.752275941,0.7522759406387332,valid,,,Shared Pattern Plane,Region-SIFT(21/28),117,1,159.50478969200577,162.92036588991633,3.0410592000007455
491,20,4,2,4,1,25,72.5,812.1926488108688,787.0541249960967,3,812,787,2.8325294858757983,-0.167470514,0.16747051412420166,valid,,,Shared Pattern Plane,Region-SIFT(21/28),117,1,145.28522435748386,149.90071109712747,3.2338058999994246
492,20,4,2,4,2,27.5,72.5,828.9694524535718,787.1672194018491,3,829,787,2.8100327868750172,-0.189967213,0.18996721312498277,valid,,,Shared Pattern Plane,Region-SIFT(21/28),117,1,173.46890310862707,175.8057485380701,3.8456920999997237
493,20,4,2,4,3,30,72.5,845.811313,787.2807523637128,3,846,787,2.7875875837893327,-0.212412416,0.2124124162106673,valid,,,Shared Pattern Plane,Region-SIFT(21/28),117,1,196.39030086880638,201.1551901717811,3.335759400000825
494,20,4,2,4,4,32.5,72.5,862.7186095445835,787.3947264375843,3,863,787,2.267628977290027,-0.732371023,0.7323710227099731,valid,,,Shared Pattern Plane,Region-SIFT(21/28),117,1,194.75352574101203,196.86525231723468,3.697091800000635
495,20,4,2,4,5,35,72.5,879.6917242,787.5091441992599,3,880,788,2.2162496271232195,-0.783750373,0.7837503728767805,valid,,,Shared Pattern Plane,Region-SIFT(21/28),117,1,197.83120521565593,202.47494915290127,3.0107893999993394
496,20,4,2,5,1,25,75,811.2921347051366,804.6637054984059,3,811,805,2.7948330288890046,-0.205166971,0.20516697111099536,valid,,,Shared Pattern Plane,Region-SIFT(21/28),117,1,210.00472536541167,214.0723037317731,3.086848499999178
497,20,4,2,5,2,27.5,75,828.1176160448556,804.8113192899153,3,828,805,2.7731747171395726,-0.226825283,0.22682528286042736,valid,,,Shared Pattern Plane,Region-SIFT(21/28),117,1,192.20620537056493,195.97700473961027,3.2782213000027696
498,20,4,2,5,3,30,75,845.0085395,804.9595072202274,3,845,805,2.7666137527472685,-0.233386247,0.2333862472527315,valid,,,Shared Pattern Plane,Region-SIFT(21/28),117,1,236.9027328339834,242.84384280515448,2.9265806000003067
499,20,4,2,5,4,32.5,75,861.9652876763249,805.1082726455081,3,862,805,2.2367565328017265,-0.763243467,0.7632434671982735,valid,,,Shared Pattern Plane,Region-SIFT(21/28),117,1,187.116295,189.90541498937247,3.1965438000006543
500,20,4,2,5,5,35,75,878.9882460482497,805.2576189481342,3,879,805,2.722119214754569,-0.277880785,0.27788078524543103,valid,,,Shared Pattern Plane,Region-SIFT(21/28),117,1,177.64649379871508,181.00035721165804,2.8316389999999956
501,21,4,3,1,1,45,65,949.7323835845573,734.9488258750025,2.5,950,735,2.1927781656137753,-0.307221834,0.30722183438622475,valid,,,Shared Pattern Plane,Region-SIFT(21/28),117,1,144.57623812458502,148.00134675742362,2.8113411
502,21,4,3,1,2,47.5,65,966.8866972161806,734.9611692567358,2.5,967,735,2.171162209,-0.328837791,0.328837791,valid,,,Shared Pattern Plane,Region-SIFT(21/28),117,1,214.21199430284045,218.1963741996333,3.026869400000578
503,21,4,3,1,3,50,65,984.1079671017857,734.9735608168238,2.5,984,735,2.6693527411347424,0.1693527411347424,0.1693527411347424,valid,,,Shared Pattern Plane,Region-SIFT(21/28),117,1,209.68949721906552,212.85302201496876,2.951321500000631
504,21,4,3,1,4,52.5,65,1001.3965860206808,734.9860008378902,2.5,1001,735,2.1279558098864713,-0.37204419,0.37204419011352874,valid,,,Shared Pattern Plane,Region-SIFT(21/28),117,1,187.0642900799948,190.1552832466444,3.4190604
505,21,4,3,1,5,55,65,1018.75295,734.9984896047746,2.5,1019,735,2.1143383707340453,-0.385661629,0.3856616292659547,valid,,,Shared Pattern Plane,Region-SIFT(21/28),117,1,189.1346339432651,192.6409962269193,3.169566600001417
506,21,4,3,2,1,45,67.5,949.2412766444012,752.5162521997639,2.5,949,753,2.176684282290696,-0.323315718,0.323315718,valid,,,Shared Pattern Plane,Region-SIFT(21/28),117,1,217.54334903141807,225.3147092191857,3.7073697999985598
507,21,4,3,2,2,47.5,67.5,966.4465289300795,752.5629540191351,2.5,966,753,2.1552016969965404,-0.344798303,0.3447983030034596,valid,,,Shared Pattern Plane,Region-SIFT(21/28),117,1,170.94872063026227,177.72243885081713,2.8991635000020324
508,21,4,3,2,3,50,67.5,983.7191398586706,752.6098386763465,2.5,984,753,2.1324510091632325,-0.367548991,0.3675489908367675,valid,,,Shared Pattern Plane,Region-SIFT(21/28),117,1,188.28953771439808,194.83365785131596,2.6518206000000646
509,21,4,3,2,4,52.5,67.5,1001.0595057701132,752.6569072472212,2.5,1001,753,2.111019023664909,-0.388980976,0.3889809763350911,valid,,,Shared Pattern Plane,Region-SIFT(21/28),117,1,180.52437796617943,184.8812285,2.7271803000003274
510,21,4,3,2,5,55,67.5,1018.4680261198873,752.7041608160379,2.5,1018,753,2.602269548608689,0.10226954860868886,0.10226954860868886,valid,,,Shared Pattern Plane,Region-SIFT(21/28),117,1,194.12331410261686,194.95369983496917,2.8862530999977025
511,21,4,3,3,1,45,70,948.7471949573736,770.1900884369701,2.5,949,770,2.172292915386436,-0.327707085,0.3277070846135639,valid,,,Shared Pattern Plane,Region-SIFT(21/28),117,1,199.55126847161188,203.02343051436895,3.1518036000015854
512,21,4,3,3,2,47.5,70,966.0036892194626,770.2715657402673,2.5,966,770,2.1502562658683995,-0.349743734,0.34974373413160054,valid,,,Shared Pattern Plane,Region-SIFT(21/28),117,1,189.37507659165317,194.4563480708802,2.783947200001421
513,21,4,3,3,3,50,70,983.3279482,770.3533629974603,2.5,983,770,2.1178386186613327,-0.382161381,0.3821613813386673,valid,,,Shared Pattern Plane,Region-SIFT(21/28),117,1,155.69164353072958,158.2307460708309,3.7688636
514,21,4,3,3,4,52.5,70,1000.7203716970638,770.4354820969006,2.5,1001,770,2.0952377721917563,-0.404762228,0.40476222780824367,valid,,,Shared Pattern Plane,Region-SIFT(21/28),117,1,151.02770326351992,153.40460757566203,2.7499501000020246
515,21,4,3,3,5,55,70,1018.1813629535129,770.5179249418301,2.5,1018,771,2.0822262172395085,-0.417773783,0.4177737827604915,valid,,,Shared Pattern Plane,Region-SIFT(21/28),117,1,173.73741094902078,175.74982951816938,2.8181767999994918
516,21,4,3,4,1,45,72.5,948.2501114132865,787.9713043473563,2.5,948,788,2.1450119874930316,-0.354988013,0.35498801250696843,valid,,,Shared Pattern Plane,Region-SIFT(21/28),117,1,135.85359963916596,137.21514884637568,2.852801699998963
517,21,4,3,4,2,47.5,72.5,965.5581536906001,788.0879799,2.5,966,788,2.133466663800953,-0.366533336,0.3665333361990468,valid,,,Shared Pattern Plane,Region-SIFT(21/28),117,1,173.25156337243538,175.71792350399218,2.7118453000002773
518,21,4,3,4,3,50,72.5,982.9343703468305,788.2051150145488,2.5,983,788,2.1012548443838863,-0.398745156,0.3987451556161137,valid,,,Shared Pattern Plane,Region-SIFT(21/28),117,1,185.91661523687776,191.19707459916614,2.920258099999046
519,21,4,3,4,4,52.5,72.5,1000.3791649733311,788.3227124260568,2.5,1000,788,1.5829524369586785,-0.917047563,0.9170475630413215,valid,,,Shared Pattern Plane,Region-SIFT(21/28),117,1,177.34953747401164,181.44048444958844,2.7287336999979743
520,21,4,3,4,5,55,72.5,1017.8929443534277,788.4407748718992,2.5,1018,788,2.0577128458616247,-0.442287154,0.44228715413837527,valid,,,Shared Pattern Plane,Region-SIFT(21/28),117,1,183.73493273699725,186.1794774427959,2.6896888999981456
521,21,4,3,5,1,45,75,947.7499985715253,805.8608815113777,2.5,948,806,2.1284634935355875,-0.371536506,0.3715365064644125,valid,,,Shared Pattern Plane,Region-SIFT(21/28),117,1,145.5176345159137,147.69706479984583,2.8690507000028447
522,21,4,3,5,2,47.5,75,965.1098976518574,806.0131838718112,2.5,965,806,2.107338632838994,-0.392661367,0.39266136716100597,valid,,,Shared Pattern Plane,Region-SIFT(21/28),117,1,194.66727220898582,201.80457080498908,3.060243399999308
523,21,4,3,5,3,50,75,982.5383845468169,806.1660879688113,2.5,983,806,2.085022349,-0.414977651,0.41497765075830007,valid,,,Shared Pattern Plane,Region-SIFT(21/28),117,1,116.56729903246361,119.58097405085773,2.9073693999998795
524,21,4,3,5,4,52.5,75,1000.0358665398667,806.3195973755685,2.5,1000,806,2.063981890764365,-0.436018109,0.436018109,valid,,,Shared Pattern Plane,Region-SIFT(21/28),117,1,124.08524826594763,124.41203169231603,2.8234033999979147
525,21,4,3,5,5,55,75,1017.6027541455359,806.4737156936205,2.5,1018,806,2.041723903650006,-0.458276096,0.4582760963499939,valid,,,Shared Pattern Plane,Region-SIFT(21/28),117,1,151.94475175867635,153.40105247480335,2.6089647999979206
526,22,4,4,1,1,65,65,1088.8638805652843,735.0489379,2,1089,735,1.5007356797556757,-0.49926432,0.4992643202443243,valid,,,Shared Pattern Plane,Region-SIFT(21/28),117,1,184.72592396660457,187.39620166259397,2.666610000000219
527,22,4,4,1,2,67.5,65,1106.565016562856,735.0616747536391,2,1107,735,1.4792639795437243,-0.52073602,0.5207360204562757,valid,,,Shared Pattern Plane,Region-SIFT(21/28),117,1,186.99922008060273,190.9086007590207,2.7996297999998205
528,22,4,4,1,3,70,65,1124.3363389552787,735.0744621038592,2,1124,735,1.4590408519477789,-0.540959148,0.5409591480522211,valid,,,Shared Pattern Plane,Region-SIFT(21/28),117,1,169.4244152048908,171.20178186543203,2.893361200000072
529,22,4,4,1,4,72.5,65,1142.178266013645,735.0873002576479,2,1142,735,1.437692958726743,-0.562307041,0.5623070412732569,valid,,,Shared Pattern Plane,Region-SIFT(21/28),117,1,145.01494792655663,147.83962933899127,2.8069756000004418
530,22,4,4,1,5,75,65,1160.0912193392087,735.1001895183679,2,1160,735,1.4163602585040984,-0.583639741,0.5836397414959016,valid,,,Shared Pattern Plane,Region-SIFT(21/28),117,1,173.72725325135326,175.68401025564458,2.6719324000005145
531,22,4,4,2,1,65,67.5,1088.7917517838384,752.8950470569903,2,1089,753,1.4894747860073476,-0.510525214,0.5105252139926524,valid,,,Shared Pattern Plane,Region-SIFT(21/28),117,1,173.55042498805537,175.03586331818593,2.876494100000855
532,22,4,4,2,2,67.5,67.5,1106.5471473691023,752.9432421815786,2,1107,753,1.474030127678605,-0.525969872,0.525969872,valid,,,Shared Pattern Plane,Region-SIFT(21/28),117,1,188.7541904459555,189.56036298990915,2.7038351000010152
533,22,4,4,2,3,70,67.5,1124.3731612953995,752.991629,2,1124,753,1.4532702847240058,-0.546729715,0.5467297152759942,valid,,,Shared Pattern Plane,Region-SIFT(21/28),117,1,161.47764557782938,162.9072076009436,2.6957641000008152
534,22,4,4,2,4,72.5,67.5,1142.2702157065598,753.0402086344486,2,1142,753,1.4268016137705986,-0.573198386,0.5731983862294014,valid,,,Shared Pattern Plane,Region-SIFT(21/28),117,1,209.34128975742078,215.2010205654726,2.9397279000004346
535,22,4,4,2,5,75,67.5,1160.2387361177969,753.0889822636098,2,1160,753,1.4056181697024768,-0.59438183,0.5943818302975232,valid,,,Shared Pattern Plane,Region-SIFT(21/28),117,1,184.76975320735306,188.90066311387793,2.626891699997941
536,22,4,4,3,1,65,70,1088.7191791574105,770.8509723706695,2,1089,771,1.4784470942673036,-0.521552906,0.5215529057326964,valid,,,Shared Pattern Plane,Region-SIFT(21/28),117,1,155.81872524584412,160.27349426717626,2.6926096999995934
537,22,4,4,3,2,67.5,70,1106.529167998228,770.935063,2,1107,771,1.4572594358442905,-0.542740564,0.5427405641557095,valid,,,Shared Pattern Plane,Region-SIFT(21/28),117,1,149.68120312766422,151.6006522501901,2.8488184999987425
538,22,4,4,3,3,70,70,1124.410211126043,771.0194891616547,2,1124,771,1.4424650140506836,-0.557534986,0.5575349859493164,valid,,,Shared Pattern Plane,Region-SIFT(21/28),117,1,166.4115708805266,167.8801108590616,3.2150536000008287
539,22,4,4,3,4,72.5,70,1142.3627346053784,771.1042527977829,2,1142,771,1.4161787732114675,-0.583821227,0.5838212267885325,valid,,,Shared Pattern Plane,Region-SIFT(21/28),117,1,169.3086061634084,175.24935697548634,4.0204263999985415
540,22,4,4,3,5,75,70,1160.387167914008,771.1893559593605,2,1160,771,1.395083628847363,-0.604916371,0.6049163711526371,valid,,,Shared Pattern Plane,Region-SIFT(21/28),117,1,217.88381738460885,225.39676992906976,2.877652200000739
541,22,4,4,4,1,65,72.5,1088.6461585765517,788.9177306072148,2,1089,789,1.4676418655333803,-0.532358134,0.5323581344666197,valid,,,Shared Pattern Plane,Region-SIFT(21/28),117,1,126.99621646770095,131.27176180079584,3.114311600002111
542,22,4,4,4,2,67.5,72.5,1106.5110774280938,789.0381601255164,2,1107,789,1.446554899,-0.553445101,0.553445101,valid,,,Shared Pattern Plane,Region-SIFT(21/28),117,1,148.6086204,149.86576716059844,2.967629399998259
543,22,4,4,4,3,70,72.5,1124.4474905619147,789.1590715951804,2,1124,789,1.4267190579606845,-0.573280942,0.5732809420393155,valid,,,Shared Pattern Plane,Region-SIFT(21/28),117,1,198.0382769423187,201.79489792834272,2.7058429999997315
544,22,4,4,4,4,72.5,72.5,1142.4558280119343,789.2804679151158,2,1142,789,1.4057022081764214,-0.594297792,0.5942977918235786,valid,,,Shared Pattern Plane,Region-SIFT(21/28),117,1,203.17448732083437,208.2972805670474,2.710221500001353
545,22,4,4,4,5,75,72.5,1160.5365232678394,789.4023520075274,2,1161,789,1.3835880611464821,-0.616411939,0.6164119388535179,valid,,,Shared Pattern Plane,Region-SIFT(21/28),117,1,181.39735771360847,185.98115078155152,2.873976800001401
546,22,4,4,5,1,65,75,1088.5726858809248,807.0963511,2,1089,807,1.4634856070288433,-0.536514393,0.5365143929711567,valid,,,Shared Pattern Plane,Region-SIFT(21/28),117,1,153.98173930960357,155.1788724642495,2.928127200000745
547,22,4,4,5,2,67.5,75,1106.492874623878,807.2535690271817,2,1106,807,1.4372239854867341,-0.562776015,0.5627760145132659,valid,,,Shared Pattern Plane,Region-SIFT(21/28),117,1,164.31747846452015,168.0349012982982,2.907392000000982
548,22,4,4,5,3,70,75,1124.4850017440142,807.4114180686386,2,1124,807,1.4163103165240254,-0.583689683,0.5836896834759746,valid,,,Shared Pattern Plane,Region-SIFT(21/28),117,1,174.12905143505682,176.8903051280276,2.979433299999073
549,22,4,4,5,4,72.5,75,1142.5495012941115,807.5699020499568,2,1143,808,1.393733265727381,-0.606266734,0.6062667342726189,valid,,,Shared Pattern Plane,Region-SIFT(21/28),117,1,227.8745164084056,233.02163446149092,2.9174311999995552
550,22,4,4,5,5,75,75,1160.6868108258948,807.7290248098775,2,1161,808,1.3729149564010499,-0.627085044,0.6270850435989501,valid,,,Shared Pattern Plane,Region-SIFT(21/28),117,1,178.87211477491593,181.27308566307303,3.1366903000016464
551,23,4,5,1,1,85,65,1232.4618457649476,735.1522637830363,1.5,1232,735,0.821097873,-0.678902127,0.678902127,valid,,,Shared Pattern Plane,Region-SIFT(21/28),117,1,194.42477063577644,197.1496607700828,2.7914909000028274
552,23,4,5,1,2,87.5,65,1250.7363733479258,735.1654132144154,1.5,1251,735,0.8012295202242962,-0.69877048,0.6987704797757038,valid,,,Shared Pattern Plane,Region-SIFT(21/28),117,1,183.04321091667055,184.55645596942114,2.7230084000002535
553,23,4,5,1,3,90,65,1269.0845286268311,735.1786156245832,1.5,1269,735,0.7813978112175323,-0.718602189,0.7186021887824677,valid,,,Shared Pattern Plane,Region-SIFT(21/28),117,1,215.03709007343917,219.40838906970728,2.786827700001595
554,23,4,5,1,4,92.5,65,1287.5067574665647,735.1918713343616,1.5,1288,735,0.7614886285731803,-0.738511371,0.7385113714268197,valid,,,Shared Pattern Plane,Region-SIFT(21/28),117,1,212.91674581053394,215.65185785252166,2.9494997000001604
555,23,4,5,1,5,95,65,1306.0035093393208,735.2051806671684,1.5,1306,735,0.7407965070998548,-0.759203493,0.7592034929001452,valid,,,Shared Pattern Plane,Region-SIFT(21/28),117,1,192.5677520963881,195.3672907083376,2.9214409999985946
556,23,4,5,2,1,85,67.5,1232.8361079662097,753.2860400742466,1.5,1233,753,0.8158092572786594,-0.684190743,0.6841907427213406,valid,,,Shared Pattern Plane,Region-SIFT(21/28),117,1,149.78084968334784,153.5896821,2.7779138000005332
557,23,4,5,2,2,87.5,67.5,1251.168461488055,753.3358012895202,1.5,1251,753,0.7960259864227399,-0.703974014,0.7039740135772601,valid,,,Shared Pattern Plane,Region-SIFT(21/28),117,1,107.1329265907328,107.74228858340041,2.8545274999996764
558,23,4,5,2,3,90,67.5,1269.5749068175883,753.3857636190907,1.5,1270,753,1.2769244370548545,-0.223075563,0.22307556294514552,valid,,,Shared Pattern Plane,Region-SIFT(21/28),117,1,128.50425814245114,132.5205760502295,2.8090118000000075
559,23,4,5,2,4,92.5,67.5,1288.055894037099,753.4359282846588,1.5,1288,753,1.2560472425640912,-0.243952757,0.24395275743590883,valid,,,Shared Pattern Plane,Region-SIFT(21/28),117,1,146.69103702969022,148.56606044304934,2.8433073999985936
560,23,4,5,2,5,95,67.5,1306.6118768817353,753.4862965178396,1.5,1307,753,0.7364750232090351,-0.763524977,0.7635249767909649,valid,,,Shared Pattern Plane,Region-SIFT(21/28),117,1,177.9528633274099,179.76495410826524,2.770639200000005
561,23,4,5,3,1,85,70,1233.2127103902296,771.5332049892971,1.5,1233,772,0.8103375284777189,-0.689662472,0.6896624715222811,valid,,,Shared Pattern Plane,Region-SIFT(21/28),117,1,183.8671843614528,188.04349777100938,2.7321877000031236
562,23,4,5,3,2,87.5,70,1251.603256896389,771.6200367705804,1.5,1252,772,0.7896355256248747,-0.710364474,0.7103644743751253,valid,,,Shared Pattern Plane,Region-SIFT(21/28),117,1,186.0019457312488,189.13897535326367,2.881009800003085
563,23,4,5,3,3,90,70,1270.0683637239076,771.7072205917294,1.5,1270,772,0.7700315796037859,-0.72996842,0.7299684203962141,valid,,,Shared Pattern Plane,Region-SIFT(21/28),117,1,183.42056131312455,188.61295748510108,2.979917699998623
564,23,4,5,3,4,92.5,70,1288.6084852258216,771.7947585979916,1.5,1289,772,0.7486804033082818,-0.751319597,0.7513195966917182,valid,,,Shared Pattern Plane,Region-SIFT(21/28),117,1,180.29907435967175,183.76753656121565,2.9488196999991487
565,23,4,5,3,5,95,70,1307.2240794543077,771.8826529520811,1.5,1307,772,0.728562945,-0.771437055,0.771437055,valid,,,Shared Pattern Plane,Region-SIFT(21/28),117,1,228.9107112854246,233.1492822686355,2.916231000002881
566,23,4,5,4,1,85,72.5,1233.591675055602,789.8948253745979,1.5,1234,790,0.8054823010982682,-0.694517699,0.6945176989017318,valid,,,Shared Pattern Plane,Region-SIFT(21/28),117,1,172.16966135539707,174.43570846509638,2.7054007000006095
567,23,4,5,4,2,87.5,72.5,1252.0407850966583,790.0191929943899,1.5,1252,790,0.7847014695483228,-0.71529853,0.7152985304516772,valid,,,Shared Pattern Plane,Region-SIFT(21/28),117,1,200.68402930062916,204.09308643052518,2.8427938999993785
568,23,4,5,4,3,90,72.5,1270.5649284304973,790.1440664224297,1.5,1271,790,0.764128259,-0.735871741,0.735871741,valid,,,Shared Pattern Plane,Region-SIFT(21/28),117,1,239.78852183024088,244.78238732917097,2.943647600000986
569,23,4,5,4,4,92.5,72.5,1289.1645637351028,790.2694487507199,1.5,1289,790,0.7447011983673105,-0.755298802,0.7552988016326895,valid,,,Shared Pattern Plane,Region-SIFT(21/28),117,1,263.1048638338765,271.23350660247195,2.7934825000011188
570,23,4,5,4,5,95,72.5,1307.8401534346187,790.3953430965158,1.5,1308,790,0.23371314386667463,-1.266286856,1.2662868561333254,valid,,,Shared Pattern Plane,Region-SIFT(21/28),117,1,235.1886428590805,238.95915426830675,3.112279100001615
571,23,4,5,5,1,85,75,1233.9730242580158,808.3719815022699,1.5,1234,808,0.7992791793622341,-0.700720821,0.7007208206377659,valid,,,Shared Pattern Plane,Region-SIFT(21/28),117,1,181.09108025586164,185.36947417481394,2.779785599999741
572,23,4,5,5,2,87.5,75,1252.4810719344512,808.5343568326273,1.5,1252,809,1.2677960161378745,-0.232203984,0.23220398386212548,valid,,,Shared Pattern Plane,Region-SIFT(21/28),117,1,187.64990352953552,189.34524141040032,3.168283099999826
573,23,4,5,5,3,90,75,1271.0646303895728,808.6973946362962,1.5,1271,809,0.7591663300960833,-0.74083367,0.7408336699039167,valid,,,Shared Pattern Plane,Region-SIFT(21/28),117,1,182.2821078941305,183.05010522151346,3.2242853000025207
574,23,4,5,5,4,92.5,75,1289.7241626813777,808.8610989757901,1.5,1290,809,1.2238524562103144,-0.276147544,0.27614754378968565,valid,,,Shared Pattern Plane,Region-SIFT(21/28),117,1,252.02630395838824,259.42970765403805,3.1889233000001695
575,23,4,5,5,5,95,75,1308.4601356617916,809.0254739469079,1.5,1308,809,0.23382550334491725,-1.266174497,1.2661744966550827,valid,,,Shared Pattern Plane,Region-SIFT(21/28),117,1,293.26742036002025,303.62808813411755,2.8885902000001806
576,24,4,6,1,1,105,65,1380.744864919397,735.2589607893585,1,1381,735,0.659166003,-0.340833997,0.340833997,valid,,,Shared Pattern Plane,Region-SIFT(21/28),117,1,205.08715243919818,208.10386517431067,2.952390499998728
577,24,4,6,1,2,107.5,65,1399.6211028794914,735.2725431812769,1,1400,735,0.143676858,-0.856323142,0.8563231415252568,valid,,,Shared Pattern Plane,Region-SIFT(21/28),117,1,206.81088573112692,208.406481,2.8577559999976074
578,24,4,6,1,3,110,65,1418.5746385375967,735.2861811927326,1,1419,735,0.125213544,-0.874786456,0.8747864556542568,valid,,,Shared Pattern Plane,Region-SIFT(21/28),117,1,162.63130899938955,163.07880297177505,3.1774414999999863
579,24,4,6,1,4,112.5,65,1437.6059476659113,735.2998751660681,1,1438,735,0.106911057,-0.893088943,0.8930889434928152,valid,,,Shared Pattern Plane,Region-SIFT(21/28),117,1,156.27576207559576,158.3678040557232,2.9365709999983665
580,24,4,6,1,5,115,65,1456.7155099492043,735.3136254464398,1,1457,735,0.081626032,-0.918373968,0.9183739679436983,valid,,,Shared Pattern Plane,Region-SIFT(21/28),117,1,179.57872437522525,182.12282745562118,2.862711000001582
581,24,4,6,2,1,105,67.5,1381.5949691567057,753.6898301117186,1,1382,754,0.15727449,-0.84272551,0.8427255104853556,valid,,,Shared Pattern Plane,Region-SIFT(21/28),117,1,283.56604530294106,291.56982546997006,2.875279199997749
582,24,4,6,2,2,107.5,67.5,1400.5328666291161,753.7412350113584,1,1401,754,0.628358077,-0.371641923,0.3716419231880239,valid,,,Shared Pattern Plane,Region-SIFT(21/28),117,1,315.7687269,325.87734705958576,2.9141105999988213
583,24,4,6,2,3,110,67.5,1419.5485609591474,753.7928510822577,1,1420,754,0.113871416,-0.886128584,0.8861285837947434,valid,,,Shared Pattern Plane,Region-SIFT(21/28),117,1,338.4268412494155,351.00218482534564,2.9290150000015274
584,24,4,6,2,4,112.5,67.5,1438.642532517562,753.8446796283309,1,1439,754,0.592375047,-0.407624953,0.40762495331215554,valid,,,Shared Pattern Plane,Region-SIFT(21/28),117,1,264.77182047304024,272.9660168,3.980200900001364
585,24,4,6,2,5,115,67.5,1457.8152656381271,753.8967219642514,1,1458,754,0.0815006,-0.9184994,0.9184993997970365,valid,,,Shared Pattern Plane,Region-SIFT(21/28),117,1,243.0859214631338,250.6798871330449,3.2488016
586,24,4,6,3,1,105,70,1382.450476272926,772.2378377223168,1,1382,772,0.157772506,-0.842227494,0.8422274936347354,valid,,,Shared Pattern Plane,Region-SIFT(21/28),117,1,269.85636141237126,274.7779860678834,3.272305000002234
587,24,4,6,3,2,107.5,70,1401.4504370535449,772.3275468801357,1,1401,772,-0.353935453,-1.353935453,1.3539354527833949,valid,,,Shared Pattern Plane,Region-SIFT(21/28),117,1,248.93024671443555,254.10883957582405,2.9626068999968993
588,24,4,6,3,3,110,70,1420.5286987009877,772.4176257389713,1,1421,772,0.118952851,-0.881047149,0.8810471493333979,valid,,,Shared Pattern Plane,Region-SIFT(21/28),117,1,297.6548259825933,307.71418019751036,3.0616748000029474
589,24,4,6,3,4,112.5,70,1439.6857462440287,772.5080765889089,1,1440,773,0.094225917,-0.905774083,0.9057740833201523,valid,,,Shared Pattern Plane,Region-SIFT(21/28),117,1,321.1626657354769,331.98822970275125,3.1303239000008034
590,24,4,6,3,5,115,70,1458.922068725697,772.5989017,1,1459,773,0.081381638,-0.918618362,0.9186183623335151,valid,,,Shared Pattern Plane,Region-SIFT(21/28),117,1,262.24170573451534,269.72790851256633,2.7960200999987137
591,24,4,6,4,1,105,72.5,1383.3114379396482,790.9041038982906,1,1383,791,0.157321654,-0.842678346,0.8426783461132769,valid,,,Shared Pattern Plane,Region-SIFT(21/28),117,1,236.3172966548375,242.79699632203184,3.427227900003345
592,24,4,6,4,2,107.5,72.5,1402.373869800716,791.0326059925774,1,1402,791,-0.344616619,-1.344616619,1.3446166187092283,valid,,,Shared Pattern Plane,Region-SIFT(21/28),117,1,221.39257639728524,227.2169613475491,3.2202775000005204
593,24,4,6,4,3,110,72.5,1421.5151114504145,791.1616393529149,1,1422,791,-0.36227552,-1.36227552,1.3622755202132306,valid,,,Shared Pattern Plane,Region-SIFT(21/28),117,1,226.4969789938952,229.80770591165944,2.754312899996876
594,24,4,6,4,4,112.5,72.5,1440.7356526359426,791.2912072807463,1,1441,791,0.099993275,-0.900006725,0.9000067245214802,valid,,,Shared Pattern Plane,Region-SIFT(21/28),117,1,238.0346737493283,239.9222872557924,2.7445434000001114
595,24,4,6,4,5,115,72.5,1460.0359871708336,791.4213131,1,1460,791,-1.370343761,-2.370343761,2.370343761079422,valid,,,Shared Pattern Plane,Region-SIFT(21/28),117,1,260.55729823743224,263.5460494817622,2.862632099997427
596,24,4,6,5,1,105,75,1384.177906489468,809.6897632478115,1,1384,810,-0.809916066,-1.809916066,1.8099160656766524,valid,,,Shared Pattern Plane,Region-SIFT(21/28),117,1,240.15237991696313,247.19330039505377,2.940315499999997
597,24,4,6,5,2,107.5,75,1403.3032212319124,809.8575540031513,1,1403,810,-0.829892767,-1.829892767,1.829892766817483,valid,,,Shared Pattern Plane,Region-SIFT(21/28),117,1,224.33533667307051,229.16039175829385,2.6564682999996876
598,24,4,6,5,3,110,75,1422.507859661437,810.0260406833189,1,1423,810,-0.841521421,-1.841521421,1.8415214212199311,valid,,,Shared Pattern Plane,Region-SIFT(21/28),117,1,248.20640750562075,254.48453852780813,2.9403951999993296
599,24,4,6,5,4,112.5,75,1441.7923163050586,810.1952276269132,1,1442,810,-0.368386477,-1.368386477,1.3683864771439984,valid,,,Shared Pattern Plane,Region-SIFT(21/28),117,1,273.4173540428202,279.3406467612284,3.0522461000000476
600,24,4,6,5,5,115,75,1461.1570898090554,810.3651192086712,1,1461,810,-0.865508231,-1.865508231,1.8655082308373505,valid,,,Shared Pattern Plane,Region-SIFT(21/28),117,1,306.85948696641066,315.36622498904336,2.785066899999947
